Date,Open,High,Low,Close,Volume
2016-03-30T00:00:00.000000000,311.86548993931734,311.86548993931734,311.86548993931734,311.86548993931734,0.0
2016-03-31T00:00:00.000000000,311.86548993931734,311.86548993931734,311.7931102405895,311.7931102405895,0.0
2016-04-01T00:00:00.000000000,311.7931102405895,311.7931102405895,311.781559418867,311.781559418867,0.0
2016-04-02T00:00:00.000000000,311.781559418867,311.82804247742246,311.781559418867,311.82804247742246,0.0
2016-04-03T00:00:00.000000000,311.82804247742246,311.849432851754,311.82804247742246,311.849432851754,0.0
2016-04-04T00:00:00.000000000,311.849432851754,311.88975902972163,311.849432851754,311.88975902972163,0.0
2016-04-05T00:00:00.000000000,311.88975902972163,311.9287572306533,311.88975902972163,311.9287572306533,0.0
2016-04-06T00:00:00.000000000,311.9287572306533,311.9287572306533,311.9066930760674,311.9066930760674,0.0
2016-04-07T00:00:00.000000000,311.9066930760674,311.9066930760674,311.90587312694964,311.90587312694964,0.0
2016-04-08T00:00:00.000000000,311.90587312694964,311.92151482729986,311.90587312694964,311.92151482729986,0.0
2016-04-09T00:00:00.000000000,311.92151482729986,311.9482278806853,311.92151482729986,311.9482278806853,0.0
2016-04-10T00:00:00.000000000,311.9482278806853,311.98752200964725,311.9482278806853,311.98752200964725,0.0
2016-04-11T00:00:00.000000000,311.98752200964725,312.0682742412927,311.98752200964725,312.0682742412927,0.0
2016-04-12T00:00:00.000000000,312.0682742412927,312.1569070255055,312.0682742412927,312.1569070255055,0.0
2016-04-13T00:00:00.000000000,312.1569070255055,312.22248636337525,312.1569070255055,312.22248636337525,0.0
2016-04-14T00:00:00.000000000,312.22248636337525,312.2949765999262,312.22248636337525,312.2949765999262,0.0
2016-04-15T00:00:00.000000000,312.2949765999262,312.39237592564547,312.2949765999262,312.39237592564547,0.0
2016-04-16T00:00:00.000000000,312.39237592564547,312.51904258796026,312.39237592564547,312.51904258796026,0.0
2016-04-17T00:00:00.000000000,312.51904258796026,312.69468071541473,312.51904258796026,312.69468071541473,0.0
2016-04-18T00:00:00.000000000,312.69468071541473,312.8873384581105,312.69468071541473,312.8873384581105,0.0
2016-04-19T00:00:00.000000000,312.8873384581105,313.0752707088695,312.8873384581105,313.0752707088695,0.0
2016-04-20T00:00:00.000000000,313.0752707088695,313.2627965481736,313.0752707088695,313.2627965481736,0.0
2016-04-21T00:00:00.000000000,313.2627965481736,313.4347840443439,313.2627965481736,313.4347840443439,0.0
2016-04-22T00:00:00.000000000,313.4347840443439,313.57865391695566,313.4347840443439,313.57865391695566,0.0
2016-04-23T00:00:00.000000000,313.57865391695566,313.7368000866895,313.57865391695566,313.7368000866895,0.0
2016-04-24T00:00:00.000000000,313.7368000866895,313.9083793762533,313.7368000866895,313.9083793762533,0.0
2016-04-25T00:00:00.000000000,313.9083793762533,314.05611018488537,313.9083793762533,314.05611018488537,0.0
2016-04-26T00:00:00.000000000,314.05611018488537,314.1910032112543,314.05611018488537,314.1910032112543,0.0
2016-04-27T00:00:00.000000000,314.1910032112543,314.2691084101876,314.1910032112543,314.2691084101876,0.0
2016-04-28T00:00:00.000000000,314.2691084101876,314.36578929445534,314.2691084101876,314.36578929445534,0.0
2016-04-29T00:00:00.000000000,314.36578929445534,314.4950958632743,314.36578929445534,314.4950958632743,0.0
2016-04-30T00:00:00.000000000,314.4950958632743,314.61017607282616,314.4950958632743,314.61017607282616,0.0
2016-05-01T00:00:00.000000000,314.61017607282616,314.7178998052968,314.61017607282616,314.7178998052968,0.0
2016-05-02T00:00:00.000000000,314.7178998052968,314.81615830147757,314.7178998052968,314.81615830147757,0.0
2016-05-03T00:00:00.000000000,314.81615830147757,314.9364060454615,314.81615830147757,314.9364060454615,0.0
2016-05-04T00:00:00.000000000,314.9364060454615,315.0437981644629,314.9364060454615,315.0437981644629,0.0
2016-05-05T00:00:00.000000000,315.0437981644629,315.159338313628,315.0437981644629,315.159338313628,0.0
2016-05-06T00:00:00.000000000,315.159338313628,315.3397055233226,315.159338313628,315.3397055233226,0.0
2016-05-07T00:00:00.000000000,315.3397055233226,315.51829912318266,315.3397055233226,315.51829912318266,0.0
2016-05-08T00:00:00.000000000,315.51829912318266,315.71665386125153,315.51829912318266,315.71665386125153,0.0
2016-05-09T00:00:00.000000000,315.71665386125153,315.9052082136566,315.71665386125153,315.9052082136566,0.0
2016-05-10T00:00:00.000000000,315.9052082136566,316.0797286688113,315.9052082136566,316.0797286688113,0.0
2016-05-11T00:00:00.000000000,316.0797286688113,316.24926518458943,316.0797286688113,316.24926518458943,0.0
2016-05-12T00:00:00.000000000,316.24926518458943,316.46169831791025,316.24926518458943,316.46169831791025,0.0
2016-05-13T00:00:00.000000000,316.46169831791025,316.65842741015973,316.46169831791025,316.65842741015973,0.0
2016-05-14T00:00:00.000000000,316.65842741015973,316.8676074022915,316.65842741015973,316.8676074022915,0.0
2016-05-15T00:00:00.000000000,316.8676074022915,317.1025788822276,316.8676074022915,317.1025788822276,0.0
2016-05-16T00:00:00.000000000,317.1025788822276,317.33122593408814,317.1025788822276,317.33122593408814,0.0
2016-05-17T00:00:00.000000000,317.33122593408814,317.55623307117594,317.33122593408814,317.55623307117594,0.0
2016-05-18T00:00:00.000000000,317.55623307117594,317.7774932915727,317.55623307117594,317.7774932915727,0.0
2016-05-19T00:00:00.000000000,317.7774932915727,317.9543720864145,317.7774932915727,317.9543720864145,0.0
2016-05-20T00:00:00.000000000,317.9543720864145,318.12083552015446,317.9543720864145,318.12083552015446,0.0
2016-05-21T00:00:00.000000000,318.12083552015446,318.3004665000766,318.12083552015446,318.3004665000766,0.0
2016-05-22T00:00:00.000000000,318.3004665000766,318.4677302994618,318.3004665000766,318.4677302994618,0.0
2016-05-23T00:00:00.000000000,318.4677302994618,318.6119210146328,318.4677302994618,318.6119210146328,0.0
2016-05-24T00:00:00.000000000,318.6119210146328,318.75284254104696,318.6119210146328,318.75284254104696,0.0
2016-05-25T00:00:00.000000000,318.75284254104696,318.8988389611882,318.75284254104696,318.8988389611882,0.0
2016-05-26T00:00:00.000000000,318.8988389611882,318.95199938551417,318.8988389611882,318.95199938551417,0.0
2016-05-27T00:00:00.000000000,318.95199938551417,319.04599047982117,318.95199938551417,319.04599047982117,0.0
2016-05-28T00:00:00.000000000,319.04599047982117,319.2816802924117,319.04599047982117,319.2816802924117,0.0
2016-05-29T00:00:00.000000000,319.2816802924117,319.5492381811567,319.2816802924117,319.5492381811567,0.0
2016-05-30T00:00:00.000000000,319.5492381811567,319.8094556947868,319.5492381811567,319.8094556947868,0.0
2016-05-31T00:00:00.000000000,319.8094556947868,320.0661009654217,319.8094556947868,320.0661009654217,0.0
2016-06-01T00:00:00.000000000,320.0661009654217,320.3543754482439,320.0661009654217,320.3543754482439,0.0
2016-06-02T00:00:00.000000000,320.3543754482439,320.6349761473304,320.3543754482439,320.6349761473304,0.0
2016-06-03T00:00:00.000000000,320.6349761473304,321.0117211979341,320.6349761473304,321.0117211979341,0.0
2016-06-04T00:00:00.000000000,321.0117211979341,321.40722743287654,321.0117211979341,321.40722743287654,0.0
2016-06-05T00:00:00.000000000,321.40722743287654,321.80305092007507,321.40722743287654,321.80305092007507,0.0
2016-06-06T00:00:00.000000000,321.80305092007507,322.1915785301603,321.80305092007507,322.1915785301603,0.0
2016-06-07T00:00:00.000000000,322.1915785301603,322.54754285081395,322.1915785301603,322.54754285081395,0.0
2016-06-08T00:00:00.000000000,322.54754285081395,322.9152737377799,322.54754285081395,322.9152737377799,0.0
2016-06-09T00:00:00.000000000,322.9152737377799,323.28293863932294,322.9152737377799,323.28293863932294,0.0
2016-06-10T00:00:00.000000000,323.28293863932294,323.65334854533967,323.28293863932294,323.65334854533967,0.0
2016-06-11T00:00:00.000000000,323.65334854533967,324.0638298265862,323.65334854533967,324.0638298265862,0.0
2016-06-12T00:00:00.000000000,324.0638298265862,324.59376387162644,324.0638298265862,324.59376387162644,0.0
2016-06-13T00:00:00.000000000,324.59376387162644,325.175455457174,324.59376387162644,325.175455457174,0.0
2016-06-14T00:00:00.000000000,325.175455457174,325.7214697635535,325.175455457174,325.7214697635535,0.0
2016-06-15T00:00:00.000000000,325.7214697635535,326.27967652237567,325.7214697635535,326.27967652237567,0.0
2016-06-16T00:00:00.000000000,326.27967652237567,326.9771773666409,326.27967652237567,326.9771773666409,0.0
2016-06-17T00:00:00.000000000,326.9771773666409,327.6533003482377,326.9771773666409,327.6533003482377,0.0
2016-06-18T00:00:00.000000000,327.6533003482377,328.3295445297704,327.6533003482377,328.3295445297704,0.0
2016-06-19T00:00:00.000000000,328.3295445297704,329.02294203814336,328.3295445297704,329.02294203814336,0.0
2016-06-20T00:00:00.000000000,329.02294203814336,329.6684518633892,329.02294203814336,329.6684518633892,0.0
2016-06-21T00:00:00.000000000,329.6684518633892,330.21166573318783,329.6684518633892,330.21166573318783,0.0
2016-06-22T00:00:00.000000000,330.21166573318783,330.64641980393895,330.21166573318783,330.64641980393895,0.0
2016-06-23T00:00:00.000000000,330.64641980393895,331.14127185297946,330.64641980393895,331.14127185297946,0.0
2016-06-24T00:00:00.000000000,331.14127185297946,331.7024001939199,331.14127185297946,331.7024001939199,0.0
2016-06-25T00:00:00.000000000,331.7024001939199,332.2595855658492,331.7024001939199,332.2595855658492,0.0
2016-06-26T00:00:00.000000000,332.2595855658492,332.76224331507285,332.2595855658492,332.76224331507285,0.0
2016-06-27T00:00:00.000000000,332.76224331507285,333.3034964984751,332.76224331507285,333.3034964984751,0.0
2016-06-28T00:00:00.000000000,333.3034964984751,333.84120768446763,333.3034964984751,333.84120768446763,0.0
2016-06-29T00:00:00.000000000,333.84120768446763,334.3988333581391,333.84120768446763,334.3988333581391,0.0
2016-06-30T00:00:00.000000000,334.3988333581391,335.02906682359554,334.3988333581391,335.02906682359554,0.0
2016-07-01T00:00:00.000000000,335.02906682359554,335.67951249991296,335.02906682359554,335.67951249991296,0.0
2016-07-02T00:00:00.000000000,335.67951249991296,336.3673182740781,335.67951249991296,336.3673182740781,0.0
2016-07-03T00:00:00.000000000,336.3673182740781,336.9532505518187,336.3673182740781,336.9532505518187,0.0
2016-07-04T00:00:00.000000000,336.9532505518187,337.59998673763715,336.9532505518187,337.59998673763715,0.0
2016-07-05T00:00:00.000000000,337.59998673763715,338.2038031865356,337.59998673763715,338.2038031865356,0.0
2016-07-06T00:00:00.000000000,338.2038031865356,338.81478180094837,338.2038031865356,338.81478180094837,0.0
2016-07-07T00:00:00.000000000,338.81478180094837,339.3816766585896,338.81478180094837,339.3816766585896,0.0
2016-07-08T00:00:00.000000000,339.3816766585896,340.00113301268664,339.3816766585896,340.00113301268664,0.0
2016-07-09T00:00:00.000000000,340.00113301268664,340.57695477871545,340.00113301268664,340.57695477871545,0.0
2016-07-10T00:00:00.000000000,340.57695477871545,341.1714235465582,340.57695477871545,341.1714235465582,0.0
2016-07-11T00:00:00.000000000,341.1714235465582,341.7604074733143,341.1714235465582,341.7604074733143,0.0
2016-07-12T00:00:00.000000000,341.7604074733143,342.3876463538185,341.7604074733143,342.3876463538185,0.0
2016-07-13T00:00:00.000000000,342.3876463538185,343.000357615969,342.3876463538185,343.000357615969,0.0
2016-07-14T00:00:00.000000000,343.000357615969,343.6026481859612,343.000357615969,343.6026481859612,0.0
2016-07-15T00:00:00.000000000,343.6026481859612,344.22476228928184,343.6026481859612,344.22476228928184,0.0
2016-07-16T00:00:00.000000000,344.22476228928184,344.84104574002896,344.22476228928184,344.84104574002896,0.0
2016-07-17T00:00:00.000000000,344.84104574002896,345.55116514046136,344.84104574002896,345.55116514046136,0.0
2016-07-18T00:00:00.000000000,345.55116514046136,346.28006177280037,345.55116514046136,346.28006177280037,0.0
2016-07-19T00:00:00.000000000,346.28006177280037,346.9902044014072,346.28006177280037,346.9902044014072,0.0
2016-07-20T00:00:00.000000000,346.9902044014072,347.66666786343444,346.9902044014072,347.66666786343444,0.0
2016-07-21T00:00:00.000000000,347.66666786343444,348.3274076465192,347.66666786343444,348.3274076465192,0.0
2016-07-22T00:00:00.000000000,348.3274076465192,348.98207791306334,348.3274076465192,348.98207791306334,0.0
2016-07-23T00:00:00.000000000,348.98207791306334,349.63296568627453,348.98207791306334,349.63296568627453,0.0
2016-07-24T00:00:00.000000000,349.63296568627453,350.32189435499873,349.63296568627453,350.32189435499873,0.0
2016-07-25T00:00:00.000000000,350.32189435499873,351.014295391008,350.32189435499873,351.014295391008,0.0
2016-07-26T00:00:00.000000000,351.014295391008,351.69876599099337,351.014295391008,351.69876599099337,0.0
2016-07-27T00:00:00.000000000,351.69876599099337,352.4625645601813,351.69876599099337,352.4625645601813,0.0
2016-07-28T00:00:00.000000000,352.4625645601813,353.312710685526,352.4625645601813,353.312710685526,0.0
2016-07-29T00:00:00.000000000,353.312710685526,354.1097659622709,353.312710685526,354.1097659622709,0.0
2016-07-30T00:00:00.000000000,354.1097659622709,354.9064682741216,354.1097659622709,354.9064682741216,0.0
2016-07-31T00:00:00.000000000,354.9064682741216,355.66479454108526,354.9064682741216,355.66479454108526,0.0
2016-08-01T00:00:00.000000000,355.66479454108526,356.37055740764436,355.66479454108526,356.37055740764436,0.0
2016-08-02T00:00:00.000000000,356.37055740764436,356.9634344743535,356.37055740764436,356.9634344743535,0.0
2016-08-03T00:00:00.000000000,356.9634344743535,357.5963043104094,356.9634344743535,357.5963043104094,0.0
2016-08-04T00:00:00.000000000,357.5963043104094,358.22267150878906,357.5963043104094,358.22267150878906,0.0
2016-08-05T00:00:00.000000000,358.22267150878906,358.8316501610632,358.22267150878906,358.8316501610632,0.0
2016-08-06T00:00:00.000000000,358.8316501610632,359.464268730286,358.8316501610632,359.464268730286,0.0
2016-08-07T00:00:00.000000000,359.464268730286,360.07896213905485,359.464268730286,360.07896213905485,0.0
2016-08-08T00:00:00.000000000,360.07896213905485,360.680274106602,360.07896213905485,360.680274106602,0.0
2016-08-09T00:00:00.000000000,360.680274106602,361.2405736314634,360.680274106602,361.2405736314634,0.0
2016-08-10T00:00:00.000000000,361.2405736314634,361.82636333064386,361.2405736314634,361.82636333064386,0.0
2016-08-11T00:00:00.000000000,361.82636333064386,362.4595273267777,361.82636333064386,362.4595273267777,0.0
2016-08-12T00:00:00.000000000,362.4595273267777,363.09062540254916,362.4595273267777,363.09062540254916,0.0
2016-08-13T00:00:00.000000000,363.09062540254916,363.730844671076,363.09062540254916,363.730844671076,0.0
2016-08-14T00:00:00.000000000,363.730844671076,364.3600942574295,363.730844671076,364.3600942574295,0.0
2016-08-15T00:00:00.000000000,364.3600942574295,364.9666325642251,364.3600942574295,364.9666325642251,0.0
2016-08-16T00:00:00.000000000,364.9666325642251,365.5712850098091,364.9666325642251,365.5712850098091,0.0
2016-08-17T00:00:00.000000000,365.5712850098091,366.1879481079319,365.5712850098091,366.1879481079319,0.0
2016-08-18T00:00:00.000000000,366.1879481079319,366.8073153028301,366.1879481079319,366.8073153028301,0.0
2016-08-19T00:00:00.000000000,366.8073153028301,367.4463866262725,366.8073153028301,367.4463866262725,0.0
2016-08-20T00:00:00.000000000,367.4463866262725,368.08708362273353,367.4463866262725,368.08708362273353,0.0
2016-08-21T00:00:00.000000000,368.08708362273353,368.7173046309255,368.08708362273353,368.7173046309255,0.0
2016-08-22T00:00:00.000000000,368.7173046309255,369.36497127648556,368.7173046309255,369.36497127648556,0.0
2016-08-23T00:00:00.000000000,369.36497127648556,370.0125737317743,369.36497127648556,370.0125737317743,0.0
2016-08-24T00:00:00.000000000,370.0125737317743,370.6548963740548,370.0125737317743,370.6548963740548,0.0
2016-08-25T00:00:00.000000000,370.6548963740548,371.294069259562,370.6548963740548,371.294069259562,0.0
2016-08-26T00:00:00.000000000,371.294069259562,371.93201398934485,371.294069259562,371.93201398934485,0.0
2016-08-27T00:00:00.000000000,371.93201398934485,372.5283063592758,371.93201398934485,372.5283063592758,0.0
2016-08-28T00:00:00.000000000,372.5283063592758,373.09263964430323,372.5283063592758,373.09263964430323,0.0
2016-08-29T00:00:00.000000000,373.09263964430323,373.69742038883203,373.09263964430323,373.69742038883203,0.0
2016-08-30T00:00:00.000000000,373.69742038883203,374.3100050383923,373.69742038883203,374.3100050383923,0.0
2016-08-31T00:00:00.000000000,374.3100050383923,374.9015593775241,374.3100050383923,374.9015593775241,0.0
2016-09-01T00:00:00.000000000,374.9015593775241,375.50044881511286,374.9015593775241,375.50044881511286,0.0
2016-09-02T00:00:00.000000000,375.50044881511286,376.0980494970094,375.50044881511286,376.0980494970094,0.0
2016-09-03T00:00:00.000000000,376.0980494970094,376.7298373190052,376.0980494970094,376.7298373190052,0.0
2016-09-04T00:00:00.000000000,376.7298373190052,377.3788568833295,376.7298373190052,377.3788568833295,0.0
2016-09-05T00:00:00.000000000,377.3788568833295,378.0394861557904,377.3788568833295,378.0394861557904,0.0
2016-09-06T00:00:00.000000000,378.0394861557904,378.7017748827603,378.0394861557904,378.7017748827603,0.0
2016-09-07T00:00:00.000000000,378.7017748827603,379.37166615858433,378.7017748827603,379.37166615858433,0.0
2016-09-08T00:00:00.000000000,379.37166615858433,380.0647962437594,379.37166615858433,380.0647962437594,0.0
2016-09-09T00:00:00.000000000,380.0647962437594,380.7536287358738,380.0647962437594,380.7536287358738,0.0
2016-09-10T00:00:00.000000000,380.7536287358738,381.4125965954786,380.7536287358738,381.4125965954786,0.0
2016-09-11T00:00:00.000000000,381.4125965954786,382.0408603987804,381.4125965954786,382.0408603987804,0.0
2016-09-12T00:00:00.000000000,382.0408603987804,382.6612543116279,382.0408603987804,382.6612543116279,0.0
2016-09-13T00:00:00.000000000,382.6612543116279,383.2558550503165,382.6612543116279,383.2558550503165,0.0
2016-09-14T00:00:00.000000000,383.2558550503165,383.8422757725027,383.2558550503165,383.8422757725027,0.0
2016-09-15T00:00:00.000000000,383.8422757725027,384.4377535243723,383.8422757725027,384.4377535243723,0.0
2016-09-16T00:00:00.000000000,384.4377535243723,385.02740595472477,384.4377535243723,385.02740595472477,0.0
2016-09-17T00:00:00.000000000,385.02740595472477,385.621454113095,385.02740595472477,385.621454113095,0.0
2016-09-18T00:00:00.000000000,385.621454113095,386.21612975856624,385.621454113095,386.21612975856624,0.0
2016-09-19T00:00:00.000000000,386.21612975856624,386.8130513019528,386.21612975856624,386.8130513019528,0.0
2016-09-20T00:00:00.000000000,386.8130513019528,387.38115293669404,386.8130513019528,387.38115293669404,0.0
2016-09-21T00:00:00.000000000,387.38115293669404,387.92551831468114,387.38115293669404,387.92551831468114,0.0
2016-09-22T00:00:00.000000000,387.92551831468114,388.46013324485955,387.92551831468114,388.46013324485955,0.0
2016-09-23T00:00:00.000000000,388.46013324485955,389.0100226852771,388.46013324485955,389.0100226852771,0.0
2016-09-24T00:00:00.000000000,389.0100226852771,389.5755984328435,389.0100226852771,389.5755984328435,0.0
2016-09-25T00:00:00.000000000,389.5755984328435,390.14412067705723,389.5755984328435,390.14412067705723,0.0
2016-09-26T00:00:00.000000000,390.14412067705723,390.7174718792213,390.14412067705723,390.7174718792213,0.0
2016-09-27T00:00:00.000000000,390.7174718792213,391.2799906467159,390.7174718792213,391.2799906467159,0.0
2016-09-28T00:00:00.000000000,391.2799906467159,391.84901564218995,391.2799906467159,391.84901564218995,0.0
2016-09-29T00:00:00.000000000,391.84901564218995,392.47182131408584,391.84901564218995,392.47182131408584,0.0
2016-09-30T00:00:00.000000000,392.47182131408584,393.09358063016134,392.47182131408584,393.09358063016134,0.0
2016-10-01T00:00:00.000000000,393.09358063016134,393.7214486841212,393.09358063016134,393.7214486841212,0.0
2016-10-02T00:00:00.000000000,393.7214486841212,394.34688011890216,393.7214486841212,394.34688011890216,0.0
2016-10-03T00:00:00.000000000,394.34688011890216,394.96037923503474,394.34688011890216,394.96037923503474,0.0
2016-10-04T00:00:00.000000000,394.96037923503474,395.5726145100041,394.96037923503474,395.5726145100041,0.0
2016-10-05T00:00:00.000000000,395.5726145100041,396.2266536991439,395.5726145100041,396.2266536991439,0.0
2016-10-06T00:00:00.000000000,396.2266536991439,396.8805289039,396.2266536991439,396.8805289039,0.0
2016-10-07T00:00:00.000000000,396.8805289039,397.5375502479268,396.8805289039,397.5375502479268,0.0
2016-10-08T00:00:00.000000000,397.5375502479268,398.2007926084141,397.5375502479268,398.2007926084141,0.0
2016-10-09T00:00:00.000000000,398.2007926084141,398.8495519845456,398.2007926084141,398.8495519845456,0.0
2016-10-10T00:00:00.000000000,398.8495519845456,399.52028464251026,398.8495519845456,399.52028464251026,0.0
2016-10-11T00:00:00.000000000,399.52028464251026,400.22179270045643,399.52028464251026,400.22179270045643,0.0
2016-10-12T00:00:00.000000000,400.22179270045643,400.92048791895576,400.22179270045643,400.92048791895576,0.0
2016-10-13T00:00:00.000000000,400.92048791895576,401.61480878806157,400.92048791895576,401.61480878806157,0.0
2016-10-14T00:00:00.000000000,401.61480878806157,402.3053132191486,401.61480878806157,402.3053132191486,0.0
2016-10-15T00:00:00.000000000,402.3053132191486,402.99038271980487,402.3053132191486,402.99038271980487,0.0
2016-10-16T00:00:00.000000000,402.99038271980487,403.6818871319613,402.99038271980487,403.6818871319613,0.0
2016-10-17T00:00:00.000000000,403.6818871319613,404.35674453164165,403.6818871319613,404.35674453164165,0.0
2016-10-18T00:00:00.000000000,404.35674453164165,405.0385057037952,404.35674453164165,405.0385057037952,0.0
2016-10-19T00:00:00.000000000,405.0385057037952,405.7111260725215,405.0385057037952,405.7111260725215,0.0
2016-10-20T00:00:00.000000000,405.7111260725215,406.39888898064106,405.7111260725215,406.39888898064106,0.0
2016-10-21T00:00:00.000000000,406.39888898064106,407.0925645743249,406.39888898064106,407.0925645743249,0.0
2016-10-22T00:00:00.000000000,407.0925645743249,407.8434059292662,407.0925645743249,407.8434059292662,0.0
2016-10-23T00:00:00.000000000,407.8434059292662,408.5929941323564,407.8434059292662,408.5929941323564,0.0
2016-10-24T00:00:00.000000000,408.5929941323564,409.337393395191,408.5929941323564,409.337393395191,0.0
2016-10-25T00:00:00.000000000,409.337393395191,410.10923119747275,409.337393395191,410.10923119747275,0.0
2016-10-26T00:00:00.000000000,410.10923119747275,410.92767151749285,410.10923119747275,410.92767151749285,0.0
2016-10-27T00:00:00.000000000,410.92767151749285,411.7556215990036,410.92767151749285,411.7556215990036,0.0
2016-10-28T00:00:00.000000000,411.7556215990036,412.57750752222944,411.7556215990036,412.57750752222944,0.0
2016-10-29T00:00:00.000000000,412.57750752222944,413.45379450996927,412.57750752222944,413.45379450996927,0.0
2016-10-30T00:00:00.000000000,413.45379450996927,414.3067499660553,413.45379450996927,414.3067499660553,0.0
2016-10-31T00:00:00.000000000,414.3067499660553,415.15946294067163,414.3067499660553,415.15946294067163,0.0
2016-11-01T00:00:00.000000000,415.15946294067163,416.05993891697307,415.15946294067163,416.05993891697307,0.0
2016-11-02T00:00:00.000000000,416.05993891697307,416.9611153560101,416.05993891697307,416.9611153560101,0.0
2016-11-03T00:00:00.000000000,416.9611153560101,417.77131859546466,416.9611153560101,417.77131859546466,0.0
2016-11-04T00:00:00.000000000,417.77131859546466,418.6033559924991,417.77131859546466,418.6033559924991,0.0
2016-11-05T00:00:00.000000000,418.6033559924991,419.4449781394047,418.6033559924991,419.4449781394047,0.0
2016-11-06T00:00:00.000000000,419.4449781394047,420.30974101510276,419.4449781394047,420.30974101510276,0.0
2016-11-07T00:00:00.000000000,420.30974101510276,421.1719531162962,420.30974101510276,421.1719531162962,0.0
2016-11-08T00:00:00.000000000,421.1719531162962,422.02856992017774,421.1719531162962,422.02856992017774,0.0
2016-11-09T00:00:00.000000000,422.02856992017774,422.91523304767577,422.02856992017774,422.91523304767577,0.0
2016-11-10T00:00:00.000000000,422.91523304767577,423.7881849156344,422.91523304767577,423.7881849156344,0.0
2016-11-11T00:00:00.000000000,423.7881849156344,424.6442740537266,423.7881849156344,424.6442740537266,0.0
2016-11-12T00:00:00.000000000,424.6442740537266,425.48736678342766,424.6442740537266,425.48736678342766,0.0
2016-11-13T00:00:00.000000000,425.48736678342766,426.31998891031463,425.48736678342766,426.31998891031463,0.0
2016-11-14T00:00:00.000000000,426.31998891031463,427.14826519264045,426.31998891031463,427.14826519264045,0.0
2016-11-15T00:00:00.000000000,427.14826519264045,427.99069124109604,427.14826519264045,427.99069124109604,0.0
2016-11-16T00:00:00.000000000,427.99069124109604,428.89635433530214,427.99069124109604,428.89635433530214,0.0
2016-11-17T00:00:00.000000000,428.89635433530214,429.8075753550266,428.89635433530214,429.8075753550266,0.0
2016-11-18T00:00:00.000000000,429.8075753550266,430.72424384404417,429.8075753550266,430.72424384404417,0.0
2016-11-19T00:00:00.000000000,430.72424384404417,431.62932944340287,430.72424384404417,431.62932944340287,0.0
2016-11-20T00:00:00.000000000,431.62932944340287,432.5013330089005,431.62932944340287,432.5013330089005,0.0
2016-11-21T00:00:00.000000000,432.5013330089005,433.39073047875934,432.5013330089005,433.39073047875934,0.0
2016-11-22T00:00:00.000000000,433.39073047875934,434.2983757195838,433.39073047875934,434.2983757195838,0.0
2016-11-23T00:00:00.000000000,434.2983757195838,435.19584808077616,434.2983757195838,435.19584808077616,0.0
2016-11-24T00:00:00.000000000,435.19584808077616,436.09408694452566,435.19584808077616,436.09408694452566,0.0
2016-11-25T00:00:00.000000000,436.09408694452566,436.9937660638874,436.09408694452566,436.9937660638874,0.0
2016-11-26T00:00:00.000000000,436.9937660638874,437.88106913575086,436.9937660638874,437.88106913575086,0.0
2016-11-27T00:00:00.000000000,437.88106913575086,438.7649942217876,437.88106913575086,438.7649942217876,0.0
2016-11-28T00:00:00.000000000,438.7649942217876,439.65449687121384,438.7649942217876,439.65449687121384,0.0
2016-11-29T00:00:00.000000000,439.65449687121384,440.5501760118998,439.65449687121384,440.5501760118998,0.0
2016-11-30T00:00:00.000000000,440.5501760118998,441.46594066925866,440.5501760118998,441.46594066925866,0.0
2016-12-01T00:00:00.000000000,441.46594066925866,442.3977695131897,441.46594066925866,442.3977695131897,0.0
2016-12-02T00:00:00.000000000,442.3977695131897,443.3649708956958,442.3977695131897,443.3649708956958,0.0
2016-12-03T00:00:00.000000000,443.3649708956958,444.311150970731,443.3649708956958,444.311150970731,0.0
2016-12-04T00:00:00.000000000,444.311150970731,445.26480518687856,444.311150970731,445.26480518687856,0.0
2016-12-05T00:00:00.000000000,445.26480518687856,446.1877053816688,445.26480518687856,446.1877053816688,0.0
2016-12-06T00:00:00.000000000,446.1877053816688,447.1273025267902,446.1877053816688,447.1273025267902,0.0
2016-12-07T00:00:00.000000000,447.1273025267902,448.0738551501922,447.1273025267902,448.0738551501922,0.0
2016-12-08T00:00:00.000000000,448.0738551501922,449.02488365785325,448.0738551501922,449.02488365785325,0.0
2016-12-09T00:00:00.000000000,449.02488365785325,449.9792259066713,449.02488365785325,449.9792259066713,0.0
2016-12-10T00:00:00.000000000,449.9792259066713,450.9374327362115,449.9792259066713,450.9374327362115,0.0
2016-12-11T00:00:00.000000000,450.9374327362115,451.89355754342307,450.9374327362115,451.89355754342307,0.0
2016-12-12T00:00:00.000000000,451.89355754342307,452.8737660508317,451.89355754342307,452.8737660508317,0.0
2016-12-13T00:00:00.000000000,452.8737660508317,453.86775898380927,452.8737660508317,453.86775898380927,0.0
2016-12-14T00:00:00.000000000,453.86775898380927,454.85827239609443,453.86775898380927,454.85827239609443,0.0
2016-12-15T00:00:00.000000000,454.85827239609443,455.84261111227164,454.85827239609443,455.84261111227164,0.0
2016-12-16T00:00:00.000000000,455.84261111227164,456.8418677562911,455.84261111227164,456.8418677562911,0.0
2016-12-17T00:00:00.000000000,456.8418677562911,457.8505611317681,456.8418677562911,457.8505611317681,0.0
2016-12-18T00:00:00.000000000,457.8505611317681,458.8575326576165,457.8505611317681,458.8575326576165,0.0
2016-12-19T00:00:00.000000000,458.8575326576165,459.87327774238247,458.8575326576165,459.87327774238247,0.0
2016-12-20T00:00:00.000000000,459.87327774238247,460.8935753861426,459.87327774238247,460.8935753861426,0.0
2016-12-21T00:00:00.000000000,460.8935753861426,461.9724220915062,460.8935753861426,461.9724220915062,0.0
2016-12-22T00:00:00.000000000,461.9724220915062,463.1056430973046,461.9724220915062,463.1056430973046,0.0
2016-12-23T00:00:00.000000000,463.1056430973046,464.33965202236345,463.1056430973046,464.33965202236345,0.0
2016-12-24T00:00:00.000000000,464.33965202236345,465.53188023422706,464.33965202236345,465.53188023422706,0.0
2016-12-25T00:00:00.000000000,465.53188023422706,466.7150905561532,465.53188023422706,466.7150905561532,0.0
2016-12-26T00:00:00.000000000,466.7150905561532,467.9166359858929,466.7150905561532,467.9166359858929,0.0
2016-12-27T00:00:00.000000000,467.9166359858929,469.15794614632074,467.9166359858929,469.15794614632074,0.0
2016-12-28T00:00:00.000000000,469.15794614632074,470.4503276369363,469.15794614632074,470.4503276369363,0.0
2016-12-29T00:00:00.000000000,470.4503276369363,471.74125992338077,470.4503276369363,471.74125992338077,0.0
2016-12-30T00:00:00.000000000,471.74125992338077,473.0108338490314,471.74125992338077,473.0108338490314,0.0
2016-12-31T00:00:00.000000000,473.0108338490314,474.29271794555444,473.0108338490314,474.29271794555444,0.0
2017-01-01T00:00:00.000000000,474.29271794555444,475.63516537263433,474.29271794555444,475.63516537263433,0.0
2017-01-02T00:00:00.000000000,475.63516537263433,477.0216288303096,475.63516537263433,477.0216288303096,0.0
2017-01-03T00:00:00.000000000,477.0216288303096,478.4420387417662,477.0216288303096,478.4420387417662,0.0
2017-01-04T00:00:00.000000000,478.4420387417662,480.06491570294224,478.4420387417662,480.06491570294224,0.0
2017-01-05T00:00:00.000000000,480.06491570294224,481.4425716842135,480.06491570294224,481.4425716842135,0.0
2017-01-06T00:00:00.000000000,481.4425716842135,482.6179763059565,481.4425716842135,482.6179763059565,0.0
2017-01-07T00:00:00.000000000,482.6179763059565,483.803343556994,482.6179763059565,483.803343556994,0.0
2017-01-08T00:00:00.000000000,483.803343556994,484.9801866391976,483.803343556994,484.9801866391976,0.0
2017-01-09T00:00:00.000000000,484.9801866391976,486.1456358394521,484.9801866391976,486.1456358394521,0.0
2017-01-10T00:00:00.000000000,486.1456358394521,487.3053774094199,486.1456358394521,487.3053774094199,0.0
2017-01-11T00:00:00.000000000,487.3053774094199,488.2228195272028,487.3053774094199,488.2228195272028,0.0
2017-01-12T00:00:00.000000000,488.2228195272028,489.19646120666397,488.2228195272028,489.19646120666397,0.0
2017-01-13T00:00:00.000000000,489.19646120666397,490.20995854396443,489.19646120666397,490.20995854396443,0.0
2017-01-14T00:00:00.000000000,490.20995854396443,491.21187652751087,490.20995854396443,491.21187652751087,0.0
2017-01-15T00:00:00.000000000,491.21187652751087,492.21171964213596,491.21187652751087,492.21171964213596,0.0
2017-01-16T00:00:00.000000000,492.21171964213596,493.20926153553575,492.21171964213596,493.20926153553575,0.0
2017-01-17T00:00:00.000000000,493.20926153553575,494.34813495710785,493.20926153553575,494.34813495710785,0.0
2017-01-18T00:00:00.000000000,494.34813495710785,495.4540368826419,494.34813495710785,495.4540368826419,0.0
2017-01-19T00:00:00.000000000,495.4540368826419,496.57397983163435,495.4540368826419,496.57397983163435,0.0
2017-01-20T00:00:00.000000000,496.57397983163435,497.68948429536056,496.57397983163435,497.68948429536056,0.0
2017-01-21T00:00:00.000000000,497.68948429536056,498.82476948076817,497.68948429536056,498.82476948076817,0.0
2017-01-22T00:00:00.000000000,498.82476948076817,499.9505412871825,498.82476948076817,499.9505412871825,0.0
2017-01-23T00:00:00.000000000,499.9505412871825,501.0381438175412,499.9505412871825,501.0381438175412,0.0
2017-01-24T00:00:00.000000000,501.0381438175412,502.10879092292987,501.0381438175412,502.10879092292987,0.0
2017-01-25T00:00:00.000000000,502.10879092292987,503.203404118883,502.10879092292987,503.203404118883,0.0
2017-01-26T00:00:00.000000000,503.203404118883,504.32953065814394,503.203404118883,504.32953065814394,0.0
2017-01-27T00:00:00.000000000,504.32953065814394,505.47331142595533,504.32953065814394,505.47331142595533,0.0
2017-01-28T00:00:00.000000000,505.47331142595533,506.6179068662266,505.47331142595533,506.6179068662266,0.0
2017-01-29T00:00:00.000000000,506.6179068662266,507.76691750919116,506.6179068662266,507.76691750919116,0.0
2017-01-30T00:00:00.000000000,507.76691750919116,508.9198016542377,507.76691750919116,508.9198016542377,0.0
2017-01-31T00:00:00.000000000,508.9198016542377,510.15228298683644,508.9198016542377,510.15228298683644,0.0
2017-02-01T00:00:00.000000000,510.15228298683644,511.4235664136482,510.15228298683644,511.4235664136482,0.0
2017-02-02T00:00:00.000000000,511.4235664136482,512.7329746185139,511.4235664136482,512.7329746185139,0.0
2017-02-03T00:00:00.000000000,512.7329746185139,514.0767554080848,512.7329746185139,514.0767554080848,0.0
2017-02-04T00:00:00.000000000,514.0767554080848,515.4218926795239,514.0767554080848,515.4218926795239,0.0
2017-02-05T00:00:00.000000000,515.4218926795239,516.7385468236478,515.4218926795239,516.7385468236478,0.0
2017-02-06T00:00:00.000000000,516.7385468236478,518.0673596931226,516.7385468236478,518.0673596931226,0.0
2017-02-07T00:00:00.000000000,518.0673596931226,519.4358552058962,518.0673596931226,519.4358552058962,0.0
2017-02-08T00:00:00.000000000,519.4358552058962,520.8059852314506,519.4358552058962,520.8059852314506,0.0
2017-02-09T00:00:00.000000000,520.8059852314506,522.0623007381664,520.8059852314506,522.0623007381664,0.0
2017-02-10T00:00:00.000000000,522.0623007381664,523.3117695908708,522.0623007381664,523.3117695908708,0.0
2017-02-11T00:00:00.000000000,523.3117695908708,524.5948355771641,523.3117695908708,524.5948355771641,0.0
2017-02-12T00:00:00.000000000,524.5948355771641,525.8739443420301,524.5948355771641,525.8739443420301,0.0
2017-02-13T00:00:00.000000000,525.8739443420301,527.1360263654467,525.8739443420301,527.1360263654467,0.0
2017-02-14T00:00:00.000000000,527.1360263654467,528.425372173017,527.1360263654467,528.425372173017,0.0
2017-02-15T00:00:00.000000000,528.425372173017,529.7128267067214,528.425372173017,529.7128267067214,0.0
2017-02-16T00:00:00.000000000,529.7128267067214,531.0418070148869,529.7128267067214,531.0418070148869,0.0
2017-02-17T00:00:00.000000000,531.0418070148869,532.410136720926,531.0418070148869,532.410136720926,0.0
2017-02-18T00:00:00.000000000,532.410136720926,533.7913043724237,532.410136720926,533.7913043724237,0.0
2017-02-19T00:00:00.000000000,533.7913043724237,535.193930015632,533.7913043724237,535.193930015632,0.0
2017-02-20T00:00:00.000000000,535.193930015632,536.646509289529,535.193930015632,536.646509289529,0.0
2017-02-21T00:00:00.000000000,536.646509289529,538.1631403904336,536.646509289529,538.1631403904336,0.0
2017-02-22T00:00:00.000000000,538.1631403904336,539.673040488612,538.1631403904336,539.673040488612,0.0
2017-02-23T00:00:00.000000000,539.673040488612,541.2779316893661,539.673040488612,541.2779316893661,0.0
2017-02-24T00:00:00.000000000,541.2779316893661,542.8993221833745,541.2779316893661,542.8993221833745,0.0
2017-02-25T00:00:00.000000000,542.8993221833745,544.4646697290866,542.8993221833745,544.4646697290866,0.0
2017-02-26T00:00:00.000000000,544.4646697290866,546.0754521823822,544.4646697290866,546.0754521823822,0.0
2017-02-27T00:00:00.000000000,546.0754521823822,547.7179886925029,546.0754521823822,547.7179886925029,0.0
2017-02-28T00:00:00.000000000,547.7179886925029,549.3614716827338,547.7179886925029,549.3614716827338,0.0
2017-03-01T00:00:00.000000000,549.3614716827338,551.1643611751563,549.3614716827338,551.1643611751563,0.0
2017-03-02T00:00:00.000000000,551.1643611751563,552.9902542304653,551.1643611751563,552.9902542304653,0.0
2017-03-03T00:00:00.000000000,552.9902542304653,554.8434449330158,552.9902542304653,554.8434449330158,0.0
2017-03-04T00:00:00.000000000,554.8434449330158,556.6662275072938,554.8434449330158,556.6662275072938,0.0
2017-03-05T00:00:00.000000000,556.6662275072938,558.5142310647403,556.6662275072938,558.5142310647403,0.0
2017-03-06T00:00:00.000000000,558.5142310647403,560.3763717950559,558.5142310647403,560.3763717950559,0.0
2017-03-07T00:00:00.000000000,560.3763717950559,562.1821561871153,560.3763717950559,562.1821561871153,0.0
2017-03-08T00:00:00.000000000,562.1821561871153,563.8370421166513,562.1821561871153,563.8370421166513,0.0
2017-03-09T00:00:00.000000000,563.8370421166513,565.5530118075284,563.8370421166513,565.5530118075284,0.0
2017-03-10T00:00:00.000000000,565.5530118075284,567.1429422415939,565.5530118075284,567.1429422415939,0.0
2017-03-11T00:00:00.000000000,567.1429422415939,568.8264252361766,567.1429422415939,568.8264252361766,0.0
2017-03-12T00:00:00.000000000,568.8264252361766,570.5939831793202,568.8264252361766,570.5939831793202,0.0
2017-03-13T00:00:00.000000000,570.5939831793202,572.3821454651641,570.5939831793202,572.3821454651641,0.0
2017-03-14T00:00:00.000000000,572.3821454651641,574.1824021500912,572.3821454651641,574.1824021500912,0.0
2017-03-15T00:00:00.000000000,574.1824021500912,576.0032381271933,574.1824021500912,576.0032381271933,0.0
2017-03-16T00:00:00.000000000,576.0032381271933,577.7118407332748,576.0032381271933,577.7118407332748,0.0
2017-03-17T00:00:00.000000000,577.7118407332748,579.2680742124397,577.7118407332748,579.2680742124397,0.0
2017-03-18T00:00:00.000000000,579.2680742124397,580.5934217864392,579.2680742124397,580.5934217864392,0.0
2017-03-19T00:00:00.000000000,580.5934217864392,582.0225144656584,580.5934217864392,582.0225144656584,0.0
2017-03-20T00:00:00.000000000,582.0225144656584,583.4741900166938,582.0225144656584,583.4741900166938,0.0
2017-03-21T00:00:00.000000000,583.4741900166938,585.0440528312043,583.4741900166938,585.0440528312043,0.0
2017-03-22T00:00:00.000000000,585.0440528312043,586.4799405674246,585.0440528312043,586.4799405674246,0.0
2017-03-23T00:00:00.000000000,586.4799405674246,587.9067176914045,586.4799405674246,587.9067176914045,0.0
2017-03-24T00:00:00.000000000,587.9067176914045,589.1527836709524,587.9067176914045,589.1527836709524,0.0
2017-03-25T00:00:00.000000000,589.1527836709524,590.4587943609173,589.1527836709524,590.4587943609173,0.0
2017-03-26T00:00:00.000000000,590.4587943609173,591.7627087489382,590.4587943609173,591.7627087489382,0.0
2017-03-27T00:00:00.000000000,591.7627087489382,593.2159316119025,591.7627087489382,593.2159316119025,0.0
2017-03-28T00:00:00.000000000,593.2159316119025,594.6713790757558,593.2159316119025,594.6713790757558,0.0
2017-03-29T00:00:00.000000000,594.6713790757558,596.1146339239708,594.6713790757558,596.1146339239708,0.0
2017-03-30T00:00:00.000000000,596.1146339239708,597.5359156535484,596.1146339239708,597.5359156535484,0.0
2017-03-31T00:00:00.000000000,597.5359156535484,599.0367713425036,597.5359156535484,599.0367713425036,0.0
2017-04-01T00:00:00.000000000,599.0367713425036,600.5475110820695,599.0367713425036,600.5475110820695,0.0
2017-04-02T00:00:00.000000000,600.5475110820695,602.0995200798048,600.5475110820695,602.0995200798048,0.0
2017-04-03T00:00:00.000000000,602.0995200798048,603.7262545770927,602.0995200798048,603.7262545770927,0.0
2017-04-04T00:00:00.000000000,603.7262545770927,605.3415219448042,603.7262545770927,605.3415219448042,0.0
2017-04-05T00:00:00.000000000,605.3415219448042,606.9353936615262,605.3415219448042,606.9353936615262,0.0
2017-04-06T00:00:00.000000000,606.9353936615262,608.6330711106353,606.9353936615262,608.6330711106353,0.0
2017-04-07T00:00:00.000000000,608.6330711106353,610.3128768458511,608.6330711106353,610.3128768458511,0.0
2017-04-08T00:00:00.000000000,610.3128768458511,611.9898928065988,610.3128768458511,611.9898928065988,0.0
2017-04-09T00:00:00.000000000,611.9898928065988,613.6895897741199,611.9898928065988,613.6895897741199,0.0
2017-04-10T00:00:00.000000000,613.6895897741199,615.390789419572,613.6895897741199,615.390789419572,0.0
2017-04-11T00:00:00.000000000,615.390789419572,617.112479279598,615.390789419572,617.112479279598,0.0
2017-04-12T00:00:00.000000000,617.112479279598,618.8302742861172,617.112479279598,618.8302742861172,0.0
2017-04-13T00:00:00.000000000,618.8302742861172,620.4937681038324,618.8302742861172,620.4937681038324,0.0
2017-04-14T00:00:00.000000000,620.4937681038324,622.1515061485576,620.4937681038324,622.1515061485576,0.0
2017-04-15T00:00:00.000000000,622.1515061485576,623.818577485926,622.1515061485576,623.818577485926,0.0
2017-04-16T00:00:00.000000000,623.818577485926,625.5016611680627,623.818577485926,625.5016611680627,0.0
2017-04-17T00:00:00.000000000,625.5016611680627,627.2051389425621,625.5016611680627,627.2051389425621,0.0
2017-04-18T00:00:00.000000000,627.2051389425621,628.9364884048434,627.2051389425621,628.9364884048434,0.0
2017-04-19T00:00:00.000000000,628.9364884048434,630.6552531740457,628.9364884048434,630.6552531740457,0.0
2017-04-20T00:00:00.000000000,630.6552531740457,632.4130267246946,630.6552531740457,632.4130267246946,0.0
2017-04-21T00:00:00.000000000,632.4130267246946,634.1594546176958,632.4130267246946,634.1594546176958,0.0
2017-04-22T00:00:00.000000000,634.1594546176958,635.9202014290713,634.1594546176958,635.9202014290713,0.0
2017-04-23T00:00:00.000000000,635.9202014290713,637.635475879472,635.9202014290713,637.635475879472,0.0
2017-04-24T00:00:00.000000000,637.635475879472,639.4235329585492,637.635475879472,639.4235329585492,0.0
2017-04-25T00:00:00.000000000,639.4235329585492,641.2420391823944,639.4235329585492,641.2420391823944,0.0
2017-04-26T00:00:00.000000000,641.2420391823944,643.0808483810561,641.2420391823944,643.0808483810561,0.0
2017-04-27T00:00:00.000000000,643.0808483810561,644.9805649266099,643.0808483810561,644.9805649266099,0.0
2017-04-28T00:00:00.000000000,644.9805649266099,646.8738982120725,644.9805649266099,646.8738982120725,0.0
2017-04-29T00:00:00.000000000,646.8738982120725,648.7614580178218,646.8738982120725,648.7614580178218,0.0
2017-04-30T00:00:00.000000000,648.7614580178218,650.681689746877,648.7614580178218,650.681689746877,0.0
2017-05-01T00:00:00.000000000,650.681689746877,652.7493492303261,650.681689746877,652.7493492303261,0.0
2017-05-02T00:00:00.000000000,652.7493492303261,654.8694614131608,652.7493492303261,654.8694614131608,0.0
2017-05-03T00:00:00.000000000,654.8694614131608,657.0452670337045,654.8694614131608,657.0452670337045,0.0
2017-05-04T00:00:00.000000000,657.0452670337045,659.3115737017463,657.0452670337045,659.3115737017463,0.0
2017-05-05T00:00:00.000000000,659.3115737017463,661.5957571971438,659.3115737017463,661.5957571971438,0.0
2017-05-06T00:00:00.000000000,661.5957571971438,663.9171547847211,661.5957571971438,663.9171547847211,0.0
2017-05-07T00:00:00.000000000,663.9171547847211,666.2612830721333,663.9171547847211,666.2612830721333,0.0
2017-05-08T00:00:00.000000000,666.2612830721333,668.8275397261622,666.2612830721333,668.8275397261622,0.0
2017-05-09T00:00:00.000000000,668.8275397261622,671.4479675292969,668.8275397261622,671.4479675292969,0.0
2017-05-10T00:00:00.000000000,671.4479675292969,674.1098962467622,671.4479675292969,674.1098962467622,0.0
2017-05-11T00:00:00.000000000,674.1098962467622,676.8620387330625,674.1098962467622,676.8620387330625,0.0
2017-05-12T00:00:00.000000000,676.8620387330625,679.3760939545385,676.8620387330625,679.3760939545385,0.0
2017-05-13T00:00:00.000000000,679.3760939545385,682.0087053975532,679.3760939545385,682.0087053975532,0.0
2017-05-14T00:00:00.000000000,682.0087053975532,684.6731332925127,682.0087053975532,684.6731332925127,0.0
2017-05-15T00:00:00.000000000,684.6731332925127,687.1918481836982,684.6731332925127,687.1918481836982,0.0
2017-05-16T00:00:00.000000000,687.1918481836982,689.6397286753391,687.1918481836982,689.6397286753391,0.0
2017-05-17T00:00:00.000000000,689.6397286753391,692.1988605356471,689.6397286753391,692.1988605356471,0.0
2017-05-18T00:00:00.000000000,692.1988605356471,694.8318142542439,692.1988605356471,694.8318142542439,0.0
2017-05-19T00:00:00.000000000,694.8318142542439,697.6862812008237,694.8318142542439,697.6862812008237,0.0
2017-05-20T00:00:00.000000000,697.6862812008237,700.7348729641892,697.6862812008237,700.7348729641892,0.0
2017-05-21T00:00:00.000000000,700.7348729641892,703.6844593394886,700.7348729641892,703.6844593394886,0.0
2017-05-22T00:00:00.000000000,703.6844593394886,706.8930723356904,703.6844593394886,706.8930723356904,0.0
2017-05-23T00:00:00.000000000,706.8930723356904,710.3514732864027,706.8930723356904,710.3514732864027,0.0
2017-05-24T00:00:00.000000000,710.3514732864027,714.1069472477823,710.3514732864027,714.1069472477823,0.0
2017-05-25T00:00:00.000000000,714.1069472477823,717.6611290046026,714.1069472477823,717.6611290046026,0.0
2017-05-26T00:00:00.000000000,717.6611290046026,720.9842447155087,717.6611290046026,720.9842447155087,0.0
2017-05-27T00:00:00.000000000,720.9842447155087,724.0183213721834,720.9842447155087,724.0183213721834,0.0
2017-05-28T00:00:00.000000000,724.0183213721834,727.2676868676714,724.0183213721834,727.2676868676714,0.0
2017-05-29T00:00:00.000000000,727.2676868676714,730.7176763905136,727.2676868676714,730.7176763905136,0.0
2017-05-30T00:00:00.000000000,730.7176763905136,734.0059454878809,730.7176763905136,734.0059454878809,0.0
2017-05-31T00:00:00.000000000,734.0059454878809,737.4842269815863,734.0059454878809,737.4842269815863,0.0
2017-06-01T00:00:00.000000000,737.4842269815863,741.1799308790455,737.4842269815863,741.1799308790455,0.0
2017-06-02T00:00:00.000000000,741.1799308790455,745.03447822666,741.1799308790455,745.03447822666,0.0
2017-06-03T00:00:00.000000000,745.03447822666,748.9441539744005,745.03447822666,748.9441539744005,0.0
2017-06-04T00:00:00.000000000,748.9441539744005,752.838776178751,748.9441539744005,752.838776178751,0.0
2017-06-05T00:00:00.000000000,752.838776178751,757.0496033585221,752.838776178751,757.0496033585221,0.0
2017-06-06T00:00:00.000000000,757.0496033585221,761.5775070326426,757.0496033585221,761.5775070326426,0.0
2017-06-07T00:00:00.000000000,761.5775070326426,765.8771753430154,761.5775070326426,765.8771753430154,0.0
2017-06-08T00:00:00.000000000,765.8771753430154,770.2932432994061,765.8771753430154,770.2932432994061,0.0
2017-06-09T00:00:00.000000000,770.2932432994061,774.6981026008592,770.2932432994061,774.6981026008592,0.0
2017-06-10T00:00:00.000000000,774.6981026008592,779.314266538025,774.6981026008592,779.314266538025,0.0
2017-06-11T00:00:00.000000000,779.314266538025,783.9501472785936,779.314266538025,783.9501472785936,0.0
2017-06-12T00:00:00.000000000,783.9501472785936,788.0291773614186,783.9501472785936,788.0291773614186,0.0
2017-06-13T00:00:00.000000000,788.0291773614186,792.1997638233205,788.0291773614186,792.1997638233205,0.0
2017-06-14T00:00:00.000000000,792.1997638233205,796.0213005623503,792.1997638233205,796.0213005623503,0.0
2017-06-15T00:00:00.000000000,796.0213005623503,799.7742293794737,796.0213005623503,799.7742293794737,0.0
2017-06-16T00:00:00.000000000,799.7742293794737,803.6200655088918,799.7742293794737,803.6200655088918,0.0
2017-06-17T00:00:00.000000000,803.6200655088918,807.7068691967643,803.6200655088918,807.7068691967643,0.0
2017-06-18T00:00:00.000000000,807.7068691967643,811.5559619488776,807.7068691967643,811.5559619488776,0.0
2017-06-19T00:00:00.000000000,811.5559619488776,815.4789870971027,811.5559619488776,815.4789870971027,0.0
2017-06-20T00:00:00.000000000,815.4789870971027,819.6256074684402,815.4789870971027,819.6256074684402,0.0
2017-06-21T00:00:00.000000000,819.6256074684402,823.6782582872904,819.6256074684402,823.6782582872904,0.0
2017-06-22T00:00:00.000000000,823.6782582872904,827.756416796788,823.6782582872904,827.756416796788,0.0
2017-06-23T00:00:00.000000000,827.756416796788,831.908700055617,827.756416796788,831.908700055617,0.0
2017-06-24T00:00:00.000000000,831.908700055617,835.7532312185795,831.908700055617,835.7532312185795,0.0
2017-06-25T00:00:00.000000000,835.7532312185795,839.5935394232711,835.7532312185795,839.5935394232711,0.0
2017-06-26T00:00:00.000000000,839.5935394232711,843.2382719478505,839.5935394232711,843.2382719478505,0.0
2017-06-27T00:00:00.000000000,843.2382719478505,846.9963253245634,843.2382719478505,846.9963253245634,0.0
2017-06-28T00:00:00.000000000,846.9963253245634,850.7565196644176,846.9963253245634,850.7565196644176,0.0
2017-06-29T00:00:00.000000000,850.7565196644176,854.4720028691963,850.7565196644176,854.4720028691963,0.0
2017-06-30T00:00:00.000000000,854.4720028691963,858.0812044466668,854.4720028691963,858.0812044466668,0.0
2017-07-01T00:00:00.000000000,858.0812044466668,861.5944558753899,858.0812044466668,861.5944558753899,0.0
2017-07-02T00:00:00.000000000,861.5944558753899,865.2382134150268,861.5944558753899,865.2382134150268,0.0
2017-07-03T00:00:00.000000000,865.2382134150268,869.0196306361235,865.2382134150268,869.0196306361235,0.0
2017-07-04T00:00:00.000000000,869.0196306361235,872.8752471869429,869.0196306361235,872.8752471869429,0.0
2017-07-05T00:00:00.000000000,872.8752471869429,876.7351723193273,872.8752471869429,876.7351723193273,0.0
2017-07-06T00:00:00.000000000,876.7351723193273,880.5964184113365,876.7351723193273,880.5964184113365,0.0
2017-07-07T00:00:00.000000000,880.5964184113365,884.2749833431686,880.5964184113365,884.2749833431686,0.0
2017-07-08T00:00:00.000000000,884.2749833431686,888.046261547721,884.2749833431686,888.046261547721,0.0
2017-07-09T00:00:00.000000000,888.046261547721,891.79165540617,888.046261547721,891.79165540617,0.0
2017-07-10T00:00:00.000000000,891.79165540617,895.2671225372695,891.79165540617,895.2671225372695,0.0
2017-07-11T00:00:00.000000000,895.2671225372695,898.681580732213,895.2671225372695,898.681580732213,0.0
2017-07-12T00:00:00.000000000,898.681580732213,902.1857823118594,898.681580732213,902.1857823118594,0.0
2017-07-13T00:00:00.000000000,902.1857823118594,905.6283489914076,902.1857823118594,905.6283489914076,0.0
2017-07-14T00:00:00.000000000,905.6283489914076,908.8418482816155,905.6283489914076,908.8418482816155,0.0
2017-07-15T00:00:00.000000000,908.8418482816155,911.6306646282447,908.8418482816155,911.6306646282447,0.0
2017-07-16T00:00:00.000000000,911.6306646282447,914.2980121469752,911.6306646282447,914.2980121469752,0.0
2017-07-17T00:00:00.000000000,914.2980121469752,917.5037143319686,914.2980121469752,917.5037143319686,0.0
2017-07-18T00:00:00.000000000,917.5037143319686,920.8651918353456,917.5037143319686,920.8651918353456,0.0
2017-07-19T00:00:00.000000000,920.8651918353456,924.1476694470846,920.8651918353456,924.1476694470846,0.0
2017-07-20T00:00:00.000000000,924.1476694470846,928.4052364464962,924.1476694470846,928.4052364464962,0.0
2017-07-21T00:00:00.000000000,928.4052364464962,932.3441170269156,928.4052364464962,932.3441170269156,0.0
2017-07-22T00:00:00.000000000,932.3441170269156,936.5453471627465,932.3441170269156,936.5453471627465,0.0
2017-07-23T00:00:00.000000000,936.5453471627465,940.6144896046576,936.5453471627465,940.6144896046576,0.0
2017-07-24T00:00:00.000000000,940.6144896046576,944.7265557545817,940.6144896046576,944.7265557545817,0.0
2017-07-25T00:00:00.000000000,944.7265557545817,948.5198747767485,944.7265557545817,948.5198747767485,0.0
2017-07-26T00:00:00.000000000,948.5198747767485,952.2520671987279,948.5198747767485,952.2520671987279,0.0
2017-07-27T00:00:00.000000000,952.2520671987279,956.2438836463208,952.2520671987279,956.2438836463208,0.0
2017-07-28T00:00:00.000000000,956.2438836463208,960.4839977461598,956.2438836463208,960.4839977461598,0.0
2017-07-29T00:00:00.000000000,960.4839977461598,964.6945484725762,960.4839977461598,964.6945484725762,0.0
2017-07-30T00:00:00.000000000,964.6945484725762,968.9185126809513,964.6945484725762,968.9185126809513,0.0
2017-07-31T00:00:00.000000000,968.9185126809513,973.362436168759,968.9185126809513,973.362436168759,0.0
2017-08-01T00:00:00.000000000,973.362436168759,977.5176803942458,973.362436168759,977.5176803942458,0.0
2017-08-02T00:00:00.000000000,977.5176803942458,981.6719066599474,977.5176803942458,981.6719066599474,0.0
2017-08-03T00:00:00.000000000,981.6719066599474,985.9223522383473,981.6719066599474,985.9223522383473,0.0
2017-08-04T00:00:00.000000000,985.9223522383473,990.3530615060299,985.9223522383473,990.3530615060299,0.0
2017-08-05T00:00:00.000000000,990.3530615060299,995.4696709671972,990.3530615060299,995.4696709671972,0.0
2017-08-06T00:00:00.000000000,995.4696709671972,1000.5079043791255,995.4696709671972,1000.5079043791255,0.0
2017-08-07T00:00:00.000000000,1000.5079043791255,1005.8126618356416,1000.5079043791255,1005.8126618356416,0.0
2017-08-08T00:00:00.000000000,1005.8126618356416,1011.2105476256997,1005.8126618356416,1011.2105476256997,0.0
2017-08-09T00:00:00.000000000,1011.2105476256997,1016.469579632057,1011.2105476256997,1016.469579632057,0.0
2017-08-10T00:00:00.000000000,1016.469579632057,1021.7927668770367,1016.469579632057,1021.7927668770367,0.0
2017-08-11T00:00:00.000000000,1021.7927668770367,1027.6222341064888,1021.7927668770367,1027.6222341064888,0.0
2017-08-12T00:00:00.000000000,1027.6222341064888,1033.8704265519684,1027.6222341064888,1033.8704265519684,0.0
2017-08-13T00:00:00.000000000,1033.8704265519684,1040.4568882362516,1033.8704265519684,1040.4568882362516,0.0
2017-08-14T00:00:00.000000000,1040.4568882362516,1047.5092284938655,1040.4568882362516,1047.5092284938655,0.0
2017-08-15T00:00:00.000000000,1047.5092284938655,1054.298665527779,1047.5092284938655,1054.298665527779,0.0
2017-08-16T00:00:00.000000000,1054.298665527779,1061.4326795826196,1054.298665527779,1061.4326795826196,0.0
2017-08-17T00:00:00.000000000,1061.4326795826196,1068.4946063852565,1061.4326795826196,1068.4946063852565,0.0
2017-08-18T00:00:00.000000000,1068.4946063852565,1075.2165780840924,1068.4946063852565,1075.2165780840924,0.0
2017-08-19T00:00:00.000000000,1075.2165780840924,1082.0029438311192,1075.2165780840924,1082.0029438311192,0.0
2017-08-20T00:00:00.000000000,1082.0029438311192,1088.6181629201308,1082.0029438311192,1088.6181629201308,0.0
2017-08-21T00:00:00.000000000,1088.6181629201308,1095.080052394493,1088.6181629201308,1095.080052394493,0.0
2017-08-22T00:00:00.000000000,1095.080052394493,1101.723676331328,1095.080052394493,1101.723676331328,0.0
2017-08-23T00:00:00.000000000,1101.723676331328,1108.4536068622228,1101.723676331328,1108.4536068622228,0.0
2017-08-24T00:00:00.000000000,1108.4536068622228,1115.5000082685774,1108.4536068622228,1115.5000082685774,0.0
2017-08-25T00:00:00.000000000,1115.5000082685774,1122.6157767283937,1115.5000082685774,1122.6157767283937,0.0
2017-08-26T00:00:00.000000000,1122.6157767283937,1129.6891045391878,1122.6157767283937,1129.6891045391878,0.0
2017-08-27T00:00:00.000000000,1129.6891045391878,1136.8032220034677,1129.6891045391878,1136.8032220034677,0.0
2017-08-28T00:00:00.000000000,1136.8032220034677,1143.8895502481444,1136.8032220034677,1143.8895502481444,0.0
2017-08-29T00:00:00.000000000,1143.8895502481444,1151.3384540306267,1143.8895502481444,1151.3384540306267,0.0
2017-08-30T00:00:00.000000000,1151.3384540306267,1158.749883260744,1151.3384540306267,1158.749883260744,0.0
2017-08-31T00:00:00.000000000,1158.749883260744,1166.3917159626192,1158.749883260744,1166.3917159626192,0.0
2017-09-01T00:00:00.000000000,1166.3917159626192,1174.3589829497585,1166.3917159626192,1174.3589829497585,0.0
2017-09-02T00:00:00.000000000,1174.3589829497585,1181.77072094596,1174.3589829497585,1181.77072094596,0.0
2017-09-03T00:00:00.000000000,1181.77072094596,1189.160731568906,1181.77072094596,1189.160731568906,0.0
2017-09-04T00:00:00.000000000,1189.160731568906,1195.929915266666,1189.160731568906,1195.929915266666,0.0
2017-09-05T00:00:00.000000000,1195.929915266666,1202.9509166914725,1195.929915266666,1202.9509166914725,0.0
2017-09-06T00:00:00.000000000,1202.9509166914725,1210.395451673212,1202.9509166914725,1210.395451673212,0.0
2017-09-07T00:00:00.000000000,1210.395451673212,1217.8373855346026,1210.395451673212,1217.8373855346026,0.0
2017-09-08T00:00:00.000000000,1217.8373855346026,1224.6185013878155,1217.8373855346026,1224.6185013878155,0.0
2017-09-09T00:00:00.000000000,1224.6185013878155,1231.3812608361882,1224.6185013878155,1231.3812608361882,0.0
2017-09-10T00:00:00.000000000,1231.3812608361882,1237.9595512621331,1231.3812608361882,1237.9595512621331,0.0
2017-09-11T00:00:00.000000000,1237.9595512621331,1244.6044104809005,1237.9595512621331,1244.6044104809005,0.0
2017-09-12T00:00:00.000000000,1244.6044104809005,1251.1874997280074,1244.6044104809005,1251.1874997280074,0.0
2017-09-13T00:00:00.000000000,1251.1874997280074,1257.3327173787218,1251.1874997280074,1257.3327173787218,0.0
2017-09-14T00:00:00.000000000,1257.3327173787218,1262.200740440219,1257.3327173787218,1262.200740440219,0.0
2017-09-15T00:00:00.000000000,1262.200740440219,1267.9331272825625,1262.200740440219,1267.9331272825625,0.0
2017-09-16T00:00:00.000000000,1267.9331272825625,1273.6623626545788,1267.9331272825625,1273.6623626545788,0.0
2017-09-17T00:00:00.000000000,1273.6623626545788,1279.3349292775526,1273.6623626545788,1279.3349292775526,0.0
2017-09-18T00:00:00.000000000,1279.3349292775526,1285.8545245546284,1279.3349292775526,1285.8545245546284,0.0
2017-09-19T00:00:00.000000000,1285.8545245546284,1292.1123658314534,1285.8545245546284,1292.1123658314534,0.0
2017-09-20T00:00:00.000000000,1292.1123658314534,1298.3369254861923,1292.1123658314534,1298.3369254861923,0.0
2017-09-21T00:00:00.000000000,1298.3369254861923,1304.0698667584043,1298.3369254861923,1304.0698667584043,0.0
2017-09-22T00:00:00.000000000,1304.0698667584043,1309.7981536375648,1304.0698667584043,1309.7981536375648,0.0
2017-09-23T00:00:00.000000000,1309.7981536375648,1315.8065491810628,1309.7981536375648,1315.8065491810628,0.0
2017-09-24T00:00:00.000000000,1315.8065491810628,1321.6375939136308,1315.8065491810628,1321.6375939136308,0.0
2017-09-25T00:00:00.000000000,1321.6375939136308,1327.8978524981549,1321.6375939136308,1327.8978524981549,0.0
2017-09-26T00:00:00.000000000,1327.8978524981549,1334.0937742617466,1327.8978524981549,1334.0937742617466,0.0
2017-09-27T00:00:00.000000000,1334.0937742617466,1340.8385869806464,1334.0937742617466,1340.8385869806464,0.0
2017-09-28T00:00:00.000000000,1340.8385869806464,1347.5368383071002,1340.8385869806464,1347.5368383071002,0.0
2017-09-29T00:00:00.000000000,1347.5368383071002,1354.2078700754093,1347.5368383071002,1354.2078700754093,0.0
2017-09-30T00:00:00.000000000,1354.2078700754093,1361.211723830823,1354.2078700754093,1361.211723830823,0.0
2017-10-01T00:00:00.000000000,1361.211723830823,1368.3298989362258,1361.211723830823,1368.3298989362258,0.0
2017-10-02T00:00:00.000000000,1368.3298989362258,1375.4521178655234,1368.3298989362258,1375.4521178655234,0.0
2017-10-03T00:00:00.000000000,1375.4521178655234,1382.4114279789508,1375.4521178655234,1382.4114279789508,0.0
2017-10-04T00:00:00.000000000,1382.4114279789508,1389.205137201809,1382.4114279789508,1389.205137201809,0.0
2017-10-05T00:00:00.000000000,1389.205137201809,1396.1754922305836,1389.205137201809,1396.1754922305836,0.0
2017-10-06T00:00:00.000000000,1396.1754922305836,1403.224362188057,1396.1754922305836,1403.224362188057,0.0
2017-10-07T00:00:00.000000000,1403.224362188057,1410.3718009309548,1403.224362188057,1410.3718009309548,0.0
2017-10-08T00:00:00.000000000,1410.3718009309548,1417.8451253037615,1410.3718009309548,1417.8451253037615,0.0
2017-10-09T00:00:00.000000000,1417.8451253037615,1425.5906778971355,1417.8451253037615,1425.5906778971355,0.0
2017-10-10T00:00:00.000000000,1425.5906778971355,1433.3585196918345,1425.5906778971355,1433.3585196918345,0.0
2017-10-11T00:00:00.000000000,1433.3585196918345,1441.219418068408,1433.3585196918345,1441.219418068408,0.0
2017-10-12T00:00:00.000000000,1441.219418068408,1450.1892828575856,1441.219418068408,1450.1892828575856,0.0
2017-10-13T00:00:00.000000000,1450.1892828575856,1459.5127783246644,1450.1892828575856,1459.5127783246644,0.0
2017-10-14T00:00:00.000000000,1459.5127783246644,1469.163099265141,1459.5127783246644,1469.163099265141,0.0
2017-10-15T00:00:00.000000000,1469.163099265141,1478.5344307367388,1469.163099265141,1478.5344307367388,0.0
2017-10-16T00:00:00.000000000,1478.5344307367388,1487.9901987439596,1478.5344307367388,1487.9901987439596,0.0
2017-10-17T00:00:00.000000000,1487.9901987439596,1497.2309576840323,1487.9901987439596,1497.2309576840323,0.0
2017-10-18T00:00:00.000000000,1497.2309576840323,1506.440690202084,1497.2309576840323,1506.440690202084,0.0
2017-10-19T00:00:00.000000000,1506.440690202084,1515.8615583396002,1506.440690202084,1515.8615583396002,0.0
2017-10-20T00:00:00.000000000,1515.8615583396002,1525.8235996946719,1515.8615583396002,1525.8235996946719,0.0
2017-10-21T00:00:00.000000000,1525.8235996946719,1535.825829817012,1525.8235996946719,1535.825829817012,0.0
2017-10-22T00:00:00.000000000,1535.825829817012,1545.788412546304,1535.825829817012,1545.788412546304,0.0
2017-10-23T00:00:00.000000000,1545.788412546304,1555.6079416530017,1545.788412546304,1555.6079416530017,0.0
2017-10-24T00:00:00.000000000,1555.6079416530017,1564.7062609667446,1555.6079416530017,1564.7062609667446,0.0
2017-10-25T00:00:00.000000000,1564.7062609667446,1574.1993265678964,1564.7062609667446,1574.1993265678964,0.0
2017-10-26T00:00:00.000000000,1574.1993265678964,1583.9695512904202,1574.1993265678964,1583.9695512904202,0.0
2017-10-27T00:00:00.000000000,1583.9695512904202,1593.5178897742069,1583.9695512904202,1593.5178897742069,0.0
2017-10-28T00:00:00.000000000,1593.5178897742069,1603.006975034554,1593.5178897742069,1603.006975034554,0.0
2017-10-29T00:00:00.000000000,1603.006975034554,1613.2088967933587,1603.006975034554,1613.2088967933587,0.0
2017-10-30T00:00:00.000000000,1613.2088967933587,1623.3749053465492,1613.2088967933587,1623.3749053465492,0.0
2017-10-31T00:00:00.000000000,1623.3749053465492,1634.1410531164704,1623.3749053465492,1634.1410531164704,0.0
2017-11-01T00:00:00.000000000,1634.1410531164704,1645.4276860147024,1634.1410531164704,1645.4276860147024,0.0
2017-11-02T00:00:00.000000000,1645.4276860147024,1657.258543398716,1645.4276860147024,1657.258543398716,0.0
2017-11-03T00:00:00.000000000,1657.258543398716,1669.3054859616964,1657.258543398716,1669.3054859616964,0.0
2017-11-04T00:00:00.000000000,1669.3054859616964,1681.6659372911097,1669.3054859616964,1681.6659372911097,0.0
2017-11-05T00:00:00.000000000,1681.6659372911097,1694.0672352292745,1681.6659372911097,1694.0672352292745,0.0
2017-11-06T00:00:00.000000000,1694.0672352292745,1705.7681350028026,1694.0672352292745,1705.7681350028026,0.0
2017-11-07T00:00:00.000000000,1705.7681350028026,1717.6807087780958,1705.7681350028026,1717.6807087780958,0.0
2017-11-08T00:00:00.000000000,1717.6807087780958,1730.1470206357578,1717.6807087780958,1730.1470206357578,0.0
2017-11-09T00:00:00.000000000,1730.1470206357578,1742.0880064938794,1730.1470206357578,1742.0880064938794,0.0
2017-11-10T00:00:00.000000000,1742.0880064938794,1753.084671646091,1742.0880064938794,1753.084671646091,0.0
2017-11-11T00:00:00.000000000,1753.084671646091,1763.606067569073,1753.084671646091,1763.606067569073,0.0
2017-11-12T00:00:00.000000000,1763.606067569073,1773.4131118312027,1763.606067569073,1773.4131118312027,0.0
2017-11-13T00:00:00.000000000,1773.4131118312027,1784.300126509233,1773.4131118312027,1784.300126509233,0.0
2017-11-14T00:00:00.000000000,1784.300126509233,1795.3359215068308,1784.300126509233,1795.3359215068308,0.0
2017-11-15T00:00:00.000000000,1795.3359215068308,1807.57341892834,1795.3359215068308,1807.57341892834,0.0
2017-11-16T00:00:00.000000000,1807.57341892834,1820.8086559275255,1807.57341892834,1820.8086559275255,0.0
2017-11-17T00:00:00.000000000,1820.8086559275255,1833.7516402790254,1820.8086559275255,1833.7516402790254,0.0
2017-11-18T00:00:00.000000000,1833.7516402790254,1846.8185688093597,1833.7516402790254,1846.8185688093597,0.0
2017-11-19T00:00:00.000000000,1846.8185688093597,1860.3265086019314,1846.8185688093597,1860.3265086019314,0.0
2017-11-20T00:00:00.000000000,1860.3265086019314,1874.1270284669708,1860.3265086019314,1874.1270284669708,0.0
2017-11-21T00:00:00.000000000,1874.1270284669708,1887.6934754614736,1874.1270284669708,1887.6934754614736,0.0
2017-11-22T00:00:00.000000000,1887.6934754614736,1901.6019510687354,1887.6934754614736,1901.6019510687354,0.0
2017-11-23T00:00:00.000000000,1901.6019510687354,1915.1243076154467,1901.6019510687354,1915.1243076154467,0.0
2017-11-24T00:00:00.000000000,1915.1243076154467,1929.0261337089878,1915.1243076154467,1929.0261337089878,0.0
2017-11-25T00:00:00.000000000,1929.0261337089878,1943.8839766830472,1929.0261337089878,1943.8839766830472,0.0
2017-11-26T00:00:00.000000000,1943.8839766830472,1959.7037250158407,1943.8839766830472,1959.7037250158407,0.0
2017-11-27T00:00:00.000000000,1959.7037250158407,1976.3896102497285,1959.7037250158407,1976.3896102497285,0.0
2017-11-28T00:00:00.000000000,1976.3896102497285,1993.5101749739758,1976.3896102497285,1993.5101749739758,0.0
2017-11-29T00:00:00.000000000,1993.5101749739758,2010.328049059645,1993.5101749739758,2010.328049059645,0.0
2017-11-30T00:00:00.000000000,2010.328049059645,2027.759387065595,2010.328049059645,2027.759387065595,0.0
2017-12-01T00:00:00.000000000,2027.759387065595,2046.5417125790302,2027.759387065595,2046.5417125790302,0.0
2017-12-02T00:00:00.000000000,2046.5417125790302,2065.4934480772513,2046.5417125790302,2065.4934480772513,0.0
2017-12-03T00:00:00.000000000,2065.4934480772513,2084.8874092306046,2065.4934480772513,2084.8874092306046,0.0
2017-12-04T00:00:00.000000000,2084.8874092306046,2104.883625268511,2084.8874092306046,2104.883625268511,0.0
2017-12-05T00:00:00.000000000,2104.883625268511,2125.333794959301,2104.883625268511,2125.333794959301,0.0
2017-12-06T00:00:00.000000000,2125.333794959301,2150.0138645002125,2125.333794959301,2150.0138645002125,0.0
2017-12-07T00:00:00.000000000,2150.0138645002125,2181.1192124854647,2150.0138645002125,2181.1192124854647,0.0
2017-12-08T00:00:00.000000000,2181.1192124854647,2209.8465144247507,2181.1192124854647,2209.8465144247507,0.0
2017-12-09T00:00:00.000000000,2209.8465144247507,2236.0581654159355,2209.8465144247507,2236.0581654159355,0.0
2017-12-10T00:00:00.000000000,2236.0581654159355,2262.6630859375,2236.0581654159355,2262.6630859375,0.0
2017-12-11T00:00:00.000000000,2262.6630859375,2291.9154349750374,2262.6630859375,2291.9154349750374,0.0
2017-12-12T00:00:00.000000000,2291.9154349750374,2322.0073001745977,2291.9154349750374,2322.0073001745977,0.0
2017-12-13T00:00:00.000000000,2322.0073001745977,2350.3082150273995,2322.0073001745977,2350.3082150273995,0.0
2017-12-14T00:00:00.000000000,2350.3082150273995,2378.8769851113384,2350.3082150273995,2378.8769851113384,0.0
2017-12-15T00:00:00.000000000,2378.8769851113384,2409.481135567242,2378.8769851113384,2409.481135567242,0.0
2017-12-16T00:00:00.000000000,2409.481135567242,2443.221253964565,2409.481135567242,2443.221253964565,0.0
2017-12-17T00:00:00.000000000,2443.221253964565,2476.319424715909,2443.221253964565,2476.319424715909,0.0
2017-12-18T00:00:00.000000000,2476.319424715909,2509.3661666570924,2476.319424715909,2509.3661666570924,0.0
2017-12-19T00:00:00.000000000,2509.3661666570924,2540.009949600845,2509.3661666570924,2540.009949600845,0.0
2017-12-20T00:00:00.000000000,2540.009949600845,2568.61601488518,2540.009949600845,2568.61601488518,0.0
2017-12-21T00:00:00.000000000,2568.61601488518,2595.7483774004986,2568.61601488518,2595.7483774004986,0.0
2017-12-22T00:00:00.000000000,2595.7483774004986,2619.379696116728,2595.7483774004986,2619.379696116728,0.0
2017-12-23T00:00:00.000000000,2619.379696116728,2644.552120759525,2619.379696116728,2644.552120759525,0.0
2017-12-24T00:00:00.000000000,2644.552120759525,2668.293783531257,2644.552120759525,2668.293783531257,0.0
2017-12-25T00:00:00.000000000,2668.293783531257,2692.097376423936,2668.293783531257,2692.097376423936,0.0
2017-12-26T00:00:00.000000000,2692.097376423936,2719.5401996469755,2692.097376423936,2719.5401996469755,0.0
2017-12-27T00:00:00.000000000,2719.5401996469755,2746.5507896273743,2719.5401996469755,2746.5507896273743,0.0
2017-12-28T00:00:00.000000000,2746.5507896273743,2771.3494188713303,2746.5507896273743,2771.3494188713303,0.0
2017-12-29T00:00:00.000000000,2771.3494188713303,2796.108585024475,2771.3494188713303,2796.108585024475,0.0
2017-12-30T00:00:00.000000000,2796.108585024475,2817.8613322592887,2796.108585024475,2817.8613322592887,0.0
2017-12-31T00:00:00.000000000,2817.8613322592887,2841.7475593553295,2817.8613322592887,2841.7475593553295,0.0
2018-01-01T00:00:00.000000000,2841.7475593553295,2864.730481261663,2841.7475593553295,2864.730481261663,0.0
2018-01-02T00:00:00.000000000,2864.730481261663,2890.122412805676,2864.730481261663,2890.122412805676,0.0
2018-01-03T00:00:00.000000000,2890.122412805676,2916.030341544466,2890.122412805676,2916.030341544466,0.0
2018-01-04T00:00:00.000000000,2916.030341544466,2942.7738070836467,2916.030341544466,2942.7738070836467,0.0
2018-01-05T00:00:00.000000000,2942.7738070836467,2972.730176085882,2942.7738070836467,2972.730176085882,0.0
2018-01-06T00:00:00.000000000,2972.730176085882,3002.7866840872534,2972.730176085882,3002.7866840872534,0.0
2018-01-07T00:00:00.000000000,3002.7866840872534,3030.97291692778,3002.7866840872534,3030.97291692778,0.0
2018-01-08T00:00:00.000000000,3030.97291692778,3056.8922263840727,3030.97291692778,3056.8922263840727,0.0
2018-01-09T00:00:00.000000000,3056.8922263840727,3081.740934701739,3056.8922263840727,3081.740934701739,0.0
2018-01-10T00:00:00.000000000,3081.740934701739,3107.278009261677,3081.740934701739,3107.278009261677,0.0
2018-01-11T00:00:00.000000000,3107.278009261677,3130.033641685989,3107.278009261677,3130.033641685989,0.0
2018-01-12T00:00:00.000000000,3130.033641685989,3153.7542524422765,3130.033641685989,3153.7542524422765,0.0
2018-01-13T00:00:00.000000000,3153.7542524422765,3178.1462384936217,3153.7542524422765,3178.1462384936217,0.0
2018-01-14T00:00:00.000000000,3178.1462384936217,3201.4408872879762,3178.1462384936217,3201.4408872879762,0.0
2018-01-15T00:00:00.000000000,3201.4408872879762,3224.9010224095855,3201.4408872879762,3224.9010224095855,0.0
2018-01-16T00:00:00.000000000,3224.9010224095855,3244.164548278917,3224.9010224095855,3244.164548278917,0.0
2018-01-17T00:00:00.000000000,3244.164548278917,3262.9131625306372,3244.164548278917,3262.9131625306372,0.0
2018-01-18T00:00:00.000000000,3262.9131625306372,3282.160166803316,3262.9131625306372,3282.160166803316,0.0
2018-01-19T00:00:00.000000000,3282.160166803316,3301.7088983165177,3282.160166803316,3301.7088983165177,0.0
2018-01-20T00:00:00.000000000,3301.7088983165177,3323.5140269886365,3301.7088983165177,3323.5140269886365,0.0
2018-01-21T00:00:00.000000000,3323.5140269886365,3343.031209853881,3323.5140269886365,3343.031209853881,0.0
2018-01-22T00:00:00.000000000,3343.031209853881,3361.359267617292,3343.031209853881,3361.359267617292,0.0
2018-01-23T00:00:00.000000000,3361.359267617292,3379.578057981005,3361.359267617292,3379.578057981005,0.0
2018-01-24T00:00:00.000000000,3379.578057981005,3398.641960592831,3379.578057981005,3398.641960592831,0.0
2018-01-25T00:00:00.000000000,3398.641960592831,3417.5455833611854,3398.641960592831,3417.5455833611854,0.0
2018-01-26T00:00:00.000000000,3417.5455833611854,3436.2859084729416,3417.5455833611854,3436.2859084729416,0.0
2018-01-27T00:00:00.000000000,3436.2859084729416,3455.497040719697,3436.2859084729416,3455.497040719697,0.0
2018-01-28T00:00:00.000000000,3455.497040719697,3475.3286499458627,3455.497040719697,3475.3286499458627,0.0
2018-01-29T00:00:00.000000000,3475.3286499458627,3494.253679190515,3475.3286499458627,3494.253679190515,0.0
2018-01-30T00:00:00.000000000,3494.253679190515,3511.0686413770054,3494.253679190515,3511.0686413770054,0.0
2018-01-31T00:00:00.000000000,3511.0686413770054,3528.088669176833,3511.0686413770054,3528.088669176833,0.0
2018-02-01T00:00:00.000000000,3528.088669176833,3543.248838591278,3528.088669176833,3543.248838591278,0.0
2018-02-02T00:00:00.000000000,3543.248838591278,3557.804521258077,3543.248838591278,3557.804521258077,0.0
2018-02-03T00:00:00.000000000,3557.804521258077,3572.999336120279,3557.804521258077,3572.999336120279,0.0
2018-02-04T00:00:00.000000000,3572.999336120279,3586.584815149426,3572.999336120279,3586.584815149426,0.0
2018-02-05T00:00:00.000000000,3586.584815149426,3597.8040398310427,3586.584815149426,3597.8040398310427,0.0
2018-02-06T00:00:00.000000000,3597.8040398310427,3610.4598384319993,3597.8040398310427,3610.4598384319993,0.0
2018-02-07T00:00:00.000000000,3610.4598384319993,3622.8832177690856,3610.4598384319993,3622.8832177690856,0.0
2018-02-08T00:00:00.000000000,3622.8832177690856,3636.4504866710536,3622.8832177690856,3636.4504866710536,0.0
2018-02-09T00:00:00.000000000,3636.4504866710536,3650.8568066275693,3636.4504866710536,3650.8568066275693,0.0
2018-02-10T00:00:00.000000000,3650.8568066275693,3665.0545042857343,3650.8568066275693,3665.0545042857343,0.0
2018-02-11T00:00:00.000000000,3665.0545042857343,3678.378788096382,3665.0545042857343,3678.378788096382,0.0
2018-02-12T00:00:00.000000000,3678.378788096382,3693.1771647135415,3678.378788096382,3693.1771647135415,0.0
2018-02-13T00:00:00.000000000,3693.1771647135415,3707.42322103735,3693.1771647135415,3707.42322103735,0.0
2018-02-14T00:00:00.000000000,3707.42322103735,3723.371821493601,3707.42322103735,3723.371821493601,0.0
2018-02-15T00:00:00.000000000,3723.371821493601,3740.4842019038615,3723.371821493601,3740.4842019038615,0.0
2018-02-16T00:00:00.000000000,3740.4842019038615,3757.6956304050386,3740.4842019038615,3757.6956304050386,0.0
2018-02-17T00:00:00.000000000,3757.6956304050386,3776.4793330173866,3757.6956304050386,3776.4793330173866,0.0
2018-02-18T00:00:00.000000000,3776.4793330173866,3794.240512677905,3776.4793330173866,3794.240512677905,0.0
2018-02-19T00:00:00.000000000,3794.240512677905,3813.193471327185,3794.240512677905,3813.193471327185,0.0
2018-02-20T00:00:00.000000000,3813.193471327185,3832.467350434492,3813.193471327185,3832.467350434492,0.0
2018-02-21T00:00:00.000000000,3832.467350434492,3850.475548946496,3832.467350434492,3850.475548946496,0.0
2018-02-22T00:00:00.000000000,3850.475548946496,3867.2543314289496,3850.475548946496,3867.2543314289496,0.0
2018-02-23T00:00:00.000000000,3867.2543314289496,3884.5662380497297,3867.2543314289496,3884.5662380497297,0.0
2018-02-24T00:00:00.000000000,3884.5662380497297,3901.0109997101645,3884.5662380497297,3901.0109997101645,0.0
2018-02-25T00:00:00.000000000,3901.0109997101645,3917.194854355538,3901.0109997101645,3917.194854355538,0.0
2018-02-26T00:00:00.000000000,3917.194854355538,3934.6569348775556,3917.194854355538,3934.6569348775556,0.0
2018-02-27T00:00:00.000000000,3934.6569348775556,3952.7645277815495,3934.6569348775556,3952.7645277815495,0.0
2018-02-28T00:00:00.000000000,3952.7645277815495,3970.269806506587,3952.7645277815495,3970.269806506587,0.0
2018-03-01T00:00:00.000000000,3970.269806506587,3988.768530208159,3970.269806506587,3988.768530208159,0.0
2018-03-02T00:00:00.000000000,3988.768530208159,4007.506644998642,3988.768530208159,4007.506644998642,0.0
2018-03-03T00:00:00.000000000,4007.506644998642,4026.961315569818,4007.506644998642,4026.961315569818,0.0
2018-03-04T00:00:00.000000000,4026.961315569818,4046.445990414543,4026.961315569818,4046.445990414543,0.0
2018-03-05T00:00:00.000000000,4046.445990414543,4066.039558723436,4046.445990414543,4066.039558723436,0.0
2018-03-06T00:00:00.000000000,4066.039558723436,4084.209161931818,4066.039558723436,4084.209161931818,0.0
2018-03-07T00:00:00.000000000,4084.209161931818,4100.933146485246,4084.209161931818,4100.933146485246,0.0
2018-03-08T00:00:00.000000000,4100.933146485246,4116.645851937632,4100.933146485246,4116.645851937632,0.0
2018-03-09T00:00:00.000000000,4116.645851937632,4132.260448761802,4116.645851937632,4132.260448761802,0.0
2018-03-10T00:00:00.000000000,4132.260448761802,4147.031124339384,4132.260448761802,4147.031124339384,0.0
2018-03-11T00:00:00.000000000,4147.031124339384,4163.08938255922,4147.031124339384,4163.08938255922,0.0
2018-03-12T00:00:00.000000000,4163.08938255922,4178.474780295197,4163.08938255922,4178.474780295197,0.0
2018-03-13T00:00:00.000000000,4178.474780295197,4193.841522923978,4178.474780295197,4193.841522923978,0.0
2018-03-14T00:00:00.000000000,4193.841522923978,4207.553299358185,4193.841522923978,4207.553299358185,0.0
2018-03-15T00:00:00.000000000,4207.553299358185,4221.324045109876,4207.553299358185,4221.324045109876,0.0
2018-03-16T00:00:00.000000000,4221.324045109876,4235.167265485739,4221.324045109876,4235.167265485739,0.0
2018-03-17T00:00:00.000000000,4235.167265485739,4248.253438205005,4235.167265485739,4248.253438205005,0.0
2018-03-18T00:00:00.000000000,4248.253438205005,4261.846072273458,4248.253438205005,4261.846072273458,0.0
2018-03-19T00:00:00.000000000,4261.846072273458,4276.145566780512,4261.846072273458,4276.145566780512,0.0
2018-03-20T00:00:00.000000000,4276.145566780512,4290.952838972503,4276.145566780512,4290.952838972503,0.0
2018-03-21T00:00:00.000000000,4290.952838972503,4305.781438436526,4290.952838972503,4305.781438436526,0.0
2018-03-22T00:00:00.000000000,4305.781438436526,4320.244764141008,4305.781438436526,4320.244764141008,0.0
2018-03-23T00:00:00.000000000,4320.244764141008,4334.956536223332,4320.244764141008,4334.956536223332,0.0
2018-03-24T00:00:00.000000000,4334.956536223332,4349.297461525004,4334.956536223332,4349.297461525004,0.0
2018-03-25T00:00:00.000000000,4349.297461525004,4363.330030689477,4349.297461525004,4363.330030689477,0.0
2018-03-26T00:00:00.000000000,4363.330030689477,4376.882047439004,4363.330030689477,4376.882047439004,0.0
2018-03-27T00:00:00.000000000,4376.882047439004,4389.760473567534,4376.882047439004,4389.760473567534,0.0
2018-03-28T00:00:00.000000000,4389.760473567534,4402.853591130167,4389.760473567534,4402.853591130167,0.0
2018-03-29T00:00:00.000000000,4402.853591130167,4414.53811194,4402.853591130167,4414.53811194,0.0
2018-03-30T00:00:00.000000000,4414.53811194,4425.738406040239,4414.53811194,4425.738406040239,0.0
2018-03-31T00:00:00.000000000,4425.738406040239,4437.086992069999,4425.738406040239,4437.086992069999,0.0
2018-04-01T00:00:00.000000000,4437.086992069999,4448.206860112209,4437.086992069999,4448.206860112209,0.0
2018-04-02T00:00:00.000000000,4448.206860112209,4459.746834766844,4448.206860112209,4459.746834766844,0.0
2018-04-03T00:00:00.000000000,4459.746834766844,4471.95161707261,4459.746834766844,4471.95161707261,0.0
2018-04-04T00:00:00.000000000,4471.95161707261,4483.084465258049,4471.95161707261,4483.084465258049,0.0
2018-04-05T00:00:00.000000000,4483.084465258049,4494.161686698383,4483.084465258049,4494.161686698383,0.0
2018-04-06T00:00:00.000000000,4494.161686698383,4504.928214061281,4494.161686698383,4504.928214061281,0.0
2018-04-07T00:00:00.000000000,4504.928214061281,4516.1728626598015,4504.928214061281,4516.1728626598015,0.0
2018-04-08T00:00:00.000000000,4516.1728626598015,4527.6183083274145,4516.1728626598015,4527.6183083274145,0.0
2018-04-09T00:00:00.000000000,4527.6183083274145,4538.616354658429,4527.6183083274145,4538.616354658429,0.0
2018-04-10T00:00:00.000000000,4538.616354658429,4549.715671478109,4538.616354658429,4549.715671478109,0.0
2018-04-11T00:00:00.000000000,4549.715671478109,4561.056409104835,4549.715671478109,4561.056409104835,0.0
2018-04-12T00:00:00.000000000,4561.056409104835,4574.041296756629,4561.056409104835,4574.041296756629,0.0
2018-04-13T00:00:00.000000000,4574.041296756629,4587.0364250414295,4574.041296756629,4587.0364250414295,0.0
2018-04-14T00:00:00.000000000,4587.0364250414295,4600.185275752701,4587.0364250414295,4600.185275752701,0.0
2018-04-15T00:00:00.000000000,4600.185275752701,4613.937730976179,4600.185275752701,4613.937730976179,0.0
2018-04-16T00:00:00.000000000,4613.937730976179,4627.213627398758,4613.937730976179,4627.213627398758,0.0
2018-04-17T00:00:00.000000000,4627.213627398758,4640.208202885647,4627.213627398758,4640.208202885647,0.0
2018-04-18T00:00:00.000000000,4640.208202885647,4653.672045920197,4640.208202885647,4653.672045920197,0.0
2018-04-19T00:00:00.000000000,4653.672045920197,4667.365091524447,4653.672045920197,4667.365091524447,0.0
2018-04-20T00:00:00.000000000,4667.365091524447,4682.0403305298505,4667.365091524447,4682.0403305298505,0.0
2018-04-21T00:00:00.000000000,4682.0403305298505,4696.796942127792,4682.0403305298505,4696.796942127792,0.0
2018-04-22T00:00:00.000000000,4696.796942127792,4711.384022323418,4696.796942127792,4711.384022323418,0.0
2018-04-23T00:00:00.000000000,4711.384022323418,4726.204214602656,4711.384022323418,4726.204214602656,0.0
2018-04-24T00:00:00.000000000,4726.204214602656,4742.386934712184,4726.204214602656,4742.386934712184,0.0
2018-04-25T00:00:00.000000000,4742.386934712184,4757.0120117405095,4742.386934712184,4757.0120117405095,0.0
2018-04-26T00:00:00.000000000,4757.0120117405095,4772.422560312743,4757.0120117405095,4772.422560312743,0.0
2018-04-27T00:00:00.000000000,4772.422560312743,4787.3071660060505,4772.422560312743,4787.3071660060505,0.0
2018-04-28T00:00:00.000000000,4787.3071660060505,4802.82963031626,4787.3071660060505,4802.82963031626,0.0
2018-04-29T00:00:00.000000000,4802.82963031626,4818.48102796694,4802.82963031626,4818.48102796694,0.0
2018-04-30T00:00:00.000000000,4818.48102796694,4833.808869006587,4818.48102796694,4833.808869006587,0.0
2018-05-01T00:00:00.000000000,4833.808869006587,4848.924406925412,4833.808869006587,4848.924406925412,0.0
2018-05-02T00:00:00.000000000,4848.924406925412,4864.250538654293,4848.924406925412,4864.250538654293,0.0
2018-05-03T00:00:00.000000000,4864.250538654293,4880.495352080374,4864.250538654293,4880.495352080374,0.0
2018-05-04T00:00:00.000000000,4880.495352080374,4896.662736698905,4880.495352080374,4896.662736698905,0.0
2018-05-05T00:00:00.000000000,4896.662736698905,4913.107161632409,4896.662736698905,4913.107161632409,0.0
2018-05-06T00:00:00.000000000,4913.107161632409,4929.145496388807,4913.107161632409,4929.145496388807,0.0
2018-05-07T00:00:00.000000000,4929.145496388807,4944.68192915483,4929.145496388807,4944.68192915483,0.0
2018-05-08T00:00:00.000000000,4944.68192915483,4959.977935083834,4944.68192915483,4959.977935083834,0.0
2018-05-09T00:00:00.000000000,4959.977935083834,4975.428187623594,4959.977935083834,4975.428187623594,0.0
2018-05-10T00:00:00.000000000,4975.428187623594,4990.340195490927,4975.428187623594,4990.340195490927,0.0
2018-05-11T00:00:00.000000000,4990.340195490927,5004.1604757869945,4990.340195490927,5004.1604757869945,0.0
2018-05-12T00:00:00.000000000,5004.1604757869945,5018.091382466961,5004.1604757869945,5018.091382466961,0.0
2018-05-13T00:00:00.000000000,5018.091382466961,5032.368497307925,5018.091382466961,5032.368497307925,0.0
2018-05-14T00:00:00.000000000,5032.368497307925,5046.655352968158,5032.368497307925,5046.655352968158,0.0
2018-05-15T00:00:00.000000000,5046.655352968158,5060.575866155234,5046.655352968158,5060.575866155234,0.0
2018-05-16T00:00:00.000000000,5060.575866155234,5074.192687988281,5060.575866155234,5074.192687988281,0.0
2018-05-17T00:00:00.000000000,5074.192687988281,5087.300514805976,5074.192687988281,5087.300514805976,0.0
2018-05-18T00:00:00.000000000,5087.300514805976,5100.780496471493,5087.300514805976,5100.780496471493,0.0
2018-05-19T00:00:00.000000000,5100.780496471493,5114.227813231117,5100.780496471493,5114.227813231117,0.0
2018-05-20T00:00:00.000000000,5114.227813231117,5128.149082340234,5114.227813231117,5128.149082340234,0.0
2018-05-21T00:00:00.000000000,5128.149082340234,5141.887884945793,5128.149082340234,5141.887884945793,0.0
2018-05-22T00:00:00.000000000,5141.887884945793,5154.96925536239,5141.887884945793,5154.96925536239,0.0
2018-05-23T00:00:00.000000000,5154.96925536239,5167.175978716682,5154.96925536239,5167.175978716682,0.0
2018-05-24T00:00:00.000000000,5167.175978716682,5179.411391967121,5167.175978716682,5179.411391967121,0.0
2018-05-25T00:00:00.000000000,5179.411391967121,5191.46951342904,5179.411391967121,5191.46951342904,0.0
2018-05-26T00:00:00.000000000,5191.46951342904,5203.304573807062,5191.46951342904,5203.304573807062,0.0
2018-05-27T00:00:00.000000000,5203.304573807062,5215.181875409077,5203.304573807062,5215.181875409077,0.0
2018-05-28T00:00:00.000000000,5215.181875409077,5226.650608436734,5215.181875409077,5226.650608436734,0.0
2018-05-29T00:00:00.000000000,5226.650608436734,5238.714011017227,5226.650608436734,5238.714011017227,0.0
2018-05-30T00:00:00.000000000,5238.714011017227,5250.64788089419,5238.714011017227,5250.64788089419,0.0
2018-05-31T00:00:00.000000000,5250.64788089419,5262.679916409035,5250.64788089419,5262.679916409035,0.0
2018-06-01T00:00:00.000000000,5262.679916409035,5274.801972033931,5262.679916409035,5274.801972033931,0.0
2018-06-02T00:00:00.000000000,5274.801972033931,5287.086936692291,5274.801972033931,5287.086936692291,0.0
2018-06-03T00:00:00.000000000,5287.086936692291,5299.50874412931,5287.086936692291,5299.50874412931,0.0
2018-06-04T00:00:00.000000000,5299.50874412931,5311.600445045295,5299.50874412931,5311.600445045295,0.0
2018-06-05T00:00:00.000000000,5311.600445045295,5323.890127362202,5311.600445045295,5323.890127362202,0.0
2018-06-06T00:00:00.000000000,5323.890127362202,5336.194285999645,5323.890127362202,5336.194285999645,0.0
2018-06-07T00:00:00.000000000,5336.194285999645,5348.553726713075,5336.194285999645,5348.553726713075,0.0
2018-06-08T00:00:00.000000000,5348.553726713075,5360.82579608992,5348.553726713075,5360.82579608992,0.0
2018-06-09T00:00:00.000000000,5360.82579608992,5372.9297729057,5360.82579608992,5372.9297729057,0.0
2018-06-10T00:00:00.000000000,5372.9297729057,5383.715223886962,5372.9297729057,5383.715223886962,0.0
2018-06-11T00:00:00.000000000,5383.715223886962,5394.722148929262,5383.715223886962,5394.722148929262,0.0
2018-06-12T00:00:00.000000000,5394.722148929262,5405.143801112864,5394.722148929262,5405.143801112864,0.0
2018-06-13T00:00:00.000000000,5405.143801112864,5415.151458685836,5405.143801112864,5415.151458685836,0.0
2018-06-14T00:00:00.000000000,5415.151458685836,5425.721261036375,5415.151458685836,5425.721261036375,0.0
2018-06-15T00:00:00.000000000,5425.721261036375,5435.8813431955705,5425.721261036375,5435.8813431955705,0.0
2018-06-16T00:00:00.000000000,5435.8813431955705,5446.170498608268,5435.8813431955705,5446.170498608268,0.0
2018-06-17T00:00:00.000000000,5446.170498608268,5456.381042262875,5446.170498608268,5456.381042262875,0.0
2018-06-18T00:00:00.000000000,5456.381042262875,5467.0066176905775,5456.381042262875,5467.0066176905775,0.0
2018-06-19T00:00:00.000000000,5467.0066176905775,5477.721840380772,5467.0066176905775,5477.721840380772,0.0
2018-06-20T00:00:00.000000000,5477.721840380772,5488.438998679639,5477.721840380772,5488.438998679639,0.0
2018-06-21T00:00:00.000000000,5488.438998679639,5499.065751291639,5488.438998679639,5499.065751291639,0.0
2018-06-22T00:00:00.000000000,5499.065751291639,5508.536125523096,5499.065751291639,5508.536125523096,0.0
2018-06-23T00:00:00.000000000,5508.536125523096,5518.1434088994265,5508.536125523096,5518.1434088994265,0.0
2018-06-24T00:00:00.000000000,5518.1434088994265,5527.7665460759945,5518.1434088994265,5527.7665460759945,0.0
2018-06-25T00:00:00.000000000,5527.7665460759945,5537.533835127179,5527.7665460759945,5537.533835127179,0.0
2018-06-26T00:00:00.000000000,5537.533835127179,5547.005462483289,5537.533835127179,5547.005462483289,0.0
2018-06-27T00:00:00.000000000,5547.005462483289,5556.589373093875,5547.005462483289,5556.589373093875,0.0
2018-06-28T00:00:00.000000000,5556.589373093875,5565.719424650631,5556.589373093875,5565.719424650631,0.0
2018-06-29T00:00:00.000000000,5565.719424650631,5575.416771873433,5565.719424650631,5575.416771873433,0.0
2018-06-30T00:00:00.000000000,5575.416771873433,5585.432980460917,5575.416771873433,5585.432980460917,0.0
2018-07-01T00:00:00.000000000,5585.432980460917,5595.406226173442,5585.432980460917,5595.406226173442,0.0
2018-07-02T00:00:00.000000000,5595.406226173442,5605.787064224216,5595.406226173442,5605.787064224216,0.0
2018-07-03T00:00:00.000000000,5605.787064224216,5616.013224392651,5605.787064224216,5616.013224392651,0.0
2018-07-04T00:00:00.000000000,5616.013224392651,5626.345976314443,5616.013224392651,5626.345976314443,0.0
2018-07-05T00:00:00.000000000,5626.345976314443,5636.693318793693,5626.345976314443,5636.693318793693,0.0
2018-07-06T00:00:00.000000000,5636.693318793693,5647.047971239277,5636.693318793693,5647.047971239277,0.0
2018-07-07T00:00:00.000000000,5647.047971239277,5657.627197918408,5647.047971239277,5657.627197918408,0.0
2018-07-08T00:00:00.000000000,5657.627197918408,5668.099671824518,5657.627197918408,5668.099671824518,0.0
2018-07-09T00:00:00.000000000,5668.099671824518,5678.519577379958,5668.099671824518,5678.519577379958,0.0
2018-07-10T00:00:00.000000000,5678.519577379958,5688.185067950298,5678.519577379958,5688.185067950298,0.0
2018-07-11T00:00:00.000000000,5688.185067950298,5697.920383392171,5688.185067950298,5697.920383392171,0.0
2018-07-12T00:00:00.000000000,5697.920383392171,5707.283821962734,5697.920383392171,5707.283821962734,0.0
2018-07-13T00:00:00.000000000,5707.283821962734,5716.6680515445705,5707.283821962734,5716.6680515445705,0.0
2018-07-14T00:00:00.000000000,5716.6680515445705,5726.141994755111,5716.6680515445705,5726.141994755111,0.0
2018-07-15T00:00:00.000000000,5726.141994755111,5735.760349756469,5726.141994755111,5735.760349756469,0.0
2018-07-16T00:00:00.000000000,5735.760349756469,5745.998183959308,5735.760349756469,5745.998183959308,0.0
2018-07-17T00:00:00.000000000,5745.998183959308,5757.226864955855,5745.998183959308,5757.226864955855,0.0
2018-07-18T00:00:00.000000000,5757.226864955855,5768.504832548254,5757.226864955855,5768.504832548254,0.0
2018-07-19T00:00:00.000000000,5768.504832548254,5779.756400966814,5768.504832548254,5779.756400966814,0.0
2018-07-20T00:00:00.000000000,5779.756400966814,5791.058985419452,5779.756400966814,5791.058985419452,0.0
2018-07-21T00:00:00.000000000,5791.058985419452,5802.675899947603,5791.058985419452,5802.675899947603,0.0
2018-07-22T00:00:00.000000000,5802.675899947603,5814.28000906062,5802.675899947603,5814.28000906062,0.0
2018-07-23T00:00:00.000000000,5814.28000906062,5826.40106233811,5814.28000906062,5826.40106233811,0.0
2018-07-24T00:00:00.000000000,5826.40106233811,5839.808266488413,5826.40106233811,5839.808266488413,0.0
2018-07-25T00:00:00.000000000,5839.808266488413,5852.77388345919,5839.808266488413,5852.77388345919,0.0
2018-07-26T00:00:00.000000000,5852.77388345919,5865.561446844363,5852.77388345919,5865.561446844363,0.0
2018-07-27T00:00:00.000000000,5865.561446844363,5878.681189769942,5865.561446844363,5878.681189769942,0.0
2018-07-28T00:00:00.000000000,5878.681189769942,5891.815176190327,5878.681189769942,5891.815176190327,0.0
2018-07-29T00:00:00.000000000,5891.815176190327,5905.005992542614,5891.815176190327,5905.005992542614,0.0
2018-07-30T00:00:00.000000000,5905.005992542614,5918.1230727687025,5905.005992542614,5918.1230727687025,0.0
2018-07-31T00:00:00.000000000,5918.1230727687025,5930.50971438158,5918.1230727687025,5930.50971438158,0.0
2018-08-01T00:00:00.000000000,5930.50971438158,5942.482926802201,5930.50971438158,5942.482926802201,0.0
2018-08-02T00:00:00.000000000,5942.482926802201,5954.391183346563,5942.482926802201,5954.391183346563,0.0
2018-08-03T00:00:00.000000000,5954.391183346563,5966.040590010863,5954.391183346563,5966.040590010863,0.0
2018-08-04T00:00:00.000000000,5966.040590010863,5976.981452928295,5966.040590010863,5976.981452928295,0.0
2018-08-05T00:00:00.000000000,5976.981452928295,5987.938121340067,5976.981452928295,5987.938121340067,0.0
2018-08-06T00:00:00.000000000,5987.938121340067,5998.681662928399,5987.938121340067,5998.681662928399,0.0
2018-08-07T00:00:00.000000000,5998.681662928399,6009.077577533144,5998.681662928399,6009.077577533144,0.0
2018-08-08T00:00:00.000000000,6009.077577533144,6018.726619944853,6009.077577533144,6018.726619944853,0.0
2018-08-09T00:00:00.000000000,6018.726619944853,6028.827668052306,6018.726619944853,6028.827668052306,0.0
2018-08-10T00:00:00.000000000,6028.827668052306,6038.216480819512,6028.827668052306,6038.216480819512,0.0
2018-08-11T00:00:00.000000000,6038.216480819512,6047.799332834607,6038.216480819512,6047.799332834607,0.0
2018-08-12T00:00:00.000000000,6047.799332834607,6057.426961915803,6047.799332834607,6057.426961915803,0.0
2018-08-13T00:00:00.000000000,6057.426961915803,6067.013546323181,6057.426961915803,6067.013546323181,0.0
2018-08-14T00:00:00.000000000,6067.013546323181,6076.424113064526,6067.013546323181,6076.424113064526,0.0
2018-08-15T00:00:00.000000000,6076.424113064526,6085.9394731436605,6076.424113064526,6085.9394731436605,0.0
2018-08-16T00:00:00.000000000,6085.9394731436605,6095.468362573634,6085.9394731436605,6095.468362573634,0.0
2018-08-17T00:00:00.000000000,6095.468362573634,6105.394975577234,6095.468362573634,6105.394975577234,0.0
2018-08-18T00:00:00.000000000,6105.394975577234,6115.009680980879,6105.394975577234,6115.009680980879,0.0
2018-08-19T00:00:00.000000000,6115.009680980879,6124.747951568766,6115.009680980879,6124.747951568766,0.0
2018-08-20T00:00:00.000000000,6124.747951568766,6134.161837164731,6124.747951568766,6134.161837164731,0.0
2018-08-21T00:00:00.000000000,6134.161837164731,6143.877719056372,6134.161837164731,6143.877719056372,0.0
2018-08-22T00:00:00.000000000,6143.877719056372,6153.352514039174,6143.877719056372,6153.352514039174,0.0
2018-08-23T00:00:00.000000000,6153.352514039174,6163.106185940285,6153.352514039174,6163.106185940285,0.0
2018-08-24T00:00:00.000000000,6163.106185940285,6173.312205486332,6163.106185940285,6173.312205486332,0.0
2018-08-25T00:00:00.000000000,6173.312205486332,6183.605460263829,6173.312205486332,6183.605460263829,0.0
2018-08-26T00:00:00.000000000,6183.605460263829,6193.770896544431,6183.605460263829,6193.770896544431,0.0
2018-08-27T00:00:00.000000000,6193.770896544431,6204.261910994423,6193.770896544431,6204.261910994423,0.0
2018-08-28T00:00:00.000000000,6204.261910994423,6215.145400756183,6204.261910994423,6215.145400756183,0.0
2018-08-29T00:00:00.000000000,6215.145400756183,6225.916541876428,6215.145400756183,6225.916541876428,0.0
2018-08-30T00:00:00.000000000,6225.916541876428,6236.559590004769,6225.916541876428,6236.559590004769,0.0
2018-08-31T00:00:00.000000000,6236.559590004769,6247.272852280561,6236.559590004769,6247.272852280561,0.0
2018-09-01T00:00:00.000000000,6247.272852280561,6258.230142902776,6247.272852280561,6258.230142902776,0.0
2018-09-02T00:00:00.000000000,6258.230142902776,6269.314456932898,6258.230142902776,6269.314456932898,0.0
2018-09-03T00:00:00.000000000,6269.314456932898,6280.387879505939,6269.314456932898,6280.387879505939,0.0
2018-09-04T00:00:00.000000000,6280.387879505939,6291.58517037186,6280.387879505939,6291.58517037186,0.0
2018-09-05T00:00:00.000000000,6291.58517037186,6301.705544755633,6291.58517037186,6301.705544755633,0.0
2018-09-06T00:00:00.000000000,6301.705544755633,6311.352122260925,6301.705544755633,6311.352122260925,0.0
2018-09-07T00:00:00.000000000,6311.352122260925,6320.8001612154985,6311.352122260925,6320.8001612154985,0.0
2018-09-08T00:00:00.000000000,6320.8001612154985,6329.806043437883,6320.8001612154985,6329.806043437883,0.0
2018-09-09T00:00:00.000000000,6329.806043437883,6338.998592274712,6329.806043437883,6338.998592274712,0.0
2018-09-10T00:00:00.000000000,6338.998592274712,6348.204475062841,6338.998592274712,6348.204475062841,0.0
2018-09-11T00:00:00.000000000,6348.204475062841,6357.368878315265,6348.204475062841,6357.368878315265,0.0
2018-09-12T00:00:00.000000000,6357.368878315265,6366.587826325932,6357.368878315265,6366.587826325932,0.0
2018-09-13T00:00:00.000000000,6366.587826325932,6376.025990423247,6366.587826325932,6376.025990423247,0.0
2018-09-14T00:00:00.000000000,6376.025990423247,6385.405134721236,6376.025990423247,6385.405134721236,0.0
2018-09-15T00:00:00.000000000,6385.405134721236,6394.795883749895,6385.405134721236,6394.795883749895,0.0
2018-09-16T00:00:00.000000000,6394.795883749895,6404.175616640033,6394.795883749895,6404.175616640033,0.0
2018-09-17T00:00:00.000000000,6404.175616640033,6413.113371007583,6404.175616640033,6413.113371007583,0.0
2018-09-18T00:00:00.000000000,6413.113371007583,6422.201552555948,6413.113371007583,6422.201552555948,0.0
2018-09-19T00:00:00.000000000,6422.201552555948,6431.426151486429,6422.201552555948,6431.426151486429,0.0
2018-09-20T00:00:00.000000000,6431.426151486429,6440.997755625243,6431.426151486429,6440.997755625243,0.0
2018-09-21T00:00:00.000000000,6440.997755625243,6450.884493958716,6440.997755625243,6450.884493958716,0.0
2018-09-22T00:00:00.000000000,6450.884493958716,6460.876044778262,6450.884493958716,6460.876044778262,0.0
2018-09-23T00:00:00.000000000,6460.876044778262,6470.741998301895,6460.876044778262,6470.741998301895,0.0
2018-09-24T00:00:00.000000000,6470.741998301895,6480.321374685794,6470.741998301895,6480.321374685794,0.0
2018-09-25T00:00:00.000000000,6480.321374685794,6489.616473029641,6480.321374685794,6489.616473029641,0.0
2018-09-26T00:00:00.000000000,6489.616473029641,6498.983674455667,6489.616473029641,6498.983674455667,0.0
2018-09-27T00:00:00.000000000,6498.983674455667,6508.6577208275885,6498.983674455667,6508.6577208275885,0.0
2018-09-28T00:00:00.000000000,6508.6577208275885,6518.383781120314,6508.6577208275885,6518.383781120314,0.0
2018-09-29T00:00:00.000000000,6518.383781120314,6528.190786433092,6518.383781120314,6528.190786433092,0.0
2018-09-30T00:00:00.000000000,6528.190786433092,6538.2651929668355,6528.190786433092,6538.2651929668355,0.0
2018-10-01T00:00:00.000000000,6538.2651929668355,6548.163375011315,6538.2651929668355,6548.163375011315,0.0
2018-10-02T00:00:00.000000000,6548.163375011315,6557.970630122166,6548.163375011315,6557.970630122166,0.0
2018-10-03T00:00:00.000000000,6557.970630122166,6567.564301788276,6557.970630122166,6567.564301788276,0.0
2018-10-04T00:00:00.000000000,6567.564301788276,6577.41733196075,6567.564301788276,6577.41733196075,0.0
2018-10-05T00:00:00.000000000,6577.41733196075,6587.370790097378,6577.41733196075,6587.370790097378,0.0
2018-10-06T00:00:00.000000000,6587.370790097378,6597.443499614423,6587.370790097378,6597.443499614423,0.0
2018-10-07T00:00:00.000000000,6597.443499614423,6607.47945541409,6597.443499614423,6607.47945541409,0.0
2018-10-08T00:00:00.000000000,6607.47945541409,6617.6140454406195,6607.47945541409,6617.6140454406195,0.0
2018-10-09T00:00:00.000000000,6617.6140454406195,6627.590641014929,6617.6140454406195,6627.590641014929,0.0
2018-10-10T00:00:00.000000000,6627.590641014929,6637.4629757043085,6627.590641014929,6637.4629757043085,0.0
2018-10-11T00:00:00.000000000,6637.4629757043085,6646.761140167182,6637.4629757043085,6646.761140167182,0.0
2018-10-12T00:00:00.000000000,6646.761140167182,6656.116131298045,6646.761140167182,6656.116131298045,0.0
2018-10-13T00:00:00.000000000,6656.116131298045,6665.410605799493,6656.116131298045,6665.410605799493,0.0
2018-10-14T00:00:00.000000000,6665.410605799493,6674.698360123524,6665.410605799493,6674.698360123524,0.0
2018-10-15T00:00:00.000000000,6674.698360123524,6684.4922460328235,6674.698360123524,6684.4922460328235,0.0
2018-10-16T00:00:00.000000000,6684.4922460328235,6694.211140515333,6684.4922460328235,6694.211140515333,0.0
2018-10-17T00:00:00.000000000,6694.211140515333,6703.856737976618,6694.211140515333,6703.856737976618,0.0
2018-10-18T00:00:00.000000000,6703.856737976618,6713.396720029454,6703.856737976618,6713.396720029454,0.0
2018-10-19T00:00:00.000000000,6713.396720029454,6722.813351228276,6713.396720029454,6722.813351228276,0.0
2018-10-20T00:00:00.000000000,6722.813351228276,6732.282673718458,6722.813351228276,6732.282673718458,0.0
2018-10-21T00:00:00.000000000,6732.282673718458,6741.741497508982,6732.282673718458,6741.741497508982,0.0
2018-10-22T00:00:00.000000000,6741.741497508982,6751.187647528827,6741.741497508982,6751.187647528827,0.0
2018-10-23T00:00:00.000000000,6751.187647528827,6760.614760237369,6751.187647528827,6760.614760237369,0.0
2018-10-24T00:00:00.000000000,6760.614760237369,6770.045829460158,6760.614760237369,6770.045829460158,0.0
2018-10-25T00:00:00.000000000,6770.045829460158,6779.450321517101,6770.045829460158,6779.450321517101,0.0
2018-10-26T00:00:00.000000000,6779.450321517101,6788.90748724028,6779.450321517101,6788.90748724028,0.0
2018-10-27T00:00:00.000000000,6788.90748724028,6798.377789992062,6788.90748724028,6798.377789992062,0.0
2018-10-28T00:00:00.000000000,6798.377789992062,6807.849929238386,6798.377789992062,6807.849929238386,0.0
2018-10-29T00:00:00.000000000,6807.849929238386,6817.029412199894,6807.849929238386,6817.029412199894,0.0
2018-10-30T00:00:00.000000000,6817.029412199894,6826.192264223694,6817.029412199894,6826.192264223694,0.0
2018-10-31T00:00:00.000000000,6826.192264223694,6835.293761227857,6826.192264223694,6835.293761227857,0.0
2018-11-01T00:00:00.000000000,6835.293761227857,6844.504972896474,6835.293761227857,6844.504972896474,0.0
2018-11-02T00:00:00.000000000,6844.504972896474,6853.701693012965,6844.504972896474,6853.701693012965,0.0
2018-11-03T00:00:00.000000000,6853.701693012965,6862.862494647185,6853.701693012965,6862.862494647185,0.0
2018-11-04T00:00:00.000000000,6862.862494647185,6872.032583634484,6862.862494647185,6872.032583634484,0.0
2018-11-05T00:00:00.000000000,6872.032583634484,6881.323938706342,6872.032583634484,6881.323938706342,0.0
2018-11-06T00:00:00.000000000,6881.323938706342,6890.612458744151,6881.323938706342,6890.612458744151,0.0
2018-11-07T00:00:00.000000000,6890.612458744151,6899.996861857314,6890.612458744151,6899.996861857314,0.0
2018-11-08T00:00:00.000000000,6899.996861857314,6909.217254475477,6899.996861857314,6909.217254475477,0.0
2018-11-09T00:00:00.000000000,6909.217254475477,6918.250926733442,6909.217254475477,6918.250926733442,0.0
2018-11-10T00:00:00.000000000,6918.250926733442,6927.3288950656615,6918.250926733442,6927.3288950656615,0.0
2018-11-11T00:00:00.000000000,6927.3288950656615,6936.401051893591,6927.3288950656615,6936.401051893591,0.0
2018-11-12T00:00:00.000000000,6936.401051893591,6945.355383453098,6936.401051893591,6945.355383453098,0.0
2018-11-13T00:00:00.000000000,6945.355383453098,6954.157326873398,6945.355383453098,6954.157326873398,0.0
2018-11-14T00:00:00.000000000,6954.157326873398,6961.796418052306,6954.157326873398,6961.796418052306,0.0
2018-11-15T00:00:00.000000000,6961.796418052306,6969.208075484277,6961.796418052306,6969.208075484277,0.0
2018-11-16T00:00:00.000000000,6969.208075484277,6976.405722116617,6969.208075484277,6976.405722116617,0.0
2018-11-17T00:00:00.000000000,6976.405722116617,6983.53385068516,6976.405722116617,6983.53385068516,0.0
2018-11-18T00:00:00.000000000,6983.53385068516,6990.743725890569,6983.53385068516,6990.743725890569,0.0
2018-11-19T00:00:00.000000000,6990.743725890569,6996.581123882436,6990.743725890569,6996.581123882436,0.0
2018-11-20T00:00:00.000000000,6996.581123882436,7001.444796149106,6996.581123882436,7001.444796149106,0.0
2018-11-21T00:00:00.000000000,7001.444796149106,7006.51932366519,7001.444796149106,7006.51932366519,0.0
2018-11-22T00:00:00.000000000,7006.51932366519,7011.116132821204,7006.51932366519,7011.116132821204,0.0
2018-11-23T00:00:00.000000000,7011.116132821204,7015.569858163436,7011.116132821204,7015.569858163436,0.0
2018-11-24T00:00:00.000000000,7015.569858163436,7019.413922369374,7015.569858163436,7019.413922369374,0.0
2018-11-25T00:00:00.000000000,7019.413922369374,7023.344510491519,7019.413922369374,7023.344510491519,0.0
2018-11-26T00:00:00.000000000,7023.344510491519,7026.856488831328,7023.344510491519,7026.856488831328,0.0
2018-11-27T00:00:00.000000000,7026.856488831328,7030.568235563935,7026.856488831328,7030.568235563935,0.0
2018-11-28T00:00:00.000000000,7030.568235563935,7035.065508238985,7030.568235563935,7035.065508238985,0.0
2018-11-29T00:00:00.000000000,7035.065508238985,7039.414450687946,7035.065508238985,7039.414450687946,0.0
2018-11-30T00:00:00.000000000,7039.414450687946,7043.208779618914,7039.414450687946,7043.208779618914,0.0
2018-12-01T00:00:00.000000000,7043.208779618914,7047.178408699239,7043.208779618914,7047.178408699239,0.0
2018-12-02T00:00:00.000000000,7047.178408699239,7050.841774027615,7047.178408699239,7050.841774027615,0.0
2018-12-03T00:00:00.000000000,7050.841774027615,7054.144681172363,7050.841774027615,7054.144681172363,0.0
2018-12-04T00:00:00.000000000,7054.144681172363,7057.323814677682,7054.144681172363,7057.323814677682,0.0
2018-12-05T00:00:00.000000000,7057.323814677682,7059.879206747507,7057.323814677682,7059.879206747507,0.0
2018-12-06T00:00:00.000000000,7059.879206747507,7061.799816219989,7059.879206747507,7061.799816219989,0.0
2018-12-07T00:00:00.000000000,7061.799816219989,7063.787262343681,7061.799816219989,7063.787262343681,0.0
2018-12-08T00:00:00.000000000,7063.787262343681,7066.057663099864,7063.787262343681,7066.057663099864,0.0
2018-12-09T00:00:00.000000000,7066.057663099864,7068.865799249387,7066.057663099864,7068.865799249387,0.0
2018-12-10T00:00:00.000000000,7068.865799249387,7071.266612007019,7068.865799249387,7071.266612007019,0.0
2018-12-11T00:00:00.000000000,7071.266612007019,7073.350351806205,7071.266612007019,7073.350351806205,0.0
2018-12-12T00:00:00.000000000,7073.350351806205,7075.688106217274,7073.350351806205,7075.688106217274,0.0
2018-12-13T00:00:00.000000000,7075.688106217274,7077.519242284982,7075.688106217274,7077.519242284982,0.0
2018-12-14T00:00:00.000000000,7077.519242284982,7079.006951697583,7077.519242284982,7079.006951697583,0.0
2018-12-15T00:00:00.000000000,7079.006951697583,7080.340662339155,7079.006951697583,7080.340662339155,0.0
2018-12-16T00:00:00.000000000,7080.340662339155,7081.655259511475,7080.340662339155,7081.655259511475,0.0
2018-12-17T00:00:00.000000000,7081.655259511475,7083.498494248552,7081.655259511475,7083.498494248552,0.0
2018-12-18T00:00:00.000000000,7083.498494248552,7085.297512115641,7083.498494248552,7085.297512115641,0.0
2018-12-19T00:00:00.000000000,7085.297512115641,7086.871042832971,7085.297512115641,7086.871042832971,0.0
2018-12-20T00:00:00.000000000,7086.871042832971,7089.370653339461,7086.871042832971,7089.370653339461,0.0
2018-12-21T00:00:00.000000000,7089.370653339461,7091.315258658506,7089.370653339461,7091.315258658506,0.0
2018-12-22T00:00:00.000000000,7091.315258658506,7093.437134877033,7091.315258658506,7093.437134877033,0.0
2018-12-23T00:00:00.000000000,7093.437134877033,7095.311056915664,7093.437134877033,7095.311056915664,0.0
2018-12-24T00:00:00.000000000,7095.311056915664,7097.3083635354,7095.311056915664,7097.3083635354,0.0
2018-12-25T00:00:00.000000000,7097.3083635354,7099.368721538686,7097.3083635354,7099.368721538686,0.0
2018-12-26T00:00:00.000000000,7099.368721538686,7101.401301909258,7099.368721538686,7101.401301909258,0.0
2018-12-27T00:00:00.000000000,7101.401301909258,7103.448473707665,7101.401301909258,7103.448473707665,0.0
2018-12-28T00:00:00.000000000,7103.448473707665,7106.049790326287,7103.448473707665,7106.049790326287,0.0
2018-12-29T00:00:00.000000000,7106.049790326287,7108.370376124527,7106.049790326287,7108.370376124527,0.0
2018-12-30T00:00:00.000000000,7108.370376124527,7110.527368555732,7108.370376124527,7110.527368555732,0.0
2018-12-31T00:00:00.000000000,7110.527368555732,7112.65644235322,7110.527368555732,7112.65644235322,0.0
2019-01-01T00:00:00.000000000,7112.65644235322,7114.891593729111,7112.65644235322,7114.891593729111,0.0
2019-01-02T00:00:00.000000000,7114.891593729111,7117.069168390012,7114.891593729111,7117.069168390012,0.0
2019-01-03T00:00:00.000000000,7117.069168390012,7119.114874474292,7117.069168390012,7119.114874474292,0.0
2019-01-04T00:00:00.000000000,7119.114874474292,7121.168898747354,7119.114874474292,7121.168898747354,0.0
2019-01-05T00:00:00.000000000,7121.168898747354,7123.130190490614,7121.168898747354,7123.130190490614,0.0
2019-01-06T00:00:00.000000000,7123.130190490614,7125.746790486436,7123.130190490614,7125.746790486436,0.0
2019-01-07T00:00:00.000000000,7125.746790486436,7128.306217186804,7125.746790486436,7128.306217186804,0.0
2019-01-08T00:00:00.000000000,7128.306217186804,7131.073414957247,7128.306217186804,7131.073414957247,0.0
2019-01-09T00:00:00.000000000,7131.073414957247,7133.7166349849595,7131.073414957247,7133.7166349849595,0.0
2019-01-10T00:00:00.000000000,7133.7166349849595,7135.684789212205,7133.7166349849595,7135.684789212205,0.0
2019-01-11T00:00:00.000000000,7135.684789212205,7137.731215968277,7135.684789212205,7137.731215968277,0.0
2019-01-12T00:00:00.000000000,7137.731215968277,7139.835424413018,7137.731215968277,7139.835424413018,0.0
2019-01-13T00:00:00.000000000,7139.835424413018,7141.829012784091,7139.835424413018,7141.829012784091,0.0
2019-01-14T00:00:00.000000000,7141.829012784091,7143.967305610099,7141.829012784091,7143.967305610099,0.0
2019-01-15T00:00:00.000000000,7143.967305610099,7145.868580537684,7143.967305610099,7145.868580537684,0.0
2019-01-16T00:00:00.000000000,7145.868580537684,7147.746239973262,7145.868580537684,7147.746239973262,0.0
2019-01-17T00:00:00.000000000,7147.746239973262,7149.66526666597,7147.746239973262,7149.66526666597,0.0
2019-01-18T00:00:00.000000000,7149.66526666597,7151.535639744179,7149.66526666597,7151.535639744179,0.0
2019-01-19T00:00:00.000000000,7151.535639744179,7153.692339293672,7151.535639744179,7153.692339293672,0.0
2019-01-20T00:00:00.000000000,7153.692339293672,7155.527764577067,7153.692339293672,7155.527764577067,0.0
2019-01-21T00:00:00.000000000,7155.527764577067,7157.412956251393,7155.527764577067,7157.412956251393,0.0
2019-01-22T00:00:00.000000000,7157.412956251393,7159.609065145944,7157.412956251393,7159.609065145944,0.0
2019-01-23T00:00:00.000000000,7159.609065145944,7161.832475142045,7159.609065145944,7161.832475142045,0.0
2019-01-24T00:00:00.000000000,7161.832475142045,7163.97512289717,7161.832475142045,7163.97512289717,0.0
2019-01-25T00:00:00.000000000,7163.97512289717,7166.18878772212,7163.97512289717,7166.18878772212,0.0
2019-01-26T00:00:00.000000000,7166.18878772212,7168.629287474933,7166.18878772212,7168.629287474933,0.0
2019-01-27T00:00:00.000000000,7168.629287474933,7171.454788072011,7168.629287474933,7171.454788072011,0.0
2019-01-28T00:00:00.000000000,7171.454788072011,7174.2010099849595,7171.454788072011,7174.2010099849595,0.0
2019-01-29T00:00:00.000000000,7174.2010099849595,7176.375175816065,7174.2010099849595,7176.375175816065,0.0
2019-01-30T00:00:00.000000000,7176.375175816065,7178.455927612522,7176.375175816065,7178.455927612522,0.0
2019-01-31T00:00:00.000000000,7178.455927612522,7180.567091236352,7178.455927612522,7180.567091236352,0.0
2019-02-01T00:00:00.000000000,7180.567091236352,7181.762002492758,7180.567091236352,7181.762002492758,0.0
2019-02-02T00:00:00.000000000,7181.762002492758,7183.283037753454,7181.762002492758,7183.283037753454,0.0
2019-02-03T00:00:00.000000000,7183.283037753454,7184.448622977245,7183.283037753454,7184.448622977245,0.0
2019-02-04T00:00:00.000000000,7184.448622977245,7185.747649983289,7184.448622977245,7185.747649983289,0.0
2019-02-05T00:00:00.000000000,7185.747649983289,7187.015916140959,7185.747649983289,7187.015916140959,0.0
2019-02-06T00:00:00.000000000,7187.015916140959,7188.508407837567,7187.015916140959,7188.508407837567,0.0
2019-02-07T00:00:00.000000000,7188.508407837567,7190.059248708361,7188.508407837567,7190.059248708361,0.0
2019-02-08T00:00:00.000000000,7190.059248708361,7191.832867681874,7190.059248708361,7191.832867681874,0.0
2019-02-09T00:00:00.000000000,7191.832867681874,7193.369754675663,7191.832867681874,7193.369754675663,0.0
2019-02-10T00:00:00.000000000,7193.369754675663,7195.087648225128,7193.369754675663,7195.087648225128,0.0
2019-02-11T00:00:00.000000000,7195.087648225128,7196.676330457609,7195.087648225128,7196.676330457609,0.0
2019-02-12T00:00:00.000000000,7196.676330457609,7198.063475692124,7196.676330457609,7198.063475692124,0.0
2019-02-13T00:00:00.000000000,7198.063475692124,7199.692371497605,7198.063475692124,7199.692371497605,0.0
2019-02-14T00:00:00.000000000,7199.692371497605,7201.307720762311,7199.692371497605,7201.307720762311,0.0
2019-02-15T00:00:00.000000000,7201.307720762311,7202.762410264177,7201.307720762311,7202.762410264177,0.0
2019-02-16T00:00:00.000000000,7202.762410264177,7204.070605816901,7202.762410264177,7204.070605816901,0.0
2019-02-17T00:00:00.000000000,7204.070605816901,7204.820920022838,7204.070605816901,7204.820920022838,0.0
2019-02-18T00:00:00.000000000,7204.820920022838,7206.071854807264,7204.820920022838,7206.071854807264,0.0
2019-02-19T00:00:00.000000000,7206.071854807264,7207.0846079998055,7206.071854807264,7207.0846079998055,0.0
2019-02-20T00:00:00.000000000,7207.0846079998055,7208.118263285428,7207.0846079998055,7208.118263285428,0.0
2019-02-21T00:00:00.000000000,7208.118263285428,7209.208545270026,7208.118263285428,7209.208545270026,0.0
2019-02-22T00:00:00.000000000,7209.208545270026,7210.321284275429,7209.208545270026,7210.321284275429,0.0
2019-02-23T00:00:00.000000000,7210.321284275429,7211.198123381099,7210.321284275429,7211.198123381099,0.0
2019-02-24T00:00:00.000000000,7211.198123381099,7211.198123381099,7211.065712559882,7211.065712559882,0.0
2019-02-25T00:00:00.000000000,7211.065712559882,7211.065712559882,7210.726026783227,7210.726026783227,0.0
2019-02-26T00:00:00.000000000,7210.726026783227,7210.726026783227,7209.886861056568,7209.886861056568,0.0
2019-02-27T00:00:00.000000000,7209.886861056568,7209.886861056568,7209.29705212163,7209.29705212163,0.0
2019-02-28T00:00:00.000000000,7209.29705212163,7209.29705212163,7208.366848053141,7208.366848053141,0.0
2019-03-01T00:00:00.000000000,7208.366848053141,7208.366848053141,7207.5253040225325,7207.5253040225325,0.0
2019-03-02T00:00:00.000000000,7207.5253040225325,7207.5253040225325,7206.9973092308655,7206.9973092308655,0.0
2019-03-03T00:00:00.000000000,7206.9973092308655,7206.9973092308655,7206.3796186532145,7206.3796186532145,0.0
2019-03-04T00:00:00.000000000,7206.3796186532145,7206.3796186532145,7205.7983302696075,7205.7983302696075,0.0
2019-03-05T00:00:00.000000000,7205.7983302696075,7205.7983302696075,7205.610513887728,7205.610513887728,0.0
2019-03-06T00:00:00.000000000,7205.610513887728,7205.610513887728,7205.260108553364,7205.260108553364,0.0
2019-03-07T00:00:00.000000000,7205.260108553364,7205.260108553364,7204.832237529245,7204.832237529245,0.0
2019-03-08T00:00:00.000000000,7204.832237529245,7204.832237529245,7204.05942365405,7204.05942365405,0.0
2019-03-09T00:00:00.000000000,7204.05942365405,7204.05942365405,7203.331640450925,7203.331640450925,0.0
2019-03-10T00:00:00.000000000,7203.331640450925,7203.331640450925,7202.617201861213,7202.617201861213,0.0
2019-03-11T00:00:00.000000000,7202.617201861213,7202.617201861213,7201.765771223262,7201.765771223262,0.0
2019-03-12T00:00:00.000000000,7201.765771223262,7201.765771223262,7200.92173573975,7200.92173573975,0.0
2019-03-13T00:00:00.000000000,7200.92173573975,7200.92173573975,7199.723335143716,7199.723335143716,0.0
2019-03-14T00:00:00.000000000,7199.723335143716,7199.723335143716,7198.580856241644,7198.580856241644,0.0
2019-03-15T00:00:00.000000000,7198.580856241644,7198.580856241644,7197.257364256072,7197.257364256072,0.0
2019-03-16T00:00:00.000000000,7197.257364256072,7197.257364256072,7195.754184335311,7195.754184335311,0.0
2019-03-17T00:00:00.000000000,7195.754184335311,7195.754184335311,7194.767480207637,7194.767480207637,0.0
2019-03-18T00:00:00.000000000,7194.767480207637,7194.767480207637,7193.786281211704,7193.786281211704,0.0
2019-03-19T00:00:00.000000000,7193.786281211704,7193.786281211704,7193.4919498872,7193.4919498872,0.0
2019-03-20T00:00:00.000000000,7193.4919498872,7193.4919498872,7192.976703065814,7192.976703065814,0.0
2019-03-21T00:00:00.000000000,7192.976703065814,7192.976703065814,7191.964593951928,7191.964593951928,0.0
2019-03-22T00:00:00.000000000,7191.964593951928,7191.964593951928,7190.93801352217,7190.93801352217,0.0
2019-03-23T00:00:00.000000000,7190.93801352217,7190.93801352217,7190.594121215603,7190.594121215603,0.0
2019-03-24T00:00:00.000000000,7190.594121215603,7190.594121215603,7190.230677640375,7190.230677640375,0.0
2019-03-25T00:00:00.000000000,7190.230677640375,7190.230677640375,7189.945705475016,7189.945705475016,0.0
2019-03-26T00:00:00.000000000,7189.945705475016,7189.945705475016,7189.631642713904,7189.631642713904,0.0
2019-03-27T00:00:00.000000000,7189.631642713904,7189.631642713904,7189.55366785386,7189.55366785386,0.0
2019-03-28T00:00:00.000000000,7189.55366785386,7189.886140384776,7189.55366785386,7189.886140384776,0.0
2019-03-29T00:00:00.000000000,7189.886140384776,7191.567824093416,7189.886140384776,7191.567824093416,0.0
2019-03-30T00:00:00.000000000,7191.567824093416,7192.404081021613,7191.567824093416,7192.404081021613,0.0
2019-03-31T00:00:00.000000000,7192.404081021613,7193.260345295789,7192.404081021613,7193.260345295789,0.0
2019-04-01T00:00:00.000000000,7193.260345295789,7194.285841236352,7193.260345295789,7194.285841236352,0.0
2019-04-02T00:00:00.000000000,7194.285841236352,7195.738030146363,7194.285841236352,7195.738030146363,0.0
2019-04-03T00:00:00.000000000,7195.738030146363,7197.606215533088,7195.738030146363,7197.606215533088,0.0
2019-04-04T00:00:00.000000000,7197.606215533088,7199.4187803761415,7197.606215533088,7199.4187803761415,0.0
2019-04-05T00:00:00.000000000,7199.4187803761415,7201.92437950855,7199.4187803761415,7201.92437950855,0.0
2019-04-06T00:00:00.000000000,7201.92437950855,7204.471825910762,7201.92437950855,7204.471825910762,0.0
2019-04-07T00:00:00.000000000,7204.471825910762,7206.97895081328,7204.471825910762,7206.97895081328,0.0
2019-04-08T00:00:00.000000000,7206.97895081328,7209.84335528423,7206.97895081328,7209.84335528423,0.0
2019-04-09T00:00:00.000000000,7209.84335528423,7212.12301380069,7209.84335528423,7212.12301380069,0.0
2019-04-10T00:00:00.000000000,7212.12301380069,7214.675957936442,7212.12301380069,7214.675957936442,0.0
2019-04-11T00:00:00.000000000,7214.675957936442,7216.215740237856,7214.675957936442,7216.215740237856,0.0
2019-04-12T00:00:00.000000000,7216.215740237856,7217.846415963402,7216.215740237856,7217.846415963402,0.0
2019-04-13T00:00:00.000000000,7217.846415963402,7219.51043842608,7217.846415963402,7219.51043842608,0.0
2019-04-14T00:00:00.000000000,7219.51043842608,7220.988178545566,7219.51043842608,7220.988178545566,0.0
2019-04-15T00:00:00.000000000,7220.988178545566,7222.17065299131,7220.988178545566,7222.17065299131,0.0
2019-04-16T00:00:00.000000000,7222.17065299131,7223.643451112689,7222.17065299131,7223.643451112689,0.0
2019-04-17T00:00:00.000000000,7223.643451112689,7225.309151661375,7223.643451112689,7225.309151661375,0.0
2019-04-18T00:00:00.000000000,7225.309151661375,7227.214723638035,7225.309151661375,7227.214723638035,0.0
2019-04-19T00:00:00.000000000,7227.214723638035,7228.953408742758,7227.214723638035,7228.953408742758,0.0
2019-04-20T00:00:00.000000000,7228.953408742758,7230.677252186386,7228.953408742758,7230.677252186386,0.0
2019-04-21T00:00:00.000000000,7230.677252186386,7232.259500160149,7230.677252186386,7232.259500160149,0.0
2019-04-22T00:00:00.000000000,7232.259500160149,7233.665712733958,7232.259500160149,7233.665712733958,0.0
2019-04-23T00:00:00.000000000,7233.665712733958,7235.092347823363,7233.665712733958,7235.092347823363,0.0
2019-04-24T00:00:00.000000000,7235.092347823363,7236.309596423796,7235.092347823363,7236.309596423796,0.0
2019-04-25T00:00:00.000000000,7236.309596423796,7236.994151939895,7236.309596423796,7236.994151939895,0.0
2019-04-26T00:00:00.000000000,7236.994151939895,7236.994151939895,7236.695467427027,7236.695467427027,0.0
2019-04-27T00:00:00.000000000,7236.695467427027,7236.695467427027,7236.020032586898,7236.020032586898,0.0
2019-04-28T00:00:00.000000000,7236.020032586898,7236.020032586898,7235.045610342859,7235.045610342859,0.0
2019-04-29T00:00:00.000000000,7235.045610342859,7235.045610342859,7234.277629233512,7234.277629233512,0.0
2019-04-30T00:00:00.000000000,7234.277629233512,7234.277629233512,7233.609423741087,7233.609423741087,0.0
2019-05-01T00:00:00.000000000,7233.609423741087,7233.609423741087,7233.247904133244,7233.247904133244,0.0
2019-05-02T00:00:00.000000000,7233.247904133244,7233.247904133244,7233.095664828431,7233.095664828431,0.0
2019-05-03T00:00:00.000000000,7233.095664828431,7233.202205882353,7233.095664828431,7233.202205882353,0.0
2019-05-04T00:00:00.000000000,7233.202205882353,7233.202205882353,7232.880846319352,7232.880846319352,0.0
2019-05-05T00:00:00.000000000,7232.880846319352,7232.880846319352,7232.460362181094,7232.460362181094,0.0
2019-05-06T00:00:00.000000000,7232.460362181094,7232.460362181094,7231.9940292168,7231.9940292168,0.0
2019-05-07T00:00:00.000000000,7231.9940292168,7231.9940292168,7231.814317346257,7231.814317346257,0.0
2019-05-08T00:00:00.000000000,7231.814317346257,7232.626826050022,7231.814317346257,7232.626826050022,0.0
2019-05-09T00:00:00.000000000,7232.626826050022,7233.382136217413,7232.626826050022,7233.382136217413,0.0
2019-05-10T00:00:00.000000000,7233.382136217413,7234.2270899481955,7233.382136217413,7234.2270899481955,0.0
2019-05-11T00:00:00.000000000,7234.2270899481955,7236.765185459837,7234.2270899481955,7236.765185459837,0.0
2019-05-12T00:00:00.000000000,7236.765185459837,7238.938593192959,7236.765185459837,7238.938593192959,0.0
2019-05-13T00:00:00.000000000,7238.938593192959,7241.8994932667665,7238.938593192959,7241.8994932667665,0.0
2019-05-14T00:00:00.000000000,7241.8994932667665,7245.221928615196,7241.8994932667665,7245.221928615196,0.0
2019-05-15T00:00:00.000000000,7245.221928615196,7248.317771870822,7245.221928615196,7248.317771870822,0.0
2019-05-16T00:00:00.000000000,7248.317771870822,7250.30992716689,7248.317771870822,7250.30992716689,0.0
2019-05-17T00:00:00.000000000,7250.30992716689,7250.783002938391,7250.30992716689,7250.783002938391,0.0
2019-05-18T00:00:00.000000000,7250.783002938391,7250.896101409314,7250.783002938391,7250.896101409314,0.0
2019-05-19T00:00:00.000000000,7250.896101409314,7252.353747145165,7250.896101409314,7252.353747145165,0.0
2019-05-20T00:00:00.000000000,7252.353747145165,7253.37139228916,7252.353747145165,7253.37139228916,0.0
2019-05-21T00:00:00.000000000,7253.37139228916,7255.047983859737,7253.37139228916,7255.047983859737,0.0
2019-05-22T00:00:00.000000000,7255.047983859737,7256.002861798128,7255.047983859737,7256.002861798128,0.0
2019-05-23T00:00:00.000000000,7256.002861798128,7256.755369352997,7256.002861798128,7256.755369352997,0.0
2019-05-24T00:00:00.000000000,7256.755369352997,7258.259454030192,7256.755369352997,7258.259454030192,0.0
2019-05-25T00:00:00.000000000,7258.259454030192,7260.816323564227,7258.259454030192,7260.816323564227,0.0
2019-05-26T00:00:00.000000000,7260.816323564227,7264.943980823864,7260.816323564227,7264.943980823864,0.0
2019-05-27T00:00:00.000000000,7264.943980823864,7270.034370299966,7264.943980823864,7270.034370299966,0.0
2019-05-28T00:00:00.000000000,7270.034370299966,7273.885478463402,7270.034370299966,7273.885478463402,0.0
2019-05-29T00:00:00.000000000,7273.885478463402,7277.492853338068,7273.885478463402,7277.492853338068,0.0
2019-05-30T00:00:00.000000000,7277.492853338068,7279.282394545176,7277.492853338068,7279.282394545176,0.0
2019-05-31T00:00:00.000000000,7279.282394545176,7280.535178879791,7279.282394545176,7280.535178879791,0.0
2019-06-01T00:00:00.000000000,7280.535178879791,7282.059290051247,7280.535178879791,7282.059290051247,0.0
2019-06-02T00:00:00.000000000,7282.059290051247,7283.757700221424,7282.059290051247,7283.757700221424,0.0
2019-06-03T00:00:00.000000000,7283.757700221424,7284.065195556205,7283.757700221424,7284.065195556205,0.0
2019-06-04T00:00:00.000000000,7284.065195556205,7284.065195556205,7283.186641808712,7283.186641808712,0.0
2019-06-05T00:00:00.000000000,7283.186641808712,7283.186641808712,7282.7463061218805,7282.7463061218805,0.0
2019-06-06T00:00:00.000000000,7282.7463061218805,7282.7463061218805,7281.977096911208,7281.977096911208,0.0
2019-06-07T00:00:00.000000000,7281.977096911208,7281.986332476883,7281.977096911208,7281.986332476883,0.0
2019-06-08T00:00:00.000000000,7281.986332476883,7281.986332476883,7281.452352975992,7281.452352975992,0.0
2019-06-09T00:00:00.000000000,7281.452352975992,7281.452352975992,7279.486501329935,7279.486501329935,0.0
2019-06-10T00:00:00.000000000,7279.486501329935,7279.486501329935,7277.115342301693,7277.115342301693,0.0
2019-06-11T00:00:00.000000000,7277.115342301693,7277.115342301693,7273.7452259845695,7273.7452259845695,0.0
2019-06-12T00:00:00.000000000,7273.7452259845695,7273.7452259845695,7270.335346514316,7270.335346514316,0.0
2019-06-13T00:00:00.000000000,7270.335346514316,7270.335346514316,7267.380468575925,7267.380468575925,0.0
2019-06-14T00:00:00.000000000,7267.380468575925,7267.380468575925,7264.635786576705,7264.635786576705,0.0
2019-06-15T00:00:00.000000000,7264.635786576705,7264.635786576705,7260.826117041277,7260.826117041277,0.0
2019-06-16T00:00:00.000000000,7260.826117041277,7260.826117041277,7257.118253711285,7257.118253711285,0.0
2019-06-17T00:00:00.000000000,7257.118253711285,7257.118253711285,7253.548115286598,7253.548115286598,0.0
2019-06-18T00:00:00.000000000,7253.548115286598,7253.548115286598,7248.957317603888,7248.957317603888,0.0
2019-06-19T00:00:00.000000000,7248.957317603888,7248.957317603888,7244.245769099543,7244.245769099543,0.0
2019-06-20T00:00:00.000000000,7244.245769099543,7244.245769099543,7235.753184707832,7235.753184707832,0.0
2019-06-21T00:00:00.000000000,7235.753184707832,7235.753184707832,7221.929401146112,7221.929401146112,0.0
2019-06-22T00:00:00.000000000,7221.929401146112,7221.929401146112,7211.470026842413,7211.470026842413,0.0
2019-06-23T00:00:00.000000000,7211.470026842413,7211.470026842413,7203.764449121268,7203.764449121268,0.0
2019-06-24T00:00:00.000000000,7203.764449121268,7203.764449121268,7195.8423495641155,7195.8423495641155,0.0
2019-06-25T00:00:00.000000000,7195.8423495641155,7195.8423495641155,7186.66965118789,7186.66965118789,0.0
2019-06-26T00:00:00.000000000,7186.66965118789,7186.66965118789,7178.827995313893,7178.827995313893,0.0
2019-06-27T00:00:00.000000000,7178.827995313893,7178.827995313893,7169.513570040943,7169.513570040943,0.0
2019-06-28T00:00:00.000000000,7169.513570040943,7169.513570040943,7162.104179722315,7162.104179722315,0.0
2019-06-29T00:00:00.000000000,7162.104179722315,7162.104179722315,7151.859029460506,7151.859029460506,0.0
2019-06-30T00:00:00.000000000,7151.859029460506,7151.859029460506,7136.386221764985,7136.386221764985,0.0
2019-07-01T00:00:00.000000000,7136.386221764985,7136.386221764985,7121.1319151417665,7121.1319151417665,0.0
2019-07-02T00:00:00.000000000,7121.1319151417665,7121.1319151417665,7106.314586292614,7106.314586292614,0.0
2019-07-03T00:00:00.000000000,7106.314586292614,7106.314586292614,7095.94840146641,7095.94840146641,0.0
2019-07-04T00:00:00.000000000,7095.94840146641,7095.94840146641,7086.306401271446,7086.306401271446,0.0
2019-07-05T00:00:00.000000000,7086.306401271446,7086.306401271446,7077.706685710506,7077.706685710506,0.0
2019-07-06T00:00:00.000000000,7077.706685710506,7077.706685710506,7073.030662495822,7073.030662495822,0.0
2019-07-07T00:00:00.000000000,7073.030662495822,7073.030662495822,7067.24037102412,7067.24037102412,0.0
2019-07-08T00:00:00.000000000,7067.24037102412,7067.24037102412,7064.31730186748,7064.31730186748,0.0
2019-07-09T00:00:00.000000000,7064.31730186748,7064.31730186748,7061.727663526348,7061.727663526348,0.0
2019-07-10T00:00:00.000000000,7061.727663526348,7061.727663526348,7054.698631245822,7054.698631245822,0.0
2019-07-11T00:00:00.000000000,7054.698631245822,7054.698631245822,7046.713180460394,7046.713180460394,0.0
2019-07-12T00:00:00.000000000,7046.713180460394,7046.713180460394,7041.739002792168,7041.739002792168,0.0
2019-07-13T00:00:00.000000000,7041.739002792168,7041.739002792168,7035.921139531807,7035.921139531807,0.0
2019-07-14T00:00:00.000000000,7035.921139531807,7035.921139531807,7031.115183022783,7031.115183022783,0.0
2019-07-15T00:00:00.000000000,7031.115183022783,7031.115183022783,7025.301795238692,7025.301795238692,0.0
2019-07-16T00:00:00.000000000,7025.301795238692,7025.301795238692,7017.8516016669455,7017.8516016669455,0.0
2019-07-17T00:00:00.000000000,7017.8516016669455,7017.8516016669455,7008.42504752256,7008.42504752256,0.0
2019-07-18T00:00:00.000000000,7008.42504752256,7008.42504752256,7000.342128488469,7000.342128488469,0.0
2019-07-19T00:00:00.000000000,7000.342128488469,7000.342128488469,6991.307426575034,6991.307426575034,0.0
2019-07-20T00:00:00.000000000,6991.307426575034,6991.307426575034,6979.4315614207335,6979.4315614207335,0.0
2019-07-21T00:00:00.000000000,6979.4315614207335,6979.4315614207335,6967.082373307988,6967.082373307988,0.0
2019-07-22T00:00:00.000000000,6967.082373307988,6967.082373307988,6956.147447881852,6956.147447881852,0.0
2019-07-23T00:00:00.000000000,6956.147447881852,6956.147447881852,6946.754699163046,6946.754699163046,0.0
2019-07-24T00:00:00.000000000,6946.754699163046,6946.754699163046,6938.228006454712,6938.228006454712,0.0
2019-07-25T00:00:00.000000000,6938.228006454712,6938.228006454712,6929.205799667168,6929.205799667168,0.0
2019-07-26T00:00:00.000000000,6929.205799667168,6929.205799667168,6922.903667592747,6922.903667592747,0.0
2019-07-27T00:00:00.000000000,6922.903667592747,6922.903667592747,6914.877068885083,6914.877068885083,0.0
2019-07-28T00:00:00.000000000,6914.877068885083,6914.877068885083,6906.307835652016,6906.307835652016,0.0
2019-07-29T00:00:00.000000000,6906.307835652016,6906.307835652016,6898.726989854891,6898.726989854891,0.0
2019-07-30T00:00:00.000000000,6898.726989854891,6898.726989854891,6891.218298274565,6891.218298274565,0.0
2019-07-31T00:00:00.000000000,6891.218298274565,6891.218298274565,6888.714069985238,6888.714069985238,0.0
2019-08-01T00:00:00.000000000,6888.714069985238,6888.714069985238,6887.30777646641,6887.30777646641,0.0
2019-08-02T00:00:00.000000000,6887.30777646641,6887.30777646641,6885.602383265096,6885.602383265096,0.0
2019-08-03T00:00:00.000000000,6885.602383265096,6885.602383265096,6884.201895157921,6884.201895157921,0.0
2019-08-04T00:00:00.000000000,6884.201895157921,6884.201895157921,6880.763364632075,6880.763364632075,0.0
2019-08-05T00:00:00.000000000,6880.763364632075,6881.129770533924,6880.763364632075,6881.129770533924,0.0
2019-08-06T00:00:00.000000000,6881.129770533924,6882.104402538715,6881.129770533924,6882.104402538715,0.0
2019-08-07T00:00:00.000000000,6882.104402538715,6884.0180716285095,6882.104402538715,6884.0180716285095,0.0
2019-08-08T00:00:00.000000000,6884.0180716285095,6885.100080248719,6884.0180716285095,6885.100080248719,0.0
2019-08-09T00:00:00.000000000,6885.100080248719,6886.175902232342,6885.100080248719,6886.175902232342,0.0
2019-08-10T00:00:00.000000000,6886.175902232342,6886.501435250947,6886.175902232342,6886.501435250947,0.0
2019-08-11T00:00:00.000000000,6886.501435250947,6886.649169486686,6886.501435250947,6886.649169486686,0.0
2019-08-12T00:00:00.000000000,6886.649169486686,6886.649169486686,6885.929590888202,6885.929590888202,0.0
2019-08-13T00:00:00.000000000,6885.929590888202,6885.929590888202,6885.215561810662,6885.215561810662,0.0
2019-08-14T00:00:00.000000000,6885.215561810662,6885.215561810662,6885.1182432667665,6885.1182432667665,0.0
2019-08-15T00:00:00.000000000,6885.1182432667665,6885.279466598429,6885.1182432667665,6885.279466598429,0.0
2019-08-16T00:00:00.000000000,6885.279466598429,6887.425275561219,6885.279466598429,6887.425275561219,0.0
2019-08-17T00:00:00.000000000,6887.425275561219,6889.922591319909,6887.425275561219,6889.922591319909,0.0
2019-08-18T00:00:00.000000000,6889.922591319909,6892.009757791611,6889.922591319909,6892.009757791611,0.0
2019-08-19T00:00:00.000000000,6892.009757791611,6896.7139359472485,6892.009757791611,6896.7139359472485,0.0
2019-08-20T00:00:00.000000000,6896.7139359472485,6903.501747716132,6896.7139359472485,6903.501747716132,0.0
2019-08-21T00:00:00.000000000,6903.501747716132,6907.751390861742,6903.501747716132,6907.751390861742,0.0
2019-08-22T00:00:00.000000000,6907.751390861742,6912.225108971145,6907.751390861742,6912.225108971145,0.0
2019-08-23T00:00:00.000000000,6912.225108971145,6916.043959238525,6912.225108971145,6916.043959238525,0.0
2019-08-24T00:00:00.000000000,6916.043959238525,6918.580466312946,6916.043959238525,6918.580466312946,0.0
2019-08-25T00:00:00.000000000,6918.580466312946,6921.28388375947,6918.580466312946,6921.28388375947,0.0
2019-08-26T00:00:00.000000000,6921.28388375947,6925.278268960283,6921.28388375947,6925.278268960283,0.0
2019-08-27T00:00:00.000000000,6925.278268960283,6927.522350399677,6925.278268960283,6927.522350399677,0.0
2019-08-28T00:00:00.000000000,6927.522350399677,6929.583158387645,6927.522350399677,6929.583158387645,0.0
2019-08-29T00:00:00.000000000,6929.583158387645,6929.610912955381,6929.583158387645,6929.610912955381,0.0
2019-08-30T00:00:00.000000000,6929.610912955381,6929.610912955381,6928.598031382297,6928.598031382297,0.0
2019-08-31T00:00:00.000000000,6928.598031382297,6928.598031382297,6927.522743809882,6927.522743809882,0.0
2019-09-01T00:00:00.000000000,6927.522743809882,6927.522743809882,6925.107896230225,6925.107896230225,0.0
2019-09-02T00:00:00.000000000,6925.107896230225,6925.107896230225,6924.742407705269,6924.742407705269,0.0
2019-09-03T00:00:00.000000000,6924.742407705269,6924.742407705269,6923.669752151571,6923.669752151571,0.0
2019-09-04T00:00:00.000000000,6923.669752151571,6923.669752151571,6922.227315375724,6922.227315375724,0.0
2019-09-05T00:00:00.000000000,6922.227315375724,6922.227315375724,6922.022561030804,6922.022561030804,0.0
2019-09-06T00:00:00.000000000,6922.022561030804,6922.643421519886,6922.022561030804,6922.643421519886,0.0
2019-09-07T00:00:00.000000000,6922.643421519886,6923.0287250376,6922.643421519886,6923.0287250376,0.0
2019-09-08T00:00:00.000000000,6923.0287250376,6924.148521926526,6923.0287250376,6924.148521926526,0.0
2019-09-09T00:00:00.000000000,6924.148521926526,6925.343253014985,6924.148521926526,6925.343253014985,0.0
2019-09-10T00:00:00.000000000,6925.343253014985,6925.343253014985,6924.896328577596,6924.896328577596,0.0
2019-09-11T00:00:00.000000000,6924.896328577596,6924.896328577596,6923.9208784188395,6923.9208784188395,0.0
2019-09-12T00:00:00.000000000,6923.9208784188395,6923.942672647894,6923.9208784188395,6923.942672647894,0.0
2019-09-13T00:00:00.000000000,6923.942672647894,6923.942672647894,6922.8901715338125,6922.8901715338125,0.0
2019-09-14T00:00:00.000000000,6922.8901715338125,6922.8901715338125,6921.591862153242,6921.591862153242,0.0
2019-09-15T00:00:00.000000000,6921.591862153242,6921.591862153242,6919.556234159147,6919.556234159147,0.0
2019-09-16T00:00:00.000000000,6919.556234159147,6919.556234159147,6917.353372012868,6917.353372012868,0.0
2019-09-17T00:00:00.000000000,6917.353372012868,6917.353372012868,6914.978991720978,6914.978991720978,0.0
2019-09-18T00:00:00.000000000,6914.978991720978,6914.978991720978,6913.942178274008,6913.942178274008,0.0
2019-09-19T00:00:00.000000000,6913.942178274008,6914.478443383746,6913.942178274008,6914.478443383746,0.0
2019-09-20T00:00:00.000000000,6914.478443383746,6915.880639169731,6914.478443383746,6915.880639169731,0.0
2019-09-21T00:00:00.000000000,6915.880639169731,6917.096623113023,6915.880639169731,6917.096623113023,0.0
2019-09-22T00:00:00.000000000,6917.096623113023,6919.2434904537095,6917.096623113023,6919.2434904537095,0.0
2019-09-23T00:00:00.000000000,6919.2434904537095,6919.512107808322,6919.2434904537095,6919.512107808322,0.0
2019-09-24T00:00:00.000000000,6919.512107808322,6919.512107808322,6918.470122583834,6918.470122583834,0.0
2019-09-25T00:00:00.000000000,6918.470122583834,6918.470122583834,6917.208346388982,6917.208346388982,0.0
2019-09-26T00:00:00.000000000,6917.208346388982,6917.208346388982,6916.939466180648,6916.939466180648,0.0
2019-09-27T00:00:00.000000000,6916.939466180648,6916.939466180648,6916.852096040831,6916.852096040831,0.0
2019-09-28T00:00:00.000000000,6916.852096040831,6916.852096040831,6916.687328535818,6916.687328535818,0.0
2019-09-29T00:00:00.000000000,6916.687328535818,6917.021206724878,6916.687328535818,6917.021206724878,0.0
2019-09-30T00:00:00.000000000,6917.021206724878,6917.14631987383,6917.021206724878,6917.14631987383,0.0
2019-10-01T00:00:00.000000000,6917.14631987383,6917.14631987383,6916.634066712622,6916.634066712622,0.0
2019-10-02T00:00:00.000000000,6916.634066712622,6916.634066712622,6915.706388041723,6915.706388041723,0.0
2019-10-03T00:00:00.000000000,6915.706388041723,6915.706388041723,6914.513361150568,6914.513361150568,0.0
2019-10-04T00:00:00.000000000,6914.513361150568,6914.513361150568,6913.581934638202,6913.581934638202,0.0
2019-10-05T00:00:00.000000000,6913.581934638202,6913.581934638202,6912.284038686497,6912.284038686497,0.0
2019-10-06T00:00:00.000000000,6912.284038686497,6912.284038686497,6911.071981011865,6911.071981011865,0.0
2019-10-07T00:00:00.000000000,6911.071981011865,6911.071981011865,6910.626067952039,6910.626067952039,0.0
2019-10-08T00:00:00.000000000,6910.626067952039,6910.660618419954,6910.626067952039,6910.660618419954,0.0
2019-10-09T00:00:00.000000000,6910.660618419954,6912.020155309993,6910.660618419954,6912.020155309993,0.0
2019-10-10T00:00:00.000000000,6912.020155309993,6913.146703709893,6912.020155309993,6913.146703709893,0.0
2019-10-11T00:00:00.000000000,6913.146703709893,6915.2074107341805,6913.146703709893,6915.2074107341805,0.0
2019-10-12T00:00:00.000000000,6915.2074107341805,6917.785014378621,6915.2074107341805,6917.785014378621,0.0
2019-10-13T00:00:00.000000000,6917.785014378621,6920.1869325144835,6917.785014378621,6920.1869325144835,0.0
2019-10-14T00:00:00.000000000,6920.1869325144835,6922.9150190438395,6920.1869325144835,6922.9150190438395,0.0
2019-10-15T00:00:00.000000000,6922.9150190438395,6924.914251371713,6922.9150190438395,6924.914251371713,0.0
2019-10-16T00:00:00.000000000,6924.914251371713,6925.968470609125,6924.914251371713,6925.968470609125,0.0
2019-10-17T00:00:00.000000000,6925.968470609125,6928.196761676972,6925.968470609125,6928.196761676972,0.0
2019-10-18T00:00:00.000000000,6928.196761676972,6930.267594662155,6928.196761676972,6930.267594662155,0.0
2019-10-19T00:00:00.000000000,6930.267594662155,6932.6780059324865,6930.267594662155,6932.6780059324865,0.0
2019-10-20T00:00:00.000000000,6932.6780059324865,6935.014883439171,6932.6780059324865,6935.014883439171,0.0
2019-10-21T00:00:00.000000000,6935.014883439171,6937.189929220978,6935.014883439171,6937.189929220978,0.0
2019-10-22T00:00:00.000000000,6937.189929220978,6939.52054088681,6937.189929220978,6939.52054088681,0.0
2019-10-23T00:00:00.000000000,6939.52054088681,6940.73250543115,6939.52054088681,6940.73250543115,0.0
2019-10-24T00:00:00.000000000,6940.73250543115,6941.668635458444,6940.73250543115,6941.668635458444,0.0
2019-10-25T00:00:00.000000000,6941.668635458444,6943.043769496435,6941.668635458444,6943.043769496435,0.0
2019-10-26T00:00:00.000000000,6943.043769496435,6945.44842670733,6943.043769496435,6945.44842670733,0.0
2019-10-27T00:00:00.000000000,6945.44842670733,6948.23893403242,6945.44842670733,6948.23893403242,0.0
2019-10-28T00:00:00.000000000,6948.23893403242,6949.891408338904,6948.23893403242,6949.891408338904,0.0
2019-10-29T00:00:00.000000000,6949.891408338904,6952.331724877451,6949.891408338904,6952.331724877451,0.0
2019-10-30T00:00:00.000000000,6952.331724877451,6954.655497994652,6952.331724877451,6954.655497994652,0.0
2019-10-31T00:00:00.000000000,6954.655497994652,6956.50249449922,6954.655497994652,6956.50249449922,0.0
2019-11-01T00:00:00.000000000,6956.50249449922,6958.22583660595,6956.50249449922,6958.22583660595,0.0
2019-11-02T00:00:00.000000000,6958.22583660595,6959.079468861408,6958.22583660595,6959.079468861408,0.0
2019-11-03T00:00:00.000000000,6959.079468861408,6959.6851273534985,6959.079468861408,6959.6851273534985,0.0
2019-11-04T00:00:00.000000000,6959.6851273534985,6960.772742939505,6959.6851273534985,6960.772742939505,0.0
2019-11-05T00:00:00.000000000,6960.772742939505,6961.506517379679,6960.772742939505,6961.506517379679,0.0
2019-11-06T00:00:00.000000000,6961.506517379679,6961.506517379679,6960.906481520165,6960.906481520165,0.0
2019-11-07T00:00:00.000000000,6960.906481520165,6961.658391126337,6960.906481520165,6961.658391126337,0.0
2019-11-08T00:00:00.000000000,6961.658391126337,6961.658391126337,6960.808785232844,6960.808785232844,0.0
2019-11-09T00:00:00.000000000,6960.808785232844,6960.808785232844,6960.499573515486,6960.499573515486,0.0
2019-11-10T00:00:00.000000000,6960.499573515486,6960.499573515486,6959.977373690954,6959.977373690954,0.0
2019-11-11T00:00:00.000000000,6959.977373690954,6959.977373690954,6958.798600086341,6958.798600086341,0.0
2019-11-12T00:00:00.000000000,6958.798600086341,6958.798600086341,6958.041224515375,6958.041224515375,0.0
2019-11-13T00:00:00.000000000,6958.041224515375,6958.041224515375,6957.487308169007,6957.487308169007,0.0
2019-11-14T00:00:00.000000000,6957.487308169007,6957.487308169007,6956.546443293227,6956.546443293227,0.0
2019-11-15T00:00:00.000000000,6956.546443293227,6956.546443293227,6954.314949239639,6954.314949239639,0.0
2019-11-16T00:00:00.000000000,6954.314949239639,6954.314949239639,6952.265040106952,6952.265040106952,0.0
2019-11-17T00:00:00.000000000,6952.265040106952,6952.265040106952,6949.983088583444,6949.983088583444,0.0
2019-11-18T00:00:00.000000000,6949.983088583444,6949.983088583444,6947.584668490976,6947.584668490976,0.0
2019-11-19T00:00:00.000000000,6947.584668490976,6947.584668490976,6945.504696551916,6945.504696551916,0.0
2019-11-20T00:00:00.000000000,6945.504696551916,6945.504696551916,6943.352197004512,6943.352197004512,0.0
2019-11-21T00:00:00.000000000,6943.352197004512,6943.352197004512,6940.353213604334,6940.353213604334,0.0
2019-11-22T00:00:00.000000000,6940.353213604334,6940.353213604334,6937.238484918115,6937.238484918115,0.0
2019-11-23T00:00:00.000000000,6937.238484918115,6937.238484918115,6935.37806894775,6935.37806894775,0.0
2019-11-24T00:00:00.000000000,6935.37806894775,6935.37806894775,6932.780969738747,6932.780969738747,0.0
2019-11-25T00:00:00.000000000,6932.780969738747,6932.780969738747,6929.968480183266,6929.968480183266,0.0
2019-11-26T00:00:00.000000000,6929.968480183266,6929.968480183266,6927.297501671123,6927.297501671123,0.0
2019-11-27T00:00:00.000000000,6927.297501671123,6927.297501671123,6925.552909320689,6925.552909320689,0.0
2019-11-28T00:00:00.000000000,6925.552909320689,6925.552909320689,6923.938427821413,6923.938427821413,0.0
2019-11-29T00:00:00.000000000,6923.938427821413,6923.938427821413,6923.344709154969,6923.344709154969,0.0
2019-11-30T00:00:00.000000000,6923.344709154969,6923.344709154969,6922.130199629568,6922.130199629568,0.0
2019-12-01T00:00:00.000000000,6922.130199629568,6922.130199629568,6920.663377513648,6920.663377513648,0.0
2019-12-02T00:00:00.000000000,6920.663377513648,6920.663377513648,6918.539916339405,6918.539916339405,0.0
2019-12-03T00:00:00.000000000,6918.539916339405,6918.539916339405,6916.58119133662,6916.58119133662,0.0
2019-12-04T00:00:00.000000000,6916.58119133662,6916.58119133662,6915.17344602969,6915.17344602969,0.0
2019-12-05T00:00:00.000000000,6915.17344602969,6915.17344602969,6914.978237104501,6914.978237104501,0.0
2019-12-06T00:00:00.000000000,6914.978237104501,6914.978237104501,6914.906323982008,6914.906323982008,0.0
2019-12-07T00:00:00.000000000,6914.906323982008,6915.041970428086,6914.906323982008,6915.041970428086,0.0
2019-12-08T00:00:00.000000000,6915.041970428086,6915.413566385361,6915.041970428086,6915.413566385361,0.0
2019-12-09T00:00:00.000000000,6915.413566385361,6915.471818077373,6915.413566385361,6915.471818077373,0.0
2019-12-10T00:00:00.000000000,6915.471818077373,6915.725168156751,6915.471818077373,6915.725168156751,0.0
2019-12-11T00:00:00.000000000,6915.725168156751,6915.725168156751,6915.270332866811,6915.270332866811,0.0
2019-12-12T00:00:00.000000000,6915.270332866811,6915.270332866811,6914.979092684659,6914.979092684659,0.0
2019-12-13T00:00:00.000000000,6914.979092684659,6914.979092684659,6914.578940542837,6914.578940542837,0.0
2019-12-14T00:00:00.000000000,6914.578940542837,6914.578940542837,6913.83602366728,6913.83602366728,0.0
2019-12-15T00:00:00.000000000,6913.83602366728,6913.83602366728,6912.960536256406,6912.960536256406,0.0
2019-12-16T00:00:00.000000000,6912.960536256406,6912.960536256406,6911.556312493037,6911.556312493037,0.0
2019-12-17T00:00:00.000000000,6911.556312493037,6911.556312493037,6909.998460303866,6909.998460303866,0.0
2019-12-18T00:00:00.000000000,6909.998460303866,6909.998460303866,6909.36217326064,6909.36217326064,0.0
2019-12-19T00:00:00.000000000,6909.36217326064,6909.36217326064,6908.558009727329,6908.558009727329,0.0
2019-12-20T00:00:00.000000000,6908.558009727329,6908.558009727329,6907.739072422292,6907.739072422292,0.0
2019-12-21T00:00:00.000000000,6907.739072422292,6907.739072422292,6906.965879498106,6906.965879498106,0.0
2019-12-22T00:00:00.000000000,6906.965879498106,6906.965879498106,6906.929531702596,6906.929531702596,0.0
2019-12-23T00:00:00.000000000,6906.929531702596,6907.944876441344,6906.929531702596,6907.944876441344,0.0
2019-12-24T00:00:00.000000000,6907.944876441344,6908.685718339182,6907.944876441344,6908.685718339182,0.0
2019-12-25T00:00:00.000000000,6908.685718339182,6909.920648639428,6908.685718339182,6909.920648639428,0.0
2019-12-26T00:00:00.000000000,6909.920648639428,6911.505438112745,6909.920648639428,6911.505438112745,0.0
2019-12-27T00:00:00.000000000,6911.505438112745,6912.601228275401,6911.505438112745,6912.601228275401,0.0
2019-12-28T00:00:00.000000000,6912.601228275401,6914.13671875,6912.601228275401,6914.13671875,0.0
2019-12-29T00:00:00.000000000,6914.13671875,6915.691964161375,6914.13671875,6915.691964161375,0.0
2019-12-30T00:00:00.000000000,6915.691964161375,6917.106803907643,6915.691964161375,6917.106803907643,0.0
2019-12-31T00:00:00.000000000,6917.106803907643,6917.9245923156195,6917.106803907643,6917.9245923156195,0.0
2020-01-01T00:00:00.000000000,6917.9245923156195,6918.691498509916,6917.9245923156195,6918.691498509916,0.0
2020-01-02T00:00:00.000000000,6918.691498509916,6919.063905658144,6918.691498509916,6919.063905658144,0.0
2020-01-03T00:00:00.000000000,6919.063905658144,6920.160419103721,6919.063905658144,6920.160419103721,0.0
2020-01-04T00:00:00.000000000,6920.160419103721,6922.525778812946,6920.160419103721,6922.525778812946,0.0
2020-01-05T00:00:00.000000000,6922.525778812946,6924.751870439227,6922.525778812946,6924.751870439227,0.0
2020-01-06T00:00:00.000000000,6924.751870439227,6927.596771077039,6924.751870439227,6927.596771077039,0.0
2020-01-07T00:00:00.000000000,6927.596771077039,6931.009448807932,6927.596771077039,6931.009448807932,0.0
2020-01-08T00:00:00.000000000,6931.009448807932,6934.549899558545,6931.009448807932,6934.549899558545,0.0
2020-01-09T00:00:00.000000000,6934.549899558545,6937.619313829935,6934.549899558545,6937.619313829935,0.0
2020-01-10T00:00:00.000000000,6937.619313829935,6941.653385590742,6937.619313829935,6941.653385590742,0.0
2020-01-11T00:00:00.000000000,6941.653385590742,6944.89623370655,6941.653385590742,6944.89623370655,0.0
2020-01-12T00:00:00.000000000,6944.89623370655,6948.08428030303,6944.89623370655,6948.08428030303,0.0
2020-01-13T00:00:00.000000000,6948.08428030303,6951.218637721424,6948.08428030303,6951.218637721424,0.0
2020-01-14T00:00:00.000000000,6951.218637721424,6955.164421095143,6951.218637721424,6955.164421095143,0.0
2020-01-15T00:00:00.000000000,6955.164421095143,6959.223994889149,6955.164421095143,6959.223994889149,0.0
2020-01-16T00:00:00.000000000,6959.223994889149,6963.014077470477,6959.223994889149,6963.014077470477,0.0
2020-01-17T00:00:00.000000000,6963.014077470477,6967.095891996713,6963.014077470477,6967.095891996713,0.0
2020-01-18T00:00:00.000000000,6967.095891996713,6971.141005354557,6967.095891996713,6971.141005354557,0.0
2020-01-19T00:00:00.000000000,6971.141005354557,6974.43746692569,6971.141005354557,6974.43746692569,0.0
2020-01-20T00:00:00.000000000,6974.43746692569,6977.795332692736,6974.43746692569,6977.795332692736,0.0
2020-01-21T00:00:00.000000000,6977.795332692736,6981.367782837567,6977.795332692736,6981.367782837567,0.0
2020-01-22T00:00:00.000000000,6981.367782837567,6985.5583813781195,6981.367782837567,6985.5583813781195,0.0
2020-01-23T00:00:00.000000000,6985.5583813781195,6989.144487731172,6985.5583813781195,6989.144487731172,0.0
2020-01-24T00:00:00.000000000,6989.144487731172,6993.095690069352,6989.144487731172,6993.095690069352,0.0
2020-01-25T00:00:00.000000000,6993.095690069352,6996.892121177306,6993.095690069352,6996.892121177306,0.0
2020-01-26T00:00:00.000000000,6996.892121177306,7001.028859075591,6996.892121177306,7001.028859075591,0.0
2020-01-27T00:00:00.000000000,7001.028859075591,7005.574633049242,7001.028859075591,7005.574633049242,0.0
2020-01-28T00:00:00.000000000,7005.574633049242,7010.239231701204,7005.574633049242,7010.239231701204,0.0
2020-01-29T00:00:00.000000000,7010.239231701204,7013.796432848708,7010.239231701204,7013.796432848708,0.0
2020-01-30T00:00:00.000000000,7013.796432848708,7017.607864896669,7013.796432848708,7017.607864896669,0.0
2020-01-31T00:00:00.000000000,7017.607864896669,7020.965564421792,7017.607864896669,7020.965564421792,0.0
2020-02-01T00:00:00.000000000,7020.965564421792,7024.599691190397,7020.965564421792,7024.599691190397,0.0
2020-02-02T00:00:00.000000000,7024.599691190397,7028.031197777406,7024.599691190397,7028.031197777406,0.0
2020-02-03T00:00:00.000000000,7028.031197777406,7031.373499470811,7028.031197777406,7031.373499470811,0.0
2020-02-04T00:00:00.000000000,7031.373499470811,7033.9935583430815,7031.373499470811,7033.9935583430815,0.0
2020-02-05T00:00:00.000000000,7033.9935583430815,7036.113262972092,7033.9935583430815,7036.113262972092,0.0
2020-02-06T00:00:00.000000000,7036.113262972092,7038.873354988302,7036.113262972092,7038.873354988302,0.0
2020-02-07T00:00:00.000000000,7038.873354988302,7042.160990070744,7038.873354988302,7042.160990070744,0.0
2020-02-08T00:00:00.000000000,7042.160990070744,7045.191488065397,7042.160990070744,7045.191488065397,0.0
2020-02-09T00:00:00.000000000,7045.191488065397,7048.622011126894,7045.191488065397,7048.622011126894,0.0
2020-02-10T00:00:00.000000000,7048.622011126894,7051.542067039884,7048.622011126894,7051.542067039884,0.0
2020-02-11T00:00:00.000000000,7051.542067039884,7055.156605984013,7051.542067039884,7055.156605984013,0.0
2020-02-12T00:00:00.000000000,7055.156605984013,7059.694243677584,7055.156605984013,7059.694243677584,0.0
2020-02-13T00:00:00.000000000,7059.694243677584,7064.310054241867,7059.694243677584,7064.310054241867,0.0
2020-02-14T00:00:00.000000000,7064.310054241867,7069.203042314227,7064.310054241867,7069.203042314227,0.0
2020-02-15T00:00:00.000000000,7069.203042314227,7073.579218192959,7069.203042314227,7073.579218192959,0.0
2020-02-16T00:00:00.000000000,7073.579218192959,7078.7513812876,7073.579218192959,7078.7513812876,0.0
2020-02-17T00:00:00.000000000,7078.7513812876,7083.424576648841,7078.7513812876,7083.424576648841,0.0
2020-02-18T00:00:00.000000000,7083.424576648841,7089.111201050022,7083.424576648841,7089.111201050022,0.0
2020-02-19T00:00:00.000000000,7089.111201050022,7094.245366115196,7089.111201050022,7094.245366115196,0.0
2020-02-20T00:00:00.000000000,7094.245366115196,7100.13248871992,7094.245366115196,7100.13248871992,0.0
2020-02-21T00:00:00.000000000,7100.13248871992,7105.690797856785,7100.13248871992,7105.690797856785,0.0
2020-02-22T00:00:00.000000000,7105.690797856785,7111.891282134303,7105.690797856785,7111.891282134303,0.0
2020-02-23T00:00:00.000000000,7111.891282134303,7118.3597057430925,7111.891282134303,7118.3597057430925,0.0
2020-02-24T00:00:00.000000000,7118.3597057430925,7124.291051310439,7118.3597057430925,7124.291051310439,0.0
2020-02-25T00:00:00.000000000,7124.291051310439,7129.717317360182,7124.291051310439,7129.717317360182,0.0
2020-02-26T00:00:00.000000000,7129.717317360182,7134.388997395833,7129.717317360182,7134.388997395833,0.0
2020-02-27T00:00:00.000000000,7134.388997395833,7138.802498502952,7134.388997395833,7138.802498502952,0.0
2020-02-28T00:00:00.000000000,7138.802498502952,7142.969566413213,7138.802498502952,7142.969566413213,0.0
2020-02-29T00:00:00.000000000,7142.969566413213,7146.56828104111,7142.969566413213,7146.56828104111,0.0
2020-03-01T00:00:00.000000000,7146.56828104111,7150.380570409982,7146.56828104111,7150.380570409982,0.0
2020-03-02T00:00:00.000000000,7150.380570409982,7154.593761314895,7150.380570409982,7154.593761314895,0.0
2020-03-03T00:00:00.000000000,7154.593761314895,7159.013113093249,7154.593761314895,7159.013113093249,0.0
2020-03-04T00:00:00.000000000,7159.013113093249,7163.053195674576,7159.013113093249,7163.053195674576,0.0
2020-03-05T00:00:00.000000000,7163.053195674576,7167.869688962232,7163.053195674576,7167.869688962232,0.0
2020-03-06T00:00:00.000000000,7167.869688962232,7172.482284355504,7167.869688962232,7172.482284355504,0.0
2020-03-07T00:00:00.000000000,7172.482284355504,7176.386017226493,7172.482284355504,7176.386017226493,0.0
2020-03-08T00:00:00.000000000,7176.386017226493,7178.7833902559605,7176.386017226493,7178.7833902559605,0.0
2020-03-09T00:00:00.000000000,7178.7833902559605,7180.951634044954,7178.7833902559605,7180.951634044954,0.0
2020-03-10T00:00:00.000000000,7180.951634044954,7182.7788877980165,7180.951634044954,7182.7788877980165,0.0
2020-03-11T00:00:00.000000000,7182.7788877980165,7184.231918797348,7182.7788877980165,7184.231918797348,0.0
2020-03-12T00:00:00.000000000,7184.231918797348,7184.231918797348,7180.530720811052,7180.530720811052,0.0
2020-03-13T00:00:00.000000000,7180.530720811052,7180.530720811052,7178.009289529022,7178.009289529022,0.0
2020-03-14T00:00:00.000000000,7178.009289529022,7178.009289529022,7174.734398500167,7174.734398500167,0.0
2020-03-15T00:00:00.000000000,7174.734398500167,7174.734398500167,7171.524175579322,7171.524175579322,0.0
2020-03-16T00:00:00.000000000,7171.524175579322,7171.524175579322,7167.498791917335,7167.498791917335,0.0
2020-03-17T00:00:00.000000000,7167.498791917335,7167.498791917335,7163.872355796012,7163.872355796012,0.0
2020-03-18T00:00:00.000000000,7163.872355796012,7163.872355796012,7160.087646919564,7160.087646919564,0.0
2020-03-19T00:00:00.000000000,7160.087646919564,7160.087646919564,7159.015209830381,7159.015209830381,0.0
2020-03-20T00:00:00.000000000,7159.015209830381,7159.015209830381,7158.426276494262,7158.426276494262,0.0
2020-03-21T00:00:00.000000000,7158.426276494262,7158.426276494262,7157.923596604835,7157.923596604835,0.0
2020-03-22T00:00:00.000000000,7157.923596604835,7157.923596604835,7157.218204273897,7157.218204273897,0.0
2020-03-23T00:00:00.000000000,7157.218204273897,7157.424006552194,7157.218204273897,7157.424006552194,0.0
2020-03-24T00:00:00.000000000,7157.424006552194,7158.146116205715,7157.424006552194,7158.146116205715,0.0
2020-03-25T00:00:00.000000000,7158.146116205715,7158.787582859848,7158.146116205715,7158.787582859848,0.0
2020-03-26T00:00:00.000000000,7158.787582859848,7159.437566148618,7158.787582859848,7159.437566148618,0.0
2020-03-27T00:00:00.000000000,7159.437566148618,7159.437566148618,7159.352875027852,7159.352875027852,0.0
2020-03-28T00:00:00.000000000,7159.352875027852,7159.352875027852,7158.870671617368,7158.870671617368,0.0
2020-03-29T00:00:00.000000000,7158.870671617368,7158.870671617368,7157.763439484458,7157.763439484458,0.0
2020-03-30T00:00:00.000000000,7157.763439484458,7157.763439484458,7157.607756099599,7157.607756099599,0.0
2020-03-31T00:00:00.000000000,7157.607756099599,7157.888405539773,7157.607756099599,7157.888405539773,0.0
2020-04-01T00:00:00.000000000,7157.888405539773,7158.308149857955,7157.888405539773,7158.308149857955,0.0
2020-04-02T00:00:00.000000000,7158.308149857955,7159.012400254846,7158.308149857955,7159.012400254846,0.0
2020-04-03T00:00:00.000000000,7159.012400254846,7159.393357982398,7159.012400254846,7159.393357982398,0.0
2020-04-04T00:00:00.000000000,7159.393357982398,7159.629680885138,7159.393357982398,7159.629680885138,0.0
2020-04-05T00:00:00.000000000,7159.629680885138,7159.752941872772,7159.629680885138,7159.752941872772,0.0
2020-04-06T00:00:00.000000000,7159.752941872772,7160.753211689505,7159.752941872772,7160.753211689505,0.0
2020-04-07T00:00:00.000000000,7160.753211689505,7161.78887014678,7160.753211689505,7161.78887014678,0.0
2020-04-08T00:00:00.000000000,7161.78887014678,7163.371095490753,7161.78887014678,7163.371095490753,0.0
2020-04-09T00:00:00.000000000,7163.371095490753,7164.8097574434605,7163.371095490753,7164.8097574434605,0.0
2020-04-10T00:00:00.000000000,7164.8097574434605,7165.146198021112,7164.8097574434605,7165.146198021112,0.0
2020-04-11T00:00:00.000000000,7165.146198021112,7165.529358671736,7165.146198021112,7165.529358671736,0.0
2020-04-12T00:00:00.000000000,7165.529358671736,7166.187347684102,7165.529358671736,7166.187347684102,0.0
2020-04-13T00:00:00.000000000,7166.187347684102,7166.578573243928,7166.187347684102,7166.578573243928,0.0
2020-04-14T00:00:00.000000000,7166.578573243928,7167.02921070772,7166.578573243928,7167.02921070772,0.0
2020-04-15T00:00:00.000000000,7167.02921070772,7167.182525797961,7167.02921070772,7167.182525797961,0.0
2020-04-16T00:00:00.000000000,7167.182525797961,7168.277382046569,7167.182525797961,7168.277382046569,0.0
2020-04-17T00:00:00.000000000,7168.277382046569,7169.203397427863,7168.277382046569,7169.203397427863,0.0
2020-04-18T00:00:00.000000000,7169.203397427863,7170.335634608958,7169.203397427863,7170.335634608958,0.0
2020-04-19T00:00:00.000000000,7170.335634608958,7171.40714039522,7170.335634608958,7171.40714039522,0.0
2020-04-20T00:00:00.000000000,7171.40714039522,7171.90448139483,7171.40714039522,7171.90448139483,0.0
2020-04-21T00:00:00.000000000,7171.90448139483,7172.311064749053,7171.90448139483,7172.311064749053,0.0
2020-04-22T00:00:00.000000000,7172.311064749053,7173.156995912712,7172.311064749053,7173.156995912712,0.0
2020-04-23T00:00:00.000000000,7173.156995912712,7174.661799520944,7173.156995912712,7174.661799520944,0.0
2020-04-24T00:00:00.000000000,7174.661799520944,7176.969572505849,7174.661799520944,7176.969572505849,0.0
2020-04-25T00:00:00.000000000,7176.969572505849,7179.278584906974,7176.969572505849,7179.278584906974,0.0
2020-04-26T00:00:00.000000000,7179.278584906974,7181.763214056929,7179.278584906974,7181.763214056929,0.0
2020-04-27T00:00:00.000000000,7181.763214056929,7184.4453368705435,7181.763214056929,7184.4453368705435,0.0
2020-04-28T00:00:00.000000000,7184.4453368705435,7186.603123955548,7184.4453368705435,7186.603123955548,0.0
2020-04-29T00:00:00.000000000,7186.603123955548,7190.533477293617,7186.603123955548,7190.533477293617,0.0
2020-04-30T00:00:00.000000000,7190.533477293617,7194.301968443628,7190.533477293617,7194.301968443628,0.0
2020-05-01T00:00:00.000000000,7194.301968443628,7198.558753899287,7194.301968443628,7198.558753899287,0.0
2020-05-02T00:00:00.000000000,7198.558753899287,7203.056412586341,7198.558753899287,7203.056412586341,0.0
2020-05-03T00:00:00.000000000,7203.056412586341,7207.3492446872215,7203.056412586341,7207.3492446872215,0.0
2020-05-04T00:00:00.000000000,7207.3492446872215,7211.681337733958,7207.3492446872215,7211.681337733958,0.0
2020-05-05T00:00:00.000000000,7211.681337733958,7216.166026069519,7211.681337733958,7216.166026069519,0.0
2020-05-06T00:00:00.000000000,7216.166026069519,7221.144673991756,7216.166026069519,7221.144673991756,0.0
2020-05-07T00:00:00.000000000,7221.144673991756,7227.304529091466,7221.144673991756,7227.304529091466,0.0
2020-05-08T00:00:00.000000000,7227.304529091466,7233.305199281417,7227.304529091466,7233.305199281417,0.0
2020-05-09T00:00:00.000000000,7233.305199281417,7238.865175189394,7233.305199281417,7238.865175189394,0.0
2020-05-10T00:00:00.000000000,7238.865175189394,7242.922306706773,7238.865175189394,7242.922306706773,0.0
2020-05-11T00:00:00.000000000,7242.922306706773,7246.6930834656305,7242.922306706773,7246.6930834656305,0.0
2020-05-12T00:00:00.000000000,7246.6930834656305,7251.099229020443,7246.6930834656305,7251.099229020443,0.0
2020-05-13T00:00:00.000000000,7251.099229020443,7256.332236658868,7251.099229020443,7256.332236658868,0.0
2020-05-14T00:00:00.000000000,7256.332236658868,7262.421562534815,7256.332236658868,7262.421562534815,0.0
2020-05-15T00:00:00.000000000,7262.421562534815,7267.680773729947,7262.421562534815,7267.680773729947,0.0
2020-05-16T00:00:00.000000000,7267.680773729947,7273.0079996309605,7267.680773729947,7273.0079996309605,0.0
2020-05-17T00:00:00.000000000,7273.0079996309605,7278.907250062667,7273.0079996309605,7278.907250062667,0.0
2020-05-18T00:00:00.000000000,7278.907250062667,7284.879523346981,7278.907250062667,7284.879523346981,0.0
2020-05-19T00:00:00.000000000,7284.879523346981,7290.778592740363,7284.879523346981,7290.778592740363,0.0
2020-05-20T00:00:00.000000000,7290.778592740363,7296.236652775457,7290.778592740363,7296.236652775457,0.0
2020-05-21T00:00:00.000000000,7296.236652775457,7300.784997841466,7296.236652775457,7300.784997841466,0.0
2020-05-22T00:00:00.000000000,7300.784997841466,7305.649270450368,7300.784997841466,7305.649270450368,0.0
2020-05-23T00:00:00.000000000,7305.649270450368,7310.682544946246,7305.649270450368,7310.682544946246,0.0
2020-05-24T00:00:00.000000000,7310.682544946246,7314.927015443962,7310.682544946246,7314.927015443962,0.0
2020-05-25T00:00:00.000000000,7314.927015443962,7319.375615356228,7314.927015443962,7319.375615356228,0.0
2020-05-26T00:00:00.000000000,7319.375615356228,7323.767384901404,7319.375615356228,7323.767384901404,0.0
2020-05-27T00:00:00.000000000,7323.767384901404,7328.796845407197,7323.767384901404,7328.796845407197,0.0
2020-05-28T00:00:00.000000000,7328.796845407197,7335.548005619151,7328.796845407197,7335.548005619151,0.0
2020-05-29T00:00:00.000000000,7335.548005619151,7342.305749359402,7335.548005619151,7342.305749359402,0.0
2020-05-30T00:00:00.000000000,7342.305749359402,7349.65844857119,7342.305749359402,7349.65844857119,0.0
2020-05-31T00:00:00.000000000,7349.65844857119,7356.622314017936,7349.65844857119,7356.622314017936,0.0
2020-06-01T00:00:00.000000000,7356.622314017936,7364.72165183545,7356.622314017936,7364.72165183545,0.0
2020-06-02T00:00:00.000000000,7364.72165183545,7373.025240920232,7364.72165183545,7373.025240920232,0.0
2020-06-03T00:00:00.000000000,7373.025240920232,7382.303044229056,7373.025240920232,7382.303044229056,0.0
2020-06-04T00:00:00.000000000,7382.303044229056,7391.569473456996,7382.303044229056,7391.569473456996,0.0
2020-06-05T00:00:00.000000000,7391.569473456996,7401.016163763091,7391.569473456996,7401.016163763091,0.0
2020-06-06T00:00:00.000000000,7401.016163763091,7410.47529000947,7401.016163763091,7410.47529000947,0.0
2020-06-07T00:00:00.000000000,7410.47529000947,7420.953173305899,7410.47529000947,7420.953173305899,0.0
2020-06-08T00:00:00.000000000,7420.953173305899,7431.223261161709,7420.953173305899,7431.223261161709,0.0
2020-06-09T00:00:00.000000000,7431.223261161709,7441.947985426415,7431.223261161709,7441.947985426415,0.0
2020-06-10T00:00:00.000000000,7441.947985426415,7452.73118463472,7441.947985426415,7452.73118463472,0.0
2020-06-11T00:00:00.000000000,7452.73118463472,7461.758566681289,7452.73118463472,7461.758566681289,0.0
2020-06-12T00:00:00.000000000,7461.758566681289,7471.031288731757,7461.758566681289,7471.031288731757,0.0
2020-06-13T00:00:00.000000000,7471.031288731757,7480.760359657002,7471.031288731757,7480.760359657002,0.0
2020-06-14T00:00:00.000000000,7480.760359657002,7489.979818143522,7480.760359657002,7489.979818143522,0.0
2020-06-15T00:00:00.000000000,7489.979818143522,7499.4465279808655,7489.979818143522,7499.4465279808655,0.0
2020-06-16T00:00:00.000000000,7499.4465279808655,7509.506944299382,7499.4465279808655,7509.506944299382,0.0
2020-06-17T00:00:00.000000000,7509.506944299382,7519.352507728944,7509.506944299382,7519.352507728944,0.0
2020-06-18T00:00:00.000000000,7519.352507728944,7529.437794622466,7519.352507728944,7529.437794622466,0.0
2020-06-19T00:00:00.000000000,7529.437794622466,7539.717503620766,7529.437794622466,7539.717503620766,0.0
2020-06-20T00:00:00.000000000,7539.717503620766,7550.25654740767,7539.717503620766,7550.25654740767,0.0
2020-06-21T00:00:00.000000000,7550.25654740767,7560.644274924103,7550.25654740767,7560.644274924103,0.0
2020-06-22T00:00:00.000000000,7560.644274924103,7571.400929823279,7560.644274924103,7571.400929823279,0.0
2020-06-23T00:00:00.000000000,7571.400929823279,7582.322502367424,7571.400929823279,7582.322502367424,0.0
2020-06-24T00:00:00.000000000,7582.322502367424,7592.819868172766,7582.322502367424,7592.819868172766,0.0
2020-06-25T00:00:00.000000000,7592.819868172766,7603.119089707971,7592.819868172766,7603.119089707971,0.0
2020-06-26T00:00:00.000000000,7603.119089707971,7613.545543759052,7603.119089707971,7613.545543759052,0.0
2020-06-27T00:00:00.000000000,7613.545543759052,7623.889404296875,7613.545543759052,7623.889404296875,0.0
2020-06-28T00:00:00.000000000,7623.889404296875,7634.418495763007,7623.889404296875,7634.418495763007,0.0
2020-06-29T00:00:00.000000000,7634.418495763007,7645.003193411598,7634.418495763007,7645.003193411598,0.0
2020-06-30T00:00:00.000000000,7645.003193411598,7654.971336759136,7645.003193411598,7654.971336759136,0.0
2020-07-01T00:00:00.000000000,7654.971336759136,7664.832773681205,7654.971336759136,7664.832773681205,0.0
2020-07-02T00:00:00.000000000,7664.832773681205,7674.418262937277,7664.832773681205,7674.418262937277,0.0
2020-07-03T00:00:00.000000000,7674.418262937277,7683.246894496435,7674.418262937277,7683.246894496435,0.0
2020-07-04T00:00:00.000000000,7683.246894496435,7692.580129042029,7683.246894496435,7692.580129042029,0.0
2020-07-05T00:00:00.000000000,7692.580129042029,7701.599308659898,7692.580129042029,7701.599308659898,0.0
2020-07-06T00:00:00.000000000,7701.599308659898,7711.1830776167,7701.599308659898,7711.1830776167,0.0
2020-07-07T00:00:00.000000000,7711.1830776167,7720.405320437834,7711.1830776167,7720.405320437834,0.0
2020-07-08T00:00:00.000000000,7720.405320437834,7730.410386899788,7720.405320437834,7730.410386899788,0.0
2020-07-09T00:00:00.000000000,7730.410386899788,7740.0729005647,7730.410386899788,7740.0729005647,0.0
2020-07-10T00:00:00.000000000,7740.0729005647,7750.097809871463,7740.0729005647,7750.097809871463,0.0
2020-07-11T00:00:00.000000000,7750.097809871463,7759.574508585394,7750.097809871463,7759.574508585394,0.0
2020-07-12T00:00:00.000000000,7759.574508585394,7769.30016154189,7759.574508585394,7769.30016154189,0.0
2020-07-13T00:00:00.000000000,7769.30016154189,7778.886011133857,7769.30016154189,7778.886011133857,0.0
2020-07-14T00:00:00.000000000,7778.886011133857,7788.690847903437,7778.886011133857,7788.690847903437,0.0
2020-07-15T00:00:00.000000000,7788.690847903437,7798.226172136113,7788.690847903437,7798.226172136113,0.0
2020-07-16T00:00:00.000000000,7798.226172136113,7807.475402288046,7798.226172136113,7807.475402288046,0.0
2020-07-17T00:00:00.000000000,7807.475402288046,7816.948934136865,7807.475402288046,7816.948934136865,0.0
2020-07-18T00:00:00.000000000,7816.948934136865,7826.398706881545,7816.948934136865,7826.398706881545,0.0
2020-07-19T00:00:00.000000000,7826.398706881545,7835.918533624387,7826.398706881545,7835.918533624387,0.0
2020-07-20T00:00:00.000000000,7835.918533624387,7844.987337326621,7835.918533624387,7844.987337326621,0.0
2020-07-21T00:00:00.000000000,7844.987337326621,7854.523236443015,7844.987337326621,7854.523236443015,0.0
2020-07-22T00:00:00.000000000,7854.523236443015,7864.317381506935,7854.523236443015,7864.317381506935,0.0
2020-07-23T00:00:00.000000000,7864.317381506935,7874.202900007659,7864.317381506935,7874.202900007659,0.0
2020-07-24T00:00:00.000000000,7874.202900007659,7884.6449107341805,7874.202900007659,7884.6449107341805,0.0
2020-07-25T00:00:00.000000000,7884.6449107341805,7895.321823038519,7884.6449107341805,7895.321823038519,0.0
2020-07-26T00:00:00.000000000,7895.321823038519,7906.451708897337,7895.321823038519,7906.451708897337,0.0
2020-07-27T00:00:00.000000000,7906.451708897337,7919.710033178754,7906.451708897337,7919.710033178754,0.0
2020-07-28T00:00:00.000000000,7919.710033178754,7932.556327289439,7919.710033178754,7932.556327289439,0.0
2020-07-29T00:00:00.000000000,7932.556327289439,7945.871465400791,7932.556327289439,7945.871465400791,0.0
2020-07-30T00:00:00.000000000,7945.871465400791,7959.162387025122,7945.871465400791,7959.162387025122,0.0
2020-07-31T00:00:00.000000000,7959.162387025122,7972.789664800579,7959.162387025122,7972.789664800579,0.0
2020-08-01T00:00:00.000000000,7972.789664800579,7987.231292996602,7972.789664800579,7987.231292996602,0.0
2020-08-02T00:00:00.000000000,7987.231292996602,8000.288415810216,7987.231292996602,8000.288415810216,0.0
2020-08-03T00:00:00.000000000,8000.288415810216,8013.916463868928,8000.288415810216,8013.916463868928,0.0
2020-08-04T00:00:00.000000000,8013.916463868928,8027.516927518522,8013.916463868928,8027.516927518522,0.0
2020-08-05T00:00:00.000000000,8027.516927518522,8042.031090285901,8027.516927518522,8042.031090285901,0.0
2020-08-06T00:00:00.000000000,8042.031090285901,8056.638310233539,8042.031090285901,8056.638310233539,0.0
2020-08-07T00:00:00.000000000,8056.638310233539,8070.899642101159,8056.638310233539,8070.899642101159,0.0
2020-08-08T00:00:00.000000000,8070.899642101159,8085.434900620405,8070.899642101159,8085.434900620405,0.0
2020-08-09T00:00:00.000000000,8085.434900620405,8099.825771936971,8085.434900620405,8099.825771936971,0.0
2020-08-10T00:00:00.000000000,8099.825771936971,8114.610345034675,8099.825771936971,8114.610345034675,0.0
2020-08-11T00:00:00.000000000,8114.610345034675,8128.763776320187,8114.610345034675,8128.763776320187,0.0
2020-08-12T00:00:00.000000000,8128.763776320187,8143.267907562527,8128.763776320187,8143.267907562527,0.0
2020-08-13T00:00:00.000000000,8143.267907562527,8158.059273078905,8143.267907562527,8158.059273078905,0.0
2020-08-14T00:00:00.000000000,8158.059273078905,8172.874029530136,8158.059273078905,8172.874029530136,0.0
2020-08-15T00:00:00.000000000,8172.874029530136,8187.807635465408,8172.874029530136,8187.807635465408,0.0
2020-08-16T00:00:00.000000000,8187.807635465408,8202.730528370794,8187.807635465408,8202.730528370794,0.0
2020-08-17T00:00:00.000000000,8202.730528370794,8218.399670823585,8202.730528370794,8218.399670823585,0.0
2020-08-18T00:00:00.000000000,8218.399670823585,8233.608368409508,8218.399670823585,8233.608368409508,0.0
2020-08-19T00:00:00.000000000,8233.608368409508,8248.388984775373,8233.608368409508,8248.388984775373,0.0
2020-08-20T00:00:00.000000000,8248.388984775373,8263.477405894886,8248.388984775373,8263.477405894886,0.0
2020-08-21T00:00:00.000000000,8263.477405894886,8278.08171530331,8263.477405894886,8278.08171530331,0.0
2020-08-22T00:00:00.000000000,8278.08171530331,8292.368782900234,8278.08171530331,8292.368782900234,0.0
2020-08-23T00:00:00.000000000,8292.368782900234,8306.617702762924,8292.368782900234,8306.617702762924,0.0
2020-08-24T00:00:00.000000000,8306.617702762924,8321.02841126685,8306.617702762924,8321.02841126685,0.0
2020-08-25T00:00:00.000000000,8321.02841126685,8334.785459576231,8321.02841126685,8334.785459576231,0.0
2020-08-26T00:00:00.000000000,8334.785459576231,8348.751296861074,8334.785459576231,8348.751296861074,0.0
2020-08-27T00:00:00.000000000,8348.751296861074,8362.46132699351,8348.751296861074,8362.46132699351,0.0
2020-08-28T00:00:00.000000000,8362.46132699351,8376.588990345783,8362.46132699351,8376.588990345783,0.0
2020-08-29T00:00:00.000000000,8376.588990345783,8390.646128390987,8376.588990345783,8390.646128390987,0.0
2020-08-30T00:00:00.000000000,8390.646128390987,8405.052043296011,8390.646128390987,8405.052043296011,0.0
2020-08-31T00:00:00.000000000,8405.052043296011,8419.3247422815,8405.052043296011,8419.3247422815,0.0
2020-09-01T00:00:00.000000000,8419.3247422815,8433.682610659676,8419.3247422815,8433.682610659676,0.0
2020-09-02T00:00:00.000000000,8433.682610659676,8446.992663595978,8433.682610659676,8446.992663595978,0.0
2020-09-03T00:00:00.000000000,8446.992663595978,8458.12541995669,8446.992663595978,8458.12541995669,0.0
2020-09-04T00:00:00.000000000,8458.12541995669,8469.81471641391,8458.12541995669,8469.81471641391,0.0
2020-09-05T00:00:00.000000000,8469.81471641391,8480.802311371992,8469.81471641391,8480.802311371992,0.0
2020-09-06T00:00:00.000000000,8480.802311371992,8491.743175377394,8480.802311371992,8491.743175377394,0.0
2020-09-07T00:00:00.000000000,8491.743175377394,8503.435039880655,8491.743175377394,8503.435039880655,0.0
2020-09-08T00:00:00.000000000,8503.435039880655,8514.573757015236,8503.435039880655,8514.573757015236,0.0
2020-09-09T00:00:00.000000000,8514.573757015236,8525.96054800649,8514.573757015236,8525.96054800649,0.0
2020-09-10T00:00:00.000000000,8525.96054800649,8537.56855390416,8525.96054800649,8537.56855390416,0.0
2020-09-11T00:00:00.000000000,8537.56855390416,8549.237234187,8537.56855390416,8549.237234187,0.0
2020-09-12T00:00:00.000000000,8549.237234187,8560.970901135668,8549.237234187,8560.970901135668,0.0
2020-09-13T00:00:00.000000000,8560.970901135668,8572.484877642462,8560.970901135668,8572.484877642462,0.0
2020-09-14T00:00:00.000000000,8572.484877642462,8584.666093523701,8572.484877642462,8584.666093523701,0.0
2020-09-15T00:00:00.000000000,8584.666093523701,8597.206902869457,8584.666093523701,8597.206902869457,0.0
2020-09-16T00:00:00.000000000,8597.206902869457,8609.824603891628,8597.206902869457,8609.824603891628,0.0
2020-09-17T00:00:00.000000000,8609.824603891628,8622.382621017157,8609.824603891628,8622.382621017157,0.0
2020-09-18T00:00:00.000000000,8622.382621017157,8634.919343944965,8622.382621017157,8634.919343944965,0.0
2020-09-19T00:00:00.000000000,8634.919343944965,8647.74147422641,8634.919343944965,8647.74147422641,0.0
2020-09-20T00:00:00.000000000,8647.74147422641,8660.174554019051,8647.74147422641,8660.174554019051,0.0
2020-09-21T00:00:00.000000000,8660.174554019051,8671.780008407837,8660.174554019051,8671.780008407837,0.0
2020-09-22T00:00:00.000000000,8671.780008407837,8683.603952554033,8671.780008407837,8683.603952554033,0.0
2020-09-23T00:00:00.000000000,8683.603952554033,8694.899906695633,8683.603952554033,8694.899906695633,0.0
2020-09-24T00:00:00.000000000,8694.899906695633,8707.116215289383,8694.899906695633,8707.116215289383,0.0
2020-09-25T00:00:00.000000000,8707.116215289383,8719.181006120489,8707.116215289383,8719.181006120489,0.0
2020-09-26T00:00:00.000000000,8719.181006120489,8731.284058705158,8719.181006120489,8731.284058705158,0.0
2020-09-27T00:00:00.000000000,8731.284058705158,8743.274332682291,8731.284058705158,8743.274332682291,0.0
2020-09-28T00:00:00.000000000,8743.274332682291,8755.189525801443,8743.274332682291,8755.189525801443,0.0
2020-09-29T00:00:00.000000000,8755.189525801443,8767.332365909788,8755.189525801443,8767.332365909788,0.0
2020-09-30T00:00:00.000000000,8767.332365909788,8779.299034404245,8767.332365909788,8779.299034404245,0.0
2020-10-01T00:00:00.000000000,8779.299034404245,8790.942485081745,8779.299034404245,8790.942485081745,0.0
2020-10-02T00:00:00.000000000,8790.942485081745,8802.612088834114,8790.942485081745,8802.612088834114,0.0
2020-10-03T00:00:00.000000000,8802.612088834114,8814.243748085171,8802.612088834114,8814.243748085171,0.0
2020-10-04T00:00:00.000000000,8814.243748085171,8826.068626145416,8814.243748085171,8826.068626145416,0.0
2020-10-05T00:00:00.000000000,8826.068626145416,8838.138450799353,8826.068626145416,8838.138450799353,0.0
2020-10-06T00:00:00.000000000,8838.138450799353,8849.976838844557,8838.138450799353,8849.976838844557,0.0
2020-10-07T00:00:00.000000000,8849.976838844557,8861.89107759581,8849.976838844557,8861.89107759581,0.0
2020-10-08T00:00:00.000000000,8861.89107759581,8874.06330466313,8861.89107759581,8874.06330466313,0.0
2020-10-09T00:00:00.000000000,8874.06330466313,8886.532735732788,8874.06330466313,8886.532735732788,0.0
2020-10-10T00:00:00.000000000,8886.532735732788,8899.363371769163,8886.532735732788,8899.363371769163,0.0
2020-10-11T00:00:00.000000000,8899.363371769163,8912.33578083222,8899.363371769163,8912.33578083222,0.0
2020-10-12T00:00:00.000000000,8912.33578083222,8925.615565118092,8912.33578083222,8925.615565118092,0.0
2020-10-13T00:00:00.000000000,8925.615565118092,8938.570496149454,8925.615565118092,8938.570496149454,0.0
2020-10-14T00:00:00.000000000,8938.570496149454,8950.245413985907,8938.570496149454,8950.245413985907,0.0
2020-10-15T00:00:00.000000000,8950.245413985907,8961.871666457777,8950.245413985907,8961.871666457777,0.0
2020-10-16T00:00:00.000000000,8961.871666457777,8973.278661500111,8961.871666457777,8973.278661500111,0.0
2020-10-17T00:00:00.000000000,8973.278661500111,8984.546790573473,8973.278661500111,8984.546790573473,0.0
2020-10-18T00:00:00.000000000,8984.546790573473,8995.996954552418,8984.546790573473,8995.996954552418,0.0
2020-10-19T00:00:00.000000000,8995.996954552418,9007.660305954769,8995.996954552418,9007.660305954769,0.0
2020-10-20T00:00:00.000000000,9007.660305954769,9019.4723629331,9007.660305954769,9019.4723629331,0.0
2020-10-21T00:00:00.000000000,9019.4723629331,9033.052988524956,9019.4723629331,9033.052988524956,0.0
2020-10-22T00:00:00.000000000,9033.052988524956,9046.673915162655,9033.052988524956,9046.673915162655,0.0
2020-10-23T00:00:00.000000000,9046.673915162655,9060.69717945772,9046.673915162655,9060.69717945772,0.0
2020-10-24T00:00:00.000000000,9060.69717945772,9074.990447617258,9060.69717945772,9074.990447617258,0.0
2020-10-25T00:00:00.000000000,9074.990447617258,9089.134097175802,9074.990447617258,9089.134097175802,0.0
2020-10-26T00:00:00.000000000,9089.134097175802,9103.229508724655,9089.134097175802,9103.229508724655,0.0
2020-10-27T00:00:00.000000000,9103.229508724655,9118.536300795176,9103.229508724655,9118.536300795176,0.0
2020-10-28T00:00:00.000000000,9118.536300795176,9132.86023232091,9118.536300795176,9132.86023232091,0.0
2020-10-29T00:00:00.000000000,9132.86023232091,9147.451934324867,9132.86023232091,9147.451934324867,0.0
2020-10-30T00:00:00.000000000,9147.451934324867,9162.154495320856,9147.451934324867,9162.154495320856,0.0
2020-10-31T00:00:00.000000000,9162.154495320856,9177.265337775736,9162.154495320856,9177.265337775736,0.0
2020-11-01T00:00:00.000000000,9177.265337775736,9192.237215038715,9177.265337775736,9192.237215038715,0.0
2020-11-02T00:00:00.000000000,9192.237215038715,9206.918067102552,9192.237215038715,9206.918067102552,0.0
2020-11-03T00:00:00.000000000,9206.918067102552,9222.16037645527,9206.918067102552,9222.16037645527,0.0
2020-11-04T00:00:00.000000000,9222.16037645527,9237.421240495489,9222.16037645527,9237.421240495489,0.0
2020-11-05T00:00:00.000000000,9237.421240495489,9255.451511321859,9237.421240495489,9255.451511321859,0.0
2020-11-06T00:00:00.000000000,9255.451511321859,9273.91027288046,9255.451511321859,9273.91027288046,0.0
2020-11-07T00:00:00.000000000,9273.91027288046,9290.941299193682,9273.91027288046,9290.941299193682,0.0
2020-11-08T00:00:00.000000000,9290.941299193682,9309.143217851772,9290.941299193682,9309.143217851772,0.0
2020-11-09T00:00:00.000000000,9309.143217851772,9327.052622966801,9309.143217851772,9327.052622966801,0.0
2020-11-10T00:00:00.000000000,9327.052622966801,9344.95556379512,9327.052622966801,9344.95556379512,0.0
2020-11-11T00:00:00.000000000,9344.95556379512,9363.405854849041,9344.95556379512,9363.405854849041,0.0
2020-11-12T00:00:00.000000000,9363.405854849041,9382.788468903187,9363.405854849041,9382.788468903187,0.0
2020-11-13T00:00:00.000000000,9382.788468903187,9402.062131830715,9382.788468903187,9402.062131830715,0.0
2020-11-14T00:00:00.000000000,9402.062131830715,9420.421934185606,9402.062131830715,9420.421934185606,0.0
2020-11-15T00:00:00.000000000,9420.421934185606,9438.469029390875,9420.421934185606,9438.469029390875,0.0
2020-11-16T00:00:00.000000000,9438.469029390875,9457.93498809325,9438.469029390875,9457.93498809325,0.0
2020-11-17T00:00:00.000000000,9457.93498809325,9479.14461219502,9457.93498809325,9479.14461219502,0.0
2020-11-18T00:00:00.000000000,9479.14461219502,9500.489539814505,9479.14461219502,9500.489539814505,0.0
2020-11-19T00:00:00.000000000,9500.489539814505,9521.585141105448,9500.489539814505,9521.585141105448,0.0
2020-11-20T00:00:00.000000000,9521.585141105448,9543.771924785538,9521.585141105448,9543.771924785538,0.0
2020-11-21T00:00:00.000000000,9543.771924785538,9565.631788066788,9543.771924785538,9565.631788066788,0.0
2020-11-22T00:00:00.000000000,9565.631788066788,9585.53415966884,9565.631788066788,9585.53415966884,0.0
2020-11-23T00:00:00.000000000,9585.53415966884,9605.840308531084,9585.53415966884,9605.840308531084,0.0
2020-11-24T00:00:00.000000000,9605.840308531084,9625.969630821079,9605.840308531084,9625.969630821079,0.0
2020-11-25T00:00:00.000000000,9625.969630821079,9645.109925077986,9625.969630821079,9645.109925077986,0.0
2020-11-26T00:00:00.000000000,9645.109925077986,9661.055477801916,9645.109925077986,9661.055477801916,0.0
2020-11-27T00:00:00.000000000,9661.055477801916,9677.496642087233,9661.055477801916,9677.496642087233,0.0
2020-11-28T00:00:00.000000000,9677.496642087233,9695.98776250557,9677.496642087233,9695.98776250557,0.0
2020-11-29T00:00:00.000000000,9695.98776250557,9715.428540343695,9695.98776250557,9715.428540343695,0.0
2020-11-30T00:00:00.000000000,9715.428540343695,9735.799567945076,9715.428540343695,9735.799567945076,0.0
2020-12-01T00:00:00.000000000,9735.799567945076,9755.09491369346,9735.799567945076,9755.09491369346,0.0
2020-12-02T00:00:00.000000000,9755.09491369346,9775.126578863079,9755.09491369346,9775.126578863079,0.0
2020-12-03T00:00:00.000000000,9775.126578863079,9796.09865022003,9775.126578863079,9796.09865022003,0.0
2020-12-04T00:00:00.000000000,9796.09865022003,9815.381928197416,9796.09865022003,9815.381928197416,0.0
2020-12-05T00:00:00.000000000,9815.381928197416,9835.287202505291,9815.381928197416,9835.287202505291,0.0
2020-12-06T00:00:00.000000000,9835.287202505291,9855.416573536375,9835.287202505291,9855.416573536375,0.0
2020-12-07T00:00:00.000000000,9855.416573536375,9874.165976458055,9855.416573536375,9874.165976458055,0.0
2020-12-08T00:00:00.000000000,9874.165976458055,9891.1274135542,9874.165976458055,9891.1274135542,0.0
2020-12-09T00:00:00.000000000,9891.1274135542,9908.656743503509,9891.1274135542,9908.656743503509,0.0
2020-12-10T00:00:00.000000000,9908.656743503509,9925.778855594084,9908.656743503509,9925.778855594084,0.0
2020-12-11T00:00:00.000000000,9925.778855594084,9943.139696308212,9925.778855594084,9943.139696308212,0.0
2020-12-12T00:00:00.000000000,9943.139696308212,9961.373482933657,9943.139696308212,9961.373482933657,0.0
2020-12-13T00:00:00.000000000,9961.373482933657,9980.229750689337,9961.373482933657,9980.229750689337,0.0
2020-12-14T00:00:00.000000000,9980.229750689337,9998.95289957247,9980.229750689337,9998.95289957247,0.0
2020-12-15T00:00:00.000000000,9998.95289957247,10018.93165368065,9998.95289957247,10018.93165368065,0.0
2020-12-16T00:00:00.000000000,10018.93165368065,10043.179116532976,10018.93165368065,10043.179116532976,0.0
2020-12-17T00:00:00.000000000,10043.179116532976,10069.883092761253,10043.179116532976,10069.883092761253,0.0
2020-12-18T00:00:00.000000000,10069.883092761253,10097.184229124889,10069.883092761253,10097.184229124889,0.0
2020-12-19T00:00:00.000000000,10097.184229124889,10125.394355433935,10097.184229124889,10125.394355433935,0.0
2020-12-20T00:00:00.000000000,10125.394355433935,10153.064884831774,10125.394355433935,10153.064884831774,0.0
2020-12-21T00:00:00.000000000,10153.064884831774,10180.007852537321,10153.064884831774,10180.007852537321,0.0
2020-12-22T00:00:00.000000000,10180.007852537321,10208.14100709531,10180.007852537321,10208.14100709531,0.0
2020-12-23T00:00:00.000000000,10208.14100709531,10235.438032670454,10208.14100709531,10235.438032670454,0.0
2020-12-24T00:00:00.000000000,10235.438032670454,10263.22785762032,10235.438032670454,10263.22785762032,0.0
2020-12-25T00:00:00.000000000,10263.22785762032,10292.521738524956,10263.22785762032,10292.521738524956,0.0
2020-12-26T00:00:00.000000000,10292.521738524956,10324.14955332275,10292.521738524956,10324.14955332275,0.0
2020-12-27T00:00:00.000000000,10324.14955332275,10355.226059422348,10324.14955332275,10355.226059422348,0.0
2020-12-28T00:00:00.000000000,10355.226059422348,10387.472619694185,10355.226059422348,10387.472619694185,0.0
2020-12-29T00:00:00.000000000,10387.472619694185,10419.633198947193,10387.472619694185,10419.633198947193,0.0
2020-12-30T00:00:00.000000000,10419.633198947193,10454.854572262144,10419.633198947193,10454.854572262144,0.0
2020-12-31T00:00:00.000000000,10454.854572262144,10490.02070277685,10454.854572262144,10490.02070277685,0.0
2021-01-01T00:00:00.000000000,10490.02070277685,10525.398585464016,10490.02070277685,10525.398585464016,0.0
2021-01-02T00:00:00.000000000,10525.398585464016,10564.583453445299,10525.398585464016,10564.583453445299,0.0
2021-01-03T00:00:00.000000000,10564.583453445299,10603.942334071413,10564.583453445299,10603.942334071413,0.0
2021-01-04T00:00:00.000000000,10603.942334071413,10641.5832306289,10603.942334071413,10641.5832306289,0.0
2021-01-05T00:00:00.000000000,10641.5832306289,10682.548163157307,10641.5832306289,10682.548163157307,0.0
2021-01-06T00:00:00.000000000,10682.548163157307,10727.171062068293,10682.548163157307,10727.171062068293,0.0
2021-01-07T00:00:00.000000000,10727.171062068293,10774.149335728609,10727.171062068293,10774.149335728609,0.0
2021-01-08T00:00:00.000000000,10774.149335728609,10826.938645415552,10774.149335728609,10826.938645415552,0.0
2021-01-09T00:00:00.000000000,10826.938645415552,10876.577174548796,10826.938645415552,10876.577174548796,0.0
2021-01-10T00:00:00.000000000,10876.577174548796,10923.63077581885,10876.577174548796,10923.63077581885,0.0
2021-01-11T00:00:00.000000000,10923.63077581885,10967.74753335283,10923.63077581885,10967.74753335283,0.0
2021-01-12T00:00:00.000000000,10967.74753335283,11009.351501573641,10967.74753335283,11009.351501573641,0.0
2021-01-13T00:00:00.000000000,11009.351501573641,11056.61474870488,11009.351501573641,11056.61474870488,0.0
2021-01-14T00:00:00.000000000,11056.61474870488,11105.146047445967,11056.61474870488,11105.146047445967,0.0
2021-01-15T00:00:00.000000000,11105.146047445967,11150.79654599766,11105.146047445967,11150.79654599766,0.0
2021-01-16T00:00:00.000000000,11150.79654599766,11195.715762867647,11150.79654599766,11195.715762867647,0.0
2021-01-17T00:00:00.000000000,11195.715762867647,11239.53523980615,11195.715762867647,11239.53523980615,0.0
2021-01-18T00:00:00.000000000,11239.53523980615,11284.417998342804,11239.53523980615,11284.417998342804,0.0
2021-01-19T00:00:00.000000000,11284.417998342804,11326.813446969696,11284.417998342804,11326.813446969696,0.0
2021-01-20T00:00:00.000000000,11326.813446969696,11367.76520721925,11326.813446969696,11367.76520721925,0.0
2021-01-21T00:00:00.000000000,11367.76520721925,11401.043614569408,11367.76520721925,11401.043614569408,0.0
2021-01-22T00:00:00.000000000,11401.043614569408,11439.63024488915,11401.043614569408,11439.63024488915,0.0
2021-01-23T00:00:00.000000000,11439.63024488915,11475.729453890932,11439.63024488915,11475.729453890932,0.0
2021-01-24T00:00:00.000000000,11475.729453890932,11512.979008258133,11475.729453890932,11512.979008258133,0.0
2021-01-25T00:00:00.000000000,11512.979008258133,11552.391368301582,11512.979008258133,11552.391368301582,0.0
2021-01-26T00:00:00.000000000,11552.391368301582,11591.027303712679,11552.391368301582,11591.027303712679,0.0
2021-01-27T00:00:00.000000000,11591.027303712679,11628.380076036095,11591.027303712679,11628.380076036095,0.0
2021-01-28T00:00:00.000000000,11628.380076036095,11670.75493329434,11628.380076036095,11670.75493329434,0.0
2021-01-29T00:00:00.000000000,11670.75493329434,11712.911625445633,11670.75493329434,11712.911625445633,0.0
2021-01-30T00:00:00.000000000,11712.911625445633,11755.226760945856,11712.911625445633,11755.226760945856,0.0
2021-01-31T00:00:00.000000000,11755.226760945856,11795.061377214239,11755.226760945856,11795.061377214239,0.0
2021-02-01T00:00:00.000000000,11795.061377214239,11835.949203083223,11795.061377214239,11835.949203083223,0.0
2021-02-02T00:00:00.000000000,11835.949203083223,11880.8104911709,11835.949203083223,11880.8104911709,0.0
2021-02-03T00:00:00.000000000,11880.8104911709,11929.957233177362,11880.8104911709,11929.957233177362,0.0
2021-02-04T00:00:00.000000000,11929.957233177362,11978.28903464795,11929.957233177362,11978.28903464795,0.0
2021-02-05T00:00:00.000000000,11978.28903464795,12028.614287405304,11978.28903464795,12028.614287405304,0.0
2021-02-06T00:00:00.000000000,12028.614287405304,12081.013053907642,12028.614287405304,12081.013053907642,0.0
2021-02-07T00:00:00.000000000,12081.013053907642,12133.465395568739,12081.013053907642,12133.465395568739,0.0
2021-02-08T00:00:00.000000000,12133.465395568739,12198.783763647505,12133.465395568739,12198.783763647505,0.0
2021-02-09T00:00:00.000000000,12198.783763647505,12264.669610280193,12198.783763647505,12264.669610280193,0.0
2021-02-10T00:00:00.000000000,12264.669610280193,12327.612141056707,12264.669610280193,12327.612141056707,0.0
2021-02-11T00:00:00.000000000,12327.612141056707,12395.03407350156,12327.612141056707,12395.03407350156,0.0
2021-02-12T00:00:00.000000000,12395.03407350156,12461.175218986742,12395.03407350156,12461.175218986742,0.0
2021-02-13T00:00:00.000000000,12461.175218986742,12526.393295315285,12461.175218986742,12526.393295315285,0.0
2021-02-14T00:00:00.000000000,12526.393295315285,12593.943317596924,12526.393295315285,12593.943317596924,0.0
2021-02-15T00:00:00.000000000,12593.943317596924,12659.852183948864,12593.943317596924,12659.852183948864,0.0
2021-02-16T00:00:00.000000000,12659.852183948864,12726.50854361631,12659.852183948864,12726.50854361631,0.0
2021-02-17T00:00:00.000000000,12726.50854361631,12799.005582595253,12726.50854361631,12799.005582595253,0.0
2021-02-18T00:00:00.000000000,12799.005582595253,12869.839500821636,12799.005582595253,12869.839500821636,0.0
2021-02-19T00:00:00.000000000,12869.839500821636,12948.131346785873,12869.839500821636,12948.131346785873,0.0
2021-02-20T00:00:00.000000000,12948.131346785873,13026.984435926359,12948.131346785873,13026.984435926359,0.0
2021-02-21T00:00:00.000000000,13026.984435926359,13109.312280665106,13026.984435926359,13109.312280665106,0.0
2021-02-22T00:00:00.000000000,13109.312280665106,13185.397380862856,13109.312280665106,13185.397380862856,0.0
2021-02-23T00:00:00.000000000,13185.397380862856,13252.138574392826,13185.397380862856,13252.138574392826,0.0
2021-02-24T00:00:00.000000000,13252.138574392826,13321.317722259359,13252.138574392826,13321.317722259359,0.0
2021-02-25T00:00:00.000000000,13321.317722259359,13387.346505612188,13321.317722259359,13387.346505612188,0.0
2021-02-26T00:00:00.000000000,13387.346505612188,13451.56792418672,13387.346505612188,13451.56792418672,0.0
2021-02-27T00:00:00.000000000,13451.56792418672,13515.407700047348,13451.56792418672,13515.407700047348,0.0
2021-02-28T00:00:00.000000000,13515.407700047348,13577.628779175022,13515.407700047348,13577.628779175022,0.0
2021-03-01T00:00:00.000000000,13577.628779175022,13647.656286555815,13577.628779175022,13647.656286555815,0.0
2021-03-02T00:00:00.000000000,13647.656286555815,13714.435136057264,13647.656286555815,13714.435136057264,0.0
2021-03-03T00:00:00.000000000,13714.435136057264,13785.335331717915,13714.435136057264,13785.335331717915,0.0
2021-03-04T00:00:00.000000000,13785.335331717915,13853.825738427473,13785.335331717915,13853.825738427473,0.0
2021-03-05T00:00:00.000000000,13853.825738427473,13922.981262533422,13853.825738427473,13922.981262533422,0.0
2021-03-06T00:00:00.000000000,13922.981262533422,13991.616588680927,13922.981262533422,13991.616588680927,0.0
2021-03-07T00:00:00.000000000,13991.616588680927,14064.78366616533,13991.616588680927,14064.78366616533,0.0
2021-03-08T00:00:00.000000000,14064.78366616533,14139.84250013926,14064.78366616533,14139.84250013926,0.0
2021-03-09T00:00:00.000000000,14139.84250013926,14219.081888508244,14139.84250013926,14219.081888508244,0.0
2021-03-10T00:00:00.000000000,14219.081888508244,14300.762905943628,14219.081888508244,14300.762905943628,0.0
2021-03-11T00:00:00.000000000,14300.762905943628,14386.414774468027,14300.762905943628,14386.414774468027,0.0
2021-03-12T00:00:00.000000000,14386.414774468027,14471.658784536541,14386.414774468027,14471.658784536541,0.0
2021-03-13T00:00:00.000000000,14471.658784536541,14563.717451398174,14471.658784536541,14563.717451398174,0.0
2021-03-14T00:00:00.000000000,14563.717451398174,14652.258721173128,14563.717451398174,14652.258721173128,0.0
2021-03-15T00:00:00.000000000,14652.258721173128,14734.521160594919,14652.258721173128,14734.521160594919,0.0
2021-03-16T00:00:00.000000000,14734.521160594919,14817.33424722872,14734.521160594919,14817.33424722872,0.0
2021-03-17T00:00:00.000000000,14817.33424722872,14903.336661653299,14817.33424722872,14903.336661653299,0.0
2021-03-18T00:00:00.000000000,14903.336661653299,14987.58698021112,14903.336661653299,14987.58698021112,0.0
2021-03-19T00:00:00.000000000,14987.58698021112,15072.740490265709,14987.58698021112,15072.740490265709,0.0
2021-03-20T00:00:00.000000000,15072.740490265709,15158.231295607731,15072.740490265709,15158.231295607731,0.0
2021-03-21T00:00:00.000000000,15158.231295607731,15242.021254595587,15158.231295607731,15242.021254595587,0.0
2021-03-22T00:00:00.000000000,15242.021254595587,15320.609254888035,15242.021254595587,15320.609254888035,0.0
2021-03-23T00:00:00.000000000,15320.609254888035,15399.760717816956,15320.609254888035,15399.760717816956,0.0
2021-03-24T00:00:00.000000000,15399.760717816956,15475.800450506908,15399.760717816956,15475.800450506908,0.0
2021-03-25T00:00:00.000000000,15475.800450506908,15549.821463137812,15475.800450506908,15549.821463137812,0.0
2021-03-26T00:00:00.000000000,15549.821463137812,15629.549066608177,15549.821463137812,15629.549066608177,0.0
2021-03-27T00:00:00.000000000,15629.549066608177,15710.855599306484,15629.549066608177,15710.855599306484,0.0
2021-03-28T00:00:00.000000000,15710.855599306484,15792.12600441455,15710.855599306484,15792.12600441455,0.0
2021-03-29T00:00:00.000000000,15792.12600441455,15876.622414981617,15792.12600441455,15876.622414981617,0.0
2021-03-30T00:00:00.000000000,15876.622414981617,15963.326332024288,15876.622414981617,15963.326332024288,0.0
2021-03-31T00:00:00.000000000,15963.326332024288,16050.095600420565,15963.326332024288,16050.095600420565,0.0
2021-04-01T00:00:00.000000000,16050.095600420565,16137.257027420343,16050.095600420565,16137.257027420343,0.0
2021-04-02T00:00:00.000000000,16137.257027420343,16224.811211842693,16137.257027420343,16224.811211842693,0.0
2021-04-03T00:00:00.000000000,16224.811211842693,16309.342850030638,16224.811211842693,16309.342850030638,0.0
2021-04-04T00:00:00.000000000,16309.342850030638,16396.221348944408,16309.342850030638,16396.221348944408,0.0
2021-04-05T00:00:00.000000000,16396.221348944408,16483.543071454435,16396.221348944408,16483.543071454435,0.0
2021-04-06T00:00:00.000000000,16483.543071454435,16569.929943390707,16483.543071454435,16569.929943390707,0.0
2021-04-07T00:00:00.000000000,16569.929943390707,16654.47249435996,16569.929943390707,16654.47249435996,0.0
2021-04-08T00:00:00.000000000,16654.47249435996,16743.308430119207,16654.47249435996,16743.308430119207,0.0
2021-04-09T00:00:00.000000000,16743.308430119207,16832.659653172348,16743.308430119207,16832.659653172348,0.0
2021-04-10T00:00:00.000000000,16832.659653172348,16924.533786277294,16832.659653172348,16924.533786277294,0.0
2021-04-11T00:00:00.000000000,16924.533786277294,17017.152413380125,16924.533786277294,17017.152413380125,0.0
2021-04-12T00:00:00.000000000,17017.152413380125,17109.46839836787,17017.152413380125,17109.46839836787,0.0
2021-04-13T00:00:00.000000000,17109.46839836787,17207.881212747885,17109.46839836787,17207.881212747885,0.0
2021-04-14T00:00:00.000000000,17207.881212747885,17305.504062917782,17207.881212747885,17305.504062917782,0.0
2021-04-15T00:00:00.000000000,17305.504062917782,17403.40240467636,17305.504062917782,17403.40240467636,0.0
2021-04-16T00:00:00.000000000,17403.40240467636,17498.434128161207,17403.40240467636,17498.434128161207,0.0
2021-04-17T00:00:00.000000000,17498.434128161207,17591.977587803587,17498.434128161207,17591.977587803587,0.0
2021-04-18T00:00:00.000000000,17591.977587803587,17677.654384783033,17591.977587803587,17677.654384783033,0.0
2021-04-19T00:00:00.000000000,17677.654384783033,17762.745489708668,17677.654384783033,17762.745489708668,0.0
2021-04-20T00:00:00.000000000,17762.745489708668,17848.712349250778,17762.745489708668,17848.712349250778,0.0
2021-04-21T00:00:00.000000000,17848.712349250778,17930.133573209114,17848.712349250778,17930.133573209114,0.0
2021-04-22T00:00:00.000000000,17930.133573209114,18007.079265193293,17930.133573209114,18007.079265193293,0.0
2021-04-23T00:00:00.000000000,18007.079265193293,18082.84963722705,18007.079265193293,18082.84963722705,0.0
2021-04-24T00:00:00.000000000,18082.84963722705,18157.233078138925,18082.84963722705,18157.233078138925,0.0
2021-04-25T00:00:00.000000000,18157.233078138925,18229.724518855837,18157.233078138925,18229.724518855837,0.0
2021-04-26T00:00:00.000000000,18229.724518855837,18311.18752785205,18229.724518855837,18311.18752785205,0.0
2021-04-27T00:00:00.000000000,18311.18752785205,18394.357635987635,18311.18752785205,18394.357635987635,0.0
2021-04-28T00:00:00.000000000,18394.357635987635,18477.45805307208,18394.357635987635,18477.45805307208,0.0
2021-04-29T00:00:00.000000000,18477.45805307208,18558.57673849014,18477.45805307208,18558.57673849014,0.0
2021-04-30T00:00:00.000000000,18558.57673849014,18647.07275390625,18558.57673849014,18647.07275390625,0.0
2021-05-01T00:00:00.000000000,18647.07275390625,18735.940567206995,18647.07275390625,18735.940567206995,0.0
2021-05-02T00:00:00.000000000,18735.940567206995,18822.647372159092,18735.940567206995,18822.647372159092,0.0
2021-05-03T00:00:00.000000000,18822.647372159092,18909.952567959,18822.647372159092,18909.952567959,0.0
2021-05-04T00:00:00.000000000,18909.952567959,18990.326575729723,18909.952567959,18990.326575729723,0.0
2021-05-05T00:00:00.000000000,18990.326575729723,19078.287011892826,18990.326575729723,19078.287011892826,0.0
2021-05-06T00:00:00.000000000,19078.287011892826,19165.420423211897,19078.287011892826,19165.420423211897,0.0
2021-05-07T00:00:00.000000000,19165.420423211897,19254.302622096424,19165.420423211897,19254.302622096424,0.0
2021-05-08T00:00:00.000000000,19254.302622096424,19343.6842212915,19254.302622096424,19343.6842212915,0.0
2021-05-09T00:00:00.000000000,19343.6842212915,19431.00568965157,19343.6842212915,19431.00568965157,0.0
2021-05-10T00:00:00.000000000,19431.00568965157,19513.551290420288,19431.00568965157,19513.551290420288,0.0
2021-05-11T00:00:00.000000000,19513.551290420288,19598.1295894956,19513.551290420288,19598.1295894956,0.0
2021-05-12T00:00:00.000000000,19598.1295894956,19668.93680456913,19598.1295894956,19668.93680456913,0.0
2021-05-13T00:00:00.000000000,19668.93680456913,19741.14797184854,19668.93680456913,19741.14797184854,0.0
2021-05-14T00:00:00.000000000,19741.14797184854,19813.663034585283,19741.14797184854,19813.663034585283,0.0
2021-05-15T00:00:00.000000000,19813.663034585283,19880.5063198042,19813.663034585283,19880.5063198042,0.0
2021-05-16T00:00:00.000000000,19880.5063198042,19946.69409310244,19880.5063198042,19946.69409310244,0.0
2021-05-17T00:00:00.000000000,19946.69409310244,20007.83875839043,19946.69409310244,20007.83875839043,0.0
2021-05-18T00:00:00.000000000,20007.83875839043,20067.547831543838,20007.83875839043,20067.547831543838,0.0
2021-05-19T00:00:00.000000000,20067.547831543838,20116.85249119179,20067.547831543838,20116.85249119179,0.0
2021-05-20T00:00:00.000000000,20116.85249119179,20172.86293396975,20116.85249119179,20172.86293396975,0.0
2021-05-21T00:00:00.000000000,20172.86293396975,20222.83999258439,20172.86293396975,20222.83999258439,0.0
2021-05-22T00:00:00.000000000,20222.83999258439,20274.05523670761,20222.83999258439,20274.05523670761,0.0
2021-05-23T00:00:00.000000000,20274.05523670761,20320.324398917946,20274.05523670761,20320.324398917946,0.0
2021-05-24T00:00:00.000000000,20320.324398917946,20373.17725827902,20320.324398917946,20373.17725827902,0.0
2021-05-25T00:00:00.000000000,20373.17725827902,20426.01938763787,20373.17725827902,20426.01938763787,0.0
2021-05-26T00:00:00.000000000,20426.01938763787,20480.348330791832,20426.01938763787,20480.348330791832,0.0
2021-05-27T00:00:00.000000000,20480.348330791832,20533.16242358094,20480.348330791832,20533.16242358094,0.0
2021-05-28T00:00:00.000000000,20533.16242358094,20581.272068397673,20533.16242358094,20581.272068397673,0.0
2021-05-29T00:00:00.000000000,20581.272068397673,20627.839045614695,20581.272068397673,20627.839045614695,0.0
2021-05-30T00:00:00.000000000,20627.839045614695,20676.194425586287,20627.839045614695,20676.194425586287,0.0
2021-05-31T00:00:00.000000000,20676.194425586287,20727.45089596563,20676.194425586287,20727.45089596563,0.0
2021-06-01T00:00:00.000000000,20727.45089596563,20778.03135879707,20727.45089596563,20778.03135879707,0.0
2021-06-02T00:00:00.000000000,20778.03135879707,20830.382578368706,20778.03135879707,20830.382578368706,0.0
2021-06-03T00:00:00.000000000,20830.382578368706,20885.96457045176,20830.382578368706,20885.96457045176,0.0
2021-06-04T00:00:00.000000000,20885.96457045176,20938.106560202206,20885.96457045176,20938.106560202206,0.0
2021-06-05T00:00:00.000000000,20938.106560202206,20988.472655379624,20938.106560202206,20988.472655379624,0.0
2021-06-06T00:00:00.000000000,20988.472655379624,21039.21166078292,20988.472655379624,21039.21166078292,0.0
2021-06-07T00:00:00.000000000,21039.21166078292,21086.47153607537,21039.21166078292,21086.47153607537,0.0
2021-06-08T00:00:00.000000000,21086.47153607537,21133.399341821245,21086.47153607537,21133.399341821245,0.0
2021-06-09T00:00:00.000000000,21133.399341821245,21187.101213479,21133.399341821245,21187.101213479,0.0
2021-06-10T00:00:00.000000000,21187.101213479,21239.099313446968,21187.101213479,21239.099313446968,0.0
2021-06-11T00:00:00.000000000,21239.099313446968,21292.345824107342,21239.099313446968,21292.345824107342,0.0
2021-06-12T00:00:00.000000000,21292.345824107342,21341.88463332776,21292.345824107342,21341.88463332776,0.0
2021-06-13T00:00:00.000000000,21341.88463332776,21398.084685898506,21341.88463332776,21398.084685898506,0.0
2021-06-14T00:00:00.000000000,21398.084685898506,21456.54134201621,21398.084685898506,21456.54134201621,0.0
2021-06-15T00:00:00.000000000,21456.54134201621,21515.515105385195,21456.54134201621,21515.515105385195,0.0
2021-06-16T00:00:00.000000000,21515.515105385195,21570.821552786598,21515.515105385195,21570.821552786598,0.0
2021-06-17T00:00:00.000000000,21570.821552786598,21625.72613253398,21570.821552786598,21625.72613253398,0.0
2021-06-18T00:00:00.000000000,21625.72613253398,21676.241174381685,21625.72613253398,21676.241174381685,0.0
2021-06-19T00:00:00.000000000,21676.241174381685,21726.2748187876,21676.241174381685,21726.2748187876,0.0
2021-06-20T00:00:00.000000000,21726.2748187876,21776.43891697304,21726.2748187876,21776.43891697304,0.0
2021-06-21T00:00:00.000000000,21776.43891697304,21819.41992970839,21776.43891697304,21819.41992970839,0.0
2021-06-22T00:00:00.000000000,21819.41992970839,21864.169948856674,21819.41992970839,21864.169948856674,0.0
2021-06-23T00:00:00.000000000,21864.169948856674,21911.308821788658,21864.169948856674,21911.308821788658,0.0
2021-06-24T00:00:00.000000000,21911.308821788658,21960.230408694017,21911.308821788658,21960.230408694017,0.0
2021-06-25T00:00:00.000000000,21960.230408694017,22003.714624415108,21960.230408694017,22003.714624415108,0.0
2021-06-26T00:00:00.000000000,22003.714624415108,22048.129228289326,22003.714624415108,22048.129228289326,0.0
2021-06-27T00:00:00.000000000,22048.129228289326,22097.19334718973,22048.129228289326,22097.19334718973,0.0
2021-06-28T00:00:00.000000000,22097.19334718973,22145.82442415887,22097.19334718973,22145.82442415887,0.0
2021-06-29T00:00:00.000000000,22145.82442415887,22197.402493454767,22145.82442415887,22197.402493454767,0.0
2021-06-30T00:00:00.000000000,22197.402493454767,22248.026951210173,22197.402493454767,22248.026951210173,0.0
2021-07-01T00:00:00.000000000,22248.026951210173,22294.899169486685,22248.026951210173,22294.899169486685,0.0
2021-07-02T00:00:00.000000000,22294.899169486685,22342.482418393494,22294.899169486685,22342.482418393494,0.0
2021-07-03T00:00:00.000000000,22342.482418393494,22391.412419229055,22342.482418393494,22391.412419229055,0.0
2021-07-04T00:00:00.000000000,22391.412419229055,22441.495525394108,22391.412419229055,22441.495525394108,0.0
2021-07-05T00:00:00.000000000,22441.495525394108,22488.259188565342,22441.495525394108,22488.259188565342,0.0
2021-07-06T00:00:00.000000000,22488.259188565342,22536.172855044006,22488.259188565342,22536.172855044006,0.0
2021-07-07T00:00:00.000000000,22536.172855044006,22583.46839140486,22536.172855044006,22583.46839140486,0.0
2021-07-08T00:00:00.000000000,22583.46839140486,22629.105138877283,22583.46839140486,22629.105138877283,0.0
2021-07-09T00:00:00.000000000,22629.105138877283,22676.447464941233,22629.105138877283,22676.447464941233,0.0
2021-07-10T00:00:00.000000000,22676.447464941233,22723.204026710115,22676.447464941233,22723.204026710115,0.0
2021-07-11T00:00:00.000000000,22723.204026710115,22771.19368315508,22723.204026710115,22771.19368315508,0.0
2021-07-12T00:00:00.000000000,22771.19368315508,22817.063905658142,22771.19368315508,22817.063905658142,0.0
2021-07-13T00:00:00.000000000,22817.063905658142,22862.356294737354,22817.063905658142,22862.356294737354,0.0
2021-07-14T00:00:00.000000000,22862.356294737354,22908.040338472038,22862.356294737354,22908.040338472038,0.0
2021-07-15T00:00:00.000000000,22908.040338472038,22951.855946586733,22908.040338472038,22951.855946586733,0.0
2021-07-16T00:00:00.000000000,22951.855946586733,22995.41400157364,22951.855946586733,22995.41400157364,0.0
2021-07-17T00:00:00.000000000,22995.41400157364,23038.530194233233,22995.41400157364,23038.530194233233,0.0
2021-07-18T00:00:00.000000000,23038.530194233233,23081.99927410595,23038.530194233233,23081.99927410595,0.0
2021-07-19T00:00:00.000000000,23081.99927410595,23123.722116616533,23081.99927410595,23123.722116616533,0.0
2021-07-20T00:00:00.000000000,23123.722116616533,23163.00576798546,23123.722116616533,23163.00576798546,0.0
2021-07-21T00:00:00.000000000,23163.00576798546,23205.692044236017,23163.00576798546,23205.692044236017,0.0
2021-07-22T00:00:00.000000000,23205.692044236017,23248.888555244543,23205.692044236017,23248.888555244543,0.0
2021-07-23T00:00:00.000000000,23248.888555244543,23294.704026710115,23248.888555244543,23294.704026710115,0.0
2021-07-24T00:00:00.000000000,23294.704026710115,23341.274242598316,23294.704026710115,23341.274242598316,0.0
2021-07-25T00:00:00.000000000,23341.274242598316,23389.95989304813,23341.274242598316,23389.95989304813,0.0
2021-07-26T00:00:00.000000000,23389.95989304813,23441.91183781751,23389.95989304813,23441.91183781751,0.0
2021-07-27T00:00:00.000000000,23441.91183781751,23497.63865968973,23441.91183781751,23497.63865968973,0.0
2021-07-28T00:00:00.000000000,23497.63865968973,23553.196844362745,23497.63865968973,23553.196844362745,0.0
2021-07-29T00:00:00.000000000,23553.196844362745,23608.814333013033,23553.196844362745,23608.814333013033,0.0
2021-07-30T00:00:00.000000000,23608.814333013033,23668.550091911766,23608.814333013033,23668.550091911766,0.0
2021-07-31T00:00:00.000000000,23668.550091911766,23726.83379463291,23668.550091911766,23726.83379463291,0.0
2021-08-01T00:00:00.000000000,23726.83379463291,23782.149455840576,23726.83379463291,23782.149455840576,0.0
2021-08-02T00:00:00.000000000,23782.149455840576,23836.508992730614,23782.149455840576,23836.508992730614,0.0
2021-08-03T00:00:00.000000000,23836.508992730614,23889.08535260695,23836.508992730614,23889.08535260695,0.0
2021-08-04T00:00:00.000000000,23889.08535260695,23944.346688391266,23889.08535260695,23944.346688391266,0.0
2021-08-05T00:00:00.000000000,23944.346688391266,24001.72401229668,23944.346688391266,24001.72401229668,0.0
2021-08-06T00:00:00.000000000,24001.72401229668,24063.060882840353,24001.72401229668,24063.060882840353,0.0
2021-08-07T00:00:00.000000000,24063.060882840353,24127.4287370488,24063.060882840353,24127.4287370488,0.0
2021-08-08T00:00:00.000000000,24127.4287370488,24190.58429771056,24127.4287370488,24190.58429771056,0.0
2021-08-09T00:00:00.000000000,24190.58429771056,24257.907955938055,24190.58429771056,24257.907955938055,0.0
2021-08-10T00:00:00.000000000,24257.907955938055,24323.282665232287,24257.907955938055,24323.282665232287,0.0
2021-08-11T00:00:00.000000000,24323.282665232287,24387.87276661375,24323.282665232287,24387.87276661375,0.0
2021-08-12T00:00:00.000000000,24387.87276661375,24450.460394385027,24387.87276661375,24450.460394385027,0.0
2021-08-13T00:00:00.000000000,24450.460394385027,24518.703401779745,24450.460394385027,24518.703401779745,0.0
2021-08-14T00:00:00.000000000,24518.703401779745,24585.987565800468,24518.703401779745,24585.987565800468,0.0
2021-08-15T00:00:00.000000000,24585.987565800468,24653.107225169897,24585.987565800468,24653.107225169897,0.0
2021-08-16T00:00:00.000000000,24653.107225169897,24718.455031124668,24653.107225169897,24718.455031124668,0.0
2021-08-17T00:00:00.000000000,24718.455031124668,24781.55991150011,24718.455031124668,24781.55991150011,0.0
2021-08-18T00:00:00.000000000,24781.55991150011,24845.054073014147,24781.55991150011,24845.054073014147,0.0
2021-08-19T00:00:00.000000000,24845.054073014147,24911.1933854863,24845.054073014147,24911.1933854863,0.0
2021-08-20T00:00:00.000000000,24911.1933854863,24981.79833026961,24911.1933854863,24981.79833026961,0.0
2021-08-21T00:00:00.000000000,24981.79833026961,25051.51232105058,24981.79833026961,25051.51232105058,0.0
2021-08-22T00:00:00.000000000,25051.51232105058,25121.844822303923,25051.51232105058,25121.844822303923,0.0
2021-08-23T00:00:00.000000000,25121.844822303923,25192.12909076983,25121.844822303923,25192.12909076983,0.0
2021-08-24T00:00:00.000000000,25192.12909076983,25259.597015652853,25192.12909076983,25259.597015652853,0.0
2021-08-25T00:00:00.000000000,25259.597015652853,25328.674649760473,25259.597015652853,25328.674649760473,0.0
2021-08-26T00:00:00.000000000,25328.674649760473,25393.944104417336,25328.674649760473,25393.944104417336,0.0
2021-08-27T00:00:00.000000000,25393.944104417336,25463.185259650734,25393.944104417336,25463.185259650734,0.0
2021-08-28T00:00:00.000000000,25463.185259650734,25531.973648479277,25463.185259650734,25531.973648479277,0.0
2021-08-29T00:00:00.000000000,25531.973648479277,25601.38613907921,25531.973648479277,25601.38613907921,0.0
2021-08-30T00:00:00.000000000,25601.38613907921,25667.554678796234,25601.38613907921,25667.554678796234,0.0
2021-08-31T00:00:00.000000000,25667.554678796234,25734.357789173908,25667.554678796234,25734.357789173908,0.0
2021-09-01T00:00:00.000000000,25734.357789173908,25803.35071475323,25734.357789173908,25803.35071475323,0.0
2021-09-02T00:00:00.000000000,25803.35071475323,25874.107106798685,25803.35071475323,25874.107106798685,0.0
2021-09-03T00:00:00.000000000,25874.107106798685,25946.151490780972,25874.107106798685,25946.151490780972,0.0
2021-09-04T00:00:00.000000000,25946.151490780972,26017.912958862522,25946.151490780972,26017.912958862522,0.0
2021-09-05T00:00:00.000000000,26017.912958862522,26092.940104166668,26017.912958862522,26092.940104166668,0.0
2021-09-06T00:00:00.000000000,26092.940104166668,26169.070263758913,26092.940104166668,26169.070263758913,0.0
2021-09-07T00:00:00.000000000,26169.070263758913,26235.310823654745,26169.070263758913,26235.310823654745,0.0
2021-09-08T00:00:00.000000000,26235.310823654745,26300.818284522615,26235.310823654745,26300.818284522615,0.0
2021-09-09T00:00:00.000000000,26300.818284522615,26367.789584725935,26300.818284522615,26367.789584725935,0.0
2021-09-10T00:00:00.000000000,26367.789584725935,26432.137919869652,26367.789584725935,26432.137919869652,0.0
2021-09-11T00:00:00.000000000,26432.137919869652,26497.252005347593,26432.137919869652,26497.252005347593,0.0
2021-09-12T00:00:00.000000000,26497.252005347593,26564.03232752618,26497.252005347593,26564.03232752618,0.0
2021-09-13T00:00:00.000000000,26564.03232752618,26628.917568376783,26564.03232752618,26628.917568376783,0.0
2021-09-14T00:00:00.000000000,26628.917568376783,26697.050941399288,26628.917568376783,26697.050941399288,0.0
2021-09-15T00:00:00.000000000,26697.050941399288,26767.262281013256,26697.050941399288,26767.262281013256,0.0
2021-09-16T00:00:00.000000000,26767.262281013256,26836.8311103916,26767.262281013256,26836.8311103916,0.0
2021-09-17T00:00:00.000000000,26836.8311103916,26904.90376072304,26836.8311103916,26904.90376072304,0.0
2021-09-18T00:00:00.000000000,26904.90376072304,26974.700226646055,26904.90376072304,26974.700226646055,0.0
2021-09-19T00:00:00.000000000,26974.700226646055,27043.060769691398,26974.700226646055,27043.060769691398,0.0
2021-09-20T00:00:00.000000000,27043.060769691398,27104.978210993206,27043.060769691398,27104.978210993206,0.0
2021-09-21T00:00:00.000000000,27104.978210993206,27163.39181393438,27104.978210993206,27163.39181393438,0.0
2021-09-22T00:00:00.000000000,27163.39181393438,27226.965393827984,27163.39181393438,27226.965393827984,0.0
2021-09-23T00:00:00.000000000,27226.965393827984,27292.889934791387,27226.965393827984,27292.889934791387,0.0
2021-09-24T00:00:00.000000000,27292.889934791387,27360.39254069881,27292.889934791387,27360.39254069881,0.0
2021-09-25T00:00:00.000000000,27360.39254069881,27426.61872023312,27360.39254069881,27426.61872023312,0.0
2021-09-26T00:00:00.000000000,27426.61872023312,27494.369473979223,27426.61872023312,27494.369473979223,0.0
2021-09-27T00:00:00.000000000,27494.369473979223,27560.04401146112,27494.369473979223,27560.04401146112,0.0
2021-09-28T00:00:00.000000000,27560.04401146112,27624.250897358233,27560.04401146112,27624.250897358233,0.0
2021-09-29T00:00:00.000000000,27624.250897358233,27689.025824072527,27624.250897358233,27689.025824072527,0.0
2021-09-30T00:00:00.000000000,27689.025824072527,27757.74677960673,27689.025824072527,27757.74677960673,0.0
2021-10-01T00:00:00.000000000,27757.74677960673,27832.480734214852,27757.74677960673,27832.480734214852,0.0
2021-10-02T00:00:00.000000000,27832.480734214852,27906.47843467998,27832.480734214852,27906.47843467998,0.0
2021-10-03T00:00:00.000000000,27906.47843467998,27981.37128088096,27906.47843467998,27981.37128088096,0.0
2021-10-04T00:00:00.000000000,27981.37128088096,28058.523950151794,27981.37128088096,28058.523950151794,0.0
2021-10-05T00:00:00.000000000,28058.523950151794,28138.913428865864,28058.523950151794,28138.913428865864,0.0
2021-10-06T00:00:00.000000000,28138.913428865864,28225.59194135751,28138.913428865864,28225.59194135751,0.0
2021-10-07T00:00:00.000000000,28225.59194135751,28309.593583758076,28225.59194135751,28309.593583758076,0.0
2021-10-08T00:00:00.000000000,28309.593583758076,28393.820691113804,28309.593583758076,28393.820691113804,0.0
2021-10-09T00:00:00.000000000,28393.820691113804,28480.270645331995,28393.820691113804,28480.270645331995,0.0
2021-10-10T00:00:00.000000000,28480.270645331995,28566.775786646336,28480.270645331995,28566.775786646336,0.0
2021-10-11T00:00:00.000000000,28566.775786646336,28658.687990022005,28566.775786646336,28658.687990022005,0.0
2021-10-12T00:00:00.000000000,28658.687990022005,28747.12153154941,28658.687990022005,28747.12153154941,0.0
2021-10-13T00:00:00.000000000,28747.12153154941,28837.963693982565,28747.12153154941,28837.963693982565,0.0
2021-10-14T00:00:00.000000000,28837.963693982565,28928.364312646223,28837.963693982565,28928.364312646223,0.0
2021-10-15T00:00:00.000000000,28928.364312646223,29026.04760089405,28928.364312646223,29026.04760089405,0.0
2021-10-16T00:00:00.000000000,29026.04760089405,29122.587337935885,29026.04760089405,29122.587337935885,0.0
2021-10-17T00:00:00.000000000,29122.587337935885,29220.066998976436,29122.587337935885,29220.066998976436,0.0
2021-10-18T00:00:00.000000000,29220.066998976436,29318.525018103832,29220.066998976436,29318.525018103832,0.0
2021-10-19T00:00:00.000000000,29318.525018103832,29420.11184686943,29318.525018103832,29420.11184686943,0.0
2021-10-20T00:00:00.000000000,29420.11184686943,29524.95395272811,29420.11184686943,29524.95395272811,0.0
2021-10-21T00:00:00.000000000,29524.95395272811,29622.772265102773,29524.95395272811,29622.772265102773,0.0
2021-10-22T00:00:00.000000000,29622.772265102773,29717.94191977217,29622.772265102773,29717.94191977217,0.0
2021-10-23T00:00:00.000000000,29717.94191977217,29815.140001810385,29717.94191977217,29815.140001810385,0.0
2021-10-24T00:00:00.000000000,29815.140001810385,29911.52458813781,29815.140001810385,29911.52458813781,0.0
2021-10-25T00:00:00.000000000,29911.52458813781,30011.468852704435,29911.52458813781,30011.468852704435,0.0
2021-10-26T00:00:00.000000000,30011.468852704435,30106.8677036333,30011.468852704435,30106.8677036333,0.0
2021-10-27T00:00:00.000000000,30106.8677036333,30198.91754139511,30106.8677036333,30198.91754139511,0.0
2021-10-28T00:00:00.000000000,30198.91754139511,30295.138623133913,30198.91754139511,30295.138623133913,0.0
2021-10-29T00:00:00.000000000,30295.138623133913,30393.37598613664,30295.138623133913,30393.37598613664,0.0
2021-10-30T00:00:00.000000000,30393.37598613664,30491.04558945382,30393.37598613664,30491.04558945382,0.0
2021-10-31T00:00:00.000000000,30491.04558945382,30587.411528833836,30491.04558945382,30587.411528833836,0.0
2021-11-01T00:00:00.000000000,30587.411528833836,30683.33841198056,30587.411528833836,30683.33841198056,0.0
2021-11-02T00:00:00.000000000,30683.33841198056,30783.77414076426,30683.33841198056,30783.77414076426,0.0
2021-11-03T00:00:00.000000000,30783.77414076426,30883.755822819185,30783.77414076426,30883.755822819185,0.0
2021-11-04T00:00:00.000000000,30883.755822819185,30980.60969616895,30883.755822819185,30980.60969616895,0.0
2021-11-05T00:00:00.000000000,30980.60969616895,31076.324404140207,30980.60969616895,31076.324404140207,0.0
2021-11-06T00:00:00.000000000,31076.324404140207,31172.5393410205,31076.324404140207,31172.5393410205,0.0
2021-11-07T00:00:00.000000000,31172.5393410205,31271.928025951147,31172.5393410205,31271.928025951147,0.0
2021-11-08T00:00:00.000000000,31271.928025951147,31378.67840195382,31271.928025951147,31378.67840195382,0.0
2021-11-09T00:00:00.000000000,31378.67840195382,31484.161872632576,31378.67840195382,31484.161872632576,0.0
2021-11-10T00:00:00.000000000,31484.161872632576,31586.101572944517,31484.161872632576,31586.101572944517,0.0
2021-11-11T00:00:00.000000000,31586.101572944517,31686.188779453543,31586.101572944517,31686.188779453543,0.0
2021-11-12T00:00:00.000000000,31686.188779453543,31785.11460422237,31686.188779453543,31785.11460422237,0.0
2021-11-13T00:00:00.000000000,31785.11460422237,31884.23182479668,31785.11460422237,31884.23182479668,0.0
2021-11-14T00:00:00.000000000,31884.23182479668,31984.90605503565,31884.23182479668,31984.90605503565,0.0
2021-11-15T00:00:00.000000000,31984.90605503565,32082.33992730615,31984.90605503565,32082.33992730615,0.0
2021-11-16T00:00:00.000000000,32082.33992730615,32173.692140847816,32082.33992730615,32173.692140847816,0.0
2021-11-17T00:00:00.000000000,32173.692140847816,32265.251751197637,32173.692140847816,32265.251751197637,0.0
2021-11-18T00:00:00.000000000,32265.251751197637,32350.231029272505,32265.251751197637,32350.231029272505,0.0
2021-11-19T00:00:00.000000000,32350.231029272505,32436.09209802529,32350.231029272505,32436.09209802529,0.0
2021-11-20T00:00:00.000000000,32436.09209802529,32524.959351673908,32436.09209802529,32524.959351673908,0.0
2021-11-21T00:00:00.000000000,32524.959351673908,32612.546838444185,32524.959351673908,32612.546838444185,0.0
2021-11-22T00:00:00.000000000,32612.546838444185,32697.27564129345,32612.546838444185,32697.27564129345,0.0
2021-11-23T00:00:00.000000000,32697.27564129345,32784.561342399174,32697.27564129345,32784.561342399174,0.0
2021-11-24T00:00:00.000000000,32784.561342399174,32869.18870111965,32784.561342399174,32869.18870111965,0.0
2021-11-25T00:00:00.000000000,32869.18870111965,32954.7585627646,32869.18870111965,32954.7585627646,0.0
2021-11-26T00:00:00.000000000,32954.7585627646,33032.89767853164,32954.7585627646,33032.89767853164,0.0
2021-11-27T00:00:00.000000000,33032.89767853164,33113.979462594696,33032.89767853164,33113.979462594696,0.0
2021-11-28T00:00:00.000000000,33113.979462594696,33199.31180369875,33113.979462594696,33199.31180369875,0.0
2021-11-29T00:00:00.000000000,33199.31180369875,33285.11541715408,33199.31180369875,33285.11541715408,0.0
2021-11-30T00:00:00.000000000,33285.11541715408,33369.39144315397,33285.11541715408,33369.39144315397,0.0
2021-12-01T00:00:00.000000000,33369.39144315397,33454.063083152294,33369.39144315397,33454.063083152294,0.0
2021-12-02T00:00:00.000000000,33454.063083152294,33537.761541193184,33454.063083152294,33537.761541193184,0.0
2021-12-03T00:00:00.000000000,33537.761541193184,33617.113563252,33537.761541193184,33617.113563252,0.0
2021-12-04T00:00:00.000000000,33617.113563252,33688.44712114249,33617.113563252,33688.44712114249,0.0
2021-12-05T00:00:00.000000000,33688.44712114249,33760.03279056651,33688.44712114249,33760.03279056651,0.0
2021-12-06T00:00:00.000000000,33760.03279056651,33834.5287920566,33760.03279056651,33834.5287920566,0.0
2021-12-07T00:00:00.000000000,33834.5287920566,33909.026388076534,33834.5287920566,33909.026388076534,0.0
2021-12-08T00:00:00.000000000,33909.026388076534,33983.30400686553,33909.026388076534,33983.30400686553,0.0
2021-12-09T00:00:00.000000000,33983.30400686553,34051.915599585,33983.30400686553,34051.915599585,0.0
2021-12-10T00:00:00.000000000,34051.915599585,34119.14831564728,34051.915599585,34119.14831564728,0.0
2021-12-11T00:00:00.000000000,34119.14831564728,34190.31299263313,34119.14831564728,34190.31299263313,0.0
2021-12-12T00:00:00.000000000,34190.31299263313,34262.32354856005,34190.31299263313,34262.32354856005,0.0
2021-12-13T00:00:00.000000000,34262.32354856005,34328.76993336397,34262.32354856005,34328.76993336397,0.0
2021-12-14T00:00:00.000000000,34328.76993336397,34393.734932041,34328.76993336397,34393.734932041,0.0
2021-12-15T00:00:00.000000000,34393.734932041,34463.90769308434,34393.734932041,34463.90769308434,0.0
2021-12-16T00:00:00.000000000,34463.90769308434,34531.65940076314,34463.90769308434,34531.65940076314,0.0
2021-12-17T00:00:00.000000000,34531.65940076314,34596.546223958336,34531.65940076314,34596.546223958336,0.0
2021-12-18T00:00:00.000000000,34596.546223958336,34662.82651654412,34596.546223958336,34662.82651654412,0.0
2021-12-19T00:00:00.000000000,34662.82651654412,34728.875243705435,34662.82651654412,34728.875243705435,0.0
2021-12-20T00:00:00.000000000,34728.875243705435,34795.0453413965,34728.875243705435,34795.0453413965,0.0
2021-12-21T00:00:00.000000000,34795.0453413965,34864.85839669675,34795.0453413965,34864.85839669675,0.0
2021-12-22T00:00:00.000000000,34864.85839669675,34934.07909459949,34864.85839669675,34934.07909459949,0.0
2021-12-23T00:00:00.000000000,34934.07909459949,35007.01036792558,34934.07909459949,35007.01036792558,0.0
2021-12-24T00:00:00.000000000,35007.01036792558,35080.986150568184,35007.01036792558,35080.986150568184,0.0
2021-12-25T00:00:00.000000000,35080.986150568184,35153.979048295456,35080.986150568184,35153.979048295456,0.0
2021-12-26T00:00:00.000000000,35153.979048295456,35227.65861742424,35153.979048295456,35227.65861742424,0.0
2021-12-27T00:00:00.000000000,35227.65861742424,35301.19449956829,35227.65861742424,35301.19449956829,0.0
2021-12-28T00:00:00.000000000,35301.19449956829,35369.17694755459,35301.19449956829,35369.17694755459,0.0
2021-12-29T00:00:00.000000000,35369.17694755459,35434.96426756072,35369.17694755459,35434.96426756072,0.0
2021-12-30T00:00:00.000000000,35434.96426756072,35502.16189700312,35434.96426756072,35502.16189700312,0.0
2021-12-31T00:00:00.000000000,35502.16189700312,35567.92768041165,35502.16189700312,35567.92768041165,0.0
2022-01-01T00:00:00.000000000,35567.92768041165,35636.37472844251,35567.92768041165,35636.37472844251,0.0
2022-01-02T00:00:00.000000000,35636.37472844251,35704.13386913714,35636.37472844251,35704.13386913714,0.0
2022-01-03T00:00:00.000000000,35704.13386913714,35770.36290176582,35704.13386913714,35770.36290176582,0.0
2022-01-04T00:00:00.000000000,35770.36290176582,35834.97761913714,35770.36290176582,35834.97761913714,0.0
2022-01-05T00:00:00.000000000,35834.97761913714,35895.47556156696,35834.97761913714,35895.47556156696,0.0
2022-01-06T00:00:00.000000000,35895.47556156696,35955.809464126556,35895.47556156696,35955.809464126556,0.0
2022-01-07T00:00:00.000000000,35955.809464126556,36013.37290239249,35955.809464126556,36013.37290239249,0.0
2022-01-08T00:00:00.000000000,36013.37290239249,36071.43176769998,36013.37290239249,36071.43176769998,0.0
2022-01-09T00:00:00.000000000,36071.43176769998,36130.01681393438,36071.43176769998,36130.01681393438,0.0
2022-01-10T00:00:00.000000000,36130.01681393438,36188.265797334556,36130.01681393438,36188.265797334556,0.0
2022-01-11T00:00:00.000000000,36188.265797334556,36248.06080798797,36188.265797334556,36248.06080798797,0.0
2022-01-12T00:00:00.000000000,36248.06080798797,36310.1126946162,36248.06080798797,36310.1126946162,0.0
2022-01-13T00:00:00.000000000,36310.1126946162,36369.58371978052,36310.1126946162,36369.58371978052,0.0
2022-01-14T00:00:00.000000000,36369.58371978052,36430.14751490085,36369.58371978052,36430.14751490085,0.0
2022-01-15T00:00:00.000000000,36430.14751490085,36490.914172167446,36430.14751490085,36490.914172167446,0.0
2022-01-16T00:00:00.000000000,36490.914172167446,36551.487060982065,36490.914172167446,36551.487060982065,0.0
2022-01-17T00:00:00.000000000,36551.487060982065,36610.62540037322,36551.487060982065,36610.62540037322,0.0
2022-01-18T00:00:00.000000000,36610.62540037322,36669.44921178699,36610.62540037322,36669.44921178699,0.0
2022-01-19T00:00:00.000000000,36669.44921178699,36727.367305871216,36669.44921178699,36727.367305871216,0.0
2022-01-20T00:00:00.000000000,36727.367305871216,36783.07512220087,36727.367305871216,36783.07512220087,0.0
2022-01-21T00:00:00.000000000,36783.07512220087,36831.5231589795,36783.07512220087,36831.5231589795,0.0
2022-01-22T00:00:00.000000000,36831.5231589795,36877.42590832498,36831.5231589795,36877.42590832498,0.0
2022-01-23T00:00:00.000000000,36877.42590832498,36925.619238107174,36877.42590832498,36925.619238107174,0.0
2022-01-24T00:00:00.000000000,36925.619238107174,36974.421070772056,36925.619238107174,36974.421070772056,0.0
2022-01-25T00:00:00.000000000,36974.421070772056,37023.81570472649,36974.421070772056,37023.81570472649,0.0
2022-01-26T00:00:00.000000000,37023.81570472649,37073.02944309826,37023.81570472649,37073.02944309826,0.0
2022-01-27T00:00:00.000000000,37073.02944309826,37122.84298580938,37073.02944309826,37122.84298580938,0.0
2022-01-28T00:00:00.000000000,37122.84298580938,37173.91625584893,37122.84298580938,37173.91625584893,0.0
2022-01-29T00:00:00.000000000,37173.91625584893,37225.586108093805,37173.91625584893,37225.586108093805,0.0
2022-01-30T00:00:00.000000000,37225.586108093805,37276.84914111241,37225.586108093805,37276.84914111241,0.0
2022-01-31T00:00:00.000000000,37276.84914111241,37329.07250584893,37276.84914111241,37329.07250584893,0.0
2022-02-01T00:00:00.000000000,37329.07250584893,37381.79807089739,37329.07250584893,37381.79807089739,0.0
2022-02-02T00:00:00.000000000,37381.79807089739,37430.95688850824,37381.79807089739,37430.95688850824,0.0
2022-02-03T00:00:00.000000000,37430.95688850824,37480.20686761921,37430.95688850824,37480.20686761921,0.0
2022-02-04T00:00:00.000000000,37480.20686761921,37537.104911709,37480.20686761921,37537.104911709,0.0
2022-02-05T00:00:00.000000000,37537.104911709,37593.975270861185,37537.104911709,37593.975270861185,0.0
2022-02-06T00:00:00.000000000,37593.975270861185,37652.32700047349,37593.975270861185,37652.32700047349,0.0
2022-02-07T00:00:00.000000000,37652.32700047349,37712.81740718304,37652.32700047349,37712.81740718304,0.0
2022-02-08T00:00:00.000000000,37712.81740718304,37771.868338137814,37712.81740718304,37771.868338137814,0.0
2022-02-09T00:00:00.000000000,37771.868338137814,37831.45117883801,37771.868338137814,37831.45117883801,0.0
2022-02-10T00:00:00.000000000,37831.45117883801,37889.320422167446,37831.45117883801,37889.320422167446,0.0
2022-02-11T00:00:00.000000000,37889.320422167446,37945.107808322195,37889.320422167446,37945.107808322195,0.0
2022-02-12T00:00:00.000000000,37945.107808322195,38000.22545886252,37945.107808322195,38000.22545886252,0.0
2022-02-13T00:00:00.000000000,38000.22545886252,38054.482005835,38000.22545886252,38054.482005835,0.0
2022-02-14T00:00:00.000000000,38054.482005835,38110.69110335896,38054.482005835,38110.69110335896,0.0
2022-02-15T00:00:00.000000000,38110.69110335896,38170.10082616143,38110.69110335896,38170.10082616143,0.0
2022-02-16T00:00:00.000000000,38170.10082616143,38228.48935877618,38170.10082616143,38228.48935877618,0.0
2022-02-17T00:00:00.000000000,38228.48935877618,38279.81019524287,38228.48935877618,38279.81019524287,0.0
2022-02-18T00:00:00.000000000,38279.81019524287,38330.168846089575,38279.81019524287,38330.168846089575,0.0
2022-02-19T00:00:00.000000000,38330.168846089575,38381.007854278076,38330.168846089575,38381.007854278076,0.0
2022-02-20T00:00:00.000000000,38381.007854278076,38428.56103254512,38381.007854278076,38428.56103254512,0.0
2022-02-21T00:00:00.000000000,38428.56103254512,38473.83650846702,38428.56103254512,38473.83650846702,0.0
2022-02-22T00:00:00.000000000,38473.83650846702,38520.90944254122,38473.83650846702,38520.90944254122,0.0
2022-02-23T00:00:00.000000000,38520.90944254122,38567.05212511141,38520.90944254122,38567.05212511141,0.0
2022-02-24T00:00:00.000000000,38567.05212511141,38614.73068982564,38567.05212511141,38614.73068982564,0.0
2022-02-25T00:00:00.000000000,38614.73068982564,38663.625664967694,38614.73068982564,38663.625664967694,0.0
2022-02-26T00:00:00.000000000,38663.625664967694,38712.35343206885,38663.625664967694,38712.35343206885,0.0
2022-02-27T00:00:00.000000000,38712.35343206885,38758.42132318126,38712.35343206885,38758.42132318126,0.0
2022-02-28T00:00:00.000000000,38758.42132318126,38814.21531723485,38758.42132318126,38814.21531723485,0.0
2022-03-01T00:00:00.000000000,38814.21531723485,38871.4349863525,38814.21531723485,38871.4349863525,0.0
2022-03-02T00:00:00.000000000,38871.4349863525,38928.356347830326,38871.4349863525,38928.356347830326,0.0
2022-03-03T00:00:00.000000000,38928.356347830326,38983.06847948697,38928.356347830326,38983.06847948697,0.0
2022-03-04T00:00:00.000000000,38983.06847948697,39031.65891335227,38983.06847948697,39031.65891335227,0.0
2022-03-05T00:00:00.000000000,39031.65891335227,39081.227713137814,39031.65891335227,39081.227713137814,0.0
2022-03-06T00:00:00.000000000,39081.227713137814,39128.88931595365,39081.227713137814,39128.88931595365,0.0
2022-03-07T00:00:00.000000000,39128.88931595365,39175.9431330771,39128.88931595365,39175.9431330771,0.0
2022-03-08T00:00:00.000000000,39175.9431330771,39224.00494025735,39175.9431330771,39224.00494025735,0.0
2022-03-09T00:00:00.000000000,39224.00494025735,39278.580325311945,39224.00494025735,39278.580325311945,0.0
2022-03-10T00:00:00.000000000,39278.580325311945,39328.40046373663,39278.580325311945,39328.40046373663,0.0
2022-03-11T00:00:00.000000000,39328.40046373663,39377.36940347872,39328.40046373663,39377.36940347872,0.0
2022-03-12T00:00:00.000000000,39377.36940347872,39426.14215164049,39377.36940347872,39426.14215164049,0.0
2022-03-13T00:00:00.000000000,39426.14215164049,39473.09901229668,39426.14215164049,39473.09901229668,0.0
2022-03-14T00:00:00.000000000,39473.09901229668,39522.93011398451,39473.09901229668,39522.93011398451,0.0
2022-03-15T00:00:00.000000000,39522.93011398451,39572.23129908924,39522.93011398451,39572.23129908924,0.0
2022-03-16T00:00:00.000000000,39572.23129908924,39624.23388584837,39572.23129908924,39624.23388584837,0.0
2022-03-17T00:00:00.000000000,39624.23388584837,39676.88512422014,39624.23388584837,39676.88512422014,0.0
2022-03-18T00:00:00.000000000,39676.88512422014,39733.13442791889,39676.88512422014,39733.13442791889,0.0
2022-03-19T00:00:00.000000000,39733.13442791889,39789.60294639873,39733.13442791889,39789.60294639873,0.0
2022-03-20T00:00:00.000000000,39789.60294639873,39845.00090867313,39789.60294639873,39845.00090867313,0.0
2022-03-21T00:00:00.000000000,39845.00090867313,39899.898670760915,39845.00090867313,39899.898670760915,0.0
2022-03-22T00:00:00.000000000,39899.898670760915,39956.92049806428,39899.898670760915,39956.92049806428,0.0
2022-03-23T00:00:00.000000000,39956.92049806428,40015.31878760027,39956.92049806428,40015.31878760027,0.0
2022-03-24T00:00:00.000000000,40015.31878760027,40075.42321886141,40015.31878760027,40075.42321886141,0.0
2022-03-25T00:00:00.000000000,40075.42321886141,40136.003596395945,40075.42321886141,40136.003596395945,0.0
2022-03-26T00:00:00.000000000,40136.003596395945,40196.787755194404,40136.003596395945,40196.787755194404,0.0
2022-03-27T00:00:00.000000000,40196.787755194404,40261.63324768828,40196.787755194404,40261.63324768828,0.0
2022-03-28T00:00:00.000000000,40261.63324768828,40327.237967914436,40261.63324768828,40327.237967914436,0.0
2022-03-29T00:00:00.000000000,40327.237967914436,40392.80818641377,40327.237967914436,40392.80818641377,0.0
2022-03-30T00:00:00.000000000,40392.80818641377,40457.452950924686,40392.80818641377,40457.452950924686,0.0
2022-03-31T00:00:00.000000000,40457.452950924686,40519.06395004735,40457.452950924686,40519.06395004735,0.0
2022-04-01T00:00:00.000000000,40519.06395004735,40582.0455085088,40519.06395004735,40582.0455085088,0.0
2022-04-02T00:00:00.000000000,40582.0455085088,40644.29927549855,40582.0455085088,40644.29927549855,0.0
2022-04-03T00:00:00.000000000,40644.29927549855,40707.32818766711,40644.29927549855,40707.32818766711,0.0
2022-04-04T00:00:00.000000000,40707.32818766711,40770.93675147616,40707.32818766711,40770.93675147616,0.0
2022-04-05T00:00:00.000000000,40770.93675147616,40833.492424242424,40770.93675147616,40833.492424242424,0.0
2022-04-06T00:00:00.000000000,40833.492424242424,40891.724649412325,40833.492424242424,40891.724649412325,0.0
2022-04-07T00:00:00.000000000,40891.724649412325,40951.00746783088,40891.724649412325,40951.00746783088,0.0
2022-04-08T00:00:00.000000000,40951.00746783088,41007.20639413436,40951.00746783088,41007.20639413436,0.0
2022-04-09T00:00:00.000000000,41007.20639413436,41064.40678615196,41007.20639413436,41064.40678615196,0.0
2022-04-10T00:00:00.000000000,41064.40678615196,41120.47977767101,41064.40678615196,41120.47977767101,0.0
2022-04-11T00:00:00.000000000,41120.47977767101,41171.72154739026,41120.47977767101,41171.72154739026,0.0
2022-04-12T00:00:00.000000000,41171.72154739026,41224.159214502564,41171.72154739026,41224.159214502564,0.0
2022-04-13T00:00:00.000000000,41224.159214502564,41278.20928552529,41224.159214502564,41278.20928552529,0.0
2022-04-14T00:00:00.000000000,41278.20928552529,41330.171895889034,41278.20928552529,41330.171895889034,0.0
2022-04-15T00:00:00.000000000,41330.171895889034,41383.53020728888,41330.171895889034,41383.53020728888,0.0
2022-04-16T00:00:00.000000000,41383.53020728888,41436.73610704936,41383.53020728888,41436.73610704936,0.0
2022-04-17T00:00:00.000000000,41436.73610704936,41488.72830673463,41436.73610704936,41488.72830673463,0.0
2022-04-18T00:00:00.000000000,41488.72830673463,41542.48344369708,41488.72830673463,41542.48344369708,0.0
2022-04-19T00:00:00.000000000,41542.48344369708,41597.22392525902,41542.48344369708,41597.22392525902,0.0
2022-04-20T00:00:00.000000000,41597.22392525902,41652.07236136642,41597.22392525902,41652.07236136642,0.0
2022-04-21T00:00:00.000000000,41652.07236136642,41705.29588102997,41652.07236136642,41705.29588102997,0.0
2022-04-22T00:00:00.000000000,41705.29588102997,41756.67669166388,41705.29588102997,41756.67669166388,0.0
2022-04-23T00:00:00.000000000,41756.67669166388,41807.34027893828,41756.67669166388,41807.34027893828,0.0
2022-04-24T00:00:00.000000000,41807.34027893828,41857.55940842246,41807.34027893828,41857.55940842246,0.0
2022-04-25T00:00:00.000000000,41857.55940842246,41909.384946663326,41857.55940842246,41909.384946663326,0.0
2022-04-26T00:00:00.000000000,41909.384946663326,41956.73271432152,41909.384946663326,41956.73271432152,0.0
2022-04-27T00:00:00.000000000,41956.73271432152,42006.314214641825,41956.73271432152,42006.314214641825,0.0
2022-04-28T00:00:00.000000000,42006.314214641825,42056.83885152072,42006.314214641825,42056.83885152072,0.0
2022-04-29T00:00:00.000000000,42056.83885152072,42105.17124832888,42056.83885152072,42105.17124832888,0.0
2022-04-30T00:00:00.000000000,42105.17124832888,42152.21715198864,42105.17124832888,42152.21715198864,0.0
2022-05-01T00:00:00.000000000,42152.21715198864,42200.543341271165,42152.21715198864,42200.543341271165,0.0
2022-05-02T00:00:00.000000000,42200.543341271165,42248.753624248,42200.543341271165,42248.753624248,0.0
2022-05-03T00:00:00.000000000,42248.753624248,42295.114437110075,42248.753624248,42295.114437110075,0.0
2022-05-04T00:00:00.000000000,42295.114437110075,42344.63678315787,42295.114437110075,42344.63678315787,0.0
2022-05-05T00:00:00.000000000,42344.63678315787,42386.97448578153,42344.63678315787,42386.97448578153,0.0
2022-05-06T00:00:00.000000000,42386.97448578153,42428.10644705325,42386.97448578153,42428.10644705325,0.0
2022-05-07T00:00:00.000000000,42428.10644705325,42468.338914187836,42428.10644705325,42468.338914187836,0.0
2022-05-08T00:00:00.000000000,42468.338914187836,42505.685087316175,42468.338914187836,42505.685087316175,0.0
2022-05-09T00:00:00.000000000,42505.685087316175,42536.461877506685,42505.685087316175,42536.461877506685,0.0
2022-05-10T00:00:00.000000000,42536.461877506685,42568.454138118315,42536.461877506685,42568.454138118315,0.0
2022-05-11T00:00:00.000000000,42568.454138118315,42595.69502353498,42568.454138118315,42595.69502353498,0.0
2022-05-12T00:00:00.000000000,42595.69502353498,42623.817067736185,42595.69502353498,42623.817067736185,0.0
2022-05-13T00:00:00.000000000,42623.817067736185,42652.06166792001,42623.817067736185,42652.06166792001,0.0
2022-05-14T00:00:00.000000000,42652.06166792001,42681.57101402351,42652.06166792001,42681.57101402351,0.0
2022-05-15T00:00:00.000000000,42681.57101402351,42712.80830130348,42681.57101402351,42712.80830130348,0.0
2022-05-16T00:00:00.000000000,42712.80830130348,42741.55305815508,42712.80830130348,42741.55305815508,0.0
2022-05-17T00:00:00.000000000,42741.55305815508,42771.63392832275,42741.55305815508,42771.63392832275,0.0
2022-05-18T00:00:00.000000000,42771.63392832275,42797.9618618399,42771.63392832275,42797.9618618399,0.0
2022-05-19T00:00:00.000000000,42797.9618618399,42826.80433412712,42797.9618618399,42826.80433412712,0.0
2022-05-20T00:00:00.000000000,42826.80433412712,42851.08399830102,42826.80433412712,42851.08399830102,0.0
2022-05-21T00:00:00.000000000,42851.08399830102,42875.80119206774,42851.08399830102,42875.80119206774,0.0
2022-05-22T00:00:00.000000000,42875.80119206774,42903.41254456328,42875.80119206774,42903.41254456328,0.0
2022-05-23T00:00:00.000000000,42903.41254456328,42927.68944790274,42903.41254456328,42927.68944790274,0.0
2022-05-24T00:00:00.000000000,42927.68944790274,42953.22112438725,42927.68944790274,42953.22112438725,0.0
2022-05-25T00:00:00.000000000,42953.22112438725,42978.66044521502,42953.22112438725,42978.66044521502,0.0
2022-05-26T00:00:00.000000000,42978.66044521502,43002.84205798797,42978.66044521502,43002.84205798797,0.0
2022-05-27T00:00:00.000000000,43002.84205798797,43024.858511586455,43002.84205798797,43024.858511586455,0.0
2022-05-28T00:00:00.000000000,43024.858511586455,43047.13496755236,43024.858511586455,43047.13496755236,0.0
2022-05-29T00:00:00.000000000,43047.13496755236,43070.981346089575,43047.13496755236,43070.981346089575,0.0
2022-05-30T00:00:00.000000000,43070.981346089575,43099.093293922684,43070.981346089575,43099.093293922684,0.0
2022-05-31T00:00:00.000000000,43099.093293922684,43125.96708932152,43099.093293922684,43125.96708932152,0.0
2022-06-01T00:00:00.000000000,43125.96708932152,43147.631392045456,43125.96708932152,43147.631392045456,0.0
2022-06-02T00:00:00.000000000,43147.631392045456,43170.20444449087,43147.631392045456,43170.20444449087,0.0
2022-06-03T00:00:00.000000000,43170.20444449087,43191.39392894942,43170.20444449087,43191.39392894942,0.0
2022-06-04T00:00:00.000000000,43191.39392894942,43211.37895499109,43191.39392894942,43211.37895499109,0.0
2022-06-05T00:00:00.000000000,43211.37895499109,43231.45815229501,43211.37895499109,43231.45815229501,0.0
2022-06-06T00:00:00.000000000,43231.45815229501,43254.6322519775,43231.45815229501,43254.6322519775,0.0
2022-06-07T00:00:00.000000000,43254.6322519775,43277.43324559938,43254.6322519775,43277.43324559938,0.0
2022-06-08T00:00:00.000000000,43277.43324559938,43297.231624610075,43277.43324559938,43297.231624610075,0.0
2022-06-09T00:00:00.000000000,43297.231624610075,43317.51661026626,43297.231624610075,43317.51661026626,0.0
2022-06-10T00:00:00.000000000,43317.51661026626,43338.78787878788,43317.51661026626,43338.78787878788,0.0
2022-06-11T00:00:00.000000000,43338.78787878788,43358.8456474209,43338.78787878788,43358.8456474209,0.0
2022-06-12T00:00:00.000000000,43358.8456474209,43374.969059854055,43358.8456474209,43374.969059854055,0.0
2022-06-13T00:00:00.000000000,43374.969059854055,43382.651598707664,43374.969059854055,43382.651598707664,0.0
2022-06-14T00:00:00.000000000,43382.651598707664,43387.252235127,43382.651598707664,43387.252235127,0.0
2022-06-15T00:00:00.000000000,43387.252235127,43393.9720957275,43387.252235127,43393.9720957275,0.0
2022-06-16T00:00:00.000000000,43393.9720957275,43396.07647824755,43393.9720957275,43396.07647824755,0.0
2022-06-17T00:00:00.000000000,43396.07647824755,43397.905504957664,43396.07647824755,43397.905504957664,0.0
2022-06-18T00:00:00.000000000,43397.905504957664,43398.472130542556,43397.905504957664,43398.472130542556,0.0
2022-06-19T00:00:00.000000000,43398.472130542556,43400.96596479501,43398.472130542556,43400.96596479501,0.0
2022-06-20T00:00:00.000000000,43400.96596479501,43403.20200047349,43400.96596479501,43403.20200047349,0.0
2022-06-21T00:00:00.000000000,43403.20200047349,43405.90960617201,43403.20200047349,43405.90960617201,0.0
2022-06-22T00:00:00.000000000,43405.90960617201,43408.879097732846,43405.90960617201,43408.879097732846,0.0
2022-06-23T00:00:00.000000000,43408.879097732846,43413.392397086674,43408.879097732846,43413.392397086674,0.0
2022-06-24T00:00:00.000000000,43413.392397086674,43418.68056832108,43413.392397086674,43418.68056832108,0.0
2022-06-25T00:00:00.000000000,43418.68056832108,43424.818596117424,43418.68056832108,43424.818596117424,0.0
2022-06-26T00:00:00.000000000,43424.818596117424,43428.78230141488,43424.818596117424,43428.78230141488,0.0
2022-06-27T00:00:00.000000000,43428.78230141488,43431.622044201205,43428.78230141488,43431.622044201205,0.0
2022-06-28T00:00:00.000000000,43431.622044201205,43433.465164048575,43431.622044201205,43433.465164048575,0.0
2022-06-29T00:00:00.000000000,43433.465164048575,43434.68966897839,43433.465164048575,43434.68966897839,0.0
2022-06-30T00:00:00.000000000,43434.68966897839,43434.68966897839,43431.969756155304,43431.969756155304,0.0
2022-07-01T00:00:00.000000000,43431.969756155304,43431.969756155304,43425.667091410425,43425.667091410425,0.0
2022-07-02T00:00:00.000000000,43425.667091410425,43425.667091410425,43418.72287558489,43418.72287558489,0.0
2022-07-03T00:00:00.000000000,43418.72287558489,43418.72287558489,43410.57179562166,43410.57179562166,0.0
2022-07-04T00:00:00.000000000,43410.57179562166,43410.57179562166,43404.78564017937,43404.78564017937,0.0
2022-07-05T00:00:00.000000000,43404.78564017937,43404.78564017937,43400.12794535428,43400.12794535428,0.0
2022-07-06T00:00:00.000000000,43400.12794535428,43400.12794535428,43394.361843387924,43394.361843387924,0.0
2022-07-07T00:00:00.000000000,43394.361843387924,43394.361843387924,43391.503095059044,43391.503095059044,0.0
2022-07-08T00:00:00.000000000,43391.503095059044,43391.503095059044,43387.92941942402,43387.92941942402,0.0
2022-07-09T00:00:00.000000000,43387.92941942402,43387.92941942402,43382.45244262478,43382.45244262478,0.0
2022-07-10T00:00:00.000000000,43382.45244262478,43382.45244262478,43372.512000752,43372.512000752,0.0
2022-07-11T00:00:00.000000000,43372.512000752,43372.512000752,43361.27895568739,43361.27895568739,0.0
2022-07-12T00:00:00.000000000,43361.27895568739,43361.27895568739,43347.444919089794,43347.444919089794,0.0
2022-07-13T00:00:00.000000000,43347.444919089794,43347.444919089794,43334.69917349042,43334.69917349042,0.0
2022-07-14T00:00:00.000000000,43334.69917349042,43334.69917349042,43319.95579879679,43319.95579879679,0.0
2022-07-15T00:00:00.000000000,43319.95579879679,43319.95579879679,43305.40073181261,43305.40073181261,0.0
2022-07-16T00:00:00.000000000,43305.40073181261,43305.40073181261,43290.81278896502,43290.81278896502,0.0
2022-07-17T00:00:00.000000000,43290.81278896502,43290.81278896502,43270.58476075089,43270.58476075089,0.0
2022-07-18T00:00:00.000000000,43270.58476075089,43270.58476075089,43252.23122423686,43252.23122423686,0.0
2022-07-19T00:00:00.000000000,43252.23122423686,43252.23122423686,43236.93268507687,43236.93268507687,0.0
2022-07-20T00:00:00.000000000,43236.93268507687,43236.93268507687,43217.75140652852,43217.75140652852,0.0
2022-07-21T00:00:00.000000000,43217.75140652852,43217.75140652852,43193.402503899284,43193.402503899284,0.0
2022-07-22T00:00:00.000000000,43193.402503899284,43193.402503899284,43163.71254943739,43163.71254943739,0.0
2022-07-23T00:00:00.000000000,43163.71254943739,43163.71254943739,43131.03495432264,43131.03495432264,0.0
2022-07-24T00:00:00.000000000,43131.03495432264,43131.03495432264,43099.581509024065,43099.581509024065,0.0
2022-07-25T00:00:00.000000000,43099.581509024065,43099.581509024065,43069.287854417336,43069.287854417336,0.0
2022-07-26T00:00:00.000000000,43069.287854417336,43069.287854417336,43043.74970407197,43043.74970407197,0.0
2022-07-27T00:00:00.000000000,43043.74970407197,43043.74970407197,43024.155386586455,43024.155386586455,0.0
2022-07-28T00:00:00.000000000,43024.155386586455,43024.155386586455,43000.14028381239,43000.14028381239,0.0
2022-07-29T00:00:00.000000000,43000.14028381239,43000.14028381239,42972.72014956551,42972.72014956551,0.0
2022-07-30T00:00:00.000000000,42972.72014956551,42972.72014956551,42949.245710784315,42949.245710784315,0.0
2022-07-31T00:00:00.000000000,42949.245710784315,42949.245710784315,42926.35579253008,42926.35579253008,0.0
2022-08-01T00:00:00.000000000,42926.35579253008,42926.35579253008,42904.1150115586,42904.1150115586,0.0
2022-08-02T00:00:00.000000000,42904.1150115586,42904.1150115586,42879.77997228721,42879.77997228721,0.0
2022-08-03T00:00:00.000000000,42879.77997228721,42879.77997228721,42856.20903311609,42856.20903311609,0.0
2022-08-04T00:00:00.000000000,42856.20903311609,42856.20903311609,42833.18444671903,42833.18444671903,0.0
2022-08-05T00:00:00.000000000,42833.18444671903,42833.18444671903,42819.75060578209,42819.75060578209,0.0
2022-08-06T00:00:00.000000000,42819.75060578209,42819.75060578209,42801.846002534534,42801.846002534534,0.0
2022-08-07T00:00:00.000000000,42801.846002534534,42801.846002534534,42785.99617730615,42785.99617730615,0.0
2022-08-08T00:00:00.000000000,42785.99617730615,42785.99617730615,42770.88050426136,42770.88050426136,0.0
2022-08-09T00:00:00.000000000,42770.88050426136,42770.88050426136,42754.47751991422,42754.47751991422,0.0
2022-08-10T00:00:00.000000000,42754.47751991422,42754.47751991422,42739.108166917336,42739.108166917336,0.0
2022-08-11T00:00:00.000000000,42739.108166917336,42739.108166917336,42727.566246100716,42727.566246100716,0.0
2022-08-12T00:00:00.000000000,42727.566246100716,42727.566246100716,42711.410668031414,42711.410668031414,0.0
2022-08-13T00:00:00.000000000,42711.410668031414,42711.410668031414,42693.777301971924,42693.777301971924,0.0
2022-08-14T00:00:00.000000000,42693.777301971924,42693.777301971924,42676.040778882576,42676.040778882576,0.0
2022-08-15T00:00:00.000000000,42676.040778882576,42676.040778882576,42660.03830701314,42660.03830701314,0.0
2022-08-16T00:00:00.000000000,42660.03830701314,42660.03830701314,42642.82995627228,42642.82995627228,0.0
2022-08-17T00:00:00.000000000,42642.82995627228,42642.82995627228,42621.12890276849,42621.12890276849,0.0
2022-08-18T00:00:00.000000000,42621.12890276849,42621.12890276849,42595.7111637979,42595.7111637979,0.0
2022-08-19T00:00:00.000000000,42595.7111637979,42595.7111637979,42567.104187555706,42567.104187555706,0.0
2022-08-20T00:00:00.000000000,42567.104187555706,42567.104187555706,42536.83993078765,42536.83993078765,0.0
2022-08-21T00:00:00.000000000,42536.83993078765,42536.83993078765,42505.23228261475,42505.23228261475,0.0
2022-08-22T00:00:00.000000000,42505.23228261475,42505.23228261475,42474.02990613859,42474.02990613859,0.0
2022-08-23T00:00:00.000000000,42474.02990613859,42474.02990613859,42430.057754707,42430.057754707,0.0
2022-08-24T00:00:00.000000000,42430.057754707,42430.057754707,42385.34102398062,42385.34102398062,0.0
2022-08-25T00:00:00.000000000,42385.34102398062,42385.34102398062,42343.777246267826,42343.777246267826,0.0
2022-08-26T00:00:00.000000000,42343.777246267826,42343.777246267826,42294.49148423574,42294.49148423574,0.0
2022-08-27T00:00:00.000000000,42294.49148423574,42294.49148423574,42245.53762811943,42245.53762811943,0.0
2022-08-28T00:00:00.000000000,42245.53762811943,42245.53762811943,42196.53816078988,42196.53816078988,0.0
2022-08-29T00:00:00.000000000,42196.53816078988,42196.53816078988,42145.87988107175,42145.87988107175,0.0
2022-08-30T00:00:00.000000000,42145.87988107175,42145.87988107175,42095.704747381904,42095.704747381904,0.0
2022-08-31T00:00:00.000000000,42095.704747381904,42095.704747381904,42043.74377158534,42043.74377158534,0.0
2022-09-01T00:00:00.000000000,42043.74377158534,42043.74377158534,41986.66379442402,41986.66379442402,0.0
2022-09-02T00:00:00.000000000,41986.66379442402,41986.66379442402,41930.139684993315,41930.139684993315,0.0
2022-09-03T00:00:00.000000000,41930.139684993315,41930.139684993315,41865.86866017714,41865.86866017714,0.0
2022-09-04T00:00:00.000000000,41865.86866017714,41865.86866017714,41801.49645582665,41801.49645582665,0.0
2022-09-05T00:00:00.000000000,41801.49645582665,41801.49645582665,41734.24587789661,41734.24587789661,0.0
2022-09-06T00:00:00.000000000,41734.24587789661,41734.24587789661,41671.19836926248,41671.19836926248,0.0
2022-09-07T00:00:00.000000000,41671.19836926248,41671.19836926248,41618.552911931816,41618.552911931816,0.0
2022-09-08T00:00:00.000000000,41618.552911931816,41618.552911931816,41564.40763912099,41564.40763912099,0.0
2022-09-09T00:00:00.000000000,41564.40763912099,41564.40763912099,41518.57395067402,41518.57395067402,0.0
2022-09-10T00:00:00.000000000,41518.57395067402,41518.57395067402,41474.618117062164,41474.618117062164,0.0
2022-09-11T00:00:00.000000000,41474.618117062164,41474.618117062164,41431.09013619652,41431.09013619652,0.0
2022-09-12T00:00:00.000000000,41431.09013619652,41431.09013619652,41390.50667752897,41390.50667752897,0.0
2022-09-13T00:00:00.000000000,41390.50667752897,41390.50667752897,41338.21695354278,41338.21695354278,0.0
2022-09-14T00:00:00.000000000,41338.21695354278,41338.21695354278,41288.06027183601,41288.06027183601,0.0
2022-09-15T00:00:00.000000000,41288.06027183601,41288.06027183601,41233.0923016934,41233.0923016934,0.0
2022-09-16T00:00:00.000000000,41233.0923016934,41233.0923016934,41181.77575270165,41181.77575270165,0.0
2022-09-17T00:00:00.000000000,41181.77575270165,41181.77575270165,41130.439338235294,41130.439338235294,0.0
2022-09-18T00:00:00.000000000,41130.439338235294,41130.439338235294,41077.867365056816,41077.867365056816,0.0
2022-09-19T00:00:00.000000000,41077.867365056816,41077.867365056816,41021.42785970923,41021.42785970923,0.0
2022-09-20T00:00:00.000000000,41021.42785970923,41021.42785970923,40961.97022267714,40961.97022267714,0.0
2022-09-21T00:00:00.000000000,40961.97022267714,40961.97022267714,40897.305843360075,40897.305843360075,0.0
2022-09-22T00:00:00.000000000,40897.305843360075,40897.305843360075,40832.074114304814,40832.074114304814,0.0
2022-09-23T00:00:00.000000000,40832.074114304814,40832.074114304814,40763.43332567402,40763.43332567402,0.0
2022-09-24T00:00:00.000000000,40763.43332567402,40763.43332567402,40694.99290120878,40694.99290120878,0.0
2022-09-25T00:00:00.000000000,40694.99290120878,40694.99290120878,40619.340515680706,40619.340515680706,0.0
2022-09-26T00:00:00.000000000,40619.340515680706,40619.340515680706,40547.89729904746,40547.89729904746,0.0
2022-09-27T00:00:00.000000000,40547.89729904746,40547.89729904746,40482.306118399065,40482.306118399065,0.0
2022-09-28T00:00:00.000000000,40482.306118399065,40482.306118399065,40415.67834363859,40415.67834363859,0.0
2022-09-29T00:00:00.000000000,40415.67834363859,40415.67834363859,40345.62871128565,40345.62871128565,0.0
2022-09-30T00:00:00.000000000,40345.62871128565,40345.62871128565,40277.13114834002,40277.13114834002,0.0
2022-10-01T00:00:00.000000000,40277.13114834002,40277.13114834002,40207.5508334726,40207.5508334726,0.0
2022-10-02T00:00:00.000000000,40207.5508334726,40207.5508334726,40137.551658589575,40137.551658589575,0.0
2022-10-03T00:00:00.000000000,40137.551658589575,40137.551658589575,40069.99400832776,40069.99400832776,0.0
2022-10-04T00:00:00.000000000,40069.99400832776,40069.99400832776,40009.045165580435,40009.045165580435,0.0
2022-10-05T00:00:00.000000000,40009.045165580435,40009.045165580435,39947.408394607846,39947.408394607846,0.0
2022-10-06T00:00:00.000000000,39947.408394607846,39947.408394607846,39888.907820159315,39888.907820159315,0.0
2022-10-07T00:00:00.000000000,39888.907820159315,39888.907820159315,39831.58641098485,39831.58641098485,0.0
2022-10-08T00:00:00.000000000,39831.58641098485,39831.58641098485,39767.91307027072,39767.91307027072,0.0
2022-10-09T00:00:00.000000000,39767.91307027072,39767.91307027072,39702.8024001504,39702.8024001504,0.0
2022-10-10T00:00:00.000000000,39702.8024001504,39702.8024001504,39637.18874289773,39637.18874289773,0.0
2022-10-11T00:00:00.000000000,39637.18874289773,39637.18874289773,39568.20695813837,39568.20695813837,0.0
2022-10-12T00:00:00.000000000,39568.20695813837,39568.20695813837,39497.33307918338,39497.33307918338,0.0
2022-10-13T00:00:00.000000000,39497.33307918338,39497.33307918338,39426.859054701425,39426.859054701425,0.0
2022-10-14T00:00:00.000000000,39426.859054701425,39426.859054701425,39355.71796317959,39355.71796317959,0.0
2022-10-15T00:00:00.000000000,39355.71796317959,39355.71796317959,39283.852227467694,39283.852227467694,0.0
2022-10-16T00:00:00.000000000,39283.852227467694,39283.852227467694,39215.517473679814,39215.517473679814,0.0
2022-10-17T00:00:00.000000000,39215.517473679814,39215.517473679814,39145.62835269051,39145.62835269051,0.0
2022-10-18T00:00:00.000000000,39145.62835269051,39145.62835269051,39074.82004094251,39074.82004094251,0.0
2022-10-19T00:00:00.000000000,39074.82004094251,39074.82004094251,39005.20716354724,39005.20716354724,0.0
2022-10-20T00:00:00.000000000,39005.20716354724,39005.20716354724,38939.26207038213,38939.26207038213,0.0
2022-10-21T00:00:00.000000000,38939.26207038213,38939.26207038213,38869.473328180706,38869.473328180706,0.0
2022-10-22T00:00:00.000000000,38869.473328180706,38869.473328180706,38799.888988692066,38799.888988692066,0.0
2022-10-23T00:00:00.000000000,38799.888988692066,38799.888988692066,38728.1844850156,38728.1844850156,0.0
2022-10-24T00:00:00.000000000,38728.1844850156,38728.1844850156,38655.35134316511,38655.35134316511,0.0
2022-10-25T00:00:00.000000000,38655.35134316511,38655.35134316511,38584.41088736631,38584.41088736631,0.0
2022-10-26T00:00:00.000000000,38584.41088736631,38584.41088736631,38508.23795398841,38508.23795398841,0.0
2022-10-27T00:00:00.000000000,38508.23795398841,38508.23795398841,38431.903088792336,38431.903088792336,0.0
2022-10-28T00:00:00.000000000,38431.903088792336,38431.903088792336,38355.755744485294,38355.755744485294,0.0
2022-10-29T00:00:00.000000000,38355.755744485294,38355.755744485294,38283.10991115196,38283.10991115196,0.0
2022-10-30T00:00:00.000000000,38283.10991115196,38283.10991115196,38211.72271543561,38211.72271543561,0.0
2022-10-31T00:00:00.000000000,38211.72271543561,38211.72271543561,38148.049970059044,38148.049970059044,0.0
2022-11-01T00:00:00.000000000,38148.049970059044,38148.049970059044,38085.23536722928,38085.23536722928,0.0
2022-11-02T00:00:00.000000000,38085.23536722928,38085.23536722928,38020.50537196413,38020.50537196413,0.0
2022-11-03T00:00:00.000000000,38020.50537196413,38020.50537196413,37960.441019802805,37960.441019802805,0.0
2022-11-04T00:00:00.000000000,37960.441019802805,37960.441019802805,37905.8687506963,37905.8687506963,0.0
2022-11-05T00:00:00.000000000,37905.8687506963,37905.8687506963,37852.72978289327,37852.72978289327,0.0
2022-11-06T00:00:00.000000000,37852.72978289327,37852.72978289327,37800.81466549688,37800.81466549688,0.0
2022-11-07T00:00:00.000000000,37800.81466549688,37800.81466549688,37750.18821719028,37750.18821719028,0.0
2022-11-08T00:00:00.000000000,37750.18821719028,37750.18821719028,37686.94315048463,37686.94315048463,0.0
2022-11-09T00:00:00.000000000,37686.94315048463,37686.94315048463,37617.15288860573,37617.15288860573,0.0
2022-11-10T00:00:00.000000000,37617.15288860573,37617.15288860573,37550.77511384525,37550.77511384525,0.0
2022-11-11T00:00:00.000000000,37550.77511384525,37550.77511384525,37485.67561935996,37485.67561935996,0.0
2022-11-12T00:00:00.000000000,37485.67561935996,37485.67561935996,37412.67920182988,37412.67920182988,0.0
2022-11-13T00:00:00.000000000,37412.67920182988,37412.67920182988,37338.74928106896,37338.74928106896,0.0
2022-11-14T00:00:00.000000000,37338.74928106896,37338.74928106896,37267.42507624499,37267.42507624499,0.0
2022-11-15T00:00:00.000000000,37267.42507624499,37267.42507624499,37195.56111958277,37195.56111958277,0.0
2022-11-16T00:00:00.000000000,37195.56111958277,37195.56111958277,37130.20621831829,37130.20621831829,0.0
2022-11-17T00:00:00.000000000,37130.20621831829,37130.20621831829,37057.59215372939,37057.59215372939,0.0
2022-11-18T00:00:00.000000000,37057.59215372939,37057.59215372939,36986.82791436887,36986.82791436887,0.0
2022-11-19T00:00:00.000000000,36986.82791436887,36986.82791436887,36914.377191608175,36914.377191608175,0.0
2022-11-20T00:00:00.000000000,36914.377191608175,36914.377191608175,36838.598322958445,36838.598322958445,0.0
2022-11-21T00:00:00.000000000,36838.598322958445,36838.598322958445,36762.938728971705,36762.938728971705,0.0
2022-11-22T00:00:00.000000000,36762.938728971705,36762.938728971705,36692.22566775289,36692.22566775289,0.0
2022-11-23T00:00:00.000000000,36692.22566775289,36692.22566775289,36620.75709879122,36620.75709879122,0.0
2022-11-24T00:00:00.000000000,36620.75709879122,36620.75709879122,36562.742713207444,36562.742713207444,0.0
2022-11-25T00:00:00.000000000,36562.742713207444,36562.742713207444,36503.57274955437,36503.57274955437,0.0
2022-11-26T00:00:00.000000000,36503.57274955437,36503.57274955437,36444.00723456997,36444.00723456997,0.0
2022-11-27T00:00:00.000000000,36444.00723456997,36444.00723456997,36389.9688022226,36389.9688022226,0.0
2022-11-28T00:00:00.000000000,36389.9688022226,36389.9688022226,36336.06731144162,36336.06731144162,0.0
2022-11-29T00:00:00.000000000,36336.06731144162,36336.06731144162,36287.774032837566,36287.774032837566,0.0
2022-11-30T00:00:00.000000000,36287.774032837566,36287.774032837566,36241.89018981172,36241.89018981172,0.0
2022-12-01T00:00:00.000000000,36241.89018981172,36241.89018981172,36206.17662725601,36206.17662725601,0.0
2022-12-02T00:00:00.000000000,36206.17662725601,36206.17662725601,36163.94119387812,36163.94119387812,0.0
2022-12-03T00:00:00.000000000,36163.94119387812,36163.94119387812,36127.583876448305,36127.583876448305,0.0
2022-12-04T00:00:00.000000000,36127.583876448305,36127.583876448305,36091.209283784534,36091.209283784534,0.0
2022-12-05T00:00:00.000000000,36091.209283784534,36091.209283784534,36059.48779383913,36059.48779383913,0.0
2022-12-06T00:00:00.000000000,36059.48779383913,36059.48779383913,36020.955750055706,36020.955750055706,0.0
2022-12-07T00:00:00.000000000,36020.955750055706,36020.955750055706,35982.534902100044,35982.534902100044,0.0
2022-12-08T00:00:00.000000000,35982.534902100044,35982.534902100044,35943.210972315064,35943.210972315064,0.0
2022-12-09T00:00:00.000000000,35943.210972315064,35943.210972315064,35905.23625501337,35905.23625501337,0.0
2022-12-10T00:00:00.000000000,35905.23625501337,35905.23625501337,35872.13664563837,35872.13664563837,0.0
2022-12-11T00:00:00.000000000,35872.13664563837,35872.13664563837,35840.92118566176,35840.92118566176,0.0
2022-12-12T00:00:00.000000000,35840.92118566176,35840.92118566176,35807.99481951872,35807.99481951872,0.0
2022-12-13T00:00:00.000000000,35807.99481951872,35807.99481951872,35773.143594724825,35773.143594724825,0.0
2022-12-14T00:00:00.000000000,35773.143594724825,35773.143594724825,35739.50852272727,35739.50852272727,0.0
2022-12-15T00:00:00.000000000,35739.50852272727,35739.50852272727,35703.483006768045,35703.483006768045,0.0
2022-12-16T00:00:00.000000000,35703.483006768045,35703.483006768045,35663.26681915664,35663.26681915664,0.0
2022-12-17T00:00:00.000000000,35663.26681915664,35663.26681915664,35627.43916415998,35627.43916415998,0.0
2022-12-18T00:00:00.000000000,35627.43916415998,35627.43916415998,35593.938307709446,35593.938307709446,0.0
2022-12-19T00:00:00.000000000,35593.938307709446,35593.938307709446,35559.3167404746,35559.3167404746,0.0
2022-12-20T00:00:00.000000000,35559.3167404746,35559.3167404746,35529.62974877451,35529.62974877451,0.0
2022-12-21T00:00:00.000000000,35529.62974877451,35529.62974877451,35499.9415176582,35499.9415176582,0.0
2022-12-22T00:00:00.000000000,35499.9415176582,35499.9415176582,35463.373283617424,35463.373283617424,0.0
2022-12-23T00:00:00.000000000,35463.373283617424,35463.373283617424,35427.8908512979,35427.8908512979,0.0
2022-12-24T00:00:00.000000000,35427.8908512979,35427.8908512979,35391.37277183601,35391.37277183601,0.0
2022-12-25T00:00:00.000000000,35391.37277183601,35391.37277183601,35358.02066970254,35358.02066970254,0.0
2022-12-26T00:00:00.000000000,35358.02066970254,35358.02066970254,35318.48759539327,35318.48759539327,0.0
2022-12-27T00:00:00.000000000,35318.48759539327,35318.48759539327,35276.59579016265,35276.59579016265,0.0
2022-12-28T00:00:00.000000000,35276.59579016265,35276.59579016265,35234.07583068739,35234.07583068739,0.0
2022-12-29T00:00:00.000000000,35234.07583068739,35234.07583068739,35195.38648897059,35195.38648897059,0.0
2022-12-30T00:00:00.000000000,35195.38648897059,35195.38648897059,35157.14955854501,35157.14955854501,0.0
2022-12-31T00:00:00.000000000,35157.14955854501,35157.14955854501,35122.854103999554,35122.854103999554,0.0
2023-01-01T00:00:00.000000000,35122.854103999554,35122.854103999554,35089.00242660985,35089.00242660985,0.0
2023-01-02T00:00:00.000000000,35089.00242660985,35089.00242660985,35055.11681846034,35055.11681846034,0.0
2023-01-03T00:00:00.000000000,35055.11681846034,35055.11681846034,35028.38449058601,35028.38449058601,0.0
2023-01-04T00:00:00.000000000,35028.38449058601,35028.38449058601,35000.50138563948,35000.50138563948,0.0
2023-01-05T00:00:00.000000000,35000.50138563948,35000.50138563948,34970.40104514817,34970.40104514817,0.0
2023-01-06T00:00:00.000000000,34970.40104514817,34970.40104514817,34938.831582135695,34938.831582135695,0.0
2023-01-07T00:00:00.000000000,34938.831582135695,34938.831582135695,34912.659209280304,34912.659209280304,0.0
2023-01-08T00:00:00.000000000,34912.659209280304,34912.659209280304,34885.75166415998,34885.75166415998,0.0
2023-01-09T00:00:00.000000000,34885.75166415998,34885.75166415998,34854.64098707665,34854.64098707665,0.0
2023-01-10T00:00:00.000000000,34854.64098707665,34854.64098707665,34824.359270554814,34824.359270554814,0.0
2023-01-11T00:00:00.000000000,34824.359270554814,34824.359270554814,34792.39335101938,34792.39335101938,0.0
2023-01-12T00:00:00.000000000,34792.39335101938,34792.39335101938,34763.56759692513,34763.56759692513,0.0
2023-01-13T00:00:00.000000000,34763.56759692513,34763.56759692513,34739.213687889925,34739.213687889925,0.0
2023-01-14T00:00:00.000000000,34739.213687889925,34739.213687889925,34716.18205144274,34716.18205144274,0.0
2023-01-15T00:00:00.000000000,34716.18205144274,34716.18205144274,34691.60496045009,34691.60496045009,0.0
2023-01-16T00:00:00.000000000,34691.60496045009,34691.60496045009,34666.438920454544,34666.438920454544,0.0
2023-01-17T00:00:00.000000000,34666.438920454544,34666.438920454544,34644.00668449198,34644.00668449198,0.0
2023-01-18T00:00:00.000000000,34644.00668449198,34644.00668449198,34619.85977885473,34619.85977885473,0.0
2023-01-19T00:00:00.000000000,34619.85977885473,34619.85977885473,34597.09946663324,34597.09946663324,0.0
2023-01-20T00:00:00.000000000,34597.09946663324,34597.09946663324,34578.916189700314,34578.916189700314,0.0
2023-01-21T00:00:00.000000000,34578.916189700314,34578.916189700314,34559.272006600935,34559.272006600935,0.0
2023-01-22T00:00:00.000000000,34559.272006600935,34559.272006600935,34540.02048518271,34540.02048518271,0.0
2023-01-23T00:00:00.000000000,34540.02048518271,34540.02048518271,34519.86762268828,34519.86762268828,0.0
2023-01-24T00:00:00.000000000,34519.86762268828,34519.86762268828,34501.11650164327,34501.11650164327,0.0
2023-01-25T00:00:00.000000000,34501.11650164327,34501.11650164327,34484.03242674911,34484.03242674911,0.0
2023-01-26T00:00:00.000000000,34484.03242674911,34484.03242674911,34466.582212288326,34466.582212288326,0.0
2023-01-27T00:00:00.000000000,34466.582212288326,34466.582212288326,34451.070622354055,34451.070622354055,0.0
2023-01-28T00:00:00.000000000,34451.070622354055,34451.070622354055,34436.11438488748,34436.11438488748,0.0
2023-01-29T00:00:00.000000000,34436.11438488748,34436.11438488748,34422.28461313502,34422.28461313502,0.0
2023-01-30T00:00:00.000000000,34422.28461313502,34422.28461313502,34406.31906612077,34406.31906612077,0.0
2023-01-31T00:00:00.000000000,34406.31906612077,34406.31906612077,34392.63181330771,34392.63181330771,0.0
2023-02-01T00:00:00.000000000,34392.63181330771,34392.63181330771,34381.78764552696,34381.78764552696,0.0
2023-02-02T00:00:00.000000000,34381.78764552696,34381.78764552696,34366.38867535651,34366.38867535651,0.0
2023-02-03T00:00:00.000000000,34366.38867535651,34366.38867535651,34350.58870529746,34350.58870529746,0.0
2023-02-04T00:00:00.000000000,34350.58870529746,34350.58870529746,34332.31828974488,34332.31828974488,0.0
2023-02-05T00:00:00.000000000,34332.31828974488,34332.31828974488,34312.11012700535,34312.11012700535,0.0
2023-02-06T00:00:00.000000000,34312.11012700535,34312.11012700535,34289.66792000891,34289.66792000891,0.0
2023-02-07T00:00:00.000000000,34289.66792000891,34289.66792000891,34264.581923323305,34264.581923323305,0.0
2023-02-08T00:00:00.000000000,34264.581923323305,34264.581923323305,34235.2280142881,34235.2280142881,0.0
2023-02-09T00:00:00.000000000,34235.2280142881,34235.2280142881,34202.827181511806,34202.827181511806,0.0
2023-02-10T00:00:00.000000000,34202.827181511806,34202.827181511806,34170.10483163436,34170.10483163436,0.0
2023-02-11T00:00:00.000000000,34170.10483163436,34170.10483163436,34133.80416875557,34133.80416875557,0.0
2023-02-12T00:00:00.000000000,34133.80416875557,34133.80416875557,34098.44232884915,34098.44232884915,0.0
2023-02-13T00:00:00.000000000,34098.44232884915,34098.44232884915,34066.05945368204,34066.05945368204,0.0
2023-02-14T00:00:00.000000000,34066.05945368204,34066.05945368204,34035.79004080325,34035.79004080325,0.0
2023-02-15T00:00:00.000000000,34035.79004080325,34035.79004080325,34011.11064923128,34011.11064923128,0.0
2023-02-16T00:00:00.000000000,34011.11064923128,34011.11064923128,33982.36906403186,33982.36906403186,0.0
2023-02-17T00:00:00.000000000,33982.36906403186,33982.36906403186,33953.306758996216,33953.306758996216,0.0
2023-02-18T00:00:00.000000000,33953.306758996216,33953.306758996216,33920.90885764817,33920.90885764817,0.0
2023-02-19T00:00:00.000000000,33920.90885764817,33920.90885764817,33884.85153464795,33884.85153464795,0.0
2023-02-20T00:00:00.000000000,33884.85153464795,33884.85153464795,33851.03875612745,33851.03875612745,0.0
2023-02-21T00:00:00.000000000,33851.03875612745,33851.03875612745,33811.94954253008,33811.94954253008,0.0
2023-02-22T00:00:00.000000000,33811.94954253008,33811.94954253008,33773.810170872326,33773.810170872326,0.0
2023-02-23T00:00:00.000000000,33773.810170872326,33773.810170872326,33735.22524300913,33735.22524300913,0.0
2023-02-24T00:00:00.000000000,33735.22524300913,33735.22524300913,33697.38181678922,33697.38181678922,0.0
2023-02-25T00:00:00.000000000,33697.38181678922,33697.38181678922,33653.499561330216,33653.499561330216,0.0
2023-02-26T00:00:00.000000000,33653.499561330216,33653.499561330216,33611.54638410762,33611.54638410762,0.0
2023-02-27T00:00:00.000000000,33611.54638410762,33611.54638410762,33569.61388355058,33569.61388355058,0.0
2023-02-28T00:00:00.000000000,33569.61388355058,33569.61388355058,33528.87033478164,33528.87033478164,0.0
2023-03-01T00:00:00.000000000,33528.87033478164,33528.87033478164,33491.35017686052,33491.35017686052,0.0
2023-03-02T00:00:00.000000000,33491.35017686052,33491.35017686052,33453.33641446636,33453.33641446636,0.0
2023-03-03T00:00:00.000000000,33453.33641446636,33453.33641446636,33409.9230482676,33409.9230482676,0.0
2023-03-04T00:00:00.000000000,33409.9230482676,33409.9230482676,33361.81997131239,33361.81997131239,0.0
2023-03-05T00:00:00.000000000,33361.81997131239,33361.81997131239,33314.636408895945,33314.636408895945,0.0
2023-03-06T00:00:00.000000000,33314.636408895945,33314.636408895945,33266.70076802027,33266.70076802027,0.0
2023-03-07T00:00:00.000000000,33266.70076802027,33266.70076802027,33217.99064519274,33217.99064519274,0.0
2023-03-08T00:00:00.000000000,33217.99064519274,33217.99064519274,33171.66615836676,33171.66615836676,0.0
2023-03-09T00:00:00.000000000,33171.66615836676,33171.66615836676,33120.68974557152,33120.68974557152,0.0
2023-03-10T00:00:00.000000000,33120.68974557152,33120.68974557152,33072.99816872772,33072.99816872772,0.0
2023-03-11T00:00:00.000000000,33072.99816872772,33072.99816872772,33022.32747743984,33022.32747743984,0.0
2023-03-12T00:00:00.000000000,33022.32747743984,33022.32747743984,32974.665350657306,32974.665350657306,0.0
2023-03-13T00:00:00.000000000,32974.665350657306,32974.665350657306,32930.75750960896,32930.75750960896,0.0
2023-03-14T00:00:00.000000000,32930.75750960896,32930.75750960896,32890.991181344696,32890.991181344696,0.0
2023-03-15T00:00:00.000000000,32890.991181344696,32890.991181344696,32850.36600030637,32850.36600030637,0.0
2023-03-16T00:00:00.000000000,32850.36600030637,32850.36600030637,32807.95202832553,32807.95202832553,0.0
2023-03-17T00:00:00.000000000,32807.95202832553,32807.95202832553,32768.90783408534,32768.90783408534,0.0
2023-03-18T00:00:00.000000000,32768.90783408534,32768.90783408534,32727.803562973484,32727.803562973484,0.0
2023-03-19T00:00:00.000000000,32727.803562973484,32727.803562973484,32688.7555251504,32688.7555251504,0.0
2023-03-20T00:00:00.000000000,32688.7555251504,32688.7555251504,32645.999422069963,32645.999422069963,0.0
2023-03-21T00:00:00.000000000,32645.999422069963,32645.999422069963,32602.402775456772,32602.402775456772,0.0
2023-03-22T00:00:00.000000000,32602.402775456772,32602.402775456772,32567.636837121212,32567.636837121212,0.0
2023-03-23T00:00:00.000000000,32567.636837121212,32567.636837121212,32535.983685661766,32535.983685661766,0.0
2023-03-24T00:00:00.000000000,32535.983685661766,32535.983685661766,32502.297167446523,32502.297167446523,0.0
2023-03-25T00:00:00.000000000,32502.297167446523,32502.297167446523,32471.300370432265,32471.300370432265,0.0
2023-03-26T00:00:00.000000000,32471.300370432265,32471.300370432265,32440.62812987411,32440.62812987411,0.0
2023-03-27T00:00:00.000000000,32440.62812987411,32440.62812987411,32406.89661319073,32406.89661319073,0.0
2023-03-28T00:00:00.000000000,32406.89661319073,32406.89661319073,32375.354824671347,32375.354824671347,0.0
2023-03-29T00:00:00.000000000,32375.354824671347,32375.354824671347,32341.9429694463,32341.9429694463,0.0
2023-03-30T00:00:00.000000000,32341.9429694463,32341.9429694463,32306.037826565283,32306.037826565283,0.0
2023-03-31T00:00:00.000000000,32306.037826565283,32306.037826565283,32271.626284675804,32271.626284675804,0.0
2023-04-01T00:00:00.000000000,32271.626284675804,32271.626284675804,32238.01401306261,32238.01401306261,0.0
2023-04-02T00:00:00.000000000,32238.01401306261,32238.01401306261,32202.22247173017,32202.22247173017,0.0
2023-04-03T00:00:00.000000000,32202.22247173017,32202.22247173017,32167.516592858734,32167.516592858734,0.0
2023-04-04T00:00:00.000000000,32167.516592858734,32167.516592858734,32141.35668031417,32141.35668031417,0.0
2023-04-05T00:00:00.000000000,32141.35668031417,32141.35668031417,32119.04706996435,32119.04706996435,0.0
2023-04-06T00:00:00.000000000,32119.04706996435,32119.04706996435,32091.36370599376,32091.36370599376,0.0
2023-04-07T00:00:00.000000000,32091.36370599376,32091.36370599376,32061.115509413994,32061.115509413994,0.0
2023-04-08T00:00:00.000000000,32061.115509413994,32061.115509413994,32034.57013494318,32034.57013494318,0.0
2023-04-09T00:00:00.000000000,32034.57013494318,32034.57013494318,32008.93102091689,32008.93102091689,0.0
2023-04-10T00:00:00.000000000,32008.93102091689,32008.93102091689,31984.767814867424,31984.767814867424,0.0
2023-04-11T00:00:00.000000000,31984.767814867424,31984.767814867424,31963.376242897728,31963.376242897728,0.0
2023-04-12T00:00:00.000000000,31963.376242897728,31963.376242897728,31943.95469167781,31943.95469167781,0.0
2023-04-13T00:00:00.000000000,31943.95469167781,31943.95469167781,31924.052201704544,31924.052201704544,0.0
2023-04-14T00:00:00.000000000,31924.052201704544,31924.052201704544,31900.335276013815,31900.335276013815,0.0
2023-04-15T00:00:00.000000000,31900.335276013815,31900.335276013815,31868.608992034315,31868.608992034315,0.0
2023-04-16T00:00:00.000000000,31868.608992034315,31868.608992034315,31837.59984263592,31837.59984263592,0.0
2023-04-17T00:00:00.000000000,31837.59984263592,31837.59984263592,31804.16863371769,31804.16863371769,0.0
2023-04-18T00:00:00.000000000,31804.16863371769,31804.16863371769,31770.807939226826,31770.807939226826,0.0
2023-04-19T00:00:00.000000000,31770.807939226826,31770.807939226826,31730.35850462344,31730.35850462344,0.0
2023-04-20T00:00:00.000000000,31730.35850462344,31730.35850462344,31682.024349654635,31682.024349654635,0.0
2023-04-21T00:00:00.000000000,31682.024349654635,31682.024349654635,31634.735447303923,31634.735447303923,0.0
2023-04-22T00:00:00.000000000,31634.735447303923,31634.735447303923,31588.121636864973,31588.121636864973,0.0
2023-04-23T00:00:00.000000000,31588.121636864973,31588.121636864973,31539.32156932375,31539.32156932375,0.0
2023-04-24T00:00:00.000000000,31539.32156932375,31539.32156932375,31490.754299660206,31490.754299660206,0.0
2023-04-25T00:00:00.000000000,31490.754299660206,31490.754299660206,31438.74504581662,31438.74504581662,0.0
2023-04-26T00:00:00.000000000,31438.74504581662,31438.74504581662,31389.514462176918,31389.514462176918,0.0
2023-04-27T00:00:00.000000000,31389.514462176918,31389.514462176918,31339.73315995432,31339.73315995432,0.0
2023-04-28T00:00:00.000000000,31339.73315995432,31339.73315995432,31289.855688084892,31289.855688084892,0.0
2023-04-29T00:00:00.000000000,31289.855688084892,31289.855688084892,31232.19889496992,31232.19889496992,0.0
2023-04-30T00:00:00.000000000,31232.19889496992,31232.19889496992,31175.82924604501,31175.82924604501,0.0
2023-05-01T00:00:00.000000000,31175.82924604501,31175.82924604501,31116.182100183825,31116.182100183825,0.0
2023-05-02T00:00:00.000000000,31116.182100183825,31116.182100183825,31056.7426331328,31056.7426331328,0.0
2023-05-03T00:00:00.000000000,31056.7426331328,31056.7426331328,30993.898277350712,30993.898277350712,0.0
2023-05-04T00:00:00.000000000,30993.898277350712,30993.898277350712,30927.68593332219,30927.68593332219,0.0
2023-05-05T00:00:00.000000000,30927.68593332219,30927.68593332219,30869.44032350156,30869.44032350156,0.0
2023-05-06T00:00:00.000000000,30869.44032350156,30869.44032350156,30812.777859012924,30812.777859012924,0.0
2023-05-07T00:00:00.000000000,30812.777859012924,30812.777859012924,30754.063708082664,30754.063708082664,0.0
2023-05-08T00:00:00.000000000,30754.063708082664,30754.063708082664,30694.81849863525,30694.81849863525,0.0
2023-05-09T00:00:00.000000000,30694.81849863525,30694.81849863525,30631.75067541221,30631.75067541221,0.0
2023-05-10T00:00:00.000000000,30631.75067541221,30631.75067541221,30573.386972899956,30573.386972899956,0.0
2023-05-11T00:00:00.000000000,30573.386972899956,30573.386972899956,30517.270043031418,30517.270043031418,0.0
2023-05-12T00:00:00.000000000,30517.270043031418,30517.270043031418,30456.989924520945,30456.989924520945,0.0
2023-05-13T00:00:00.000000000,30456.989924520945,30456.989924520945,30393.810090797684,30393.810090797684,0.0
2023-05-14T00:00:00.000000000,30393.810090797684,30393.810090797684,30331.49602063837,30331.49602063837,0.0
2023-05-15T00:00:00.000000000,30331.49602063837,30331.49602063837,30270.664891098484,30270.664891098484,0.0
2023-05-16T00:00:00.000000000,30270.664891098484,30270.664891098484,30210.116306678923,30210.116306678923,0.0
2023-05-17T00:00:00.000000000,30210.116306678923,30210.116306678923,30146.252492758467,30146.252492758467,0.0
2023-05-18T00:00:00.000000000,30146.252492758467,30146.252492758467,30081.83566942402,30081.83566942402,0.0
2023-05-19T00:00:00.000000000,30081.83566942402,30081.83566942402,30020.22764524844,30020.22764524844,0.0
2023-05-20T00:00:00.000000000,30020.22764524844,30020.22764524844,29959.62855461787,29959.62855461787,0.0
2023-05-21T00:00:00.000000000,29959.62855461787,29959.62855461787,29897.643431094028,29897.643431094028,0.0
2023-05-22T00:00:00.000000000,29897.643431094028,29897.643431094028,29832.624338513815,29832.624338513815,0.0
2023-05-23T00:00:00.000000000,29832.624338513815,29832.624338513815,29760.715066566398,29760.715066566398,0.0
2023-05-24T00:00:00.000000000,29760.715066566398,29760.715066566398,29688.278329016266,29688.278329016266,0.0
2023-05-25T00:00:00.000000000,29688.278329016266,29688.278329016266,29619.616968165108,29619.616968165108,0.0
2023-05-26T00:00:00.000000000,29619.616968165108,29619.616968165108,29551.469606450533,29551.469606450533,0.0
2023-05-27T00:00:00.000000000,29551.469606450533,29551.469606450533,29485.003317875446,29485.003317875446,0.0
2023-05-28T00:00:00.000000000,29485.003317875446,29485.003317875446,29420.147915274065,29420.147915274065,0.0
2023-05-29T00:00:00.000000000,29420.147915274065,29420.147915274065,29352.909136168673,29352.909136168673,0.0
2023-05-30T00:00:00.000000000,29352.909136168673,29352.909136168673,29288.995550635027,29288.995550635027,0.0
2023-05-31T00:00:00.000000000,29288.995550635027,29288.995550635027,29230.276142630348,29230.276142630348,0.0
2023-06-01T00:00:00.000000000,29230.276142630348,29230.276142630348,29170.475716493984,29170.475716493984,0.0
2023-06-02T00:00:00.000000000,29170.475716493984,29170.475716493984,29117.5478254512,29117.5478254512,0.0
2023-06-03T00:00:00.000000000,29117.5478254512,29117.5478254512,29062.210126309048,29062.210126309048,0.0
2023-06-04T00:00:00.000000000,29062.210126309048,29062.210126309048,29004.138595281864,29004.138595281864,0.0
2023-06-05T00:00:00.000000000,29004.138595281864,29004.138595281864,28945.367866393717,28945.367866393717,0.0
2023-06-06T00:00:00.000000000,28945.367866393717,28945.367866393717,28893.584433489305,28893.584433489305,0.0
2023-06-07T00:00:00.000000000,28893.584433489305,28893.584433489305,28837.92832623106,28837.92832623106,0.0
2023-06-08T00:00:00.000000000,28837.92832623106,28837.92832623106,28784.858434993315,28784.858434993315,0.0
2023-06-09T00:00:00.000000000,28784.858434993315,28784.858434993315,28729.966626281195,28729.966626281195,0.0
2023-06-10T00:00:00.000000000,28729.966626281195,28729.966626281195,28680.557490112522,28680.557490112522,0.0
2023-06-11T00:00:00.000000000,28680.557490112522,28680.557490112522,28629.087062026516,28629.087062026516,0.0
2023-06-12T00:00:00.000000000,28629.087062026516,28629.087062026516,28573.211915803255,28573.211915803255,0.0
2023-06-13T00:00:00.000000000,28573.211915803255,28573.211915803255,28516.370850044565,28516.370850044565,0.0
2023-06-14T00:00:00.000000000,28516.370850044565,28516.370850044565,28459.542418672016,28459.542418672016,0.0
2023-06-15T00:00:00.000000000,28459.542418672016,28459.542418672016,28403.11918588458,28403.11918588458,0.0
2023-06-16T00:00:00.000000000,28403.11918588458,28403.11918588458,28349.37524022393,28349.37524022393,0.0
2023-06-17T00:00:00.000000000,28349.37524022393,28349.37524022393,28301.090801164217,28301.090801164217,0.0
2023-06-18T00:00:00.000000000,28301.090801164217,28301.090801164217,28260.334134079767,28260.334134079767,0.0
2023-06-19T00:00:00.000000000,28260.334134079767,28260.334134079767,28220.195420426695,28220.195420426695,0.0
2023-06-20T00:00:00.000000000,28220.195420426695,28220.195420426695,28180.5249449922,28180.5249449922,0.0
2023-06-21T00:00:00.000000000,28180.5249449922,28180.5249449922,28143.675053615196,28143.675053615196,0.0
2023-06-22T00:00:00.000000000,28143.675053615196,28143.675053615196,28106.96825214461,28106.96825214461,0.0
2023-06-23T00:00:00.000000000,28106.96825214461,28106.96825214461,28076.706839767157,28076.706839767157,0.0
2023-06-24T00:00:00.000000000,28076.706839767157,28076.706839767157,28046.948177779635,28046.948177779635,0.0
2023-06-25T00:00:00.000000000,28046.948177779635,28046.948177779635,28013.289985099153,28013.289985099153,0.0
2023-06-26T00:00:00.000000000,28013.289985099153,28013.289985099153,27977.947373551695,27977.947373551695,0.0
2023-06-27T00:00:00.000000000,27977.947373551695,27977.947373551695,27949.33896641043,27949.33896641043,0.0
2023-06-28T00:00:00.000000000,27949.33896641043,27949.33896641043,27919.88016655526,27919.88016655526,0.0
2023-06-29T00:00:00.000000000,27919.88016655526,27919.88016655526,27886.99002200312,27886.99002200312,0.0
2023-06-30T00:00:00.000000000,27886.99002200312,27886.99002200312,27856.351565981506,27856.351565981506,0.0
2023-07-01T00:00:00.000000000,27856.351565981506,27856.351565981506,27828.522570604946,27828.522570604946,0.0
2023-07-02T00:00:00.000000000,27828.522570604946,27828.522570604946,27799.595640457886,27799.595640457886,0.0
2023-07-03T00:00:00.000000000,27799.595640457886,27799.595640457886,27771.876253342245,27771.876253342245,0.0
2023-07-04T00:00:00.000000000,27771.876253342245,27771.876253342245,27743.172696635473,27743.172696635473,0.0
2023-07-05T00:00:00.000000000,27743.172696635473,27743.172696635473,27710.334109709223,27710.334109709223,0.0
2023-07-06T00:00:00.000000000,27710.334109709223,27710.334109709223,27676.966598429146,27676.966598429146,0.0
2023-07-07T00:00:00.000000000,27676.966598429146,27676.966598429146,27640.527608344473,27640.527608344473,0.0
2023-07-08T00:00:00.000000000,27640.527608344473,27640.527608344473,27603.932859152184,27603.932859152184,0.0
2023-07-09T00:00:00.000000000,27603.932859152184,27603.932859152184,27567.82122813614,27567.82122813614,0.0
2023-07-10T00:00:00.000000000,27567.82122813614,27567.82122813614,27531.466424353832,27531.466424353832,0.0
2023-07-11T00:00:00.000000000,27531.466424353832,27531.466424353832,27495.781100295233,27495.781100295233,0.0
2023-07-12T00:00:00.000000000,27495.781100295233,27495.781100295233,27465.126538825756,27465.126538825756,0.0
2023-07-13T00:00:00.000000000,27465.126538825756,27465.126538825756,27438.444431678923,27438.444431678923,0.0
2023-07-14T00:00:00.000000000,27438.444431678923,27438.444431678923,27408.41937527852,27408.41937527852,0.0
2023-07-15T00:00:00.000000000,27408.41937527852,27408.41937527852,27379.879912405304,27379.879912405304,0.0
2023-07-16T00:00:00.000000000,27379.879912405304,27379.879912405304,27348.796704406195,27348.796704406195,0.0
2023-07-17T00:00:00.000000000,27348.796704406195,27348.796704406195,27318.138362020945,27318.138362020945,0.0
2023-07-18T00:00:00.000000000,27318.138362020945,27318.138362020945,27288.545572916668,27288.545572916668,0.0
2023-07-19T00:00:00.000000000,27288.545572916668,27288.545572916668,27260.054217496658,27260.054217496658,0.0
2023-07-20T00:00:00.000000000,27260.054217496658,27260.054217496658,27235.49630612188,27235.49630612188,0.0
2023-07-21T00:00:00.000000000,27235.49630612188,27235.49630612188,27211.87387199198,27211.87387199198,0.0
2023-07-22T00:00:00.000000000,27211.87387199198,27211.87387199198,27190.86478177919,27190.86478177919,0.0
2023-07-23T00:00:00.000000000,27190.86478177919,27190.86478177919,27170.09935870655,27170.09935870655,0.0
2023-07-24T00:00:00.000000000,27170.09935870655,27170.09935870655,27147.399384469696,27147.399384469696,0.0
2023-07-25T00:00:00.000000000,27147.399384469696,27147.399384469696,27124.950416388147,27124.950416388147,0.0
2023-07-26T00:00:00.000000000,27124.950416388147,27124.950416388147,27101.098575367647,27101.098575367647,0.0
2023-07-27T00:00:00.000000000,27101.098575367647,27101.098575367647,27074.8268960283,27074.8268960283,0.0
2023-07-28T00:00:00.000000000,27074.8268960283,27074.8268960283,27051.168564087566,27051.168564087566,0.0
2023-07-29T00:00:00.000000000,27051.168564087566,27051.168564087566,27026.671627813055,27026.671627813055,0.0
2023-07-30T00:00:00.000000000,27026.671627813055,27026.671627813055,27001.89071900067,27001.89071900067,0.0
2023-07-31T00:00:00.000000000,27001.89071900067,27001.89071900067,26977.142470198305,26977.142470198305,0.0
2023-08-01T00:00:00.000000000,26977.142470198305,26977.142470198305,26954.727464210115,26954.727464210115,0.0
2023-08-02T00:00:00.000000000,26954.727464210115,26954.727464210115,26931.15585310829,26931.15585310829,0.0
2023-08-03T00:00:00.000000000,26931.15585310829,26931.15585310829,26908.75719279189,26908.75719279189,0.0
2023-08-04T00:00:00.000000000,26908.75719279189,26908.75719279189,26888.06855433935,26888.06855433935,0.0
2023-08-05T00:00:00.000000000,26888.06855433935,26888.06855433935,26874.85074782754,26874.85074782754,0.0
2023-08-06T00:00:00.000000000,26874.85074782754,26874.85074782754,26864.176247771837,26864.176247771837,0.0
2023-08-07T00:00:00.000000000,26864.176247771837,26864.176247771837,26851.52700256239,26851.52700256239,0.0
2023-08-08T00:00:00.000000000,26851.52700256239,26851.52700256239,26839.247437611408,26839.247437611408,0.0
2023-08-09T00:00:00.000000000,26839.247437611408,26839.247437611408,26826.070058350044,26826.070058350044,0.0
2023-08-10T00:00:00.000000000,26826.070058350044,26826.070058350044,26812.83916833779,26812.83916833779,0.0
2023-08-11T00:00:00.000000000,26812.83916833779,26812.83916833779,26799.041450813278,26799.041450813278,0.0
2023-08-12T00:00:00.000000000,26799.041450813278,26799.041450813278,26784.12457525624,26784.12457525624,0.0
2023-08-13T00:00:00.000000000,26784.12457525624,26784.12457525624,26768.3397880459,26768.3397880459,0.0
2023-08-14T00:00:00.000000000,26768.3397880459,26768.3397880459,26753.17194811163,26753.17194811163,0.0
2023-08-15T00:00:00.000000000,26753.17194811163,26753.17194811163,26736.571631990864,26736.571631990864,0.0
2023-08-16T00:00:00.000000000,26736.571631990864,26736.571631990864,26718.67235544786,26718.67235544786,0.0
2023-08-17T00:00:00.000000000,26718.67235544786,26718.67235544786,26700.33290162656,26700.33290162656,0.0
2023-08-18T00:00:00.000000000,26700.33290162656,26700.33290162656,26680.53781263926,26680.53781263926,0.0
2023-08-19T00:00:00.000000000,26680.53781263926,26680.53781263926,26653.078507965685,26653.078507965685,0.0
2023-08-20T00:00:00.000000000,26653.078507965685,26653.078507965685,26625.892090714126,26625.892090714126,0.0
2023-08-21T00:00:00.000000000,26625.892090714126,26625.892090714126,26596.8577003955,26596.8577003955,0.0
2023-08-22T00:00:00.000000000,26596.8577003955,26596.8577003955,26565.113263842468,26565.113263842468,0.0
2023-08-23T00:00:00.000000000,26565.113263842468,26565.113263842468,26533.58598275958,26533.58598275958,0.0
2023-08-24T00:00:00.000000000,26533.58598275958,26533.58598275958,26501.185940285206,26501.185940285206,0.0
2023-08-25T00:00:00.000000000,26501.185940285206,26501.185940285206,26469.9605475713,26469.9605475713,0.0
2023-08-26T00:00:00.000000000,26469.9605475713,26469.9605475713,26440.727972510027,26440.727972510027,0.0
2023-08-27T00:00:00.000000000,26440.727972510027,26440.727972510027,26411.931581439392,26411.931581439392,0.0
2023-08-28T00:00:00.000000000,26411.931581439392,26411.931581439392,26383.24822095031,26383.24822095031,0.0
2023-08-29T00:00:00.000000000,26383.24822095031,26383.24822095031,26356.760653409092,26356.760653409092,0.0
2023-08-30T00:00:00.000000000,26356.760653409092,26356.760653409092,26325.962190842245,26325.962190842245,0.0
2023-08-31T00:00:00.000000000,26325.962190842245,26325.962190842245,26293.822464070854,26293.822464070854,0.0
2023-09-01T00:00:00.000000000,26293.822464070854,26293.822464070854,26267.5527900791,26267.5527900791,0.0
2023-09-02T00:00:00.000000000,26267.5527900791,26267.5527900791,26242.308266488413,26242.308266488413,0.0
2023-09-03T00:00:00.000000000,26242.308266488413,26242.308266488413,26217.080833611853,26217.080833611853,0.0
2023-09-04T00:00:00.000000000,26217.080833611853,26217.080833611853,26194.587138619652,26194.587138619652,0.0
2023-09-05T00:00:00.000000000,26194.587138619652,26194.587138619652,26174.452916109625,26174.452916109625,0.0
2023-09-06T00:00:00.000000000,26174.452916109625,26174.452916109625,26152.112825172684,26152.112825172684,0.0
2023-09-07T00:00:00.000000000,26152.112825172684,26152.112825172684,26132.40449183935,26132.40449183935,0.0
2023-09-08T00:00:00.000000000,26132.40449183935,26132.40449183935,26110.253056762478,26110.253056762478,0.0
2023-09-09T00:00:00.000000000,26110.253056762478,26110.253056762478,26086.512341939615,26086.512341939615,0.0
2023-09-10T00:00:00.000000000,26086.512341939615,26086.512341939615,26062.852944657978,26062.852944657978,0.0
2023-09-11T00:00:00.000000000,26062.852944657978,26062.852944657978,26040.48729250223,26040.48729250223,0.0
2023-09-12T00:00:00.000000000,26040.48729250223,26040.48729250223,26009.542745933602,26009.542745933602,0.0
2023-09-13T00:00:00.000000000,26009.542745933602,26009.542745933602,25977.232028464794,25977.232028464794,0.0
2023-09-14T00:00:00.000000000,25977.232028464794,25977.232028464794,25946.24371588124,25946.24371588124,0.0
2023-09-15T00:00:00.000000000,25946.24371588124,25946.24371588124,25918.0029035762,25918.0029035762,0.0
2023-09-16T00:00:00.000000000,25918.0029035762,25918.0029035762,25895.59769106506,25895.59769106506,0.0
2023-09-17T00:00:00.000000000,25895.59769106506,25895.59769106506,25872.66293449198,25872.66293449198,0.0
2023-09-18T00:00:00.000000000,25872.66293449198,25872.66293449198,25851.86845476827,25851.86845476827,0.0
2023-09-19T00:00:00.000000000,25851.86845476827,25851.86845476827,25832.526348039217,25832.526348039217,0.0
2023-09-20T00:00:00.000000000,25832.526348039217,25832.526348039217,25811.839607007576,25811.839607007576,0.0
2023-09-21T00:00:00.000000000,25811.839607007576,25811.839607007576,25784.36136642157,25784.36136642157,0.0
2023-09-22T00:00:00.000000000,25784.36136642157,25784.36136642157,25761.441771808157,25761.441771808157,0.0
2023-09-23T00:00:00.000000000,25761.441771808157,25761.441771808157,25739.667115780972,25739.667115780972,0.0
2023-09-24T00:00:00.000000000,25739.667115780972,25739.667115780972,25717.12311302362,25717.12311302362,0.0
2023-09-25T00:00:00.000000000,25717.12311302362,25717.12311302362,25696.532767936722,25696.532767936722,0.0
2023-09-26T00:00:00.000000000,25696.532767936722,25696.532767936722,25672.558607676026,25672.558607676026,0.0
2023-09-27T00:00:00.000000000,25672.558607676026,25672.558607676026,25649.41053573418,25649.41053573418,0.0
2023-09-28T00:00:00.000000000,25649.41053573418,25649.41053573418,25624.23694783311,25624.23694783311,0.0
2023-09-29T00:00:00.000000000,25624.23694783311,25624.23694783311,25599.210819128788,25599.210819128788,0.0
2023-09-30T00:00:00.000000000,25599.210819128788,25599.210819128788,25572.770105698528,25572.770105698528,0.0
2023-10-01T00:00:00.000000000,25572.770105698528,25572.770105698528,25547.44585909648,25547.44585909648,0.0
2023-10-02T00:00:00.000000000,25547.44585909648,25547.44585909648,25522.994809074196,25522.994809074196,0.0
2023-10-03T00:00:00.000000000,25522.994809074196,25522.994809074196,25498.66679200089,25498.66679200089,0.0
2023-10-04T00:00:00.000000000,25498.66679200089,25498.66679200089,25472.714182263815,25472.714182263815,0.0
2023-10-05T00:00:00.000000000,25472.714182263815,25472.714182263815,25445.125866895054,25445.125866895054,0.0
2023-10-06T00:00:00.000000000,25445.125866895054,25445.125866895054,25416.579813530527,25416.579813530527,0.0
2023-10-07T00:00:00.000000000,25416.579813530527,25416.579813530527,25387.38214753231,25387.38214753231,0.0
2023-10-08T00:00:00.000000000,25387.38214753231,25387.38214753231,25357.85320228944,25357.85320228944,0.0
2023-10-09T00:00:00.000000000,25357.85320228944,25357.85320228944,25323.56298044786,25323.56298044786,0.0
2023-10-10T00:00:00.000000000,25323.56298044786,25323.56298044786,25288.381190118092,25288.381190118092,0.0
2023-10-11T00:00:00.000000000,25288.381190118092,25288.381190118092,25251.674576648842,25251.674576648842,0.0
2023-10-12T00:00:00.000000000,25251.674576648842,25251.674576648842,25215.478738441398,25215.478738441398,0.0
2023-10-13T00:00:00.000000000,25215.478738441398,25215.478738441398,25182.187649704767,25182.187649704767,0.0
2023-10-14T00:00:00.000000000,25182.187649704767,25182.187649704767,25147.57100531974,25147.57100531974,0.0
2023-10-15T00:00:00.000000000,25147.57100531974,25147.57100531974,25114.22110001671,25114.22110001671,0.0
2023-10-16T00:00:00.000000000,25114.22110001671,25114.22110001671,25082.25300802139,25082.25300802139,0.0
2023-10-17T00:00:00.000000000,25082.25300802139,25082.25300802139,25049.798591382576,25049.798591382576,0.0
2023-10-18T00:00:00.000000000,25049.798591382576,25049.798591382576,25019.089767156864,25019.089767156864,0.0
2023-10-19T00:00:00.000000000,25019.089767156864,25019.089767156864,24993.266359597816,24993.266359597816,0.0
2023-10-20T00:00:00.000000000,24993.266359597816,24993.266359597816,24968.630176999777,24968.630176999777,0.0
2023-10-21T00:00:00.000000000,24968.630176999777,24968.630176999777,24946.581599543228,24946.581599543228,0.0
2023-10-22T00:00:00.000000000,24946.581599543228,24946.581599543228,24923.786162405304,24923.786162405304,0.0
2023-10-23T00:00:00.000000000,24923.786162405304,24923.786162405304,24907.526915524733,24907.526915524733,0.0
2023-10-24T00:00:00.000000000,24907.526915524733,24907.526915524733,24897.508421763592,24897.508421763592,0.0
2023-10-25T00:00:00.000000000,24897.508421763592,24897.508421763592,24887.48281876671,24887.48281876671,0.0
2023-10-26T00:00:00.000000000,24887.48281876671,24887.48281876671,24874.987128871435,24874.987128871435,0.0
2023-10-27T00:00:00.000000000,24874.987128871435,24874.987128871435,24864.246104194517,24864.246104194517,0.0
2023-10-28T00:00:00.000000000,24864.246104194517,24864.246104194517,24852.72401751894,24852.72401751894,0.0
2023-10-29T00:00:00.000000000,24852.72401751894,24852.72401751894,24842.2320319463,24842.2320319463,0.0
2023-10-30T00:00:00.000000000,24842.2320319463,24842.2320319463,24832.93686288436,24832.93686288436,0.0
2023-10-31T00:00:00.000000000,24832.93686288436,24832.93686288436,24821.9592628955,24821.9592628955,0.0
2023-11-01T00:00:00.000000000,24821.9592628955,24821.9592628955,24811.14732689951,24811.14732689951,0.0
2023-11-02T00:00:00.000000000,24811.14732689951,24811.14732689951,24799.674712427586,24799.674712427586,0.0
2023-11-03T00:00:00.000000000,24799.674712427586,24799.674712427586,24789.344874526516,24789.344874526516,0.0
2023-11-04T00:00:00.000000000,24789.344874526516,24789.344874526516,24781.041621407086,24781.041621407086,0.0
2023-11-05T00:00:00.000000000,24781.041621407086,24781.041621407086,24773.1318620488,24773.1318620488,0.0
2023-11-06T00:00:00.000000000,24773.1318620488,24773.1318620488,24765.23182305593,24765.23182305593,0.0
2023-11-07T00:00:00.000000000,24765.23182305593,24765.23182305593,24756.292881712343,24756.292881712343,0.0
2023-11-08T00:00:00.000000000,24756.292881712343,24756.292881712343,24751.9039626504,24751.9039626504,0.0
2023-11-09T00:00:00.000000000,24751.9039626504,24751.9039626504,24747.362080130348,24747.362080130348,0.0
2023-11-10T00:00:00.000000000,24747.362080130348,24747.362080130348,24742.97730406083,24742.97730406083,0.0
2023-11-11T00:00:00.000000000,24742.97730406083,24742.97730406083,24740.35382199755,24740.35382199755,0.0
2023-11-12T00:00:00.000000000,24740.35382199755,24740.35382199755,24739.17671777518,24739.17671777518,0.0
2023-11-13T00:00:00.000000000,24739.17671777518,24739.17671777518,24735.670945437832,24735.670945437832,0.0
2023-11-14T00:00:00.000000000,24735.670945437832,24735.670945437832,24730.3381691455,24730.3381691455,0.0
2023-11-15T00:00:00.000000000,24730.3381691455,24730.57012798017,24730.3381691455,24730.57012798017,0.0
2023-11-16T00:00:00.000000000,24730.57012798017,24730.57012798017,24724.25354765486,24724.25354765486,0.0
2023-11-17T00:00:00.000000000,24724.25354765486,24724.291948668673,24724.25354765486,24724.291948668673,0.0
2023-11-18T00:00:00.000000000,24724.291948668673,24725.263038240864,24724.291948668673,24725.263038240864,0.0
2023-11-19T00:00:00.000000000,24725.263038240864,24728.622385388815,24725.263038240864,24728.622385388815,0.0
2023-11-20T00:00:00.000000000,24728.622385388815,24734.714526932934,24728.622385388815,24734.714526932934,0.0
2023-11-21T00:00:00.000000000,24734.714526932934,24744.548500863413,24734.714526932934,24744.548500863413,0.0
2023-11-22T00:00:00.000000000,24744.548500863413,24755.973516182043,24744.548500863413,24755.973516182043,0.0
2023-11-23T00:00:00.000000000,24755.973516182043,24770.863472732843,24755.973516182043,24770.863472732843,0.0
2023-11-24T00:00:00.000000000,24770.863472732843,24786.322526737968,24770.863472732843,24786.322526737968,0.0
2023-11-25T00:00:00.000000000,24786.322526737968,24801.49844376671,24786.322526737968,24801.49844376671,0.0
2023-11-26T00:00:00.000000000,24801.49844376671,24814.649701286766,24801.49844376671,24814.649701286766,0.0
2023-11-27T00:00:00.000000000,24814.649701286766,24825.254076843805,24814.649701286766,24825.254076843805,0.0
2023-11-28T00:00:00.000000000,24825.254076843805,24839.457584809494,24825.254076843805,24839.457584809494,0.0
2023-11-29T00:00:00.000000000,24839.457584809494,24852.706488135027,24839.457584809494,24852.706488135027,0.0
2023-11-30T00:00:00.000000000,24852.706488135027,24868.735854640152,24852.706488135027,24868.735854640152,0.0
2023-12-01T00:00:00.000000000,24868.735854640152,24883.663512422016,24868.735854640152,24883.663512422016,0.0
2023-12-02T00:00:00.000000000,24883.663512422016,24901.980075339794,24883.663512422016,24901.980075339794,0.0
2023-12-03T00:00:00.000000000,24901.980075339794,24920.778941761364,24901.980075339794,24920.778941761364,0.0
2023-12-04T00:00:00.000000000,24920.778941761364,24941.556793811276,24920.778941761364,24941.556793811276,0.0
2023-12-05T00:00:00.000000000,24941.556793811276,24968.26220964238,24941.556793811276,24968.26220964238,0.0
2023-12-06T00:00:00.000000000,24968.26220964238,24993.379606032755,24968.26220964238,24993.379606032755,0.0
2023-12-07T00:00:00.000000000,24993.379606032755,25017.854298963903,24993.379606032755,25017.854298963903,0.0
2023-12-08T00:00:00.000000000,25017.854298963903,25044.412903158423,25017.854298963903,25044.412903158423,0.0
2023-12-09T00:00:00.000000000,25044.412903158423,25071.326290246212,25044.412903158423,25071.326290246212,0.0
2023-12-10T00:00:00.000000000,25071.326290246212,25098.001510973707,25071.326290246212,25098.001510973707,0.0
2023-12-11T00:00:00.000000000,25098.001510973707,25119.03159118761,25098.001510973707,25119.03159118761,0.0
2023-12-12T00:00:00.000000000,25119.03159118761,25136.364625111408,25119.03159118761,25136.364625111408,0.0
2023-12-13T00:00:00.000000000,25136.364625111408,25156.147925718582,25136.364625111408,25156.147925718582,0.0
2023-12-14T00:00:00.000000000,25156.147925718582,25179.721709280304,25156.147925718582,25179.721709280304,0.0
2023-12-15T00:00:00.000000000,25179.721709280304,25200.153562277184,25179.721709280304,25200.153562277184,0.0
2023-12-16T00:00:00.000000000,25200.153562277184,25222.498885918005,25200.153562277184,25222.498885918005,0.0
2023-12-17T00:00:00.000000000,25222.498885918005,25243.054590017826,25222.498885918005,25243.054590017826,0.0
2023-12-18T00:00:00.000000000,25243.054590017826,25265.722819880793,25243.054590017826,25265.722819880793,0.0
2023-12-19T00:00:00.000000000,25265.722819880793,25285.152152267157,25265.722819880793,25285.152152267157,0.0
2023-12-20T00:00:00.000000000,25285.152152267157,25307.428037266043,25285.152152267157,25307.428037266043,0.0
2023-12-21T00:00:00.000000000,25307.428037266043,25331.768138647505,25307.428037266043,25331.768138647505,0.0
2023-12-22T00:00:00.000000000,25331.768138647505,25356.52019621769,25331.768138647505,25356.52019621769,0.0
2023-12-23T00:00:00.000000000,25356.52019621769,25382.644506879456,25356.52019621769,25382.644506879456,0.0
2023-12-24T00:00:00.000000000,25382.644506879456,25408.768048128342,25382.644506879456,25408.768048128342,0.0
2023-12-25T00:00:00.000000000,25408.768048128342,25438.8045760918,25408.768048128342,25438.8045760918,0.0
2023-12-26T00:00:00.000000000,25438.8045760918,25474.514047877674,25438.8045760918,25474.514047877674,0.0
2023-12-27T00:00:00.000000000,25474.514047877674,25512.36799172794,25474.514047877674,25512.36799172794,0.0
2023-12-28T00:00:00.000000000,25512.36799172794,25548.116682681597,25512.36799172794,25548.116682681597,0.0
2023-12-29T00:00:00.000000000,25548.116682681597,25586.82925300802,25548.116682681597,25586.82925300802,0.0
2023-12-30T00:00:00.000000000,25586.82925300802,25625.48419048017,25586.82925300802,25625.48419048017,0.0
2023-12-31T00:00:00.000000000,25625.48419048017,25666.923664494207,25625.48419048017,25666.923664494207,0.0
2024-01-01T00:00:00.000000000,25666.923664494207,25709.016464043005,25666.923664494207,25709.016464043005,0.0
2024-01-02T00:00:00.000000000,25709.016464043005,25752.436128286543,25709.016464043005,25752.436128286543,0.0
2024-01-03T00:00:00.000000000,25752.436128286543,25791.897051860517,25752.436128286543,25791.897051860517,0.0
2024-01-04T00:00:00.000000000,25791.897051860517,25835.021637561276,25791.897051860517,25835.021637561276,0.0
2024-01-05T00:00:00.000000000,25835.021637561276,25876.156779188947,25835.021637561276,25876.156779188947,0.0
2024-01-06T00:00:00.000000000,25876.156779188947,25916.72280247326,25876.156779188947,25916.72280247326,0.0
2024-01-07T00:00:00.000000000,25916.72280247326,25956.72415677919,25916.72280247326,25956.72415677919,0.0
2024-01-08T00:00:00.000000000,25956.72415677919,26002.968736073974,25956.72415677919,26002.968736073974,0.0
2024-01-09T00:00:00.000000000,26002.968736073974,26048.252607648174,26002.968736073974,26048.252607648174,0.0
2024-01-10T00:00:00.000000000,26048.252607648174,26095.217211174244,26048.252607648174,26095.217211174244,0.0
2024-01-11T00:00:00.000000000,26095.217211174244,26142.034613135027,26095.217211174244,26142.034613135027,0.0
2024-01-12T00:00:00.000000000,26142.034613135027,26183.154829545456,26142.034613135027,26183.154829545456,0.0
2024-01-13T00:00:00.000000000,26183.154829545456,26225.17446524064,26183.154829545456,26225.17446524064,0.0
2024-01-14T00:00:00.000000000,26225.17446524064,26265.377698167336,26225.17446524064,26265.377698167336,0.0
2024-01-15T00:00:00.000000000,26265.377698167336,26306.75896836007,26265.377698167336,26306.75896836007,0.0
2024-01-16T00:00:00.000000000,26306.75896836007,26347.6211494541,26306.75896836007,26347.6211494541,0.0
2024-01-17T00:00:00.000000000,26347.6211494541,26387.821750362076,26347.6211494541,26387.821750362076,0.0
2024-01-18T00:00:00.000000000,26387.821750362076,26424.744767296124,26387.821750362076,26424.744767296124,0.0
2024-01-19T00:00:00.000000000,26424.744767296124,26460.36119930927,26424.744767296124,26460.36119930927,0.0
2024-01-20T00:00:00.000000000,26460.36119930927,26495.89501169786,26460.36119930927,26495.89501169786,0.0
2024-01-21T00:00:00.000000000,26495.89501169786,26531.462887143494,26495.89501169786,26531.462887143494,0.0
2024-01-22T00:00:00.000000000,26531.462887143494,26564.701600100267,26531.462887143494,26564.701600100267,0.0
2024-01-23T00:00:00.000000000,26564.701600100267,26600.12939714238,26564.701600100267,26600.12939714238,0.0
2024-01-24T00:00:00.000000000,26600.12939714238,26637.122552501114,26600.12939714238,26637.122552501114,0.0
2024-01-25T00:00:00.000000000,26637.122552501114,26672.27715923017,26637.122552501114,26672.27715923017,0.0
2024-01-26T00:00:00.000000000,26672.27715923017,26710.150512477718,26672.27715923017,26710.150512477718,0.0
2024-01-27T00:00:00.000000000,26710.150512477718,26748.08941900624,26710.150512477718,26748.08941900624,0.0
2024-01-28T00:00:00.000000000,26748.08941900624,26785.246776125223,26748.08941900624,26785.246776125223,0.0
2024-01-29T00:00:00.000000000,26785.246776125223,26825.369596702316,26785.246776125223,26825.369596702316,0.0
2024-01-30T00:00:00.000000000,26825.369596702316,26861.852519914217,26825.369596702316,26861.852519914217,0.0
2024-01-31T00:00:00.000000000,26861.852519914217,26896.064947498886,26861.852519914217,26896.064947498886,0.0
2024-02-01T00:00:00.000000000,26896.064947498886,26931.437569630125,26896.064947498886,26931.437569630125,0.0
2024-02-02T00:00:00.000000000,26931.437569630125,26967.12603748886,26931.437569630125,26967.12603748886,0.0
2024-02-03T00:00:00.000000000,26967.12603748886,27003.270906444963,26967.12603748886,27003.270906444963,0.0
2024-02-04T00:00:00.000000000,27003.270906444963,27039.13205353164,27003.270906444963,27039.13205353164,0.0
2024-02-05T00:00:00.000000000,27039.13205353164,27074.87091967469,27039.13205353164,27074.87091967469,0.0
2024-02-06T00:00:00.000000000,27074.87091967469,27113.592792585783,27074.87091967469,27113.592792585783,0.0
2024-02-07T00:00:00.000000000,27113.592792585783,27154.730883049244,27113.592792585783,27154.730883049244,0.0
2024-02-08T00:00:00.000000000,27154.730883049244,27194.60791973039,27154.730883049244,27194.60791973039,0.0
2024-02-09T00:00:00.000000000,27194.60791973039,27236.146801192066,27194.60791973039,27236.146801192066,0.0
2024-02-10T00:00:00.000000000,27236.146801192066,27278.86809269162,27236.146801192066,27278.86809269162,0.0
2024-02-11T00:00:00.000000000,27278.86809269162,27322.78558099376,27278.86809269162,27322.78558099376,0.0
2024-02-12T00:00:00.000000000,27322.78558099376,27370.238925328653,27322.78558099376,27370.238925328653,0.0
2024-02-13T00:00:00.000000000,27370.238925328653,27417.348091438278,27370.238925328653,27417.348091438278,0.0
2024-02-14T00:00:00.000000000,27417.348091438278,27468.771581857174,27417.348091438278,27468.771581857174,0.0
2024-02-15T00:00:00.000000000,27468.771581857174,27520.629062917782,27468.771581857174,27520.629062917782,0.0
2024-02-16T00:00:00.000000000,27520.629062917782,27573.26586522393,27520.629062917782,27573.26586522393,0.0
2024-02-17T00:00:00.000000000,27573.26586522393,27623.842837845365,27573.26586522393,27623.842837845365,0.0
2024-02-18T00:00:00.000000000,27623.842837845365,27675.823706968582,27623.842837845365,27675.823706968582,0.0
2024-02-19T00:00:00.000000000,27675.823706968582,27726.809899314838,27675.823706968582,27726.809899314838,0.0
2024-02-20T00:00:00.000000000,27726.809899314838,27777.568167892157,27726.809899314838,27777.568167892157,0.0
2024-02-21T00:00:00.000000000,27777.568167892157,27828.682002701647,27777.568167892157,27828.682002701647,0.0
2024-02-22T00:00:00.000000000,27828.682002701647,27877.447296958555,27828.682002701647,27877.447296958555,0.0
2024-02-23T00:00:00.000000000,27877.447296958555,27925.173535678477,27877.447296958555,27925.173535678477,0.0
2024-02-24T00:00:00.000000000,27925.173535678477,27973.60184798351,27925.173535678477,27973.60184798351,0.0
2024-02-25T00:00:00.000000000,27973.60184798351,28022.28129525958,27973.60184798351,28022.28129525958,0.0
2024-02-26T00:00:00.000000000,28022.28129525958,28076.11920677362,28022.28129525958,28076.11920677362,0.0
2024-02-27T00:00:00.000000000,28076.11920677362,28134.850754790554,28076.11920677362,28134.850754790554,0.0
2024-02-28T00:00:00.000000000,28134.850754790554,28203.694779829544,28134.850754790554,28203.694779829544,0.0
2024-02-29T00:00:00.000000000,28203.694779829544,28271.185661764706,28203.694779829544,28271.185661764706,0.0
2024-03-01T00:00:00.000000000,28271.185661764706,28341.110607453207,28271.185661764706,28341.110607453207,0.0
2024-03-02T00:00:00.000000000,28341.110607453207,28414.465856868315,28341.110607453207,28414.465856868315,0.0
2024-03-03T00:00:00.000000000,28414.465856868315,28489.33450311943,28414.465856868315,28489.33450311943,0.0
2024-03-04T00:00:00.000000000,28489.33450311943,28572.750355113636,28489.33450311943,28572.750355113636,0.0
2024-03-05T00:00:00.000000000,28572.750355113636,28648.333761558602,28572.750355113636,28648.333761558602,0.0
2024-03-06T00:00:00.000000000,28648.333761558602,28727.796714850712,28648.333761558602,28727.796714850712,0.0
2024-03-07T00:00:00.000000000,28727.796714850712,28808.95618872549,28727.796714850712,28808.95618872549,0.0
2024-03-08T00:00:00.000000000,28808.95618872549,28892.19895067402,28808.95618872549,28892.19895067402,0.0
2024-03-09T00:00:00.000000000,28892.19895067402,28978.186229250223,28892.19895067402,28978.186229250223,0.0
2024-03-10T00:00:00.000000000,28978.186229250223,29065.49113260361,28978.186229250223,29065.49113260361,0.0
2024-03-11T00:00:00.000000000,29065.49113260361,29159.0866616533,29065.49113260361,29159.0866616533,0.0
2024-03-12T00:00:00.000000000,29159.0866616533,29250.322481478386,29159.0866616533,29250.322481478386,0.0
2024-03-13T00:00:00.000000000,29250.322481478386,29345.307671150847,29250.322481478386,29345.307671150847,0.0
2024-03-14T00:00:00.000000000,29345.307671150847,29436.834997493315,29345.307671150847,29436.834997493315,0.0
2024-03-15T00:00:00.000000000,29436.834997493315,29524.672132631462,29436.834997493315,29524.672132631462,0.0
2024-03-16T00:00:00.000000000,29524.672132631462,29605.501625863413,29524.672132631462,29605.501625863413,0.0
2024-03-17T00:00:00.000000000,29605.501625863413,29692.05873301025,29605.501625863413,29692.05873301025,0.0
2024-03-18T00:00:00.000000000,29692.05873301025,29776.839269301472,29692.05873301025,29776.839269301472,0.0
2024-03-19T00:00:00.000000000,29776.839269301472,29851.884549771614,29776.839269301472,29851.884549771614,0.0
2024-03-20T00:00:00.000000000,29851.884549771614,29939.36405762589,29851.884549771614,29939.36405762589,0.0
2024-03-21T00:00:00.000000000,29939.36405762589,30021.718899704767,29939.36405762589,30021.718899704767,0.0
2024-03-22T00:00:00.000000000,30021.718899704767,30100.950499944294,30021.718899704767,30100.950499944294,0.0
2024-03-23T00:00:00.000000000,30100.950499944294,30177.0308043672,30100.950499944294,30177.0308043672,0.0
2024-03-24T00:00:00.000000000,30177.0308043672,30258.231575868984,30177.0308043672,30258.231575868984,0.0
2024-03-25T00:00:00.000000000,30258.231575868984,30344.130963820186,30258.231575868984,30344.130963820186,0.0
2024-03-26T00:00:00.000000000,30344.130963820186,30429.01044103721,30344.130963820186,30429.01044103721,0.0
2024-03-27T00:00:00.000000000,30429.01044103721,30516.63724445744,30429.01044103721,30516.63724445744,0.0
2024-03-28T00:00:00.000000000,30516.63724445744,30606.661956188724,30516.63724445744,30606.661956188724,0.0
2024-03-29T00:00:00.000000000,30606.661956188724,30696.130079517603,30606.661956188724,30696.130079517603,0.0
2024-03-30T00:00:00.000000000,30696.130079517603,30785.02975991533,30696.130079517603,30785.02975991533,0.0
2024-03-31T00:00:00.000000000,30785.02975991533,30876.306181066175,30785.02975991533,30876.306181066175,0.0
2024-04-01T00:00:00.000000000,30876.306181066175,30965.936559993315,30876.306181066175,30965.936559993315,0.0
2024-04-02T00:00:00.000000000,30965.936559993315,31047.75981088458,30965.936559993315,31047.75981088458,0.0
2024-04-03T00:00:00.000000000,31047.75981088458,31131.69924660205,31047.75981088458,31131.69924660205,0.0
2024-04-04T00:00:00.000000000,31131.69924660205,31220.757077902184,31131.69924660205,31220.757077902184,0.0
2024-04-05T00:00:00.000000000,31220.757077902184,31307.074528604055,31220.757077902184,31307.074528604055,0.0
2024-04-06T00:00:00.000000000,31307.074528604055,31395.485349821745,31307.074528604055,31395.485349821745,0.0
2024-04-07T00:00:00.000000000,31395.485349821745,31485.370453152853,31395.485349821745,31485.370453152853,0.0
2024-04-08T00:00:00.000000000,31485.370453152853,31579.540260138147,31485.370453152853,31579.540260138147,0.0
2024-04-09T00:00:00.000000000,31579.540260138147,31668.517699977718,31579.540260138147,31668.517699977718,0.0
2024-04-10T00:00:00.000000000,31668.517699977718,31760.27765708556,31668.517699977718,31760.27765708556,0.0
2024-04-11T00:00:00.000000000,31760.27765708556,31850.534143131685,31760.27765708556,31850.534143131685,0.0
2024-04-12T00:00:00.000000000,31850.534143131685,31935.423298936053,31850.534143131685,31935.423298936053,0.0
2024-04-13T00:00:00.000000000,31935.423298936053,32014.549294646837,31935.423298936053,32014.549294646837,0.0
2024-04-14T00:00:00.000000000,32014.549294646837,32097.306212399733,32014.549294646837,32097.306212399733,0.0
2024-04-15T00:00:00.000000000,32097.306212399733,32176.418696384804,32097.306212399733,32176.418696384804,0.0
2024-04-16T00:00:00.000000000,32176.418696384804,32255.185689616756,32176.418696384804,32255.185689616756,0.0
2024-04-17T00:00:00.000000000,32255.185689616756,32328.162245153744,32255.185689616756,32328.162245153744,0.0
2024-04-18T00:00:00.000000000,32328.162245153744,32405.438603637478,32328.162245153744,32405.438603637478,0.0
2024-04-19T00:00:00.000000000,32405.438603637478,32483.67055899064,32405.438603637478,32483.67055899064,0.0
2024-04-20T00:00:00.000000000,32483.67055899064,32564.682309074196,32483.67055899064,32564.682309074196,0.0
2024-04-21T00:00:00.000000000,32564.682309074196,32645.805439505348,32564.682309074196,32645.805439505348,0.0
2024-04-22T00:00:00.000000000,32645.805439505348,32730.281827930037,32645.805439505348,32730.281827930037,0.0
2024-04-23T00:00:00.000000000,32730.281827930037,32814.534571356955,32730.281827930037,32814.534571356955,0.0
2024-04-24T00:00:00.000000000,32814.534571356955,32895.15040106952,32814.534571356955,32895.15040106952,0.0
2024-04-25T00:00:00.000000000,32895.15040106952,32975.94231144162,32895.15040106952,32975.94231144162,0.0
2024-04-26T00:00:00.000000000,32975.94231144162,33055.03752715575,32975.94231144162,33055.03752715575,0.0
2024-04-27T00:00:00.000000000,33055.03752715575,33133.88509288659,33055.03752715575,33133.88509288659,0.0
2024-04-28T00:00:00.000000000,33133.88509288659,33212.39774119875,33133.88509288659,33212.39774119875,0.0
2024-04-29T00:00:00.000000000,33212.39774119875,33291.850552863194,33212.39774119875,33291.850552863194,0.0
2024-04-30T00:00:00.000000000,33291.850552863194,33365.08780358735,33291.850552863194,33365.08780358735,0.0
2024-05-01T00:00:00.000000000,33365.08780358735,33434.46319699755,33365.08780358735,33434.46319699755,0.0
2024-05-02T00:00:00.000000000,33434.46319699755,33505.735743231955,33434.46319699755,33505.735743231955,0.0
2024-05-03T00:00:00.000000000,33505.735743231955,33583.87495125891,33505.735743231955,33583.87495125891,0.0
2024-05-04T00:00:00.000000000,33583.87495125891,33663.58797069964,33583.87495125891,33663.58797069964,0.0
2024-05-05T00:00:00.000000000,33663.58797069964,33743.48626545789,33663.58797069964,33743.48626545789,0.0
2024-05-06T00:00:00.000000000,33743.48626545789,33821.19560842803,33743.48626545789,33821.19560842803,0.0
2024-05-07T00:00:00.000000000,33821.19560842803,33897.82527712789,33821.19560842803,33897.82527712789,0.0
2024-05-08T00:00:00.000000000,33897.82527712789,33971.07319866867,33897.82527712789,33971.07319866867,0.0
2024-05-09T00:00:00.000000000,33971.07319866867,34046.43776111297,33971.07319866867,34046.43776111297,0.0
2024-05-10T00:00:00.000000000,34046.43776111297,34118.64264775512,34046.43776111297,34118.64264775512,0.0
2024-05-11T00:00:00.000000000,34118.64264775512,34190.29747730058,34118.64264775512,34190.29747730058,0.0
2024-05-12T00:00:00.000000000,34190.29747730058,34262.721573501556,34190.29747730058,34262.721573501556,0.0
2024-05-13T00:00:00.000000000,34262.721573501556,34338.061761920675,34262.721573501556,34338.061761920675,0.0
2024-05-14T00:00:00.000000000,34338.061761920675,34411.247173016935,34338.061761920675,34411.247173016935,0.0
2024-05-15T00:00:00.000000000,34411.247173016935,34492.85540608289,34411.247173016935,34492.85540608289,0.0
2024-05-16T00:00:00.000000000,34492.85540608289,34573.197791332444,34492.85540608289,34573.197791332444,0.0
2024-05-17T00:00:00.000000000,34573.197791332444,34656.69491560829,34573.197791332444,34656.69491560829,0.0
2024-05-18T00:00:00.000000000,34656.69491560829,34738.32339015151,34656.69491560829,34738.32339015151,0.0
2024-05-19T00:00:00.000000000,34738.32339015151,34818.52958584002,34738.32339015151,34818.52958584002,0.0
2024-05-20T00:00:00.000000000,34818.52958584002,34908.586108093805,34818.52958584002,34908.586108093805,0.0
2024-05-21T00:00:00.000000000,34908.586108093805,34996.88149997215,34908.586108093805,34996.88149997215,0.0
2024-05-22T00:00:00.000000000,34996.88149997215,35087.04382520053,34996.88149997215,35087.04382520053,0.0
2024-05-23T00:00:00.000000000,35087.04382520053,35179.8224031445,35087.04382520053,35179.8224031445,0.0
2024-05-24T00:00:00.000000000,35179.8224031445,35270.62334802529,35179.8224031445,35270.62334802529,0.0
2024-05-25T00:00:00.000000000,35270.62334802529,35363.72789765764,35270.62334802529,35363.72789765764,0.0
2024-05-26T00:00:00.000000000,35363.72789765764,35455.91846486464,35363.72789765764,35455.91846486464,0.0
2024-05-27T00:00:00.000000000,35455.91846486464,35550.46603964739,35455.91846486464,35550.46603964739,0.0
2024-05-28T00:00:00.000000000,35550.46603964739,35642.58372152128,35550.46603964739,35642.58372152128,0.0
2024-05-29T00:00:00.000000000,35642.58372152128,35732.94643180426,35642.58372152128,35732.94643180426,0.0
2024-05-30T00:00:00.000000000,35732.94643180426,35825.09536715965,35732.94643180426,35825.09536715965,0.0
2024-05-31T00:00:00.000000000,35825.09536715965,35915.654897434826,35825.09536715965,35915.654897434826,0.0
2024-06-01T00:00:00.000000000,35915.654897434826,36006.580316608175,35915.654897434826,36006.580316608175,0.0
2024-06-02T00:00:00.000000000,36006.580316608175,36097.56080624722,36006.580316608175,36097.56080624722,0.0
2024-06-03T00:00:00.000000000,36097.56080624722,36191.16677633411,36097.56080624722,36191.16677633411,0.0
2024-06-04T00:00:00.000000000,36191.16677633411,36288.81469334893,36191.16677633411,36288.81469334893,0.0
2024-06-05T00:00:00.000000000,36288.81469334893,36386.66326871658,36288.81469334893,36386.66326871658,0.0
2024-06-06T00:00:00.000000000,36386.66326871658,36483.18101743538,36386.66326871658,36483.18101743538,0.0
2024-06-07T00:00:00.000000000,36483.18101743538,36577.188363413545,36483.18101743538,36577.188363413545,0.0
2024-06-08T00:00:00.000000000,36577.188363413545,36671.27736812054,36577.188363413545,36671.27736812054,0.0
2024-06-09T00:00:00.000000000,36671.27736812054,36766.078991895054,36671.27736812054,36766.078991895054,0.0
2024-06-10T00:00:00.000000000,36766.078991895054,36860.67374108735,36766.078991895054,36860.67374108735,0.0
2024-06-11T00:00:00.000000000,36860.67374108735,36951.78730433935,36860.67374108735,36951.78730433935,0.0
2024-06-12T00:00:00.000000000,36951.78730433935,37044.11565563725,36951.78730433935,37044.11565563725,0.0
2024-06-13T00:00:00.000000000,37044.11565563725,37132.507513090466,37044.11565563725,37132.507513090466,0.0
2024-06-14T00:00:00.000000000,37132.507513090466,37219.92990335339,37132.507513090466,37219.92990335339,0.0
2024-06-15T00:00:00.000000000,37219.92990335339,37307.45635583779,37219.92990335339,37307.45635583779,0.0
2024-06-16T00:00:00.000000000,37307.45635583779,37396.103076955216,37307.45635583779,37396.103076955216,0.0
2024-06-17T00:00:00.000000000,37396.103076955216,37484.088478999554,37396.103076955216,37484.088478999554,0.0
2024-06-18T00:00:00.000000000,37484.088478999554,37569.94573376225,37484.088478999554,37569.94573376225,0.0
2024-06-19T00:00:00.000000000,37569.94573376225,37655.27691552473,37569.94573376225,37655.27691552473,0.0
2024-06-20T00:00:00.000000000,37655.27691552473,37740.80370571524,37655.27691552473,37740.80370571524,0.0
2024-06-21T00:00:00.000000000,37740.80370571524,37824.33797418115,37740.80370571524,37824.33797418115,0.0
2024-06-22T00:00:00.000000000,37824.33797418115,37908.32982049354,37824.33797418115,37908.32982049354,0.0
2024-06-23T00:00:00.000000000,37908.32982049354,37990.41907586899,37908.32982049354,37990.41907586899,0.0
2024-06-24T00:00:00.000000000,37990.41907586899,38067.37668853052,37990.41907586899,38067.37668853052,0.0
2024-06-25T00:00:00.000000000,38067.37668853052,38146.87437681038,38067.37668853052,38146.87437681038,0.0
2024-06-26T00:00:00.000000000,38146.87437681038,38223.576620989305,38146.87437681038,38223.576620989305,0.0
2024-06-27T00:00:00.000000000,38223.576620989305,38301.632147532306,38223.576620989305,38301.632147532306,0.0
2024-06-28T00:00:00.000000000,38301.632147532306,38378.20125891265,38301.632147532306,38378.20125891265,0.0
2024-06-29T00:00:00.000000000,38378.20125891265,38457.06025094697,38378.20125891265,38457.06025094697,0.0
2024-06-30T00:00:00.000000000,38457.06025094697,38538.84848832999,38457.06025094697,38538.84848832999,0.0
2024-07-01T00:00:00.000000000,38538.84848832999,38621.01248816288,38538.84848832999,38621.01248816288,0.0
2024-07-02T00:00:00.000000000,38621.01248816288,38702.27690159871,38621.01248816288,38702.27690159871,0.0
2024-07-03T00:00:00.000000000,38702.27690159871,38779.40277893828,38702.27690159871,38779.40277893828,0.0
2024-07-04T00:00:00.000000000,38779.40277893828,38850.98953111074,38779.40277893828,38850.98953111074,0.0
2024-07-05T00:00:00.000000000,38850.98953111074,38921.99137282754,38850.98953111074,38921.99137282754,0.0
2024-07-06T00:00:00.000000000,38921.99137282754,38995.97815702986,38921.99137282754,38995.97815702986,0.0
2024-07-07T00:00:00.000000000,38995.97815702986,39065.49928629122,38995.97815702986,39065.49928629122,0.0
2024-07-08T00:00:00.000000000,39065.49928629122,39136.556525735294,39065.49928629122,39136.556525735294,0.0
2024-07-09T00:00:00.000000000,39136.556525735294,39209.799701983065,39136.556525735294,39209.799701983065,0.0
2024-07-10T00:00:00.000000000,39209.799701983065,39282.928618677586,39209.799701983065,39282.928618677586,0.0
2024-07-11T00:00:00.000000000,39282.928618677586,39355.64224041889,39282.928618677586,39355.64224041889,0.0
2024-07-12T00:00:00.000000000,39355.64224041889,39429.18434923686,39355.64224041889,39429.18434923686,0.0
2024-07-13T00:00:00.000000000,39429.18434923686,39505.172526041664,39429.18434923686,39505.172526041664,0.0
2024-07-14T00:00:00.000000000,39505.172526041664,39584.03223526626,39505.172526041664,39584.03223526626,0.0
2024-07-15T00:00:00.000000000,39584.03223526626,39670.0305815508,39584.03223526626,39670.0305815508,0.0
2024-07-16T00:00:00.000000000,39670.0305815508,39756.320559686945,39670.0305815508,39756.320559686945,0.0
2024-07-17T00:00:00.000000000,39756.320559686945,39840.881942123444,39756.320559686945,39840.881942123444,0.0
2024-07-18T00:00:00.000000000,39840.881942123444,39924.85846284537,39840.881942123444,39924.85846284537,0.0
2024-07-19T00:00:00.000000000,39924.85846284537,40013.759389622326,39924.85846284537,40013.759389622326,0.0
2024-07-20T00:00:00.000000000,40013.759389622326,40103.26327498329,40013.759389622326,40103.26327498329,0.0
2024-07-21T00:00:00.000000000,40103.26327498329,40194.52788338347,40103.26327498329,40194.52788338347,0.0
2024-07-22T00:00:00.000000000,40194.52788338347,40284.53520150958,40194.52788338347,40284.53520150958,0.0
2024-07-23T00:00:00.000000000,40284.53520150958,40371.399938029186,40284.53520150958,40371.399938029186,0.0
2024-07-24T00:00:00.000000000,40371.399938029186,40456.8292425635,40371.399938029186,40456.8292425635,0.0
2024-07-25T00:00:00.000000000,40456.8292425635,40542.109688335564,40456.8292425635,40542.109688335564,0.0
2024-07-26T00:00:00.000000000,40542.109688335564,40629.52942917224,40542.109688335564,40629.52942917224,0.0
2024-07-27T00:00:00.000000000,40629.52942917224,40714.91937876002,40629.52942917224,40714.91937876002,0.0
2024-07-28T00:00:00.000000000,40714.91937876002,40799.19668421346,40714.91937876002,40799.19668421346,0.0
2024-07-29T00:00:00.000000000,40799.19668421346,40881.08459015709,40799.19668421346,40881.08459015709,0.0
2024-07-30T00:00:00.000000000,40881.08459015709,40961.35443474265,40881.08459015709,40961.35443474265,0.0
2024-07-31T00:00:00.000000000,40961.35443474265,41038.8191949365,40961.35443474265,41038.8191949365,0.0
2024-08-01T00:00:00.000000000,41038.8191949365,41118.4425795176,41038.8191949365,41118.4425795176,0.0
2024-08-02T00:00:00.000000000,41118.4425795176,41190.32898493204,41118.4425795176,41190.32898493204,0.0
2024-08-03T00:00:00.000000000,41190.32898493204,41258.0714822861,41190.32898493204,41258.0714822861,0.0
2024-08-04T00:00:00.000000000,41258.0714822861,41321.064978832444,41258.0714822861,41321.064978832444,0.0
2024-08-05T00:00:00.000000000,41321.064978832444,41376.8065849209,41321.064978832444,41376.8065849209,0.0
2024-08-06T00:00:00.000000000,41376.8065849209,41435.80816204323,41376.8065849209,41435.80816204323,0.0
2024-08-07T00:00:00.000000000,41435.80816204323,41493.54611603164,41435.80816204323,41493.54611603164,0.0
2024-08-08T00:00:00.000000000,41493.54611603164,41562.33805425579,41493.54611603164,41562.33805425579,0.0
2024-08-09T00:00:00.000000000,41562.33805425579,41629.80211118538,41562.33805425579,41629.80211118538,0.0
2024-08-10T00:00:00.000000000,41629.80211118538,41697.301369624554,41629.80211118538,41697.301369624554,0.0
2024-08-11T00:00:00.000000000,41697.301369624554,41760.91704615085,41697.301369624554,41760.91704615085,0.0
2024-08-12T00:00:00.000000000,41760.91704615085,41824.33941552473,41760.91704615085,41824.33941552473,0.0
2024-08-13T00:00:00.000000000,41824.33941552473,41891.66459865196,41824.33941552473,41891.66459865196,0.0
2024-08-14T00:00:00.000000000,41891.66459865196,41955.119119735966,41891.66459865196,41955.119119735966,0.0
2024-08-15T00:00:00.000000000,41955.119119735966,42015.43343011921,41955.119119735966,42015.43343011921,0.0
2024-08-16T00:00:00.000000000,42015.43343011921,42078.574667864305,42015.43343011921,42078.574667864305,0.0
2024-08-17T00:00:00.000000000,42078.574667864305,42142.79864360517,42078.574667864305,42142.79864360517,0.0
2024-08-18T00:00:00.000000000,42142.79864360517,42205.458389037434,42142.79864360517,42205.458389037434,0.0
2024-08-19T00:00:00.000000000,42205.458389037434,42270.588134330435,42205.458389037434,42270.588134330435,0.0
2024-08-20T00:00:00.000000000,42270.588134330435,42335.20967371324,42270.588134330435,42335.20967371324,0.0
2024-08-21T00:00:00.000000000,42335.20967371324,42402.78703626337,42335.20967371324,42402.78703626337,0.0
2024-08-22T00:00:00.000000000,42402.78703626337,42469.529488357846,42402.78703626337,42469.529488357846,0.0
2024-08-23T00:00:00.000000000,42469.529488357846,42544.886558600716,42469.529488357846,42544.886558600716,0.0
2024-08-24T00:00:00.000000000,42544.886558600716,42620.69370404412,42544.886558600716,42620.69370404412,0.0
2024-08-25T00:00:00.000000000,42620.69370404412,42696.384734291445,42620.69370404412,42696.384734291445,0.0
2024-08-26T00:00:00.000000000,42696.384734291445,42769.63332079991,42696.384734291445,42769.63332079991,0.0
2024-08-27T00:00:00.000000000,42769.63332079991,42836.827672404186,42769.63332079991,42836.827672404186,0.0
2024-08-28T00:00:00.000000000,42836.827672404186,42902.436977774065,42836.827672404186,42902.436977774065,0.0
2024-08-29T00:00:00.000000000,42902.436977774065,42964.96877437054,42902.436977774065,42964.96877437054,0.0
2024-08-30T00:00:00.000000000,42964.96877437054,43028.24150512478,42964.96877437054,43028.24150512478,0.0
2024-08-31T00:00:00.000000000,43028.24150512478,43089.56823752228,43028.24150512478,43089.56823752228,0.0
2024-09-01T00:00:00.000000000,43089.56823752228,43147.828863079325,43089.56823752228,43147.828863079325,0.0
2024-09-02T00:00:00.000000000,43147.828863079325,43209.83392170789,43147.828863079325,43209.83392170789,0.0
2024-09-03T00:00:00.000000000,43209.83392170789,43267.947780887924,43209.83392170789,43267.947780887924,0.0
2024-09-04T00:00:00.000000000,43267.947780887924,43327.72529523173,43267.947780887924,43327.72529523173,0.0
2024-09-05T00:00:00.000000000,43327.72529523173,43384.71574894162,43327.72529523173,43384.71574894162,0.0
2024-09-06T00:00:00.000000000,43384.71574894162,43438.19393382353,43384.71574894162,43438.19393382353,0.0
2024-09-07T00:00:00.000000000,43438.19393382353,43493.34823069853,43438.19393382353,43493.34823069853,0.0
2024-09-08T00:00:00.000000000,43493.34823069853,43549.79420468472,43493.34823069853,43549.79420468472,0.0
2024-09-09T00:00:00.000000000,43549.79420468472,43609.434707832,43549.79420468472,43609.434707832,0.0
2024-09-10T00:00:00.000000000,43609.434707832,43670.26508188502,43609.434707832,43670.26508188502,0.0
2024-09-11T00:00:00.000000000,43670.26508188502,43731.22019482509,43670.26508188502,43731.22019482509,0.0
2024-09-12T00:00:00.000000000,43731.22019482509,43792.68269203988,43731.22019482509,43792.68269203988,0.0
2024-09-13T00:00:00.000000000,43792.68269203988,43858.807173295456,43792.68269203988,43858.807173295456,0.0
2024-09-14T00:00:00.000000000,43858.807173295456,43925.90599933155,43858.807173295456,43925.90599933155,0.0
2024-09-15T00:00:00.000000000,43925.90599933155,43991.55570758133,43925.90599933155,43991.55570758133,0.0
2024-09-16T00:00:00.000000000,43991.55570758133,44055.29366505125,43991.55570758133,44055.29366505125,0.0
2024-09-17T00:00:00.000000000,44055.29366505125,44122.81377423128,44055.29366505125,44122.81377423128,0.0
2024-09-18T00:00:00.000000000,44122.81377423128,44193.098819073086,44122.81377423128,44193.098819073086,0.0
2024-09-19T00:00:00.000000000,44193.098819073086,44266.578991895054,44193.098819073086,44266.578991895054,0.0
2024-09-20T00:00:00.000000000,44266.578991895054,44342.92472287211,44266.578991895054,44342.92472287211,0.0
2024-09-21T00:00:00.000000000,44342.92472287211,44419.94361004345,44342.92472287211,44419.94361004345,0.0
2024-09-22T00:00:00.000000000,44419.94361004345,44496.62150804924,44419.94361004345,44496.62150804924,0.0
2024-09-23T00:00:00.000000000,44496.62150804924,44570.00092259915,44496.62150804924,44570.00092259915,0.0
2024-09-24T00:00:00.000000000,44570.00092259915,44641.48832999109,44570.00092259915,44641.48832999109,0.0
2024-09-25T00:00:00.000000000,44641.48832999109,44709.932305592694,44641.48832999109,44709.932305592694,0.0
2024-09-26T00:00:00.000000000,44709.932305592694,44782.66859542112,44709.932305592694,44782.66859542112,0.0
2024-09-27T00:00:00.000000000,44782.66859542112,44855.28512839795,44782.66859542112,44855.28512839795,0.0
2024-09-28T00:00:00.000000000,44855.28512839795,44923.84790691845,44855.28512839795,44923.84790691845,0.0
2024-09-29T00:00:00.000000000,44923.84790691845,44992.777364639034,44923.84790691845,44992.777364639034,0.0
2024-09-30T00:00:00.000000000,44992.777364639034,45055.68435968137,44992.777364639034,45055.68435968137,0.0
2024-10-01T00:00:00.000000000,45055.68435968137,45114.63225894051,45055.68435968137,45114.63225894051,0.0
2024-10-02T00:00:00.000000000,45114.63225894051,45172.48781820967,45114.63225894051,45172.48781820967,0.0
2024-10-03T00:00:00.000000000,45172.48781820967,45232.11698905414,45172.48781820967,45232.11698905414,0.0
2024-10-04T00:00:00.000000000,45232.11698905414,45292.248012059936,45232.11698905414,45292.248012059936,0.0
2024-10-05T00:00:00.000000000,45292.248012059936,45353.91764496992,45292.248012059936,45353.91764496992,0.0
2024-10-06T00:00:00.000000000,45353.91764496992,45416.88421554701,45353.91764496992,45416.88421554701,0.0
2024-10-07T00:00:00.000000000,45416.88421554701,45477.92223707665,45416.88421554701,45477.92223707665,0.0
2024-10-08T00:00:00.000000000,45477.92223707665,45540.29671136921,45477.92223707665,45540.29671136921,0.0
2024-10-09T00:00:00.000000000,45540.29671136921,45599.67990335339,45540.29671136921,45599.67990335339,0.0
2024-10-10T00:00:00.000000000,45599.67990335339,45656.589098707664,45599.67990335339,45656.589098707664,0.0
2024-10-11T00:00:00.000000000,45656.589098707664,45717.92871964126,45656.589098707664,45717.92871964126,0.0
2024-10-12T00:00:00.000000000,45717.92871964126,45779.80846841577,45717.92871964126,45779.80846841577,0.0
2024-10-13T00:00:00.000000000,45779.80846841577,45841.19944852941,45779.80846841577,45841.19944852941,0.0
2024-10-14T00:00:00.000000000,45841.19944852941,45908.66257937834,45841.19944852941,45908.66257937834,0.0
2024-10-15T00:00:00.000000000,45908.66257937834,45978.628512839794,45908.66257937834,45978.628512839794,0.0
2024-10-16T00:00:00.000000000,45978.628512839794,46048.93979431261,45978.628512839794,46048.93979431261,0.0
2024-10-17T00:00:00.000000000,46048.93979431261,46118.853968220814,46048.93979431261,46118.853968220814,0.0
2024-10-18T00:00:00.000000000,46118.853968220814,46190.82303851938,46118.853968220814,46190.82303851938,0.0
2024-10-19T00:00:00.000000000,46190.82303851938,46262.90302960673,46190.82303851938,46262.90302960673,0.0
2024-10-20T00:00:00.000000000,46262.90302960673,46336.082901626556,46262.90302960673,46336.082901626556,0.0
2024-10-21T00:00:00.000000000,46336.082901626556,46405.66365168226,46336.082901626556,46405.66365168226,0.0
2024-10-22T00:00:00.000000000,46405.66365168226,46472.88009692513,46405.66365168226,46472.88009692513,0.0
2024-10-23T00:00:00.000000000,46472.88009692513,46537.4026222705,46472.88009692513,46537.4026222705,0.0
2024-10-24T00:00:00.000000000,46537.4026222705,46605.17802682152,46537.4026222705,46605.17802682152,0.0
2024-10-25T00:00:00.000000000,46605.17802682152,46669.7829246045,46605.17802682152,46669.7829246045,0.0
2024-10-26T00:00:00.000000000,46669.7829246045,46734.896999637924,46669.7829246045,46734.896999637924,0.0
2024-10-27T00:00:00.000000000,46734.896999637924,46801.93942527295,46734.896999637924,46801.93942527295,0.0
2024-10-28T00:00:00.000000000,46801.93942527295,46872.514117507795,46801.93942527295,46872.514117507795,0.0
2024-10-29T00:00:00.000000000,46872.514117507795,46949.65395220588,46872.514117507795,46949.65395220588,0.0
2024-10-30T00:00:00.000000000,46949.65395220588,47024.4168511865,46949.65395220588,47024.4168511865,0.0
2024-10-31T00:00:00.000000000,47024.4168511865,47098.200287572414,47024.4168511865,47098.200287572414,0.0
2024-11-01T00:00:00.000000000,47098.200287572414,47171.705600350935,47098.200287572414,47171.705600350935,0.0
2024-11-02T00:00:00.000000000,47171.705600350935,47246.59394844586,47171.705600350935,47246.59394844586,0.0
2024-11-03T00:00:00.000000000,47246.59394844586,47319.541572666,47246.59394844586,47319.541572666,0.0
2024-11-04T00:00:00.000000000,47319.541572666,47391.23519663547,47319.541572666,47391.23519663547,0.0
2024-11-05T00:00:00.000000000,47391.23519663547,47465.80600350936,47391.23519663547,47465.80600350936,0.0
2024-11-06T00:00:00.000000000,47465.80600350936,47550.17584391711,47465.80600350936,47550.17584391711,0.0
2024-11-07T00:00:00.000000000,47550.17584391711,47634.814272086674,47550.17584391711,47634.814272086674,0.0
2024-11-08T00:00:00.000000000,47634.814272086674,47718.72102690508,47634.814272086674,47718.72102690508,0.0
2024-11-09T00:00:00.000000000,47718.72102690508,47803.28182096702,47718.72102690508,47803.28182096702,0.0
2024-11-10T00:00:00.000000000,47803.28182096702,47894.593227774065,47803.28182096702,47894.593227774065,0.0
2024-11-11T00:00:00.000000000,47894.593227774065,48000.53382979612,47894.593227774065,48000.53382979612,0.0
2024-11-12T00:00:00.000000000,48000.53382979612,48107.24371239973,48000.53382979612,48107.24371239973,0.0
2024-11-13T00:00:00.000000000,48107.24371239973,48217.58885848374,48107.24371239973,48217.58885848374,0.0
2024-11-14T00:00:00.000000000,48217.58885848374,48321.410821217694,48217.58885848374,48321.410821217694,0.0
2024-11-15T00:00:00.000000000,48321.410821217694,48432.31687625334,48321.410821217694,48432.31687625334,0.0
2024-11-16T00:00:00.000000000,48432.31687625334,48541.09422348485,48432.31687625334,48541.09422348485,0.0
2024-11-17T00:00:00.000000000,48541.09422348485,48649.723864332664,48541.09422348485,48649.723864332664,0.0
2024-11-18T00:00:00.000000000,48649.723864332664,48760.39705882353,48649.723864332664,48760.39705882353,0.0
2024-11-19T00:00:00.000000000,48760.39705882353,48875.636837121216,48760.39705882353,48875.636837121216,0.0
2024-11-20T00:00:00.000000000,48875.636837121216,48994.49729486965,48875.636837121216,48994.49729486965,0.0
2024-11-21T00:00:00.000000000,48994.49729486965,49120.848401292336,48994.49729486965,49120.848401292336,0.0
2024-11-22T00:00:00.000000000,49120.848401292336,49249.18507687166,49120.848401292336,49249.18507687166,0.0
2024-11-23T00:00:00.000000000,49249.18507687166,49375.69539953765,49249.18507687166,49375.69539953765,0.0
2024-11-24T00:00:00.000000000,49375.69539953765,49502.66463694853,49375.69539953765,49502.66463694853,0.0
2024-11-25T00:00:00.000000000,49502.66463694853,49620.61768187389,49502.66463694853,49620.61768187389,0.0
2024-11-26T00:00:00.000000000,49620.61768187389,49736.11256057821,49620.61768187389,49736.11256057821,0.0
2024-11-27T00:00:00.000000000,49736.11256057821,49858.97509330437,49736.11256057821,49858.97509330437,0.0
2024-11-28T00:00:00.000000000,49858.97509330437,49980.63938210227,49858.97509330437,49980.63938210227,0.0
2024-11-29T00:00:00.000000000,49980.63938210227,50106.538338346705,49980.63938210227,50106.538338346705,0.0
2024-11-30T00:00:00.000000000,50106.538338346705,50230.52929339349,50106.538338346705,50230.52929339349,0.0
2024-12-01T00:00:00.000000000,50230.52929339349,50355.57421875,50230.52929339349,50355.57421875,0.0
2024-12-02T00:00:00.000000000,50355.57421875,50478.76758508801,50355.57421875,50478.76758508801,0.0
2024-12-03T00:00:00.000000000,50478.76758508801,50602.0311977774,50478.76758508801,50602.0311977774,0.0
2024-12-04T00:00:00.000000000,50602.0311977774,50729.558478860294,50602.0311977774,50729.558478860294,0.0
2024-12-05T00:00:00.000000000,50729.558478860294,50854.796895889034,50729.558478860294,50854.796895889034,0.0
2024-12-06T00:00:00.000000000,50854.796895889034,50985.71401515151,50854.796895889034,50985.71401515151,0.0
2024-12-07T00:00:00.000000000,50985.71401515151,51116.20250877339,50985.71401515151,51116.20250877339,0.0
2024-12-08T00:00:00.000000000,51116.20250877339,51248.765186330216,51116.20250877339,51248.765186330216,0.0
2024-12-09T00:00:00.000000000,51248.765186330216,51372.37850587678,51248.765186330216,51372.37850587678,0.0
2024-12-10T00:00:00.000000000,51372.37850587678,51495.24756990864,51372.37850587678,51495.24756990864,0.0
2024-12-11T00:00:00.000000000,51495.24756990864,51626.21135179924,51495.24756990864,51626.21135179924,0.0
2024-12-12T00:00:00.000000000,51626.21135179924,51756.021230225044,51626.21135179924,51756.021230225044,0.0
2024-12-13T00:00:00.000000000,51756.021230225044,51889.06808433601,51756.021230225044,51889.06808433601,0.0
2024-12-14T00:00:00.000000000,51889.06808433601,52021.19531946301,51889.06808433601,52021.19531946301,0.0
2024-12-15T00:00:00.000000000,52021.19531946301,52158.848735516935,52021.19531946301,52158.848735516935,0.0
2024-12-16T00:00:00.000000000,52158.848735516935,52299.509434881904,52158.848735516935,52299.509434881904,0.0
2024-12-17T00:00:00.000000000,52299.509434881904,52442.79019050802,52299.509434881904,52442.79019050802,0.0
2024-12-18T00:00:00.000000000,52442.79019050802,52572.563373858065,52442.79019050802,52572.563373858065,0.0
2024-12-19T00:00:00.000000000,52572.563373858065,52699.38147560161,52572.563373858065,52699.38147560161,0.0
2024-12-20T00:00:00.000000000,52699.38147560161,52826.38274635138,52699.38147560161,52826.38274635138,0.0
2024-12-21T00:00:00.000000000,52826.38274635138,52952.48675983177,52826.38274635138,52952.48675983177,0.0
2024-12-22T00:00:00.000000000,52952.48675983177,53075.933635528076,52952.48675983177,53075.933635528076,0.0
2024-12-23T00:00:00.000000000,53075.933635528076,53198.47565730838,53075.933635528076,53198.47565730838,0.0
2024-12-24T00:00:00.000000000,53198.47565730838,53328.19685828877,53198.47565730838,53328.19685828877,0.0
2024-12-25T00:00:00.000000000,53328.19685828877,53458.999829406195,53328.19685828877,53458.999829406195,0.0
2024-12-26T00:00:00.000000000,53458.999829406195,53584.97280595477,53458.999829406195,53584.97280595477,0.0
2024-12-27T00:00:00.000000000,53584.97280595477,53707.23388410762,53584.97280595477,53707.23388410762,0.0
2024-12-28T00:00:00.000000000,53707.23388410762,53829.93703347816,53707.23388410762,53829.93703347816,0.0
2024-12-29T00:00:00.000000000,53829.93703347816,53949.401473373444,53829.93703347816,53949.401473373444,0.0
2024-12-30T00:00:00.000000000,53949.401473373444,54067.59576579211,53949.401473373444,54067.59576579211,0.0
2024-12-31T00:00:00.000000000,54067.59576579211,54186.2734375,54067.59576579211,54186.2734375,0.0
2025-01-01T00:00:00.000000000,54186.2734375,54304.08496964126,54186.2734375,54304.08496964126,0.0
2025-01-02T00:00:00.000000000,54304.08496964126,54423.26425328654,54304.08496964126,54423.26425328654,0.0
2025-01-03T00:00:00.000000000,54423.26425328654,54544.82423267602,54423.26425328654,54544.82423267602,0.0
2025-01-04T00:00:00.000000000,54544.82423267602,54665.217740363194,54544.82423267602,54665.217740363194,0.0
2025-01-05T00:00:00.000000000,54665.217740363194,54786.013222760695,54665.217740363194,54786.013222760695,0.0
2025-01-06T00:00:00.000000000,54786.013222760695,54913.638577874335,54786.013222760695,54913.638577874335,0.0
2025-01-07T00:00:00.000000000,54913.638577874335,55032.447084586674,54913.638577874335,55032.447084586674,0.0
2025-01-08T00:00:00.000000000,55032.447084586674,55147.16252019274,55032.447084586674,55147.16252019274,0.0
2025-01-09T00:00:00.000000000,55147.16252019274,55258.38853261475,55147.16252019274,55258.38853261475,0.0
2025-01-10T00:00:00.000000000,55258.38853261475,55372.92703807375,55258.38853261475,55372.92703807375,0.0
2025-01-11T00:00:00.000000000,55372.92703807375,55487.168289048575,55372.92703807375,55487.168289048575,0.0
2025-01-12T00:00:00.000000000,55487.168289048575,55601.06910789884,55487.168289048575,55601.06910789884,0.0
2025-01-13T00:00:00.000000000,55601.06910789884,55714.965282419784,55601.06910789884,55714.965282419784,0.0
2025-01-14T00:00:00.000000000,55714.965282419784,55831.50290705771,55714.965282419784,55831.50290705771,0.0
2025-01-15T00:00:00.000000000,55831.50290705771,55955.793299493096,55831.50290705771,55955.793299493096,0.0
2025-01-16T00:00:00.000000000,55955.793299493096,56079.22064393939,55955.793299493096,56079.22064393939,0.0
2025-01-17T00:00:00.000000000,56079.22064393939,56212.11315939728,56079.22064393939,56212.11315939728,0.0
2025-01-18T00:00:00.000000000,56212.11315939728,56344.13776668338,56212.11315939728,56344.13776668338,0.0
2025-01-19T00:00:00.000000000,56344.13776668338,56470.33574949866,56344.13776668338,56470.33574949866,0.0
2025-01-20T00:00:00.000000000,56470.33574949866,56598.40246908423,56470.33574949866,56598.40246908423,0.0
2025-01-21T00:00:00.000000000,56598.40246908423,56733.39675593249,56598.40246908423,56733.39675593249,0.0
2025-01-22T00:00:00.000000000,56733.39675593249,56863.578786486185,56733.39675593249,56863.578786486185,0.0
2025-01-23T00:00:00.000000000,56863.578786486185,56994.716977913326,56863.578786486185,56994.716977913326,0.0
2025-01-24T00:00:00.000000000,56994.716977913326,57125.45393967246,56994.716977913326,57125.45393967246,0.0
2025-01-25T00:00:00.000000000,57125.45393967246,57258.03964391154,57125.45393967246,57258.03964391154,0.0
2025-01-26T00:00:00.000000000,57258.03964391154,57387.071182876556,57258.03964391154,57387.071182876556,0.0
2025-01-27T00:00:00.000000000,57387.071182876556,57515.12564756016,57387.071182876556,57515.12564756016,0.0
2025-01-28T00:00:00.000000000,57515.12564756016,57642.017961090685,57515.12564756016,57642.017961090685,0.0
2025-01-29T00:00:00.000000000,57642.017961090685,57773.65191552473,57642.017961090685,57773.65191552473,0.0
2025-01-30T00:00:00.000000000,57773.65191552473,57907.02336090686,57773.65191552473,57907.02336090686,0.0
2025-01-31T00:00:00.000000000,57907.02336090686,58036.458312444294,57907.02336090686,58036.458312444294,0.0
2025-02-01T00:00:00.000000000,58036.458312444294,58162.567335812164,58036.458312444294,58162.567335812164,0.0
2025-02-02T00:00:00.000000000,58162.567335812164,58283.63181678922,58162.567335812164,58283.63181678922,0.0
2025-02-03T00:00:00.000000000,58283.63181678922,58410.76351520722,58283.63181678922,58410.76351520722,0.0
2025-02-04T00:00:00.000000000,58410.76351520722,58533.21432500557,58410.76351520722,58533.21432500557,0.0
2025-02-05T00:00:00.000000000,58533.21432500557,58653.33563460896,58533.21432500557,58653.33563460896,0.0
2025-02-06T00:00:00.000000000,58653.33563460896,58773.190044981064,58653.33563460896,58773.190044981064,0.0
2025-02-07T00:00:00.000000000,58773.190044981064,58893.187186664436,58773.190044981064,58893.187186664436,0.0
2025-02-08T00:00:00.000000000,58893.187186664436,59012.9076983066,58893.187186664436,59012.9076983066,0.0
2025-02-09T00:00:00.000000000,59012.9076983066,59132.59250362077,59012.9076983066,59132.59250362077,0.0
2025-02-10T00:00:00.000000000,59132.59250362077,59254.09383355615,59132.59250362077,59254.09383355615,0.0
2025-02-11T00:00:00.000000000,59254.09383355615,59372.66302849265,59254.09383355615,59372.66302849265,0.0
2025-02-12T00:00:00.000000000,59372.66302849265,59494.24970755348,59372.66302849265,59494.24970755348,0.0
2025-02-13T00:00:00.000000000,59494.24970755348,59614.52048866422,59494.24970755348,59614.52048866422,0.0
2025-02-14T00:00:00.000000000,59614.52048866422,59736.32136043338,59614.52048866422,59736.32136043338,0.0
2025-02-15T00:00:00.000000000,59736.32136043338,59858.43590547014,59736.32136043338,59858.43590547014,0.0
2025-02-16T00:00:00.000000000,59858.43590547014,59978.102401543,59858.43590547014,59978.102401543,0.0
2025-02-17T00:00:00.000000000,59978.102401543,60097.05343067625,59978.102401543,60097.05343067625,0.0
2025-02-18T00:00:00.000000000,60097.05343067625,60215.34036249443,60097.05343067625,60215.34036249443,0.0
2025-02-19T00:00:00.000000000,60215.34036249443,60334.53843234737,60215.34036249443,60334.53843234737,0.0
2025-02-20T00:00:00.000000000,60334.53843234737,60457.1274579434,60334.53843234737,60457.1274579434,0.0
2025-02-21T00:00:00.000000000,60457.1274579434,60576.01507840352,60457.1274579434,60576.01507840352,0.0
2025-02-22T00:00:00.000000000,60576.01507840352,60695.76560062946,60576.01507840352,60695.76560062946,0.0
2025-02-23T00:00:00.000000000,60695.76560062946,60814.941994624554,60695.76560062946,60814.941994624554,0.0
2025-02-24T00:00:00.000000000,60814.941994624554,60925.700029940956,60814.941994624554,60925.700029940956,0.0
2025-02-25T00:00:00.000000000,60925.700029940956,61031.45355670677,60925.700029940956,61031.45355670677,0.0
2025-02-26T00:00:00.000000000,61031.45355670677,61129.8077024844,61031.45355670677,61129.8077024844,0.0
2025-02-27T00:00:00.000000000,61129.8077024844,61229.63381169229,61129.8077024844,61229.63381169229,0.0
2025-02-28T00:00:00.000000000,61229.63381169229,61332.500936525175,61229.63381169229,61332.500936525175,0.0
2025-03-01T00:00:00.000000000,61332.500936525175,61439.421359737076,61332.500936525175,61439.421359737076,0.0
2025-03-02T00:00:00.000000000,61439.421359737076,61560.9046868037,61439.421359737076,61560.9046868037,0.0
2025-03-03T00:00:00.000000000,61560.9046868037,61667.63568126114,61560.9046868037,61667.63568126114,0.0
2025-03-04T00:00:00.000000000,61667.63568126114,61776.5448696524,61667.63568126114,61776.5448696524,0.0
2025-03-05T00:00:00.000000000,61776.5448696524,61891.681957442066,61776.5448696524,61891.681957442066,0.0
2025-03-06T00:00:00.000000000,61891.681957442066,62004.92631740196,61891.681957442066,62004.92631740196,0.0
2025-03-07T00:00:00.000000000,62004.92631740196,62112.91258982286,62004.92631740196,62112.91258982286,0.0
2025-03-08T00:00:00.000000000,62112.91258982286,62220.055060021165,62112.91258982286,62220.055060021165,0.0
2025-03-09T00:00:00.000000000,62220.055060021165,62317.36803002451,62220.055060021165,62317.36803002451,0.0
2025-03-10T00:00:00.000000000,62317.36803002451,62410.84807751225,62317.36803002451,62410.84807751225,0.0
2025-03-11T00:00:00.000000000,62410.84807751225,62512.0175259024,62410.84807751225,62512.0175259024,0.0
2025-03-12T00:00:00.000000000,62512.0175259024,62611.8303009414,62512.0175259024,62611.8303009414,0.0
2025-03-13T00:00:00.000000000,62611.8303009414,62707.67600058489,62611.8303009414,62707.67600058489,0.0
2025-03-14T00:00:00.000000000,62707.67600058489,62811.12988455325,62707.67600058489,62811.12988455325,0.0
2025-03-15T00:00:00.000000000,62811.12988455325,62915.483511586455,62811.12988455325,62915.483511586455,0.0
2025-03-16T00:00:00.000000000,62915.483511586455,63016.572439700314,62915.483511586455,63016.572439700314,0.0
2025-03-17T00:00:00.000000000,63016.572439700314,63120.14841312946,63016.572439700314,63120.14841312946,0.0
2025-03-18T00:00:00.000000000,63120.14841312946,63221.58528297683,63120.14841312946,63221.58528297683,0.0
2025-03-19T00:00:00.000000000,63221.58528297683,63330.45202832553,63221.58528297683,63330.45202832553,0.0
2025-03-20T00:00:00.000000000,63330.45202832553,63434.5767323975,63330.45202832553,63434.5767323975,0.0
2025-03-21T00:00:00.000000000,63434.5767323975,63537.61246657754,63434.5767323975,63537.61246657754,0.0
2025-03-22T00:00:00.000000000,63537.61246657754,63640.86884817848,63537.61246657754,63640.86884817848,0.0
2025-03-23T00:00:00.000000000,63640.86884817848,63748.10360266265,63640.86884817848,63748.10360266265,0.0
2025-03-24T00:00:00.000000000,63748.10360266265,63858.026396780304,63748.10360266265,63858.026396780304,0.0
2025-03-25T00:00:00.000000000,63858.026396780304,63969.09422000334,63858.026396780304,63969.09422000334,0.0
2025-03-26T00:00:00.000000000,63969.09422000334,64077.94901334113,63969.09422000334,64077.94901334113,0.0
2025-03-27T00:00:00.000000000,64077.94901334113,64186.592110210564,64077.94901334113,64186.592110210564,0.0
2025-03-28T00:00:00.000000000,64186.592110210564,64289.6464321524,64186.592110210564,64289.6464321524,0.0
2025-03-29T00:00:00.000000000,64289.6464321524,64389.448379707,64289.6464321524,64389.448379707,0.0
2025-03-30T00:00:00.000000000,64389.448379707,64488.85344599488,64389.448379707,64488.85344599488,0.0
2025-03-31T00:00:00.000000000,64488.85344599488,64588.70144343249,64488.85344599488,64588.70144343249,0.0
2025-04-01T00:00:00.000000000,64588.70144343249,64692.827808182934,64588.70144343249,64692.827808182934,0.0
2025-04-02T00:00:00.000000000,64692.827808182934,64791.35649579434,64692.827808182934,64791.35649579434,0.0
2025-04-03T00:00:00.000000000,64791.35649579434,64891.126228971705,64791.35649579434,64891.126228971705,0.0
2025-04-04T00:00:00.000000000,64891.126228971705,64993.22279202874,64891.126228971705,64993.22279202874,0.0
2025-04-05T00:00:00.000000000,64993.22279202874,65094.69378760027,64993.22279202874,65094.69378760027,0.0
2025-04-06T00:00:00.000000000,65094.69378760027,65186.73495293003,65094.69378760027,65186.73495293003,0.0
2025-04-07T00:00:00.000000000,65186.73495293003,65281.170799214575,65186.73495293003,65281.170799214575,0.0
2025-04-08T00:00:00.000000000,65281.170799214575,65370.25007311163,65281.170799214575,65370.25007311163,0.0
2025-04-09T00:00:00.000000000,65370.25007311163,65470.70765443962,65370.25007311163,65470.70765443962,0.0
2025-04-10T00:00:00.000000000,65470.70765443962,65565.6691942402,65470.70765443962,65565.6691942402,0.0
2025-04-11T00:00:00.000000000,65565.6691942402,65666.17416583111,65565.6691942402,65666.17416583111,0.0
2025-04-12T00:00:00.000000000,65666.17416583111,65770.23011711787,65666.17416583111,65770.23011711787,0.0
2025-04-13T00:00:00.000000000,65770.23011711787,65871.33004679144,65770.23011711787,65871.33004679144,0.0
2025-04-14T00:00:00.000000000,65871.33004679144,65972.14758801248,65871.33004679144,65972.14758801248,0.0
2025-04-15T00:00:00.000000000,65972.14758801248,66072.21569323752,65972.14758801248,66072.21569323752,0.0
2025-04-16T00:00:00.000000000,66072.21569323752,66173.11389051359,66072.21569323752,66173.11389051359,0.0
2025-04-17T00:00:00.000000000,66173.11389051359,66274.88992521724,66173.11389051359,66274.88992521724,0.0
2025-04-18T00:00:00.000000000,66274.88992521724,66376.55640040107,66274.88992521724,66376.55640040107,0.0
2025-04-19T00:00:00.000000000,66376.55640040107,66478.36890736409,66376.55640040107,66478.36890736409,0.0
2025-04-20T00:00:00.000000000,66478.36890736409,66580.33943293226,66478.36890736409,66580.33943293226,0.0
2025-04-21T00:00:00.000000000,66580.33943293226,66686.5494443516,66580.33943293226,66686.5494443516,0.0
2025-04-22T00:00:00.000000000,66686.5494443516,66803.94376322972,66686.5494443516,66803.94376322972,0.0
2025-04-23T00:00:00.000000000,66803.94376322972,66922.14000181039,66803.94376322972,66922.14000181039,0.0
2025-04-24T00:00:00.000000000,66922.14000181039,67041.69521849933,66922.14000181039,67041.69521849933,0.0
2025-04-25T00:00:00.000000000,67041.69521849933,67162.842635918,67041.69521849933,67162.842635918,0.0
2025-04-26T00:00:00.000000000,67162.842635918,67283.67071913993,67162.842635918,67283.67071913993,0.0
2025-04-27T00:00:00.000000000,67283.67071913993,67402.9098220254,67283.67071913993,67402.9098220254,0.0
2025-04-28T00:00:00.000000000,67402.9098220254,67523.79947916667,67402.9098220254,67523.79947916667,0.0
2025-04-29T00:00:00.000000000,67523.79947916667,67641.02821760807,67523.79947916667,67641.02821760807,0.0
2025-04-30T00:00:00.000000000,67641.02821760807,67758.30373356729,67641.02821760807,67758.30373356729,0.0
2025-05-01T00:00:00.000000000,67758.30373356729,67879.80817945076,67758.30373356729,67879.80817945076,0.0
2025-05-02T00:00:00.000000000,67879.80817945076,68001.35945159313,67879.80817945076,68001.35945159313,0.0
2025-05-03T00:00:00.000000000,68001.35945159313,68119.37878787878,68001.35945159313,68119.37878787878,0.0
2025-05-04T00:00:00.000000000,68119.37878787878,68234.16945535317,68119.37878787878,68234.16945535317,0.0
2025-05-05T00:00:00.000000000,68234.16945535317,68349.59576231061,68234.16945535317,68349.59576231061,0.0
2025-05-06T00:00:00.000000000,68349.59576231061,68463.17195159313,68349.59576231061,68463.17195159313,0.0
2025-05-07T00:00:00.000000000,68463.17195159313,68575.70455938057,68463.17195159313,68575.70455938057,0.0
2025-05-08T00:00:00.000000000,68575.70455938057,68698.23333054813,68575.70455938057,68698.23333054813,0.0
2025-05-09T00:00:00.000000000,68698.23333054813,68820.89679422906,68698.23333054813,68820.89679422906,0.0
2025-05-10T00:00:00.000000000,68820.89679422906,68947.07598735517,68820.89679422906,68947.07598735517,0.0
2025-05-11T00:00:00.000000000,68947.07598735517,69071.8830910205,68947.07598735517,69071.8830910205,0.0
2025-05-12T00:00:00.000000000,69071.8830910205,69193.58446830437,69071.8830910205,69193.58446830437,0.0
2025-05-13T00:00:00.000000000,69193.58446830437,69317.76886976381,69193.58446830437,69317.76886976381,0.0
2025-05-14T00:00:00.000000000,69317.76886976381,69440.5347036542,69317.76886976381,69440.5347036542,0.0
2025-05-15T00:00:00.000000000,69440.5347036542,69562.2947512812,69440.5347036542,69562.2947512812,0.0
2025-05-16T00:00:00.000000000,69562.2947512812,69684.48913073752,69562.2947512812,69684.48913073752,0.0
2025-05-17T00:00:00.000000000,69684.48913073752,69806.51900902406,69684.48913073752,69806.51900902406,0.0
2025-05-18T00:00:00.000000000,69806.51900902406,69933.7272309492,69806.51900902406,69933.7272309492,0.0
2025-05-19T00:00:00.000000000,69933.7272309492,70059.49697108957,69933.7272309492,70059.49697108957,0.0
2025-05-20T00:00:00.000000000,70059.49697108957,70187.40020610517,70059.49697108957,70187.40020610517,0.0
2025-05-21T00:00:00.000000000,70187.40020610517,70319.72554590018,70187.40020610517,70319.72554590018,0.0
2025-05-22T00:00:00.000000000,70319.72554590018,70455.23000919117,70319.72554590018,70455.23000919117,0.0
2025-05-23T00:00:00.000000000,70455.23000919117,70581.06721395945,70455.23000919117,70581.06721395945,0.0
2025-05-24T00:00:00.000000000,70581.06721395945,70706.69499916444,70581.06721395945,70706.69499916444,0.0
2025-05-25T00:00:00.000000000,70706.69499916444,70834.85425022282,70706.69499916444,70834.85425022282,0.0
2025-05-26T00:00:00.000000000,70834.85425022282,70963.88428169563,70834.85425022282,70963.88428169563,0.0
2025-05-27T00:00:00.000000000,70963.88428169563,71093.10404133244,70963.88428169563,71093.10404133244,0.0
2025-05-28T00:00:00.000000000,71093.10404133244,71221.91810104724,71093.10404133244,71221.91810104724,0.0
2025-05-29T00:00:00.000000000,71221.91810104724,71342.70451063948,71221.91810104724,71342.70451063948,0.0
2025-05-30T00:00:00.000000000,71342.70451063948,71463.63820187165,71342.70451063948,71463.63820187165,0.0
2025-05-31T00:00:00.000000000,71463.63820187165,71584.92413797906,71463.63820187165,71584.92413797906,0.0
2025-06-01T00:00:00.000000000,71584.92413797906,71708.03714767157,71584.92413797906,71708.03714767157,0.0
2025-06-02T00:00:00.000000000,71708.03714767157,71830.13159397282,71708.03714767157,71830.13159397282,0.0
2025-06-03T00:00:00.000000000,71830.13159397282,71951.26441343583,71830.13159397282,71951.26441343583,0.0
2025-06-04T00:00:00.000000000,71951.26441343583,72074.11320465687,71951.26441343583,72074.11320465687,0.0
2025-06-05T00:00:00.000000000,72074.11320465687,72188.45119624554,72074.11320465687,72188.45119624554,0.0
2025-06-06T00:00:00.000000000,72188.45119624554,72308.06032754011,72188.45119624554,72308.06032754011,0.0
2025-06-07T00:00:00.000000000,72308.06032754011,72429.08589572193,72308.06032754011,72429.08589572193,0.0
2025-06-08T00:00:00.000000000,72429.08589572193,72550.292411709,72429.08589572193,72550.292411709,0.0
2025-06-09T00:00:00.000000000,72550.292411709,72680.08738580659,72550.292411709,72680.08738580659,0.0
2025-06-10T00:00:00.000000000,72680.08738580659,72810.217628955,72680.08738580659,72810.217628955,0.0
2025-06-11T00:00:00.000000000,72810.217628955,72936.51983762255,72810.217628955,72936.51983762255,0.0
2025-06-12T00:00:00.000000000,72936.51983762255,73057.85773869207,72936.51983762255,73057.85773869207,0.0
2025-06-13T00:00:00.000000000,73057.85773869207,73179.74405358735,73057.85773869207,73179.74405358735,0.0
2025-06-14T00:00:00.000000000,73179.74405358735,73298.7880041221,73179.74405358735,73298.7880041221,0.0
2025-06-15T00:00:00.000000000,73298.7880041221,73416.56998523841,73298.7880041221,73416.56998523841,0.0
2025-06-16T00:00:00.000000000,73416.56998523841,73535.67580910205,73416.56998523841,73535.67580910205,0.0
2025-06-17T00:00:00.000000000,73535.67580910205,73647.29972983511,73535.67580910205,73647.29972983511,0.0
2025-06-18T00:00:00.000000000,73647.29972983511,73755.68240307487,73647.29972983511,73755.68240307487,0.0
2025-06-19T00:00:00.000000000,73755.68240307487,73864.30601047237,73755.68240307487,73864.30601047237,0.0
2025-06-20T00:00:00.000000000,73864.30601047237,73971.28807375222,73864.30601047237,73971.28807375222,0.0
2025-06-21T00:00:00.000000000,73971.28807375222,74074.83674520945,73971.28807375222,74074.83674520945,0.0
2025-06-22T00:00:00.000000000,74074.83674520945,74176.90654244652,74074.83674520945,74176.90654244652,0.0
2025-06-23T00:00:00.000000000,74176.90654244652,74287.06353748887,74176.90654244652,74287.06353748887,0.0
2025-06-24T00:00:00.000000000,74287.06353748887,74402.57476882798,74287.06353748887,74402.57476882798,0.0
2025-06-25T00:00:00.000000000,74402.57476882798,74520.06324504233,74402.57476882798,74520.06324504233,0.0
2025-06-26T00:00:00.000000000,74520.06324504233,74634.2686956885,74520.06324504233,74634.2686956885,0.0
2025-06-27T00:00:00.000000000,74634.2686956885,74748.46558879233,74634.2686956885,74748.46558879233,0.0
2025-06-28T00:00:00.000000000,74748.46558879233,74865.03946635472,74748.46558879233,74865.03946635472,0.0
2025-06-29T00:00:00.000000000,74865.03946635472,74982.94579991087,74865.03946635472,74982.94579991087,0.0
2025-06-30T00:00:00.000000000,74982.94579991087,75100.18407419787,74982.94579991087,75100.18407419787,0.0
2025-07-01T00:00:00.000000000,75100.18407419787,75212.61676971926,75100.18407419787,75212.61676971926,0.0
2025-07-02T00:00:00.000000000,75212.61676971926,75331.31337037656,75212.61676971926,75331.31337037656,0.0
2025-07-03T00:00:00.000000000,75331.31337037656,75448.95281166444,75331.31337037656,75448.95281166444,0.0
2025-07-04T00:00:00.000000000,75448.95281166444,75563.32925300802,75448.95281166444,75563.32925300802,0.0
2025-07-05T00:00:00.000000000,75563.32925300802,75677.82707358511,75563.32925300802,75677.82707358511,0.0
2025-07-06T00:00:00.000000000,75677.82707358511,75794.56954656863,75677.82707358511,75794.56954656863,0.0
2025-07-07T00:00:00.000000000,75794.56954656863,75910.9398395722,75794.56954656863,75910.9398395722,0.0
2025-07-08T00:00:00.000000000,75910.9398395722,76027.40531695633,75910.9398395722,76027.40531695633,0.0
2025-07-09T00:00:00.000000000,76027.40531695633,76150.05442986854,76027.40531695633,76150.05442986854,0.0
2025-07-10T00:00:00.000000000,76150.05442986854,76279.36699253565,76150.05442986854,76279.36699253565,0.0
2025-07-11T00:00:00.000000000,76279.36699253565,76412.85921485072,76279.36699253565,76412.85921485072,0.0
2025-07-12T00:00:00.000000000,76412.85921485072,76547.14767156863,76412.85921485072,76547.14767156863,0.0
2025-07-13T00:00:00.000000000,76547.14767156863,76684.32987271613,76547.14767156863,76684.32987271613,0.0
2025-07-14T00:00:00.000000000,76684.32987271613,76822.62669201203,76684.32987271613,76822.62669201203,0.0
2025-07-15T00:00:00.000000000,76822.62669201203,76953.8385555927,76822.62669201203,76953.8385555927,0.0
2025-07-16T00:00:00.000000000,76953.8385555927,77085.35466800357,76953.8385555927,77085.35466800357,0.0
2025-07-17T00:00:00.000000000,77085.35466800357,77221.61432570187,77085.35466800357,77221.61432570187,0.0
2025-07-18T00:00:00.000000000,77221.61432570187,77353.20666917335,77221.61432570187,77353.20666917335,0.0
2025-07-19T00:00:00.000000000,77353.20666917335,77484.71698139483,77353.20666917335,77484.71698139483,0.0
2025-07-20T00:00:00.000000000,77484.71698139483,77615.39718415776,77484.71698139483,77615.39718415776,0.0
2025-07-21T00:00:00.000000000,77615.39718415776,77746.40688363413,77615.39718415776,77746.40688363413,0.0
2025-07-22T00:00:00.000000000,77746.40688363413,77876.5760639483,77746.40688363413,77876.5760639483,0.0
2025-07-23T00:00:00.000000000,77876.5760639483,78006.01497743985,77876.5760639483,78006.01497743985,0.0
2025-07-24T00:00:00.000000000,78006.01497743985,78133.89416221034,78006.01497743985,78133.89416221034,0.0
2025-07-25T00:00:00.000000000,78133.89416221034,78260.93034202317,78133.89416221034,78260.93034202317,0.0
2025-07-26T00:00:00.000000000,78260.93034202317,78394.78809464126,78260.93034202317,78394.78809464126,0.0
2025-07-27T00:00:00.000000000,78394.78809464126,78531.34087427585,78394.78809464126,78531.34087427585,0.0
2025-07-28T00:00:00.000000000,78531.34087427585,78667.04177807487,78531.34087427585,78667.04177807487,0.0
2025-07-29T00:00:00.000000000,78667.04177807487,78801.4627757353,78667.04177807487,78801.4627757353,0.0
2025-07-30T00:00:00.000000000,78801.4627757353,78934.5755069073,78801.4627757353,78934.5755069073,0.0
2025-07-31T00:00:00.000000000,78934.5755069073,79064.72800384359,78934.5755069073,79064.72800384359,0.0
2025-08-01T00:00:00.000000000,79064.72800384359,79193.17368538324,79064.72800384359,79193.17368538324,0.0
2025-08-02T00:00:00.000000000,79193.17368538324,79319.5703125,79193.17368538324,79319.5703125,0.0
2025-08-03T00:00:00.000000000,79319.5703125,79448.89666889483,79319.5703125,79448.89666889483,0.0
2025-08-04T00:00:00.000000000,79448.89666889483,79579.95923156194,79448.89666889483,79579.95923156194,0.0
2025-08-05T00:00:00.000000000,79579.95923156194,79712.99680397728,79579.95923156194,79712.99680397728,0.0
2025-08-06T00:00:00.000000000,79712.99680397728,79847.01186497326,79712.99680397728,79847.01186497326,0.0
2025-08-07T00:00:00.000000000,79847.01186497326,79985.01511670009,79847.01186497326,79985.01511670009,0.0
2025-08-08T00:00:00.000000000,79985.01511670009,80121.833152295,79985.01511670009,80121.833152295,0.0
2025-08-09T00:00:00.000000000,80121.833152295,80254.95879985517,80121.833152295,80254.95879985517,0.0
2025-08-10T00:00:00.000000000,80254.95879985517,80392.54650596034,80254.95879985517,80392.54650596034,0.0
2025-08-11T00:00:00.000000000,80392.54650596034,80529.25925384359,80392.54650596034,80529.25925384359,0.0
2025-08-12T00:00:00.000000000,80529.25925384359,80666.30855893494,80529.25925384359,80666.30855893494,0.0
2025-08-13T00:00:00.000000000,80666.30855893494,80809.60883188502,80666.30855893494,80809.60883188502,0.0
2025-08-14T00:00:00.000000000,80809.60883188502,80944.6836494541,80809.60883188502,80944.6836494541,0.0
2025-08-15T00:00:00.000000000,80944.6836494541,81077.16596340241,80944.6836494541,81077.16596340241,0.0
2025-08-16T00:00:00.000000000,81077.16596340241,81209.61782113413,81077.16596340241,81209.61782113413,0.0
2025-08-17T00:00:00.000000000,81209.61782113413,81342.346542168,81209.61782113413,81342.346542168,0.0
2025-08-18T00:00:00.000000000,81342.346542168,81473.66335227272,81342.346542168,81473.66335227272,0.0
2025-08-19T00:00:00.000000000,81473.66335227272,81598.7480433935,81473.66335227272,81598.7480433935,0.0
2025-08-20T00:00:00.000000000,81598.7480433935,81725.64656444965,81598.7480433935,81725.64656444965,0.0
2025-08-21T00:00:00.000000000,81725.64656444965,81847.03838012478,81725.64656444965,81847.03838012478,0.0
2025-08-22T00:00:00.000000000,81847.03838012478,81974.61862884359,81847.03838012478,81974.61862884359,0.0
2025-08-23T00:00:00.000000000,81974.61862884359,82096.23561441622,81974.61862884359,82096.23561441622,0.0
2025-08-24T00:00:00.000000000,82096.23561441622,82213.32501253342,82096.23561441622,82213.32501253342,0.0
2025-08-25T00:00:00.000000000,82213.32501253342,82323.53968917113,82213.32501253342,82323.53968917113,0.0
2025-08-26T00:00:00.000000000,82323.53968917113,82433.77932124554,82323.53968917113,82433.77932124554,0.0
2025-08-27T00:00:00.000000000,82433.77932124554,82543.36866365865,82433.77932124554,82543.36866365865,0.0
2025-08-28T00:00:00.000000000,82543.36866365865,82651.60058767826,82543.36866365865,82651.60058767826,0.0
2025-08-29T00:00:00.000000000,82651.60058767826,82752.26419061943,82651.60058767826,82752.26419061943,0.0
2025-08-30T00:00:00.000000000,82752.26419061943,82853.24078097148,82752.26419061943,82853.24078097148,0.0
2025-08-31T00:00:00.000000000,82853.24078097148,82954.08519245767,82853.24078097148,82954.08519245767,0.0
2025-09-01T00:00:00.000000000,82954.08519245767,83055.91771808155,82954.08519245767,83055.91771808155,0.0
2025-09-02T00:00:00.000000000,83055.91771808155,83161.83829099822,83055.91771808155,83161.83829099822,0.0
2025-09-03T00:00:00.000000000,83161.83829099822,83267.78897894385,83161.83829099822,83267.78897894385,0.0
2025-09-04T00:00:00.000000000,83267.78897894385,83372.75229779411,83267.78897894385,83372.75229779411,0.0
2025-09-05T00:00:00.000000000,83372.75229779411,83478.53841493985,83372.75229779411,83478.53841493985,0.0
2025-09-06T00:00:00.000000000,83478.53841493985,83584.58609068628,83478.53841493985,83584.58609068628,0.0
2025-09-07T00:00:00.000000000,83584.58609068628,83690.81873885918,83584.58609068628,83690.81873885918,0.0
2025-09-08T00:00:00.000000000,83690.81873885918,83798.37344724822,83690.81873885918,83798.37344724822,0.0
2025-09-09T00:00:00.000000000,83798.37344724822,83899.9922432041,83798.37344724822,83899.9922432041,0.0
2025-09-10T00:00:00.000000000,83899.9922432041,84001.36477133467,83899.9922432041,84001.36477133467,0.0
2025-09-11T00:00:00.000000000,84001.36477133467,84095.84382659313,84001.36477133467,84095.84382659313,0.0
2025-09-12T00:00:00.000000000,84095.84382659313,84193.7104849042,84095.84382659313,84193.7104849042,0.0
2025-09-13T00:00:00.000000000,84193.7104849042,84289.09350629456,84193.7104849042,84289.09350629456,0.0
2025-09-14T00:00:00.000000000,84289.09350629456,84384.24111519608,84289.09350629456,84384.24111519608,0.0
2025-09-15T00:00:00.000000000,84384.24111519608,84477.42739666889,84384.24111519608,84477.42739666889,0.0
2025-09-16T00:00:00.000000000,84477.42739666889,84563.90292864305,84477.42739666889,84563.90292864305,0.0
2025-09-17T00:00:00.000000000,84563.90292864305,84657.78404913102,84563.90292864305,84657.78404913102,0.0
2025-09-18T00:00:00.000000000,84657.78404913102,84748.74732620321,84657.78404913102,84748.74732620321,0.0
2025-09-19T00:00:00.000000000,84748.74732620321,84835.66956327985,84748.74732620321,84835.66956327985,0.0
2025-09-20T00:00:00.000000000,84835.66956327985,84920.44488079322,84835.66956327985,84920.44488079322,0.0
