Date,Open,High,Low,Close,Volume
1980-03-17T00:00:00.000000000,4.148148059844971,4.197531223297119,4.148148059844971,4.197531223297119,111881.0
1980-03-18T00:00:00.000000000,4.197531223297119,4.345678806304932,4.148148059844971,4.345678806304932,88594.0
1980-03-19T00:00:00.000000000,4.345678806304932,4.419753074645996,4.345678806304932,4.419753074645996,69356.0
1980-03-20T00:00:00.000000000,4.444444179534912,4.493826866149902,4.444444179534912,4.444444179534912,36450.0
1980-03-21T00:00:00.000000000,4.444444179534912,4.444444179534912,4.345678806304932,4.345678806304932,53663.0
1980-03-24T00:00:00.000000000,4.345678806304932,4.370369911193848,4.222221851348877,4.246913909912109,247556.0
1980-03-25T00:00:00.000000000,4.246913909912109,4.271605014801025,4.197531223297119,4.222221851348877,21769.0
1980-03-26T00:00:00.000000000,4.222221851348877,4.444444179534912,4.197531223297119,4.444444179534912,187819.0
1980-03-27T00:00:00.000000000,4.370369911193848,4.370369911193848,4.246913909912109,4.345678806304932,248569.0
1980-03-28T00:00:00.000000000,4.345678806304932,4.518518924713135,4.320988178253174,4.493826866149902,174150.0
1980-03-31T00:00:00.000000000,4.493826866149902,4.518518924713135,4.419753074645996,4.518518924713135,74419.0
1980-04-01T00:00:00.000000000,4.518518924713135,4.543210029602051,4.493826866149902,4.543210029602051,43031.0
1980-04-02T00:00:00.000000000,4.543210029602051,4.543210029602051,4.444444179534912,4.4691362380981445,63281.0
1980-04-03T00:00:00.000000000,4.543210029602051,4.543210029602051,4.543210029602051,4.543210029602051,28350.0
1980-04-07T00:00:00.000000000,4.518518924713135,4.518518924713135,4.39506196975708,4.444444179534912,90113.0
1980-04-08T00:00:00.000000000,4.4691362380981445,4.543210029602051,4.4691362380981445,4.518518924713135,15694.0
1980-04-09T00:00:00.000000000,4.518518924713135,4.543210029602051,4.518518924713135,4.543210029602051,115425.0
1980-04-10T00:00:00.000000000,4.543210029602051,4.543210029602051,4.518518924713135,4.543210029602051,90619.0
1980-04-11T00:00:00.000000000,4.493826866149902,4.493826866149902,4.370369911193848,4.39506196975708,135675.0
1980-04-14T00:00:00.000000000,4.39506196975708,4.39506196975708,4.024691104888916,4.074073791503906,41006.0
1980-04-15T00:00:00.000000000,4.074073791503906,4.098764896392822,4.074073791503906,4.098764896392822,245025.0
1980-04-16T00:00:00.000000000,4.098764896392822,4.098764896392822,4.024691104888916,4.049383163452148,91125.0
1980-04-17T00:00:00.000000000,4.049383163452148,4.049383163452148,4.024691104888916,4.024691104888916,34931.0
1980-04-18T00:00:00.000000000,4.024691104888916,4.074073791503906,4.024691104888916,4.049383163452148,24300.0
1980-04-21T00:00:00.000000000,4.049383163452148,4.049383163452148,4.0,4.049383163452148,101250.0
1980-04-22T00:00:00.000000000,4.049383163452148,4.098764896392822,4.024691104888916,4.049383163452148,245025.0
1980-04-23T00:00:00.000000000,4.024691104888916,4.024691104888916,3.9506170749664307,3.9506170749664307,144281.0
1980-04-24T00:00:00.000000000,3.9506170749664307,4.074073791503906,3.9506170749664307,3.975308895111084,102769.0
1980-04-25T00:00:00.000000000,3.975308895111084,4.024691104888916,3.9506170749664307,3.975308895111084,95681.0
1980-04-28T00:00:00.000000000,3.975308895111084,4.098764896392822,3.975308895111084,4.024691104888916,173644.0
1980-04-29T00:00:00.000000000,4.049383163452148,4.123456954956055,4.049383163452148,4.123456954956055,349819.0
1980-04-30T00:00:00.000000000,4.098764896392822,4.098764896392822,4.0,4.074073791503906,96188.0
1980-05-01T00:00:00.000000000,4.074073791503906,4.074073791503906,4.0,4.0,68850.0
1980-05-02T00:00:00.000000000,4.0,4.0,3.9506170749664307,3.9506170749664307,47588.0
1980-05-05T00:00:00.000000000,3.9506170749664307,4.0,3.9506170749664307,4.0,59738.0
1980-05-06T00:00:00.000000000,4.0,4.024691104888916,3.9259259700775146,4.024691104888916,169594.0
1980-05-07T00:00:00.000000000,4.024691104888916,4.049383163452148,3.9506170749664307,3.975308895111084,91631.0
1980-05-08T00:00:00.000000000,3.975308895111084,4.024691104888916,3.9259259700775146,4.0,144788.0
1980-05-09T00:00:00.000000000,4.0,4.0,3.9506170749664307,3.9506170749664307,82519.0
1980-05-12T00:00:00.000000000,3.9506170749664307,3.975308895111084,3.9259259700775146,3.9506170749664307,12150.0
1980-05-13T00:00:00.000000000,3.9506170749664307,4.148148059844971,3.9506170749664307,4.148148059844971,127575.0
1980-05-14T00:00:00.000000000,4.172840118408203,4.320988178253174,4.172840118408203,4.296296119689941,124031.0
1980-05-15T00:00:00.000000000,4.345678806304932,4.543210029602051,4.345678806304932,4.543210029602051,64294.0
1980-05-16T00:00:00.000000000,4.543210029602051,4.543210029602051,4.4691362380981445,4.518518924713135,52144.0
1980-05-19T00:00:00.000000000,4.518518924713135,4.592593193054199,4.518518924713135,4.543210029602051,133144.0
1980-05-20T00:00:00.000000000,4.543210029602051,4.592593193054199,4.543210029602051,4.567901134490967,160988.0
1980-05-21T00:00:00.000000000,4.567901134490967,4.567901134490967,4.518518924713135,4.567901134490967,48094.0
1980-05-22T00:00:00.000000000,4.567901134490967,4.567901134490967,4.493826866149902,4.543210029602051,78469.0
1980-05-23T00:00:00.000000000,4.543210029602051,4.567901134490967,4.4691362380981445,4.4691362380981445,20250.0
1980-05-27T00:00:00.000000000,4.543210029602051,4.543210029602051,4.543210029602051,4.543210029602051,96694.0
1980-05-28T00:00:00.000000000,4.543210029602051,4.592593193054199,4.543210029602051,4.592593193054199,17719.0
1980-05-29T00:00:00.000000000,4.592593193054199,4.617283821105957,4.543210029602051,4.543210029602051,84038.0
1980-05-30T00:00:00.000000000,4.518518924713135,4.518518924713135,4.444444179534912,4.518518924713135,57713.0
1980-06-02T00:00:00.000000000,4.4691362380981445,4.4691362380981445,4.4691362380981445,4.4691362380981445,86063.0
1980-06-03T00:00:00.000000000,4.4691362380981445,4.567901134490967,4.4691362380981445,4.567901134490967,89606.0
1980-06-04T00:00:00.000000000,4.567901134490967,4.567901134490967,4.518518924713135,4.518518924713135,23288.0
1980-06-05T00:00:00.000000000,4.518518924713135,4.592593193054199,4.518518924713135,4.567901134490967,49613.0
1980-06-06T00:00:00.000000000,4.543210029602051,4.543210029602051,4.444444179534912,4.518518924713135,97706.0
1980-06-09T00:00:00.000000000,4.543210029602051,4.7160491943359375,4.543210029602051,4.7160491943359375,86063.0
1980-06-10T00:00:00.000000000,4.7160491943359375,4.790122985839844,4.6666669845581055,4.740740776062012,52650.0
1980-06-11T00:00:00.000000000,4.790122985839844,4.839506149291992,4.790122985839844,4.839506149291992,31894.0
1980-06-12T00:00:00.000000000,4.839506149291992,4.839506149291992,4.617283821105957,4.641974925994873,130106.0
1980-06-13T00:00:00.000000000,4.641974925994873,4.6913580894470215,4.567901134490967,4.617283821105957,127069.0
1980-06-16T00:00:00.000000000,4.617283821105957,4.617283821105957,4.567901134490967,4.617283821105957,12656.0
1980-06-17T00:00:00.000000000,4.543210029602051,4.543210029602051,4.345678806304932,4.345678806304932,237431.0
1980-06-18T00:00:00.000000000,4.39506196975708,4.567901134490967,4.39506196975708,4.567901134490967,59231.0
1980-06-19T00:00:00.000000000,4.592593193054199,4.7160491943359375,4.592593193054199,4.641974925994873,116438.0
1980-06-20T00:00:00.000000000,4.641974925994873,4.6913580894470215,4.617283821105957,4.641974925994873,19744.0
1980-06-23T00:00:00.000000000,4.6666669845581055,4.765431880950928,4.6666669845581055,4.740740776062012,118463.0
1980-06-24T00:00:00.000000000,4.740740776062012,4.740740776062012,4.592593193054199,4.7160491943359375,43031.0
1980-06-25T00:00:00.000000000,4.7160491943359375,4.740740776062012,4.641974925994873,4.740740776062012,84544.0
1980-06-26T00:00:00.000000000,4.740740776062012,4.740740776062012,4.6913580894470215,4.740740776062012,118463.0
1980-06-27T00:00:00.000000000,4.740740776062012,4.790122985839844,4.6913580894470215,4.740740776062012,61256.0
1980-06-30T00:00:00.000000000,4.740740776062012,4.765431880950928,4.592593193054199,4.6666669845581055,24806.0
1980-07-01T00:00:00.000000000,4.6666669845581055,4.765431880950928,4.6666669845581055,4.6913580894470215,182756.0
1980-07-02T00:00:00.000000000,4.7160491943359375,4.814815044403076,4.7160491943359375,4.765431880950928,82013.0
1980-07-03T00:00:00.000000000,4.765431880950928,4.790122985839844,4.7160491943359375,4.7160491943359375,13669.0
1980-07-07T00:00:00.000000000,4.765431880950928,4.938271999359131,4.765431880950928,4.938271999359131,169594.0
1980-07-08T00:00:00.000000000,4.938271999359131,4.987654209136963,4.913579940795898,4.987654209136963,45563.0
1980-07-09T00:00:00.000000000,4.987654209136963,5.111111164093018,4.962963104248047,5.111111164093018,72394.0
1980-07-10T00:00:00.000000000,5.111111164093018,5.234568119049072,5.111111164093018,5.111111164093018,84038.0
1980-07-11T00:00:00.000000000,5.111111164093018,5.209877014160156,5.111111164093018,5.185184955596924,27844.0
1980-07-14T00:00:00.000000000,5.185184955596924,5.728394985198975,5.185184955596924,5.728394985198975,110363.0
1980-07-15T00:00:00.000000000,5.629630088806152,5.629630088806152,5.432098865509033,5.432098865509033,355894.0
1980-07-16T00:00:00.000000000,5.382716178894043,5.382716178894043,5.185184955596924,5.209877014160156,79481.0
1980-07-17T00:00:00.000000000,5.209877014160156,5.2839508056640625,5.160493850708008,5.160493850708008,33919.0
1980-07-18T00:00:00.000000000,5.160493850708008,5.185184955596924,5.135801792144775,5.135801792144775,112894.0
1980-07-21T00:00:00.000000000,5.111111164093018,5.111111164093018,4.962963104248047,5.012345790863037,120994.0
1980-07-22T00:00:00.000000000,5.012345790863037,5.037036895751953,4.938271999359131,4.938271999359131,566494.0
1980-07-23T00:00:00.000000000,4.938271999359131,4.987654209136963,4.938271999359131,4.962963104248047,320456.0
1980-07-24T00:00:00.000000000,4.962963104248047,4.987654209136963,4.938271999359131,4.987654209136963,125550.0
1980-07-25T00:00:00.000000000,4.987654209136963,5.012345790863037,4.938271999359131,5.012345790863037,68344.0
1980-07-28T00:00:00.000000000,5.012345790863037,5.037036895751953,4.962963104248047,5.012345790863037,30375.0
1980-07-29T00:00:00.000000000,4.987654209136963,4.987654209136963,4.938271999359131,4.987654209136963,43031.0
1980-07-30T00:00:00.000000000,4.987654209136963,5.185184955596924,4.987654209136963,5.160493850708008,54675.0
1980-07-31T00:00:00.000000000,5.160493850708008,5.259259223937988,5.160493850708008,5.259259223937988,49613.0
1980-08-01T00:00:00.000000000,5.234568119049072,5.234568119049072,5.185184955596924,5.234568119049072,25819.0
1980-08-04T00:00:00.000000000,5.234568119049072,5.358025074005127,5.234568119049072,5.358025074005127,34425.0
1980-08-05T00:00:00.000000000,5.358025074005127,5.407406806945801,5.2839508056640625,5.3333330154418945,19744.0
1980-08-06T00:00:00.000000000,5.3333330154418945,5.3333330154418945,5.259259223937988,5.3333330154418945,36450.0
1980-08-07T00:00:00.000000000,5.3333330154418945,5.456789970397949,5.3333330154418945,5.432098865509033,117450.0
1980-08-08T00:00:00.000000000,5.432098865509033,5.432098865509033,5.3086419105529785,5.382716178894043,212625.0
1980-08-11T00:00:00.000000000,5.3333330154418945,5.3333330154418945,5.234568119049072,5.234568119049072,46069.0
1980-08-12T00:00:00.000000000,5.234568119049072,5.234568119049072,5.185184955596924,5.185184955596924,61256.0
1980-08-13T00:00:00.000000000,5.111111164093018,5.111111164093018,4.913579940795898,4.913579940795898,286538.0
1980-08-14T00:00:00.000000000,4.962963104248047,5.135801792144775,4.962963104248047,5.111111164093018,116944.0
1980-08-15T00:00:00.000000000,5.135801792144775,5.234568119049072,5.135801792144775,5.160493850708008,86063.0
1980-08-18T00:00:00.000000000,5.160493850708008,5.185184955596924,5.037036895751953,5.086420059204102,50119.0
1980-08-19T00:00:00.000000000,5.086420059204102,5.135801792144775,5.037036895751953,5.135801792144775,17719.0
1980-08-20T00:00:00.000000000,5.135801792144775,5.160493850708008,5.086420059204102,5.135801792144775,134156.0
1980-08-21T00:00:00.000000000,5.135801792144775,5.135801792144775,5.086420059204102,5.135801792144775,38475.0
1980-08-22T00:00:00.000000000,5.135801792144775,5.135801792144775,5.012345790863037,5.012345790863037,118969.0
1980-08-25T00:00:00.000000000,5.012345790863037,5.209877014160156,4.962963104248047,5.209877014160156,112894.0
1980-08-26T00:00:00.000000000,5.209877014160156,5.3086419105529785,5.209877014160156,5.3086419105529785,29869.0
1980-08-27T00:00:00.000000000,5.259259223937988,5.259259223937988,5.209877014160156,5.209877014160156,41006.0
1980-08-28T00:00:00.000000000,5.185184955596924,5.185184955596924,5.135801792144775,5.135801792144775,11644.0
1980-08-29T00:00:00.000000000,5.086420059204102,5.086420059204102,5.037036895751953,5.037036895751953,34425.0
1980-09-02T00:00:00.000000000,5.037036895751953,5.111111164093018,4.913579940795898,5.111111164093018,142763.0
1980-09-03T00:00:00.000000000,5.111111164093018,5.160493850708008,5.061728000640869,5.135801792144775,228825.0
1980-09-04T00:00:00.000000000,5.209877014160156,5.234568119049072,5.209877014160156,5.209877014160156,321975.0
1980-09-05T00:00:00.000000000,5.209877014160156,5.2839508056640625,5.185184955596924,5.234568119049072,20250.0
1980-09-08T00:00:00.000000000,5.234568119049072,5.234568119049072,5.135801792144775,5.135801792144775,99225.0
1980-09-09T00:00:00.000000000,5.135801792144775,5.2839508056640625,5.135801792144775,5.2839508056640625,345263.0
1980-09-10T00:00:00.000000000,5.2839508056640625,5.3333330154418945,5.2839508056640625,5.3333330154418945,535613.0
1980-09-11T00:00:00.000000000,5.3333330154418945,5.382716178894043,5.2839508056640625,5.382716178894043,52650.0
1980-09-12T00:00:00.000000000,5.382716178894043,5.407406806945801,5.3086419105529785,5.382716178894043,157950.0
1980-09-15T00:00:00.000000000,5.382716178894043,5.506173133850098,5.382716178894043,5.506173133850098,100744.0
1980-09-16T00:00:00.000000000,5.5308637619018555,5.703703880310059,5.5308637619018555,5.654321193695068,562950.0
1980-09-17T00:00:00.000000000,5.654321193695068,5.679011821746826,5.555555820465088,5.679011821746826,105300.0
1980-09-18T00:00:00.000000000,5.679011821746826,5.703703880310059,5.60493803024292,5.703703880310059,341213.0
1980-09-19T00:00:00.000000000,5.679011821746826,5.679011821746826,5.5308637619018555,5.5308637619018555,125550.0
1980-09-22T00:00:00.000000000,5.5308637619018555,5.679011821746826,5.5308637619018555,5.580246925354004,265781.0
1980-09-23T00:00:00.000000000,5.580246925354004,5.654321193695068,5.5308637619018555,5.654321193695068,101756.0
1980-09-24T00:00:00.000000000,5.60493803024292,5.60493803024292,5.506173133850098,5.506173133850098,124538.0
1980-09-25T00:00:00.000000000,5.506173133850098,5.506173133850098,5.481481075286865,5.481481075286865,47588.0
1980-09-26T00:00:00.000000000,5.481481075286865,5.5308637619018555,5.382716178894043,5.382716178894043,198956.0
1980-09-29T00:00:00.000000000,5.382716178894043,5.382716178894043,5.2839508056640625,5.3333330154418945,376144.0
1980-09-30T00:00:00.000000000,5.358025074005127,5.432098865509033,5.358025074005127,5.382716178894043,228825.0
1980-10-01T00:00:00.000000000,5.382716178894043,5.432098865509033,5.382716178894043,5.432098865509033,60244.0
1980-10-02T00:00:00.000000000,5.481481075286865,5.728394985198975,5.481481075286865,5.728394985198975,69356.0
1980-10-03T00:00:00.000000000,5.728394985198975,5.728394985198975,5.629630088806152,5.728394985198975,350325.0
1980-10-06T00:00:00.000000000,5.753086090087891,5.901235103607178,5.753086090087891,5.802468776702881,86569.0
1980-10-07T00:00:00.000000000,5.802468776702881,5.901235103607178,5.728394985198975,5.802468776702881,295650.0
1980-10-08T00:00:00.000000000,5.802468776702881,5.827159881591797,5.753086090087891,5.777778148651123,38981.0
1980-10-09T00:00:00.000000000,5.753086090087891,5.753086090087891,5.629630088806152,5.654321193695068,226800.0
1980-10-10T00:00:00.000000000,5.654321193695068,5.703703880310059,5.60493803024292,5.703703880310059,55688.0
1980-10-13T00:00:00.000000000,5.654321193695068,5.654321193695068,5.5308637619018555,5.5308637619018555,18731.0
1980-10-14T00:00:00.000000000,5.5308637619018555,5.580246925354004,5.5308637619018555,5.580246925354004,78975.0
1980-10-15T00:00:00.000000000,5.580246925354004,5.629630088806152,5.5308637619018555,5.629630088806152,62269.0
1980-10-16T00:00:00.000000000,5.629630088806152,5.703703880310059,5.555555820465088,5.555555820465088,94163.0
1980-10-17T00:00:00.000000000,5.5308637619018555,5.5308637619018555,5.432098865509033,5.432098865509033,207563.0
1980-10-20T00:00:00.000000000,5.432098865509033,5.555555820465088,5.407406806945801,5.555555820465088,17213.0
1980-10-21T00:00:00.000000000,5.5308637619018555,5.5308637619018555,5.481481075286865,5.5308637619018555,113906.0
1980-10-22T00:00:00.000000000,5.5308637619018555,5.5308637619018555,5.456789970397949,5.456789970397949,22781.0
1980-10-23T00:00:00.000000000,5.456789970397949,5.456789970397949,5.209877014160156,5.209877014160156,111375.0
1980-10-24T00:00:00.000000000,5.209877014160156,5.259259223937988,5.135801792144775,5.185184955596924,66825.0
1980-10-27T00:00:00.000000000,5.185184955596924,5.259259223937988,5.185184955596924,5.259259223937988,36450.0
1980-10-28T00:00:00.000000000,5.209877014160156,5.209877014160156,5.086420059204102,5.185184955596924,664706.0
1980-10-29T00:00:00.000000000,5.185184955596924,5.234568119049072,5.135801792144775,5.234568119049072,19238.0
1980-10-30T00:00:00.000000000,5.234568119049072,5.259259223937988,5.160493850708008,5.234568119049072,21769.0
1980-10-31T00:00:00.000000000,5.234568119049072,5.3086419105529785,5.234568119049072,5.2839508056640625,395381.0
1980-11-03T00:00:00.000000000,5.2839508056640625,5.358025074005127,5.234568119049072,5.3086419105529785,38475.0
1980-11-05T00:00:00.000000000,5.3086419105529785,5.382716178894043,5.3086419105529785,5.3333330154418945,144281.0
1980-11-06T00:00:00.000000000,5.3333330154418945,5.3333330154418945,5.2839508056640625,5.2839508056640625,70875.0
1980-11-07T00:00:00.000000000,5.3333330154418945,5.456789970397949,5.3333330154418945,5.456789970397949,46575.0
1980-11-10T00:00:00.000000000,5.456789970397949,5.456789970397949,5.2839508056640625,5.358025074005127,20250.0
1980-11-11T00:00:00.000000000,5.358025074005127,5.481481075286865,5.358025074005127,5.456789970397949,38981.0
1980-11-12T00:00:00.000000000,5.456789970397949,5.481481075286865,5.382716178894043,5.456789970397949,411581.0
1980-11-13T00:00:00.000000000,5.456789970397949,5.456789970397949,5.432098865509033,5.456789970397949,530550.0
1980-11-14T00:00:00.000000000,5.456789970397949,5.481481075286865,5.382716178894043,5.481481075286865,183769.0
1980-11-17T00:00:00.000000000,5.481481075286865,5.506173133850098,5.432098865509033,5.456789970397949,95175.0
1980-11-18T00:00:00.000000000,5.456789970397949,5.5308637619018555,5.456789970397949,5.456789970397949,90113.0
1980-11-19T00:00:00.000000000,5.456789970397949,5.5308637619018555,5.456789970397949,5.5308637619018555,10631.0
1980-11-20T00:00:00.000000000,5.5308637619018555,5.728394985198975,5.506173133850098,5.703703880310059,233888.0
1980-11-21T00:00:00.000000000,5.728394985198975,5.901235103607178,5.728394985198975,5.901235103607178,233381.0
1980-11-24T00:00:00.000000000,5.901235103607178,5.925926208496094,5.802468776702881,5.851851940155029,102769.0
1980-11-25T00:00:00.000000000,5.851851940155029,5.876543045043945,5.777778148651123,5.827159881591797,174150.0
1980-11-26T00:00:00.000000000,5.827159881591797,5.827159881591797,5.629630088806152,5.629630088806152,99225.0
1980-11-28T00:00:00.000000000,5.629630088806152,5.654321193695068,5.5308637619018555,5.5308637619018555,42019.0
1980-12-01T00:00:00.000000000,5.5308637619018555,5.60493803024292,5.481481075286865,5.60493803024292,174150.0
1980-12-02T00:00:00.000000000,5.60493803024292,5.60493803024292,5.456789970397949,5.481481075286865,91631.0
1980-12-03T00:00:00.000000000,5.481481075286865,5.580246925354004,5.432098865509033,5.481481075286865,186806.0
1980-12-04T00:00:00.000000000,5.481481075286865,5.506173133850098,5.456789970397949,5.506173133850098,20756.0
1980-12-05T00:00:00.000000000,5.481481075286865,5.481481075286865,5.3333330154418945,5.481481075286865,251100.0
1980-12-08T00:00:00.000000000,5.481481075286865,5.5308637619018555,5.3086419105529785,5.3086419105529785,263756.0
1980-12-09T00:00:00.000000000,5.3086419105529785,5.432098865509033,5.3086419105529785,5.432098865509033,93150.0
1980-12-10T00:00:00.000000000,5.481481075286865,5.629630088806152,5.481481075286865,5.506173133850098,24300.0
1980-12-11T00:00:00.000000000,5.506173133850098,5.580246925354004,5.456789970397949,5.5308637619018555,44044.0
1980-12-12T00:00:00.000000000,5.5308637619018555,5.60493803024292,5.5308637619018555,5.60493803024292,284513.0
1980-12-15T00:00:00.000000000,5.60493803024292,5.60493803024292,5.580246925354004,5.60493803024292,9619.0
1980-12-16T00:00:00.000000000,5.60493803024292,5.60493803024292,5.555555820465088,5.60493803024292,36956.0
1980-12-17T00:00:00.000000000,5.60493803024292,5.60493803024292,5.5308637619018555,5.555555820465088,293119.0
1980-12-18T00:00:00.000000000,5.481481075286865,5.481481075286865,5.3333330154418945,5.3333330154418945,73406.0
1980-12-19T00:00:00.000000000,5.2839508056640625,5.2839508056640625,5.234568119049072,5.2839508056640625,542194.0
1980-12-22T00:00:00.000000000,5.259259223937988,5.259259223937988,5.209877014160156,5.234568119049072,110869.0
1980-12-23T00:00:00.000000000,5.234568119049072,5.234568119049072,5.185184955596924,5.234568119049072,648000.0
1980-12-24T00:00:00.000000000,5.234568119049072,5.234568119049072,5.234568119049072,5.234568119049072,5063.0
1980-12-26T00:00:00.000000000,5.234568119049072,5.234568119049072,5.209877014160156,5.234568119049072,7088.0
1980-12-29T00:00:00.000000000,5.234568119049072,5.2839508056640625,5.160493850708008,5.185184955596924,183769.0
1980-12-30T00:00:00.000000000,5.185184955596924,5.234568119049072,5.135801792144775,5.185184955596924,499163.0
1980-12-31T00:00:00.000000000,5.185184955596924,5.185184955596924,5.111111164093018,5.185184955596924,73406.0
1981-01-02T00:00:00.000000000,5.185184955596924,5.259259223937988,5.135801792144775,5.259259223937988,104288.0
1981-01-05T00:00:00.000000000,5.3086419105529785,5.728394985198975,5.3086419105529785,5.703703880310059,119475.0
1981-01-06T00:00:00.000000000,5.728394985198975,5.851851940155029,5.728394985198975,5.728394985198975,395381.0
1981-01-07T00:00:00.000000000,5.679011821746826,5.679011821746826,5.5308637619018555,5.679011821746826,104288.0
1981-01-08T00:00:00.000000000,5.679011821746826,5.728394985198975,5.60493803024292,5.629630088806152,173644.0
1981-01-09T00:00:00.000000000,5.60493803024292,5.60493803024292,5.555555820465088,5.60493803024292,50625.0
1981-01-12T00:00:00.000000000,5.629630088806152,5.679011821746826,5.629630088806152,5.654321193695068,64800.0
1981-01-13T00:00:00.000000000,5.60493803024292,5.60493803024292,5.555555820465088,5.580246925354004,45056.0
1981-01-14T00:00:00.000000000,5.580246925354004,5.580246925354004,5.506173133850098,5.506173133850098,29363.0
1981-01-15T00:00:00.000000000,5.506173133850098,5.555555820465088,5.481481075286865,5.555555820465088,233888.0
1981-01-16T00:00:00.000000000,5.555555820465088,5.629630088806152,5.5308637619018555,5.60493803024292,48094.0
1981-01-19T00:00:00.000000000,5.60493803024292,5.703703880310059,5.60493803024292,5.654321193695068,165544.0
1981-01-20T00:00:00.000000000,5.654321193695068,5.728394985198975,5.629630088806152,5.629630088806152,85050.0
1981-01-21T00:00:00.000000000,5.60493803024292,5.60493803024292,5.506173133850098,5.555555820465088,37463.0
1981-01-22T00:00:00.000000000,5.555555820465088,5.60493803024292,5.481481075286865,5.60493803024292,122006.0
1981-01-23T00:00:00.000000000,5.60493803024292,5.654321193695068,5.580246925354004,5.629630088806152,36450.0
1981-01-26T00:00:00.000000000,5.629630088806152,5.703703880310059,5.580246925354004,5.629630088806152,76444.0
1981-01-27T00:00:00.000000000,5.629630088806152,5.703703880310059,5.580246925354004,5.679011821746826,142256.0
1981-01-28T00:00:00.000000000,5.679011821746826,5.679011821746826,5.5308637619018555,5.629630088806152,50119.0
1981-01-29T00:00:00.000000000,5.629630088806152,5.679011821746826,5.60493803024292,5.654321193695068,78469.0
1981-01-30T00:00:00.000000000,5.654321193695068,5.654321193695068,5.629630088806152,5.654321193695068,29363.0
1981-02-02T00:00:00.000000000,5.654321193695068,5.679011821746826,5.580246925354004,5.60493803024292,78975.0
1981-02-03T00:00:00.000000000,5.60493803024292,5.679011821746826,5.555555820465088,5.679011821746826,37969.0
1981-02-04T00:00:00.000000000,5.679011821746826,5.703703880310059,5.654321193695068,5.703703880310059,62269.0
1981-02-05T00:00:00.000000000,5.703703880310059,5.728394985198975,5.679011821746826,5.703703880310059,85050.0
1981-02-06T00:00:00.000000000,5.703703880310059,5.703703880310059,5.629630088806152,5.629630088806152,39994.0
1981-02-09T00:00:00.000000000,5.629630088806152,5.703703880310059,5.629630088806152,5.629630088806152,79481.0
1981-02-10T00:00:00.000000000,5.60493803024292,5.60493803024292,5.555555820465088,5.60493803024292,57206.0
1981-02-11T00:00:00.000000000,5.580246925354004,5.580246925354004,5.481481075286865,5.5308637619018555,47081.0
1981-02-12T00:00:00.000000000,5.5308637619018555,5.5308637619018555,5.481481075286865,5.506173133850098,60750.0
1981-02-13T00:00:00.000000000,5.456789970397949,5.456789970397949,5.3333330154418945,5.3333330154418945,21769.0
1981-02-17T00:00:00.000000000,5.3333330154418945,5.407406806945801,5.234568119049072,5.3333330154418945,127069.0
1981-02-18T00:00:00.000000000,5.3333330154418945,5.358025074005127,5.2839508056640625,5.2839508056640625,44550.0
1981-02-19T00:00:00.000000000,5.2839508056640625,5.3333330154418945,5.2839508056640625,5.3333330154418945,90619.0
1981-02-20T00:00:00.000000000,5.3333330154418945,5.358025074005127,5.3086419105529785,5.358025074005127,195919.0
1981-02-23T00:00:00.000000000,5.358025074005127,5.407406806945801,5.358025074005127,5.382716178894043,215156.0
1981-02-24T00:00:00.000000000,5.382716178894043,5.456789970397949,5.358025074005127,5.382716178894043,204019.0
1981-02-25T00:00:00.000000000,5.382716178894043,5.382716178894043,5.2839508056640625,5.3333330154418945,27844.0
1981-02-26T00:00:00.000000000,5.358025074005127,5.506173133850098,5.358025074005127,5.506173133850098,58725.0
1981-02-27T00:00:00.000000000,5.506173133850098,5.5308637619018555,5.407406806945801,5.481481075286865,106313.0
1981-03-02T00:00:00.000000000,5.481481075286865,5.555555820465088,5.456789970397949,5.5308637619018555,25819.0
1981-03-03T00:00:00.000000000,5.506173133850098,5.506173133850098,5.382716178894043,5.382716178894043,24300.0
1981-03-04T00:00:00.000000000,5.432098865509033,5.60493803024292,5.432098865509033,5.60493803024292,37463.0
1981-03-05T00:00:00.000000000,5.60493803024292,5.654321193695068,5.580246925354004,5.60493803024292,29363.0
1981-03-06T00:00:00.000000000,5.679011821746826,5.802468776702881,5.679011821746826,5.802468776702881,81000.0
1981-03-09T00:00:00.000000000,5.802468776702881,5.901235103607178,5.728394985198975,5.851851940155029,71888.0
1981-03-10T00:00:00.000000000,5.851851940155029,5.925926208496094,5.851851940155029,5.901235103607178,115425.0
1981-03-11T00:00:00.000000000,5.925926208496094,5.975308895111084,5.925926208496094,5.975308895111084,79481.0
1981-03-12T00:00:00.000000000,5.975308895111084,5.975308895111084,5.876543045043945,5.975308895111084,392344.0
1981-03-13T00:00:00.000000000,6.024691104888916,6.172840118408203,6.024691104888916,6.172840118408203,126056.0
1981-03-16T00:00:00.000000000,6.246913909912109,6.320988178253174,6.246913909912109,6.271605014801025,137194.0
1981-03-17T00:00:00.000000000,6.271605014801025,6.370369911193848,6.271605014801025,6.320988178253174,222244.0
1981-03-18T00:00:00.000000000,6.320988178253174,6.419753074645996,6.222221851348877,6.222221851348877,261731.0
1981-03-19T00:00:00.000000000,6.222221851348877,6.370369911193848,6.148148059844971,6.172840118408203,320963.0
1981-03-20T00:00:00.000000000,6.246913909912109,6.296296119689941,6.246913909912109,6.271605014801025,59738.0
1981-03-23T00:00:00.000000000,6.271605014801025,6.370369911193848,6.172840118408203,6.370369911193848,145800.0
1981-03-24T00:00:00.000000000,6.444444179534912,6.6666669845581055,6.444444179534912,6.4691362380981445,456638.0
1981-03-25T00:00:00.000000000,6.4691362380981445,6.493826866149902,6.320988178253174,6.493826866149902,86063.0
1981-03-26T00:00:00.000000000,6.518518924713135,6.617283821105957,6.518518924713135,6.617283821105957,306281.0
1981-03-27T00:00:00.000000000,6.617283821105957,6.7160491943359375,6.567901134490967,6.6666669845581055,117450.0
1981-03-30T00:00:00.000000000,6.6666669845581055,6.814815044403076,6.641974925994873,6.814815044403076,123019.0
1981-03-31T00:00:00.000000000,6.888888835906982,6.962963104248047,6.888888835906982,6.913579940795898,321975.0
1981-04-01T00:00:00.000000000,6.913579940795898,6.987654209136963,6.864198207855225,6.864198207855225,699638.0
1981-04-02T00:00:00.000000000,6.864198207855225,6.962963104248047,6.839506149291992,6.839506149291992,424238.0
1981-04-03T00:00:00.000000000,6.839506149291992,6.913579940795898,6.814815044403076,6.913579940795898,118463.0
1981-04-06T00:00:00.000000000,6.913579940795898,6.938271999359131,6.814815044403076,6.913579940795898,64800.0
1981-04-07T00:00:00.000000000,6.864198207855225,6.864198207855225,6.740740776062012,6.790122985839844,67838.0
1981-04-08T00:00:00.000000000,6.7160491943359375,6.7160491943359375,6.6666669845581055,6.6666669845581055,139219.0
1981-04-09T00:00:00.000000000,6.6666669845581055,6.765431880950928,6.641974925994873,6.765431880950928,452588.0
1981-04-10T00:00:00.000000000,6.765431880950928,6.790122985839844,6.6913580894470215,6.7160491943359375,209588.0
1981-04-13T00:00:00.000000000,6.740740776062012,6.864198207855225,6.740740776062012,6.790122985839844,347288.0
1981-04-14T00:00:00.000000000,6.790122985839844,6.864198207855225,6.740740776062012,6.814815044403076,163519.0
1981-04-15T00:00:00.000000000,6.814815044403076,6.839506149291992,6.740740776062012,6.740740776062012,145800.0
1981-04-16T00:00:00.000000000,6.740740776062012,6.790122985839844,6.7160491943359375,6.765431880950928,103781.0
1981-04-20T00:00:00.000000000,6.765431880950928,6.790122985839844,6.7160491943359375,6.790122985839844,81506.0
1981-04-21T00:00:00.000000000,6.790122985839844,6.864198207855225,6.790122985839844,6.814815044403076,72394.0
1981-04-22T00:00:00.000000000,6.814815044403076,6.864198207855225,6.765431880950928,6.814815044403076,103781.0
1981-04-23T00:00:00.000000000,6.814815044403076,6.814815044403076,6.740740776062012,6.740740776062012,30375.0
1981-04-24T00:00:00.000000000,6.740740776062012,6.814815044403076,6.740740776062012,6.790122985839844,284006.0
1981-04-27T00:00:00.000000000,6.790122985839844,6.814815044403076,6.641974925994873,6.641974925994873,249075.0
1981-04-28T00:00:00.000000000,6.641974925994873,6.6666669845581055,6.518518924713135,6.592593193054199,271856.0
1981-04-29T00:00:00.000000000,6.592593193054199,6.592593193054199,6.4691362380981445,6.518518924713135,50119.0
1981-04-30T00:00:00.000000000,6.4691362380981445,6.4691362380981445,6.345678806304932,6.370369911193848,62269.0
1981-05-01T00:00:00.000000000,6.370369911193848,6.419753074645996,6.320988178253174,6.370369911193848,103275.0
1981-05-04T00:00:00.000000000,6.370369911193848,6.4691362380981445,6.320988178253174,6.4691362380981445,44044.0
1981-05-05T00:00:00.000000000,6.4691362380981445,6.4691362380981445,6.39506196975708,6.419753074645996,76444.0
1981-05-06T00:00:00.000000000,6.419753074645996,6.419753074645996,6.320988178253174,6.370369911193848,17213.0
1981-05-07T00:00:00.000000000,6.370369911193848,6.419753074645996,6.320988178253174,6.320988178253174,54169.0
1981-05-08T00:00:00.000000000,6.320988178253174,6.345678806304932,6.222221851348877,6.271605014801025,63281.0
1981-05-11T00:00:00.000000000,6.222221851348877,6.222221851348877,6.148148059844971,6.148148059844971,25313.0
1981-05-12T00:00:00.000000000,6.172840118408203,6.222221851348877,6.172840118408203,6.222221851348877,35438.0
1981-05-13T00:00:00.000000000,6.222221851348877,6.222221851348877,6.098764896392822,6.098764896392822,114919.0
1981-05-14T00:00:00.000000000,6.098764896392822,6.271605014801025,6.049383163452148,6.271605014801025,55181.0
1981-05-15T00:00:00.000000000,6.320988178253174,6.345678806304932,6.320988178253174,6.320988178253174,1031738.0
1981-05-18T00:00:00.000000000,6.39506196975708,6.518518924713135,6.39506196975708,6.4691362380981445,431831.0
1981-05-19T00:00:00.000000000,6.4691362380981445,6.518518924713135,6.444444179534912,6.493826866149902,56700.0
1981-05-20T00:00:00.000000000,6.493826866149902,6.518518924713135,6.4691362380981445,6.518518924713135,93150.0
1981-05-21T00:00:00.000000000,6.567901134490967,6.7160491943359375,6.567901134490967,6.6913580894470215,128081.0
1981-05-22T00:00:00.000000000,6.6913580894470215,6.7160491943359375,6.6666669845581055,6.6913580894470215,44044.0
1981-05-26T00:00:00.000000000,6.7160491943359375,6.790122985839844,6.7160491943359375,6.790122985839844,101250.0
1981-05-27T00:00:00.000000000,6.814815044403076,6.864198207855225,6.814815044403076,6.814815044403076,118969.0
1981-05-28T00:00:00.000000000,6.814815044403076,6.913579940795898,6.814815044403076,6.913579940795898,171113.0
1981-05-29T00:00:00.000000000,6.888888835906982,6.888888835906982,6.814815044403076,6.814815044403076,89100.0
1981-06-01T00:00:00.000000000,6.814815044403076,6.913579940795898,6.814815044403076,6.864198207855225,85556.0
1981-06-02T00:00:00.000000000,6.864198207855225,6.888888835906982,6.790122985839844,6.790122985839844,142763.0
1981-06-03T00:00:00.000000000,6.7160491943359375,6.7160491943359375,6.641974925994873,6.6913580894470215,84038.0
1981-06-04T00:00:00.000000000,6.7160491943359375,6.864198207855225,6.7160491943359375,6.864198207855225,90113.0
1981-06-05T00:00:00.000000000,6.864198207855225,6.913579940795898,6.864198207855225,6.864198207855225,120994.0
1981-06-08T00:00:00.000000000,6.864198207855225,6.913579940795898,6.864198207855225,6.888888835906982,112894.0
1981-06-09T00:00:00.000000000,6.888888835906982,6.913579940795898,6.888888835906982,6.913579940795898,101756.0
1981-06-10T00:00:00.000000000,6.913579940795898,6.938271999359131,6.888888835906982,6.913579940795898,358931.0
1981-06-11T00:00:00.000000000,6.913579940795898,7.012345790863037,6.913579940795898,6.962963104248047,68344.0
1981-06-12T00:00:00.000000000,6.962963104248047,7.012345790863037,6.864198207855225,6.913579940795898,106819.0
1981-06-15T00:00:00.000000000,6.913579940795898,6.987654209136963,6.864198207855225,6.962963104248047,82013.0
1981-06-16T00:00:00.000000000,6.962963104248047,6.962963104248047,6.888888835906982,6.888888835906982,43031.0
1981-06-17T00:00:00.000000000,6.913579940795898,6.987654209136963,6.913579940795898,6.987654209136963,76444.0
1981-06-18T00:00:00.000000000,6.987654209136963,7.012345790863037,6.913579940795898,6.938271999359131,96188.0
1981-06-19T00:00:00.000000000,6.938271999359131,7.012345790863037,6.938271999359131,6.962963104248047,24300.0
1981-06-22T00:00:00.000000000,6.962963104248047,6.987654209136963,6.864198207855225,6.864198207855225,36450.0
1981-06-23T00:00:00.000000000,6.864198207855225,7.012345790863037,6.864198207855225,7.012345790863037,109350.0
1981-06-24T00:00:00.000000000,7.012345790863037,7.012345790863037,6.913579940795898,6.913579940795898,24806.0
1981-06-25T00:00:00.000000000,6.938271999359131,6.987654209136963,6.938271999359131,6.938271999359131,19744.0
1981-06-26T00:00:00.000000000,6.938271999359131,6.938271999359131,6.864198207855225,6.864198207855225,30375.0
1981-06-29T00:00:00.000000000,6.814815044403076,6.814815044403076,6.7160491943359375,6.7160491943359375,28350.0
1981-06-30T00:00:00.000000000,6.6666669845581055,6.6666669845581055,6.444444179534912,6.444444179534912,368044.0
1981-07-01T00:00:00.000000000,6.444444179534912,6.444444179534912,6.345678806304932,6.39506196975708,83025.0
1981-07-02T00:00:00.000000000,6.39506196975708,6.4691362380981445,6.370369911193848,6.419753074645996,74925.0
1981-07-06T00:00:00.000000000,6.419753074645996,6.444444179534912,6.370369911193848,6.419753074645996,21769.0
1981-07-07T00:00:00.000000000,6.419753074645996,6.444444179534912,6.345678806304932,6.419753074645996,35438.0
1981-07-08T00:00:00.000000000,6.444444179534912,6.493826866149902,6.444444179534912,6.493826866149902,24300.0
1981-07-09T00:00:00.000000000,6.493826866149902,6.493826866149902,6.419753074645996,6.4691362380981445,30881.0
1981-07-10T00:00:00.000000000,6.4691362380981445,6.4691362380981445,6.345678806304932,6.345678806304932,43538.0
1981-07-13T00:00:00.000000000,6.370369911193848,6.444444179534912,6.370369911193848,6.444444179534912,109350.0
1981-07-14T00:00:00.000000000,6.444444179534912,6.444444179534912,6.370369911193848,6.39506196975708,191869.0
1981-07-15T00:00:00.000000000,6.39506196975708,6.493826866149902,6.370369911193848,6.4691362380981445,58219.0
1981-07-16T00:00:00.000000000,6.493826866149902,6.567901134490967,6.493826866149902,6.518518924713135,24300.0
1981-07-17T00:00:00.000000000,6.518518924713135,6.6913580894470215,6.518518924713135,6.641974925994873,469800.0
1981-07-20T00:00:00.000000000,6.641974925994873,6.7160491943359375,6.617283821105957,6.641974925994873,22275.0
1981-07-21T00:00:00.000000000,6.641974925994873,6.6913580894470215,6.617283821105957,6.6666669845581055,82013.0
1981-07-22T00:00:00.000000000,6.6666669845581055,6.6913580894470215,6.567901134490967,6.567901134490967,12150.0
1981-07-23T00:00:00.000000000,6.567901134490967,6.617283821105957,6.4691362380981445,6.4691362380981445,105806.0
1981-07-24T00:00:00.000000000,6.4691362380981445,6.518518924713135,6.345678806304932,6.39506196975708,116438.0
1981-07-27T00:00:00.000000000,6.39506196975708,6.4691362380981445,6.370369911193848,6.370369911193848,21769.0
1981-07-28T00:00:00.000000000,6.370369911193848,6.419753074645996,6.320988178253174,6.320988178253174,129094.0
1981-07-29T00:00:00.000000000,6.296296119689941,6.296296119689941,6.246913909912109,6.246913909912109,30375.0
1981-07-30T00:00:00.000000000,6.271605014801025,6.4691362380981445,6.271605014801025,6.4691362380981445,86569.0
1981-07-31T00:00:00.000000000,6.518518924713135,6.7160491943359375,6.518518924713135,6.7160491943359375,42525.0
1981-08-03T00:00:00.000000000,6.740740776062012,6.814815044403076,6.740740776062012,6.790122985839844,138206.0
1981-08-04T00:00:00.000000000,6.765431880950928,6.765431880950928,6.6666669845581055,6.765431880950928,247050.0
1981-08-05T00:00:00.000000000,6.740740776062012,6.740740776062012,6.518518924713135,6.567901134490967,368044.0
1981-08-06T00:00:00.000000000,6.518518924713135,6.518518924713135,6.419753074645996,6.493826866149902,133144.0
1981-08-07T00:00:00.000000000,6.493826866149902,6.543210029602051,6.444444179534912,6.543210029602051,69356.0
1981-08-10T00:00:00.000000000,6.543210029602051,6.592593193054199,6.518518924713135,6.543210029602051,34931.0
1981-08-11T00:00:00.000000000,6.617283821105957,6.7160491943359375,6.617283821105957,6.617283821105957,144281.0
1981-08-12T00:00:00.000000000,6.617283821105957,6.6666669845581055,6.617283821105957,6.617283821105957,42019.0
1981-08-13T00:00:00.000000000,6.617283821105957,6.6913580894470215,6.617283821105957,6.641974925994873,42525.0
1981-08-14T00:00:00.000000000,6.641974925994873,6.7160491943359375,6.641974925994873,6.6913580894470215,154406.0
1981-08-17T00:00:00.000000000,6.6913580894470215,6.7160491943359375,6.6913580894470215,6.6913580894470215,27338.0
1981-08-18T00:00:00.000000000,6.6913580894470215,6.814815044403076,6.6913580894470215,6.790122985839844,284513.0
1981-08-19T00:00:00.000000000,6.790122985839844,6.888888835906982,6.790122985839844,6.790122985839844,82519.0
1981-08-20T00:00:00.000000000,6.790122985839844,6.888888835906982,6.790122985839844,6.839506149291992,75431.0
1981-08-21T00:00:00.000000000,6.790122985839844,6.790122985839844,6.6666669845581055,6.6913580894470215,365513.0
1981-08-24T00:00:00.000000000,6.6666669845581055,6.6666669845581055,6.567901134490967,6.567901134490967,121500.0
1981-08-25T00:00:00.000000000,6.567901134490967,6.567901134490967,6.4691362380981445,6.543210029602051,175163.0
1981-08-26T00:00:00.000000000,6.518518924713135,6.518518924713135,6.444444179534912,6.444444179534912,39994.0
1981-08-27T00:00:00.000000000,6.444444179534912,6.493826866149902,6.444444179534912,6.444444179534912,21769.0
1981-08-28T00:00:00.000000000,6.444444179534912,6.493826866149902,6.419753074645996,6.4691362380981445,62269.0
1981-08-31T00:00:00.000000000,6.4691362380981445,6.493826866149902,6.444444179534912,6.493826866149902,8606.0
1981-09-01T00:00:00.000000000,6.419753074645996,6.419753074645996,6.345678806304932,6.345678806304932,54169.0
1981-09-02T00:00:00.000000000,6.345678806304932,6.419753074645996,6.320988178253174,6.419753074645996,187819.0
1981-09-03T00:00:00.000000000,6.39506196975708,6.39506196975708,6.320988178253174,6.39506196975708,55181.0
1981-09-04T00:00:00.000000000,6.39506196975708,6.39506196975708,6.296296119689941,6.345678806304932,21263.0
1981-09-08T00:00:00.000000000,6.320988178253174,6.320988178253174,6.123456954956055,6.123456954956055,92138.0
1981-09-09T00:00:00.000000000,6.148148059844971,6.271605014801025,6.148148059844971,6.271605014801025,63281.0
1981-09-10T00:00:00.000000000,6.296296119689941,6.370369911193848,6.296296119689941,6.370369911193848,215156.0
1981-09-11T00:00:00.000000000,6.370369911193848,6.39506196975708,6.345678806304932,6.370369911193848,69863.0
1981-09-14T00:00:00.000000000,6.39506196975708,6.4691362380981445,6.39506196975708,6.419753074645996,55181.0
1981-09-15T00:00:00.000000000,6.39506196975708,6.39506196975708,6.320988178253174,6.370369911193848,138206.0
1981-09-16T00:00:00.000000000,6.370369911193848,6.370369911193848,6.271605014801025,6.370369911193848,44550.0
1981-09-17T00:00:00.000000000,6.345678806304932,6.345678806304932,6.271605014801025,6.271605014801025,294638.0
1981-09-18T00:00:00.000000000,6.271605014801025,6.320988178253174,6.271605014801025,6.271605014801025,58725.0
1981-09-21T00:00:00.000000000,6.271605014801025,6.296296119689941,6.271605014801025,6.296296119689941,7088.0
1981-09-22T00:00:00.000000000,6.296296119689941,6.370369911193848,6.271605014801025,6.370369911193848,176175.0
1981-09-23T00:00:00.000000000,6.320988178253174,6.320988178253174,6.222221851348877,6.222221851348877,52650.0
1981-09-24T00:00:00.000000000,6.222221851348877,6.222221851348877,5.975308895111084,5.975308895111084,90619.0
1981-09-25T00:00:00.000000000,5.950616836547852,5.950616836547852,5.777778148651123,5.777778148651123,308306.0
1981-09-28T00:00:00.000000000,5.728394985198975,5.728394985198975,5.5308637619018555,5.679011821746826,96694.0
1981-09-29T00:00:00.000000000,5.679011821746826,5.802468776702881,5.679011821746826,5.753086090087891,275906.0
1981-09-30T00:00:00.000000000,5.753086090087891,5.753086090087891,5.703703880310059,5.753086090087891,59231.0
1981-10-01T00:00:00.000000000,5.753086090087891,5.753086090087891,5.654321193695068,5.654321193695068,73913.0
1981-10-02T00:00:00.000000000,5.679011821746826,5.876543045043945,5.679011821746826,5.876543045043945,208575.0
1981-10-05T00:00:00.000000000,5.876543045043945,5.876543045043945,5.802468776702881,5.851851940155029,214650.0
1981-10-06T00:00:00.000000000,5.851851940155029,5.851851940155029,5.777778148651123,5.851851940155029,167063.0
1981-10-07T00:00:00.000000000,5.851851940155029,5.876543045043945,5.827159881591797,5.876543045043945,218194.0
1981-10-08T00:00:00.000000000,5.876543045043945,5.876543045043945,5.851851940155029,5.876543045043945,124538.0
1981-10-09T00:00:00.000000000,5.876543045043945,5.901235103607178,5.876543045043945,5.901235103607178,95175.0
1981-10-12T00:00:00.000000000,5.901235103607178,5.901235103607178,5.851851940155029,5.901235103607178,45563.0
1981-10-13T00:00:00.000000000,5.901235103607178,5.901235103607178,5.876543045043945,5.901235103607178,27844.0
1981-10-14T00:00:00.000000000,5.901235103607178,5.901235103607178,5.876543045043945,5.901235103607178,64800.0
1981-10-15T00:00:00.000000000,5.901235103607178,5.901235103607178,5.876543045043945,5.876543045043945,123525.0
1981-10-16T00:00:00.000000000,5.876543045043945,5.901235103607178,5.876543045043945,5.901235103607178,185288.0
1981-10-19T00:00:00.000000000,5.901235103607178,5.901235103607178,5.851851940155029,5.851851940155029,403481.0
1981-10-20T00:00:00.000000000,5.851851940155029,5.876543045043945,5.777778148651123,5.777778148651123,58725.0
1981-10-21T00:00:00.000000000,5.777778148651123,5.876543045043945,5.728394985198975,5.827159881591797,140231.0
1981-10-22T00:00:00.000000000,5.827159881591797,5.827159881591797,5.777778148651123,5.827159881591797,85556.0
1981-10-23T00:00:00.000000000,5.827159881591797,5.901235103607178,5.827159881591797,5.851851940155029,71888.0
1981-10-26T00:00:00.000000000,5.851851940155029,5.851851940155029,5.802468776702881,5.851851940155029,464231.0
1981-10-27T00:00:00.000000000,5.851851940155029,6.024691104888916,5.851851940155029,6.024691104888916,196425.0
1981-10-28T00:00:00.000000000,6.024691104888916,6.024691104888916,5.901235103607178,5.950616836547852,151369.0
1981-10-29T00:00:00.000000000,5.950616836547852,5.975308895111084,5.925926208496094,5.975308895111084,116944.0
1981-10-30T00:00:00.000000000,5.975308895111084,6.024691104888916,5.950616836547852,5.975308895111084,172631.0
1981-11-02T00:00:00.000000000,6.0,6.320988178253174,6.0,6.320988178253174,269831.0
1981-11-03T00:00:00.000000000,6.320988178253174,6.370369911193848,6.296296119689941,6.370369911193848,188325.0
1981-11-04T00:00:00.000000000,6.370369911193848,6.7160491943359375,6.370369911193848,6.7160491943359375,619650.0
1981-11-05T00:00:00.000000000,6.7160491943359375,6.7160491943359375,6.592593193054199,6.641974925994873,369056.0
1981-11-06T00:00:00.000000000,6.641974925994873,6.641974925994873,6.592593193054199,6.592593193054199,578644.0
1981-11-09T00:00:00.000000000,6.617283821105957,6.7160491943359375,6.617283821105957,6.6666669845581055,118463.0
1981-11-10T00:00:00.000000000,6.6666669845581055,6.7160491943359375,6.617283821105957,6.641974925994873,137194.0
1981-11-11T00:00:00.000000000,6.641974925994873,6.6913580894470215,6.617283821105957,6.6913580894470215,109856.0
1981-11-12T00:00:00.000000000,6.6913580894470215,6.6913580894470215,6.641974925994873,6.6913580894470215,26831.0
1981-11-13T00:00:00.000000000,6.6666669845581055,6.6666669845581055,6.641974925994873,6.6666669845581055,69356.0
1981-11-16T00:00:00.000000000,6.641974925994873,6.641974925994873,6.518518924713135,6.567901134490967,160988.0
1981-11-17T00:00:00.000000000,6.567901134490967,6.592593193054199,6.567901134490967,6.592593193054199,37463.0
1981-11-18T00:00:00.000000000,6.592593193054199,6.592593193054199,6.567901134490967,6.567901134490967,32906.0
1981-11-19T00:00:00.000000000,6.567901134490967,6.592593193054199,6.518518924713135,6.518518924713135,163013.0
1981-11-20T00:00:00.000000000,6.518518924713135,6.567901134490967,6.518518924713135,6.543210029602051,339188.0
1981-11-23T00:00:00.000000000,6.543210029602051,6.592593193054199,6.543210029602051,6.543210029602051,111881.0
1981-11-24T00:00:00.000000000,6.567901134490967,6.617283821105957,6.567901134490967,6.567901134490967,169594.0
1981-11-25T00:00:00.000000000,6.567901134490967,6.617283821105957,6.567901134490967,6.617283821105957,409050.0
1981-11-27T00:00:00.000000000,6.617283821105957,6.6666669845581055,6.592593193054199,6.592593193054199,90619.0
1981-11-30T00:00:00.000000000,6.592593193054199,6.641974925994873,6.592593193054199,6.617283821105957,49613.0
1981-12-01T00:00:00.000000000,6.617283821105957,6.617283821105957,6.518518924713135,6.617283821105957,156431.0
1981-12-02T00:00:00.000000000,6.617283821105957,6.617283821105957,6.567901134490967,6.567901134490967,53156.0
1981-12-03T00:00:00.000000000,6.567901134490967,6.567901134490967,6.518518924713135,6.518518924713135,66319.0
1981-12-04T00:00:00.000000000,6.518518924713135,6.543210029602051,6.4691362380981445,6.518518924713135,155419.0
1981-12-07T00:00:00.000000000,6.518518924713135,6.518518924713135,6.370369911193848,6.39506196975708,202500.0
1981-12-08T00:00:00.000000000,6.370369911193848,6.370369911193848,6.172840118408203,6.222221851348877,232369.0
1981-12-09T00:00:00.000000000,6.222221851348877,6.246913909912109,6.148148059844971,6.222221851348877,330581.0
1981-12-10T00:00:00.000000000,6.222221851348877,6.222221851348877,6.172840118408203,6.197531223297119,146813.0
1981-12-11T00:00:00.000000000,6.197531223297119,6.197531223297119,6.123456954956055,6.148148059844971,170100.0
1981-12-14T00:00:00.000000000,6.123456954956055,6.123456954956055,5.925926208496094,6.098764896392822,185288.0
1981-12-15T00:00:00.000000000,6.098764896392822,6.148148059844971,6.098764896392822,6.123456954956055,90619.0
1981-12-16T00:00:00.000000000,6.123456954956055,6.172840118408203,6.123456954956055,6.172840118408203,58219.0
1981-12-17T00:00:00.000000000,6.172840118408203,6.172840118408203,6.148148059844971,6.148148059844971,93150.0
1981-12-18T00:00:00.000000000,6.148148059844971,6.172840118408203,6.148148059844971,6.148148059844971,66825.0
1981-12-21T00:00:00.000000000,6.148148059844971,6.172840118408203,6.148148059844971,6.172840118408203,91125.0
1981-12-22T00:00:00.000000000,6.172840118408203,6.172840118408203,6.148148059844971,6.172840118408203,29363.0
1981-12-23T00:00:00.000000000,6.148148059844971,6.148148059844971,6.123456954956055,6.123456954956055,102263.0
1981-12-24T00:00:00.000000000,6.123456954956055,6.123456954956055,6.123456954956055,6.123456954956055,22275.0
1981-12-28T00:00:00.000000000,6.123456954956055,6.148148059844971,6.123456954956055,6.123456954956055,112894.0
1981-12-29T00:00:00.000000000,6.123456954956055,6.148148059844971,6.123456954956055,6.148148059844971,43031.0
1981-12-30T00:00:00.000000000,6.148148059844971,6.148148059844971,6.123456954956055,6.123456954956055,354881.0
1981-12-31T00:00:00.000000000,6.123456954956055,6.172840118408203,6.123456954956055,6.172840118408203,209081.0
1982-01-04T00:00:00.000000000,6.172840118408203,6.172840118408203,6.123456954956055,6.148148059844971,28350.0
1982-01-05T00:00:00.000000000,6.123456954956055,6.123456954956055,6.074073791503906,6.098764896392822,41006.0
1982-01-06T00:00:00.000000000,6.074073791503906,6.074073791503906,6.024691104888916,6.049383163452148,247050.0
1982-01-07T00:00:00.000000000,6.049383163452148,6.123456954956055,6.049383163452148,6.123456954956055,143775.0
1982-01-08T00:00:00.000000000,6.123456954956055,6.123456954956055,6.098764896392822,6.123456954956055,247556.0
1982-01-11T00:00:00.000000000,6.123456954956055,6.123456954956055,6.098764896392822,6.098764896392822,257681.0
1982-01-12T00:00:00.000000000,6.074073791503906,6.074073791503906,6.049383163452148,6.049383163452148,67838.0
1982-01-13T00:00:00.000000000,6.049383163452148,6.074073791503906,6.049383163452148,6.074073791503906,54169.0
1982-01-14T00:00:00.000000000,6.074073791503906,6.074073791503906,6.024691104888916,6.024691104888916,113906.0
1982-01-15T00:00:00.000000000,6.024691104888916,6.049383163452148,6.0,6.024691104888916,276919.0
1982-01-18T00:00:00.000000000,6.024691104888916,6.024691104888916,5.925926208496094,5.950616836547852,252113.0
1982-01-19T00:00:00.000000000,5.950616836547852,5.975308895111084,5.925926208496094,5.950616836547852,465244.0
1982-01-20T00:00:00.000000000,5.950616836547852,5.950616836547852,5.901235103607178,5.925926208496094,353363.0
1982-01-21T00:00:00.000000000,5.925926208496094,5.925926208496094,5.901235103607178,5.901235103607178,618131.0
1982-01-22T00:00:00.000000000,5.901235103607178,5.925926208496094,5.901235103607178,5.925926208496094,394875.0
1982-01-25T00:00:00.000000000,5.925926208496094,6.0,5.901235103607178,6.0,803419.0
1982-01-26T00:00:00.000000000,6.024691104888916,6.172840118408203,6.024691104888916,6.049383163452148,607500.0
1982-01-27T00:00:00.000000000,6.049383163452148,6.148148059844971,6.049383163452148,6.148148059844971,113400.0
1982-01-28T00:00:00.000000000,6.148148059844971,6.271605014801025,6.148148059844971,6.271605014801025,287550.0
1982-01-29T00:00:00.000000000,6.39506196975708,6.641974925994873,6.39506196975708,6.592593193054199,347288.0
1982-02-01T00:00:00.000000000,6.592593193054199,6.592593193054199,6.493826866149902,6.518518924713135,625219.0
1982-02-02T00:00:00.000000000,6.518518924713135,6.641974925994873,6.518518924713135,6.617283821105957,240975.0
1982-02-03T00:00:00.000000000,6.617283821105957,6.617283821105957,6.567901134490967,6.567901134490967,144788.0
1982-02-04T00:00:00.000000000,6.543210029602051,6.543210029602051,6.419753074645996,6.444444179534912,84038.0
1982-02-05T00:00:00.000000000,6.444444179534912,6.493826866149902,6.39506196975708,6.493826866149902,78975.0
1982-02-08T00:00:00.000000000,6.493826866149902,6.493826866149902,6.444444179534912,6.493826866149902,62775.0
1982-02-09T00:00:00.000000000,6.444444179534912,6.444444179534912,6.419753074645996,6.444444179534912,10125.0
1982-02-10T00:00:00.000000000,6.444444179534912,6.4691362380981445,6.370369911193848,6.444444179534912,90113.0
1982-02-11T00:00:00.000000000,6.444444179534912,6.4691362380981445,6.419753074645996,6.4691362380981445,135675.0
1982-02-12T00:00:00.000000000,6.4691362380981445,6.4691362380981445,6.444444179534912,6.444444179534912,32400.0
1982-02-16T00:00:00.000000000,6.444444179534912,6.518518924713135,6.444444179534912,6.4691362380981445,224269.0
1982-02-17T00:00:00.000000000,6.4691362380981445,6.493826866149902,6.419753074645996,6.4691362380981445,359944.0
1982-02-18T00:00:00.000000000,6.4691362380981445,6.4691362380981445,6.419753074645996,6.419753074645996,190350.0
1982-02-19T00:00:00.000000000,6.419753074645996,6.444444179534912,6.39506196975708,6.419753074645996,232369.0
1982-02-22T00:00:00.000000000,6.419753074645996,6.4691362380981445,6.39506196975708,6.4691362380981445,78469.0
1982-02-23T00:00:00.000000000,6.444444179534912,6.444444179534912,6.39506196975708,6.444444179534912,331594.0
1982-02-24T00:00:00.000000000,6.444444179534912,6.444444179534912,6.39506196975708,6.419753074645996,91125.0
1982-02-25T00:00:00.000000000,6.419753074645996,6.592593193054199,6.419753074645996,6.518518924713135,138713.0
1982-02-26T00:00:00.000000000,6.518518924713135,6.641974925994873,6.518518924713135,6.592593193054199,64294.0
1982-03-01T00:00:00.000000000,6.592593193054199,6.814815044403076,6.543210029602051,6.814815044403076,450056.0
1982-03-02T00:00:00.000000000,6.814815044403076,6.888888835906982,6.765431880950928,6.765431880950928,363488.0
1982-03-03T00:00:00.000000000,6.765431880950928,6.790122985839844,6.7160491943359375,6.740740776062012,142763.0
1982-03-04T00:00:00.000000000,6.740740776062012,6.740740776062012,6.518518924713135,6.617283821105957,589781.0
1982-03-05T00:00:00.000000000,6.617283821105957,6.641974925994873,6.518518924713135,6.543210029602051,314888.0
1982-03-08T00:00:00.000000000,6.543210029602051,6.6666669845581055,6.543210029602051,6.567901134490967,121500.0
1982-03-09T00:00:00.000000000,6.543210029602051,6.543210029602051,6.444444179534912,6.518518924713135,43031.0
1982-03-10T00:00:00.000000000,6.518518924713135,6.617283821105957,6.518518924713135,6.617283821105957,188831.0
1982-03-11T00:00:00.000000000,6.617283821105957,6.641974925994873,6.518518924713135,6.543210029602051,102263.0
1982-03-12T00:00:00.000000000,6.543210029602051,6.567901134490967,6.444444179534912,6.444444179534912,669263.0
1982-03-15T00:00:00.000000000,6.444444179534912,6.444444179534912,6.370369911193848,6.39506196975708,203513.0
1982-03-16T00:00:00.000000000,6.419753074645996,6.567901134490967,6.419753074645996,6.493826866149902,809494.0
1982-03-17T00:00:00.000000000,6.518518924713135,6.617283821105957,6.518518924713135,6.567901134490967,397406.0
1982-03-18T00:00:00.000000000,6.617283821105957,6.7160491943359375,6.617283821105957,6.6666669845581055,760894.0
1982-03-19T00:00:00.000000000,6.6666669845581055,6.7160491943359375,6.641974925994873,6.6913580894470215,81506.0
1982-03-22T00:00:00.000000000,6.7160491943359375,6.938271999359131,6.7160491943359375,6.938271999359131,423225.0
1982-03-23T00:00:00.000000000,7.012345790863037,7.3086419105529785,7.012345790863037,7.234568119049072,626231.0
1982-03-24T00:00:00.000000000,7.234568119049072,7.259259223937988,7.111111164093018,7.209877014160156,147319.0
1982-03-25T00:00:00.000000000,7.135801792144775,7.135801792144775,6.864198207855225,6.913579940795898,904669.0
1982-03-26T00:00:00.000000000,6.913579940795898,6.913579940795898,6.567901134490967,6.592593193054199,86063.0
1982-03-29T00:00:00.000000000,6.617283821105957,6.790122985839844,6.617283821105957,6.765431880950928,168075.0
1982-03-30T00:00:00.000000000,6.814815044403076,6.888888835906982,6.814815044403076,6.888888835906982,96694.0
1982-03-31T00:00:00.000000000,6.888888835906982,6.962963104248047,6.814815044403076,6.938271999359131,943650.0
1982-04-01T00:00:00.000000000,6.962963104248047,7.086420059204102,6.962963104248047,7.086420059204102,267300.0
1982-04-02T00:00:00.000000000,7.086420059204102,7.185184955596924,6.987654209136963,7.111111164093018,298688.0
1982-04-05T00:00:00.000000000,7.111111164093018,7.111111164093018,6.938271999359131,7.012345790863037,57713.0
1982-04-06T00:00:00.000000000,7.012345790863037,7.061728000640869,6.962963104248047,7.037036895751953,79988.0
1982-04-07T00:00:00.000000000,7.037036895751953,7.086420059204102,6.962963104248047,6.962963104248047,65306.0
1982-04-08T00:00:00.000000000,7.012345790863037,7.111111164093018,7.012345790863037,7.111111164093018,159469.0
1982-04-12T00:00:00.000000000,7.111111164093018,7.135801792144775,7.086420059204102,7.111111164093018,265275.0
1982-04-13T00:00:00.000000000,7.111111164093018,7.111111164093018,6.987654209136963,7.061728000640869,70369.0
1982-04-14T00:00:00.000000000,7.037036895751953,7.037036895751953,6.888888835906982,6.913579940795898,119475.0
1982-04-15T00:00:00.000000000,6.962963104248047,7.037036895751953,6.962963104248047,7.012345790863037,91125.0
1982-04-16T00:00:00.000000000,7.012345790863037,7.037036895751953,6.987654209136963,7.012345790863037,320963.0
1982-04-19T00:00:00.000000000,7.012345790863037,7.160493850708008,6.938271999359131,7.160493850708008,108338.0
1982-04-20T00:00:00.000000000,7.160493850708008,7.234568119049072,7.111111164093018,7.185184955596924,167569.0
1982-04-21T00:00:00.000000000,7.185184955596924,7.234568119049072,7.160493850708008,7.185184955596924,49106.0
1982-04-22T00:00:00.000000000,7.185184955596924,7.2839508056640625,7.185184955596924,7.234568119049072,345769.0
1982-04-23T00:00:00.000000000,7.234568119049072,7.3086419105529785,7.209877014160156,7.2839508056640625,346275.0
1982-04-26T00:00:00.000000000,7.2839508056640625,7.506173133850098,7.2839508056640625,7.481481075286865,187819.0
1982-04-27T00:00:00.000000000,7.506173133850098,7.60493803024292,7.506173133850098,7.555555820465088,219713.0
1982-04-28T00:00:00.000000000,7.555555820465088,7.580246925354004,7.3086419105529785,7.407406806945801,421200.0
1982-04-29T00:00:00.000000000,7.407406806945801,7.407406806945801,7.259259223937988,7.3333330154418945,119475.0
1982-04-30T00:00:00.000000000,7.3333330154418945,7.407406806945801,7.3086419105529785,7.358025074005127,50119.0
1982-05-03T00:00:00.000000000,7.358025074005127,7.456789970397949,7.3086419105529785,7.456789970397949,170606.0
1982-05-04T00:00:00.000000000,7.456789970397949,7.481481075286865,7.432098865509033,7.456789970397949,319950.0
1982-05-05T00:00:00.000000000,7.456789970397949,7.481481075286865,7.3086419105529785,7.358025074005127,221738.0
1982-05-06T00:00:00.000000000,7.358025074005127,7.432098865509033,7.3333330154418945,7.382716178894043,100744.0
1982-05-07T00:00:00.000000000,7.3333330154418945,7.3333330154418945,7.185184955596924,7.209877014160156,166556.0
1982-05-10T00:00:00.000000000,7.209877014160156,7.2839508056640625,7.037036895751953,7.234568119049072,61763.0
1982-05-11T00:00:00.000000000,7.234568119049072,7.2839508056640625,7.185184955596924,7.259259223937988,51638.0
1982-05-12T00:00:00.000000000,7.259259223937988,7.432098865509033,7.259259223937988,7.432098865509033,282994.0
1982-05-13T00:00:00.000000000,7.432098865509033,7.432098865509033,7.234568119049072,7.234568119049072,308306.0
1982-05-14T00:00:00.000000000,7.234568119049072,7.3086419105529785,7.185184955596924,7.2839508056640625,44550.0
1982-05-17T00:00:00.000000000,7.2839508056640625,7.3086419105529785,7.185184955596924,7.234568119049072,302231.0
1982-05-18T00:00:00.000000000,7.061728000640869,7.061728000640869,6.913579940795898,6.938271999359131,883913.0
1982-05-19T00:00:00.000000000,6.938271999359131,6.987654209136963,6.913579940795898,6.913579940795898,399938.0
1982-05-20T00:00:00.000000000,6.913579940795898,6.962963104248047,6.864198207855225,6.913579940795898,108844.0
1982-05-21T00:00:00.000000000,6.913579940795898,7.012345790863037,6.814815044403076,6.987654209136963,156431.0
1982-05-24T00:00:00.000000000,6.987654209136963,7.037036895751953,6.962963104248047,7.012345790863037,117956.0
1982-05-25T00:00:00.000000000,7.012345790863037,7.086420059204102,6.987654209136963,7.012345790863037,157950.0
1982-05-26T00:00:00.000000000,7.012345790863037,7.037036895751953,6.938271999359131,7.012345790863037,338175.0
1982-05-27T00:00:00.000000000,7.012345790863037,7.012345790863037,6.814815044403076,6.888888835906982,247050.0
1982-05-28T00:00:00.000000000,6.888888835906982,6.962963104248047,6.864198207855225,6.938271999359131,245531.0
1982-06-01T00:00:00.000000000,6.938271999359131,6.962963104248047,6.814815044403076,6.888888835906982,447525.0
1982-06-02T00:00:00.000000000,6.888888835906982,6.938271999359131,6.864198207855225,6.913579940795898,104288.0
1982-06-03T00:00:00.000000000,6.913579940795898,7.037036895751953,6.913579940795898,6.987654209136963,137194.0
1982-06-04T00:00:00.000000000,6.962963104248047,6.962963104248047,6.888888835906982,6.888888835906982,77456.0
1982-06-07T00:00:00.000000000,6.888888835906982,6.913579940795898,6.864198207855225,6.888888835906982,70369.0
1982-06-08T00:00:00.000000000,6.888888835906982,6.962963104248047,6.864198207855225,6.888888835906982,252619.0
1982-06-09T00:00:00.000000000,6.839506149291992,6.839506149291992,6.4691362380981445,6.814815044403076,397913.0
1982-06-10T00:00:00.000000000,6.814815044403076,6.864198207855225,6.765431880950928,6.839506149291992,236419.0
1982-06-11T00:00:00.000000000,6.839506149291992,6.913579940795898,6.839506149291992,6.888888835906982,300713.0
1982-06-14T00:00:00.000000000,6.864198207855225,6.864198207855225,6.6666669845581055,6.6666669845581055,626738.0
1982-06-15T00:00:00.000000000,6.6666669845581055,6.6666669845581055,6.419753074645996,6.641974925994873,1122863.0
1982-06-16T00:00:00.000000000,6.641974925994873,6.6666669845581055,6.518518924713135,6.518518924713135,403988.0
1982-06-17T00:00:00.000000000,6.518518924713135,6.518518924713135,6.493826866149902,6.493826866149902,106313.0
1982-06-18T00:00:00.000000000,6.493826866149902,6.567901134490967,6.419753074645996,6.444444179534912,268313.0
1982-06-21T00:00:00.000000000,6.444444179534912,6.567901134490967,6.444444179534912,6.567901134490967,231863.0
1982-06-22T00:00:00.000000000,6.592593193054199,6.7160491943359375,6.592593193054199,6.7160491943359375,180225.0
1982-06-23T00:00:00.000000000,6.765431880950928,6.962963104248047,6.765431880950928,6.962963104248047,170606.0
1982-06-24T00:00:00.000000000,6.962963104248047,6.987654209136963,6.913579940795898,6.913579940795898,147825.0
1982-06-25T00:00:00.000000000,6.913579940795898,7.061728000640869,6.888888835906982,6.987654209136963,336656.0
1982-06-28T00:00:00.000000000,6.987654209136963,7.086420059204102,6.987654209136963,7.012345790863037,269831.0
1982-06-29T00:00:00.000000000,7.012345790863037,7.209877014160156,6.938271999359131,7.209877014160156,380700.0
1982-06-30T00:00:00.000000000,7.209877014160156,7.234568119049072,7.111111164093018,7.234568119049072,245531.0
1982-07-01T00:00:00.000000000,7.234568119049072,7.234568119049072,7.012345790863037,7.086420059204102,296663.0
1982-07-02T00:00:00.000000000,7.086420059204102,7.086420059204102,6.962963104248047,7.012345790863037,308306.0
1982-07-06T00:00:00.000000000,7.012345790863037,7.012345790863037,6.913579940795898,6.913579940795898,99225.0
1982-07-07T00:00:00.000000000,6.913579940795898,6.913579940795898,6.790122985839844,6.913579940795898,102769.0
1982-07-08T00:00:00.000000000,6.913579940795898,6.962963104248047,6.814815044403076,6.913579940795898,298181.0
1982-07-09T00:00:00.000000000,6.987654209136963,7.185184955596924,6.987654209136963,7.111111164093018,314381.0
1982-07-12T00:00:00.000000000,7.111111164093018,7.111111164093018,6.864198207855225,6.864198207855225,75938.0
1982-07-13T00:00:00.000000000,6.864198207855225,6.913579940795898,6.765431880950928,6.913579940795898,490556.0
1982-07-14T00:00:00.000000000,6.913579940795898,6.938271999359131,6.839506149291992,6.913579940795898,277931.0
1982-07-15T00:00:00.000000000,6.913579940795898,6.913579940795898,6.814815044403076,6.839506149291992,1246894.0
1982-07-16T00:00:00.000000000,6.839506149291992,6.938271999359131,6.839506149291992,6.938271999359131,110869.0
1982-07-19T00:00:00.000000000,6.938271999359131,7.012345790863037,6.913579940795898,6.938271999359131,158963.0
1982-07-20T00:00:00.000000000,6.938271999359131,6.938271999359131,6.740740776062012,6.814815044403076,278438.0
1982-07-21T00:00:00.000000000,6.864198207855225,6.987654209136963,6.864198207855225,6.962963104248047,166050.0
1982-07-22T00:00:00.000000000,6.987654209136963,7.086420059204102,6.987654209136963,7.037036895751953,250594.0
1982-07-23T00:00:00.000000000,7.037036895751953,7.061728000640869,6.888888835906982,6.888888835906982,90619.0
1982-07-26T00:00:00.000000000,6.864198207855225,6.864198207855225,6.617283821105957,6.617283821105957,305269.0
1982-07-27T00:00:00.000000000,6.617283821105957,6.740740776062012,6.617283821105957,6.6666669845581055,130613.0
1982-07-28T00:00:00.000000000,6.6666669845581055,6.6666669845581055,6.592593193054199,6.617283821105957,268313.0
1982-07-29T00:00:00.000000000,6.617283821105957,6.641974925994873,6.518518924713135,6.617283821105957,128081.0
1982-07-30T00:00:00.000000000,6.617283821105957,6.617283821105957,6.444444179534912,6.444444179534912,44044.0
1982-08-02T00:00:00.000000000,6.493826866149902,6.592593193054199,6.493826866149902,6.567901134490967,227306.0
1982-08-03T00:00:00.000000000,6.567901134490967,6.617283821105957,6.493826866149902,6.493826866149902,120488.0
1982-08-04T00:00:00.000000000,6.493826866149902,6.493826866149902,6.222221851348877,6.296296119689941,499163.0
1982-08-05T00:00:00.000000000,6.246913909912109,6.246913909912109,6.0,6.024691104888916,470306.0
1982-08-06T00:00:00.000000000,6.024691104888916,6.172840118408203,6.024691104888916,6.049383163452148,416138.0
1982-08-09T00:00:00.000000000,6.049383163452148,6.074073791503906,5.876543045043945,6.024691104888916,878344.0
1982-08-10T00:00:00.000000000,6.024691104888916,6.098764896392822,5.925926208496094,5.950616836547852,530044.0
1982-08-11T00:00:00.000000000,5.950616836547852,6.074073791503906,5.950616836547852,6.049383163452148,109350.0
1982-08-12T00:00:00.000000000,6.049383163452148,6.049383163452148,5.975308895111084,6.0,34425.0
1982-08-13T00:00:00.000000000,6.0,6.123456954956055,5.975308895111084,6.123456954956055,59738.0
1982-08-16T00:00:00.000000000,6.123456954956055,6.296296119689941,6.123456954956055,6.123456954956055,350831.0
1982-08-17T00:00:00.000000000,6.172840118408203,6.345678806304932,6.172840118408203,6.345678806304932,358425.0
1982-08-18T00:00:00.000000000,6.345678806304932,6.567901134490967,6.320988178253174,6.320988178253174,809494.0
1982-08-19T00:00:00.000000000,6.320988178253174,6.419753074645996,6.296296119689941,6.296296119689941,174656.0
1982-08-20T00:00:00.000000000,6.345678806304932,6.913579940795898,6.345678806304932,6.913579940795898,608513.0
1982-08-23T00:00:00.000000000,6.913579940795898,7.111111164093018,6.740740776062012,7.086420059204102,261731.0
1982-08-24T00:00:00.000000000,7.086420059204102,7.185184955596924,6.888888835906982,6.938271999359131,473344.0
1982-08-25T00:00:00.000000000,6.938271999359131,7.012345790863037,6.864198207855225,7.012345790863037,1267650.0
1982-08-26T00:00:00.000000000,7.012345790863037,7.3086419105529785,7.012345790863037,7.135801792144775,691031.0
1982-08-27T00:00:00.000000000,7.135801792144775,7.185184955596924,7.037036895751953,7.135801792144775,238950.0
1982-08-30T00:00:00.000000000,7.135801792144775,7.2839508056640625,7.086420059204102,7.234568119049072,274388.0
1982-08-31T00:00:00.000000000,7.234568119049072,7.3333330154418945,7.209877014160156,7.3333330154418945,290081.0
1982-09-01T00:00:00.000000000,7.382716178894043,7.555555820465088,7.382716178894043,7.432098865509033,657113.0
1982-09-02T00:00:00.000000000,7.382716178894043,7.382716178894043,7.259259223937988,7.3333330154418945,606994.0
1982-09-03T00:00:00.000000000,7.3333330154418945,7.407406806945801,7.259259223937988,7.2839508056640625,2821838.0
1982-09-07T00:00:00.000000000,7.2839508056640625,7.3086419105529785,7.209877014160156,7.234568119049072,161494.0
1982-09-08T00:00:00.000000000,7.234568119049072,7.3333330154418945,7.209877014160156,7.259259223937988,133144.0
1982-09-09T00:00:00.000000000,7.3086419105529785,7.432098865509033,7.3086419105529785,7.3086419105529785,173644.0
1982-09-10T00:00:00.000000000,7.2839508056640625,7.2839508056640625,7.160493850708008,7.234568119049072,217688.0
1982-09-13T00:00:00.000000000,7.234568119049072,7.234568119049072,7.160493850708008,7.209877014160156,125550.0
1982-09-14T00:00:00.000000000,7.259259223937988,7.555555820465088,7.259259223937988,7.555555820465088,357919.0
1982-09-15T00:00:00.000000000,7.555555820465088,7.629630088806152,7.456789970397949,7.60493803024292,387788.0
1982-09-16T00:00:00.000000000,7.60493803024292,7.728394985198975,7.60493803024292,7.629630088806152,512831.0
1982-09-17T00:00:00.000000000,7.60493803024292,7.60493803024292,7.358025074005127,7.432098865509033,248063.0
1982-09-20T00:00:00.000000000,7.432098865509033,7.432098865509033,7.2839508056640625,7.382716178894043,373106.0
1982-09-21T00:00:00.000000000,7.382716178894043,7.506173133850098,7.3333330154418945,7.506173133850098,674325.0
1982-09-22T00:00:00.000000000,7.506173133850098,7.580246925354004,7.456789970397949,7.456789970397949,477900.0
1982-09-23T00:00:00.000000000,7.456789970397949,7.555555820465088,7.432098865509033,7.506173133850098,164531.0
1982-09-24T00:00:00.000000000,7.506173133850098,7.60493803024292,7.481481075286865,7.60493803024292,97200.0
1982-09-27T00:00:00.000000000,7.60493803024292,7.60493803024292,7.506173133850098,7.5308637619018555,139725.0
1982-09-28T00:00:00.000000000,7.481481075286865,7.481481075286865,7.432098865509033,7.432098865509033,76950.0
1982-09-29T00:00:00.000000000,7.407406806945801,7.407406806945801,7.259259223937988,7.259259223937988,574088.0
1982-09-30T00:00:00.000000000,7.209877014160156,7.209877014160156,7.111111164093018,7.111111164093018,411075.0
1982-10-01T00:00:00.000000000,7.111111164093018,7.111111164093018,7.012345790863037,7.111111164093018,398419.0
1982-10-04T00:00:00.000000000,7.111111164093018,7.111111164093018,6.962963104248047,7.086420059204102,472331.0
1982-10-05T00:00:00.000000000,7.086420059204102,7.086420059204102,6.814815044403076,6.864198207855225,439931.0
1982-10-06T00:00:00.000000000,6.864198207855225,7.012345790863037,6.864198207855225,7.012345790863037,179213.0
1982-10-07T00:00:00.000000000,7.234568119049072,7.407406806945801,7.234568119049072,7.234568119049072,1243350.0
1982-10-08T00:00:00.000000000,7.3086419105529785,7.506173133850098,7.3086419105529785,7.506173133850098,852019.0
1982-10-11T00:00:00.000000000,7.555555820465088,7.901235103607178,7.555555820465088,7.851851940155029,610538.0
1982-10-12T00:00:00.000000000,7.851851940155029,7.851851940155029,7.654321193695068,7.753086090087891,403988.0
1982-10-13T00:00:00.000000000,7.753086090087891,7.802468776702881,7.654321193695068,7.679011821746826,464231.0
1982-10-14T00:00:00.000000000,7.629630088806152,7.629630088806152,7.3333330154418945,7.3333330154418945,177188.0
1982-10-15T00:00:00.000000000,7.3086419105529785,7.3086419105529785,7.160493850708008,7.185184955596924,418669.0
1982-10-18T00:00:00.000000000,7.185184955596924,7.382716178894043,7.160493850708008,7.382716178894043,461194.0
1982-10-19T00:00:00.000000000,7.407406806945801,7.753086090087891,7.407406806945801,7.679011821746826,370575.0
1982-10-20T00:00:00.000000000,7.679011821746826,7.827159881591797,7.629630088806152,7.827159881591797,245025.0
1982-10-21T00:00:00.000000000,7.851851940155029,8.09876537322998,7.851851940155029,7.901235103607178,338175.0
1982-10-22T00:00:00.000000000,7.901235103607178,8.123456954956055,7.901235103607178,8.09876537322998,369056.0
1982-10-25T00:00:00.000000000,8.049383163452148,8.049383163452148,7.802468776702881,7.851851940155029,155419.0
1982-10-26T00:00:00.000000000,7.802468776702881,7.802468776702881,7.506173133850098,7.555555820465088,421706.0
1982-10-27T00:00:00.000000000,7.555555820465088,7.654321193695068,7.481481075286865,7.555555820465088,267300.0
1982-10-28T00:00:00.000000000,7.555555820465088,7.654321193695068,7.555555820465088,7.60493803024292,254644.0
1982-10-29T00:00:00.000000000,7.60493803024292,7.777778148651123,7.60493803024292,7.60493803024292,514350.0
1982-11-01T00:00:00.000000000,7.60493803024292,7.703703880310059,7.555555820465088,7.679011821746826,138206.0
1982-11-02T00:00:00.000000000,7.728394985198975,8.074073791503906,7.728394985198975,7.901235103607178,332100.0
1982-11-03T00:00:00.000000000,7.901235103607178,8.197530746459961,7.876543045043945,8.074073791503906,387788.0
1982-11-04T00:00:00.000000000,8.123456954956055,8.34567928314209,8.123456954956055,8.296296119689941,716344.0
1982-11-05T00:00:00.000000000,8.320987701416016,8.5925931930542,8.320987701416016,8.567900657653809,594338.0
1982-11-08T00:00:00.000000000,8.567900657653809,8.567900657653809,8.419753074645996,8.419753074645996,374625.0
1982-11-09T00:00:00.000000000,8.419753074645996,8.666666984558105,8.419753074645996,8.567900657653809,384244.0
1982-11-10T00:00:00.000000000,8.5925931930542,8.814814567565918,8.5925931930542,8.5925931930542,245025.0
1982-11-11T00:00:00.000000000,8.5925931930542,8.5925931930542,8.444443702697754,8.469136238098145,76444.0
1982-11-12T00:00:00.000000000,8.493826866149902,8.617283821105957,8.493826866149902,8.518519401550293,138206.0
1982-11-15T00:00:00.000000000,8.518519401550293,8.567900657653809,8.320987701416016,8.493826866149902,173644.0
1982-11-16T00:00:00.000000000,8.444443702697754,8.444443702697754,8.197530746459961,8.24691390991211,216675.0
1982-11-17T00:00:00.000000000,8.24691390991211,8.296296119689941,8.049383163452148,8.148147583007812,277425.0
1982-11-18T00:00:00.000000000,8.148147583007812,8.419753074645996,8.148147583007812,8.370369911193848,195919.0
1982-11-19T00:00:00.000000000,8.395062446594238,8.617283821105957,8.395062446594238,8.493826866149902,56194.0
1982-11-22T00:00:00.000000000,8.493826866149902,8.641975402832031,8.444443702697754,8.567900657653809,129094.0
1982-11-23T00:00:00.000000000,8.567900657653809,8.567900657653809,8.395062446594238,8.518519401550293,262744.0
1982-11-24T00:00:00.000000000,8.518519401550293,8.5925931930542,8.469136238098145,8.493826866149902,344756.0
1982-11-26T00:00:00.000000000,8.54321002960205,8.790122985839844,8.54321002960205,8.790122985839844,115931.0
1982-11-29T00:00:00.000000000,8.790122985839844,8.790122985839844,8.716049194335938,8.740740776062012,896063.0
1982-11-30T00:00:00.000000000,8.691357612609863,8.691357612609863,8.666666984558105,8.691357612609863,71888.0
1982-12-01T00:00:00.000000000,8.617283821105957,8.617283821105957,8.493826866149902,8.493826866149902,778613.0
1982-12-02T00:00:00.000000000,8.493826866149902,8.617283821105957,8.493826866149902,8.5925931930542,187313.0
1982-12-03T00:00:00.000000000,8.5925931930542,8.641975402832031,8.518519401550293,8.641975402832031,89606.0
1982-12-06T00:00:00.000000000,8.641975402832031,8.814814567565918,8.54321002960205,8.814814567565918,167063.0
1982-12-07T00:00:00.000000000,8.839506149291992,9.160493850708008,8.839506149291992,9.061727523803711,243506.0
1982-12-08T00:00:00.000000000,9.061727523803711,9.283950805664062,9.061727523803711,9.283950805664062,410569.0
1982-12-09T00:00:00.000000000,9.283950805664062,9.358024597167969,9.185185432434082,9.283950805664062,86063.0
1982-12-10T00:00:00.000000000,9.283950805664062,9.283950805664062,9.086420059204102,9.086420059204102,124538.0
1982-12-13T00:00:00.000000000,9.037036895751953,9.037036895751953,8.913579940795898,8.938272476196289,32400.0
1982-12-14T00:00:00.000000000,8.987653732299805,9.086420059204102,8.987653732299805,9.012346267700195,264769.0
1982-12-15T00:00:00.000000000,8.962963104248047,8.962963104248047,8.641975402832031,8.641975402832031,74419.0
1982-12-16T00:00:00.000000000,8.493826866149902,8.493826866149902,8.370369911193848,8.444443702697754,197438.0
1982-12-17T00:00:00.000000000,8.444443702697754,8.493826866149902,8.395062446594238,8.469136238098145,77963.0
1982-12-20T00:00:00.000000000,8.469136238098145,8.493826866149902,8.419753074645996,8.419753074645996,268313.0
1982-12-21T00:00:00.000000000,8.444443702697754,8.641975402832031,8.444443702697754,8.5925931930542,280463.0
1982-12-22T00:00:00.000000000,8.5925931930542,8.987653732299805,8.5925931930542,8.962963104248047,348806.0
1982-12-23T00:00:00.000000000,8.962963104248047,9.11111068725586,8.88888931274414,8.88888931274414,196931.0
1982-12-27T00:00:00.000000000,8.88888931274414,9.037036895751953,8.88888931274414,8.987653732299805,231863.0
1982-12-28T00:00:00.000000000,8.987653732299805,9.061727523803711,8.962963104248047,8.987653732299805,247556.0
1982-12-29T00:00:00.000000000,8.962963104248047,8.962963104248047,8.864197731018066,8.88888931274414,193388.0
1982-12-30T00:00:00.000000000,8.88888931274414,8.938272476196289,8.88888931274414,8.88888931274414,175163.0
1982-12-31T00:00:00.000000000,8.88888931274414,8.938272476196289,8.864197731018066,8.938272476196289,98213.0
1983-01-03T00:00:00.000000000,8.938272476196289,8.938272476196289,8.740740776062012,8.765432357788086,152381.0
1983-01-04T00:00:00.000000000,8.765432357788086,8.790122985839844,8.641975402832031,8.740740776062012,690019.0
1983-01-05T00:00:00.000000000,8.716049194335938,8.716049194335938,8.493826866149902,8.54321002960205,780131.0
1983-01-06T00:00:00.000000000,8.54321002960205,8.765432357788086,8.419753074645996,8.765432357788086,232369.0
1983-01-07T00:00:00.000000000,8.765432357788086,8.814814567565918,8.716049194335938,8.790122985839844,291094.0
1983-01-10T00:00:00.000000000,8.790122985839844,8.913579940795898,8.790122985839844,8.864197731018066,254644.0
1983-01-11T00:00:00.000000000,8.864197731018066,8.962963104248047,8.716049194335938,8.716049194335938,348300.0
1983-01-12T00:00:00.000000000,8.716049194335938,8.716049194335938,8.641975402832031,8.666666984558105,101250.0
1983-01-13T00:00:00.000000000,8.666666984558105,8.691357612609863,8.641975402832031,8.666666984558105,112894.0
1983-01-14T00:00:00.000000000,8.666666984558105,8.765432357788086,8.54321002960205,8.54321002960205,517894.0
1983-01-17T00:00:00.000000000,8.54321002960205,8.641975402832031,8.518519401550293,8.5925931930542,128588.0
1983-01-18T00:00:00.000000000,8.567900657653809,8.567900657653809,8.370369911193848,8.469136238098145,263250.0
1983-01-19T00:00:00.000000000,8.444443702697754,8.444443702697754,8.197530746459961,8.197530746459961,512325.0
1983-01-20T00:00:00.000000000,8.197530746459961,8.296296119689941,8.197530746459961,8.24691390991211,135675.0
1983-01-21T00:00:00.000000000,8.24691390991211,8.271604537963867,8.049383163452148,8.074073791503906,252619.0
1983-01-24T00:00:00.000000000,8.024690628051758,8.024690628051758,7.703703880310059,7.802468776702881,480938.0
1983-01-25T00:00:00.000000000,7.802468776702881,8.320987701416016,7.802468776702881,8.24691390991211,179719.0
1983-01-26T00:00:00.000000000,8.24691390991211,8.24691390991211,8.09876537322998,8.123456954956055,232369.0
1983-01-27T00:00:00.000000000,8.123456954956055,8.172840118408203,8.049383163452148,8.09876537322998,240975.0
1983-01-28T00:00:00.000000000,8.123456954956055,8.271604537963867,8.123456954956055,8.222222328186035,210600.0
1983-01-31T00:00:00.000000000,8.222222328186035,8.271604537963867,8.172840118408203,8.271604537963867,178200.0
1983-02-01T00:00:00.000000000,8.271604537963867,8.370369911193848,8.172840118408203,8.172840118408203,201488.0
1983-02-02T00:00:00.000000000,8.148147583007812,8.148147583007812,8.0,8.074073791503906,480938.0
1983-02-03T00:00:00.000000000,8.148147583007812,8.271604537963867,8.148147583007812,8.222222328186035,124031.0
1983-02-04T00:00:00.000000000,8.222222328186035,8.24691390991211,8.148147583007812,8.24691390991211,372094.0
1983-02-07T00:00:00.000000000,8.34567928314209,8.469136238098145,8.34567928314209,8.370369911193848,137700.0
1983-02-08T00:00:00.000000000,8.370369911193848,8.5925931930542,8.370369911193848,8.493826866149902,217181.0
1983-02-09T00:00:00.000000000,8.54321002960205,8.814814567565918,8.54321002960205,8.641975402832031,170100.0
1983-02-10T00:00:00.000000000,8.641975402832031,8.814814567565918,8.617283821105957,8.641975402832031,227813.0
1983-02-11T00:00:00.000000000,8.691357612609863,8.790122985839844,8.691357612609863,8.740740776062012,228319.0
1983-02-14T00:00:00.000000000,8.54321002960205,8.54321002960205,8.395062446594238,8.493826866149902,347288.0
1983-02-15T00:00:00.000000000,8.493826866149902,8.5925931930542,8.370369911193848,8.419753074645996,206044.0
1983-02-16T00:00:00.000000000,8.419753074645996,8.419753074645996,8.222222328186035,8.24691390991211,304256.0
1983-02-17T00:00:00.000000000,8.24691390991211,8.296296119689941,8.172840118408203,8.24691390991211,173644.0
1983-02-18T00:00:00.000000000,8.24691390991211,8.271604537963867,8.197530746459961,8.271604537963867,264769.0
1983-02-22T00:00:00.000000000,8.271604537963867,8.320987701416016,8.148147583007812,8.197530746459961,152888.0
1983-02-23T00:00:00.000000000,8.197530746459961,8.24691390991211,8.172840118408203,8.222222328186035,159975.0
1983-02-24T00:00:00.000000000,8.24691390991211,8.34567928314209,8.24691390991211,8.296296119689941,270338.0
1983-02-25T00:00:00.000000000,8.34567928314209,8.493826866149902,8.34567928314209,8.419753074645996,698119.0
1983-02-28T00:00:00.000000000,8.395062446594238,8.395062446594238,8.148147583007812,8.172840118408203,735581.0
1983-03-01T00:00:00.000000000,8.172840118408203,8.641975402832031,8.123456954956055,8.641975402832031,623700.0
1983-03-02T00:00:00.000000000,8.641975402832031,8.740740776062012,8.518519401550293,8.54321002960205,527006.0
1983-03-03T00:00:00.000000000,8.54321002960205,8.691357612609863,8.518519401550293,8.641975402832031,916819.0
1983-03-04T00:00:00.000000000,8.641975402832031,8.666666984558105,8.5925931930542,8.5925931930542,147825.0
1983-03-07T00:00:00.000000000,8.518519401550293,8.518519401550293,8.444443702697754,8.493826866149902,90619.0
1983-03-08T00:00:00.000000000,8.493826866149902,8.54321002960205,8.296296119689941,8.296296119689941,561431.0
1983-03-09T00:00:00.000000000,8.296296119689941,8.469136238098145,8.296296119689941,8.469136238098145,338681.0
1983-03-10T00:00:00.000000000,8.493826866149902,8.666666984558105,8.493826866149902,8.5925931930542,320456.0
1983-03-11T00:00:00.000000000,8.617283821105957,8.716049194335938,8.617283821105957,8.641975402832031,93656.0
1983-03-14T00:00:00.000000000,8.641975402832031,8.666666984558105,8.5925931930542,8.641975402832031,203513.0
1983-03-15T00:00:00.000000000,8.641975402832031,8.740740776062012,8.617283821105957,8.740740776062012,188831.0
1983-03-16T00:00:00.000000000,8.740740776062012,8.765432357788086,8.691357612609863,8.691357612609863,164025.0
1983-03-17T00:00:00.000000000,8.691357612609863,8.716049194335938,8.641975402832031,8.691357612609863,132131.0
1983-03-18T00:00:00.000000000,8.691357612609863,8.691357612609863,8.567900657653809,8.617283821105957,514856.0
1983-03-21T00:00:00.000000000,8.617283821105957,8.641975402832031,8.54321002960205,8.617283821105957,49106.0
1983-03-22T00:00:00.000000000,8.617283821105957,8.716049194335938,8.617283821105957,8.641975402832031,114919.0
1983-03-23T00:00:00.000000000,8.691357612609863,8.88888931274414,8.691357612609863,8.864197731018066,145294.0
1983-03-24T00:00:00.000000000,8.864197731018066,8.938272476196289,8.839506149291992,8.88888931274414,305775.0
1983-03-25T00:00:00.000000000,8.88888931274414,8.913579940795898,8.814814567565918,8.839506149291992,538650.0
1983-03-28T00:00:00.000000000,8.839506149291992,8.864197731018066,8.765432357788086,8.765432357788086,999338.0
1983-03-29T00:00:00.000000000,8.765432357788086,8.765432357788086,8.54321002960205,8.54321002960205,151369.0
1983-03-30T00:00:00.000000000,8.5925931930542,8.691357612609863,8.5925931930542,8.5925931930542,593831.0
1983-03-31T00:00:00.000000000,8.5925931930542,8.691357612609863,8.518519401550293,8.567900657653809,143269.0
1983-04-04T00:00:00.000000000,8.518519401550293,8.518519401550293,8.148147583007812,8.34567928314209,517388.0
1983-04-05T00:00:00.000000000,8.34567928314209,8.370369911193848,8.172840118408203,8.34567928314209,490050.0
1983-04-06T00:00:00.000000000,8.34567928314209,8.34567928314209,8.09876537322998,8.09876537322998,667744.0
1983-04-07T00:00:00.000000000,8.09876537322998,8.09876537322998,7.851851940155029,7.925926208496094,573075.0
1983-04-08T00:00:00.000000000,7.925926208496094,7.925926208496094,7.802468776702881,7.901235103607178,461194.0
1983-04-11T00:00:00.000000000,7.901235103607178,7.925926208496094,7.827159881591797,7.851851940155029,805444.0
1983-04-12T00:00:00.000000000,7.827159881591797,7.851851940155029,7.60493803024292,7.753086090087891,521438.0
1983-04-13T00:00:00.000000000,7.802468776702881,7.950616836547852,7.802468776702881,7.950616836547852,575606.0
1983-04-14T00:00:00.000000000,7.925926208496094,8.148147583007812,7.925926208496094,8.074073791503906,441956.0
1983-04-15T00:00:00.000000000,8.074073791503906,8.320987701416016,8.074073791503906,8.271604537963867,214650.0
1983-04-18T00:00:00.000000000,8.271604537963867,8.320987701416016,8.148147583007812,8.296296119689941,173138.0
1983-04-19T00:00:00.000000000,8.296296119689941,8.34567928314209,8.222222328186035,8.24691390991211,379181.0
1983-04-20T00:00:00.000000000,8.24691390991211,8.271604537963867,8.123456954956055,8.271604537963867,90619.0
1983-04-21T00:00:00.000000000,8.296296119689941,8.395062446594238,8.148147583007812,8.222222328186035,311344.0
1983-04-22T00:00:00.000000000,8.24691390991211,8.24691390991211,8.049383163452148,8.123456954956055,150863.0
1983-04-25T00:00:00.000000000,8.0,8.123456954956055,7.851851940155029,7.925926208496094,298688.0
1983-04-26T00:00:00.000000000,7.975308895111084,8.049383163452148,7.901235103607178,8.024690628051758,416138.0
1983-04-27T00:00:00.000000000,8.123456954956055,8.197530746459961,8.049383163452148,8.074073791503906,484481.0
1983-04-28T00:00:00.000000000,8.148147583007812,8.222222328186035,8.074073791503906,8.197530746459961,305775.0
1983-04-29T00:00:00.000000000,8.197530746459961,8.24691390991211,8.123456954956055,8.197530746459961,449550.0
1983-05-02T00:00:00.000000000,8.049383163452148,8.222222328186035,7.851851940155029,7.851851940155029,837844.0
1983-05-03T00:00:00.000000000,7.851851940155029,8.024690628051758,7.827159881591797,8.024690628051758,946688.0
1983-05-04T00:00:00.000000000,8.148147583007812,8.222222328186035,8.074073791503906,8.123456954956055,1025663.0
1983-05-05T00:00:00.000000000,8.024690628051758,8.09876537322998,7.950616836547852,8.0,580669.0
1983-05-06T00:00:00.000000000,7.925926208496094,8.049383163452148,7.925926208496094,8.049383163452148,1010981.0
1983-05-09T00:00:00.000000000,8.0,8.09876537322998,7.975308895111084,8.09876537322998,218194.0
1983-05-10T00:00:00.000000000,8.123456954956055,8.123456954956055,7.975308895111084,8.0,392344.0
1983-05-11T00:00:00.000000000,8.0,8.09876537322998,7.925926208496094,7.950616836547852,659644.0
1983-05-12T00:00:00.000000000,7.901235103607178,7.975308895111084,7.876543045043945,7.975308895111084,710775.0
1983-05-13T00:00:00.000000000,7.950616836547852,8.296296119689941,7.950616836547852,8.24691390991211,416644.0
1983-05-16T00:00:00.000000000,8.296296119689941,8.444443702697754,8.222222328186035,8.395062446594238,517894.0
1983-05-17T00:00:00.000000000,8.34567928314209,8.395062446594238,8.296296119689941,8.395062446594238,330581.0
1983-05-18T00:00:00.000000000,8.444443702697754,8.617283821105957,8.395062446594238,8.419753074645996,95681.0
1983-05-19T00:00:00.000000000,8.419753074645996,8.444443702697754,8.296296119689941,8.320987701416016,340706.0
1983-05-20T00:00:00.000000000,8.444443702697754,8.444443702697754,8.222222328186035,8.395062446594238,552319.0
1983-05-23T00:00:00.000000000,8.34567928314209,8.419753074645996,8.271604537963867,8.370369911193848,216169.0
1983-05-24T00:00:00.000000000,8.395062446594238,8.419753074645996,8.296296119689941,8.296296119689941,404494.0
1983-05-25T00:00:00.000000000,8.296296119689941,8.34567928314209,8.271604537963867,8.34567928314209,258694.0
1983-05-26T00:00:00.000000000,8.320987701416016,8.34567928314209,8.197530746459961,8.24691390991211,503719.0
1983-05-27T00:00:00.000000000,8.296296119689941,8.395062446594238,8.271604537963867,8.34567928314209,214650.0
1983-05-31T00:00:00.000000000,8.296296119689941,8.419753074645996,8.222222328186035,8.296296119689941,211106.0
1983-06-01T00:00:00.000000000,8.296296119689941,8.296296119689941,8.123456954956055,8.222222328186035,346781.0
1983-06-02T00:00:00.000000000,8.271604537963867,8.518519401550293,8.271604537963867,8.518519401550293,137700.0
1983-06-03T00:00:00.000000000,8.617283821105957,8.666666984558105,8.54321002960205,8.567900657653809,272869.0
1983-06-06T00:00:00.000000000,8.54321002960205,8.716049194335938,8.54321002960205,8.691357612609863,618638.0
1983-06-07T00:00:00.000000000,8.641975402832031,8.691357612609863,8.5925931930542,8.5925931930542,221231.0
1983-06-08T00:00:00.000000000,8.617283821105957,8.666666984558105,8.518519401550293,8.518519401550293,233381.0
1983-06-09T00:00:00.000000000,8.493826866149902,8.666666984558105,8.493826866149902,8.641975402832031,368550.0
1983-06-10T00:00:00.000000000,8.666666984558105,8.666666984558105,8.5925931930542,8.5925931930542,726469.0
1983-06-13T00:00:00.000000000,8.641975402832031,8.641975402832031,8.54321002960205,8.5925931930542,763425.0
1983-06-14T00:00:00.000000000,8.5925931930542,8.5925931930542,8.518519401550293,8.567900657653809,612563.0
1983-06-15T00:00:00.000000000,8.5925931930542,8.814814567565918,8.5925931930542,8.790122985839844,382219.0
1983-06-16T00:00:00.000000000,8.88888931274414,9.086420059204102,8.864197731018066,9.012346267700195,939094.0
1983-06-17T00:00:00.000000000,9.012346267700195,9.086420059204102,9.012346267700195,9.012346267700195,151369.0
1983-06-20T00:00:00.000000000,9.061727523803711,9.160493850708008,9.037036895751953,9.11111068725586,474863.0
1983-06-21T00:00:00.000000000,9.11111068725586,9.11111068725586,9.012346267700195,9.061727523803711,187819.0
1983-06-22T00:00:00.000000000,9.086420059204102,9.11111068725586,9.037036895751953,9.061727523803711,321975.0
1983-06-23T00:00:00.000000000,9.086420059204102,9.209877014160156,9.086420059204102,9.185185432434082,565988.0
1983-06-24T00:00:00.000000000,9.185185432434082,9.358024597167969,9.160493850708008,9.283950805664062,200981.0
1983-06-27T00:00:00.000000000,9.283950805664062,9.506173133850098,9.283950805664062,9.432099342346191,616106.0
1983-06-28T00:00:00.000000000,9.382716178894043,9.382716178894043,9.259259223937988,9.308642387390137,1031231.0
1983-06-29T00:00:00.000000000,9.308642387390137,9.333333015441895,9.234567642211914,9.283950805664062,289575.0
1983-06-30T00:00:00.000000000,9.234567642211914,9.382716178894043,9.209877014160156,9.382716178894043,391838.0
1983-07-01T00:00:00.000000000,9.382716178894043,9.506173133850098,9.382716178894043,9.506173133850098,156938.0
1983-07-05T00:00:00.000000000,9.481480598449707,9.481480598449707,9.382716178894043,9.4074068069458,555356.0
1983-07-06T00:00:00.000000000,9.432099342346191,9.481480598449707,9.4074068069458,9.4074068069458,227306.0
1983-07-07T00:00:00.000000000,9.4074068069458,9.481480598449707,9.4074068069458,9.45678997039795,51131.0
1983-07-08T00:00:00.000000000,9.45678997039795,9.506173133850098,9.432099342346191,9.45678997039795,73406.0
1983-07-11T00:00:00.000000000,9.45678997039795,9.506173133850098,9.45678997039795,9.506173133850098,41513.0
1983-07-12T00:00:00.000000000,9.481480598449707,9.530863761901855,9.481480598449707,9.506173133850098,57713.0
1983-07-13T00:00:00.000000000,9.506173133850098,9.555556297302246,9.506173133850098,9.530863761901855,56700.0
1983-07-14T00:00:00.000000000,9.530863761901855,9.530863761901855,9.45678997039795,9.481480598449707,256669.0
1983-07-15T00:00:00.000000000,9.506173133850098,9.506173133850098,9.259259223937988,9.259259223937988,765956.0
1983-07-18T00:00:00.000000000,9.234567642211914,9.308642387390137,9.209877014160156,9.234567642211914,59231.0
1983-07-19T00:00:00.000000000,9.234567642211914,9.308642387390137,9.234567642211914,9.283950805664062,306281.0
1983-07-20T00:00:00.000000000,9.333333015441895,9.382716178894043,9.308642387390137,9.358024597167969,421200.0
1983-07-21T00:00:00.000000000,9.308642387390137,9.333333015441895,9.209877014160156,9.209877014160156,198956.0
1983-07-22T00:00:00.000000000,9.185185432434082,9.234567642211914,9.135802268981934,9.209877014160156,219206.0
1983-07-25T00:00:00.000000000,9.234567642211914,9.234567642211914,9.185185432434082,9.234567642211914,62269.0
1983-07-26T00:00:00.000000000,9.209877014160156,9.358024597167969,9.209877014160156,9.358024597167969,211106.0
1983-07-27T00:00:00.000000000,9.308642387390137,9.358024597167969,9.185185432434082,9.209877014160156,512325.0
1983-07-28T00:00:00.000000000,9.185185432434082,9.185185432434082,8.913579940795898,8.938272476196289,847969.0
1983-07-29T00:00:00.000000000,8.88888931274414,8.88888931274414,8.641975402832031,8.641975402832031,157950.0
1983-08-01T00:00:00.000000000,8.5925931930542,8.666666984558105,8.54321002960205,8.54321002960205,191363.0
1983-08-02T00:00:00.000000000,8.567900657653809,8.567900657653809,8.370369911193848,8.370369911193848,291600.0
1983-08-03T00:00:00.000000000,8.320987701416016,8.469136238098145,8.320987701416016,8.444443702697754,189338.0
1983-08-04T00:00:00.000000000,8.493826866149902,8.54321002960205,8.148147583007812,8.419753074645996,272363.0
1983-08-05T00:00:00.000000000,8.395062446594238,8.395062446594238,8.197530746459961,8.320987701416016,294638.0
1983-08-08T00:00:00.000000000,8.271604537963867,8.34567928314209,8.24691390991211,8.296296119689941,313369.0
1983-08-09T00:00:00.000000000,8.296296119689941,8.370369911193848,8.24691390991211,8.34567928314209,426263.0
1983-08-10T00:00:00.000000000,8.395062446594238,8.444443702697754,8.34567928314209,8.444443702697754,28856.0
1983-08-11T00:00:00.000000000,8.444443702697754,8.641975402832031,8.444443702697754,8.617283821105957,126056.0
1983-08-12T00:00:00.000000000,8.5925931930542,8.765432357788086,8.5925931930542,8.691357612609863,363994.0
1983-08-15T00:00:00.000000000,8.716049194335938,8.716049194335938,8.5925931930542,8.5925931930542,105806.0
1983-08-16T00:00:00.000000000,8.5925931930542,8.5925931930542,8.469136238098145,8.518519401550293,39994.0
1983-08-17T00:00:00.000000000,8.493826866149902,8.567900657653809,8.469136238098145,8.518519401550293,169088.0
1983-08-18T00:00:00.000000000,8.518519401550293,8.54321002960205,8.493826866149902,8.493826866149902,214144.0
1983-08-19T00:00:00.000000000,8.493826866149902,8.518519401550293,8.493826866149902,8.493826866149902,93656.0
1983-08-22T00:00:00.000000000,8.518519401550293,8.518519401550293,8.493826866149902,8.493826866149902,227813.0
1983-08-23T00:00:00.000000000,8.493826866149902,8.518519401550293,8.493826866149902,8.493826866149902,424744.0
1983-08-24T00:00:00.000000000,8.493826866149902,8.518519401550293,8.493826866149902,8.518519401550293,82519.0
1983-08-25T00:00:00.000000000,8.493826866149902,8.518519401550293,8.493826866149902,8.518519401550293,93150.0
1983-08-26T00:00:00.000000000,8.518519401550293,8.518519401550293,8.444443702697754,8.469136238098145,218194.0
1983-08-29T00:00:00.000000000,8.469136238098145,8.469136238098145,8.34567928314209,8.370369911193848,185794.0
1983-08-30T00:00:00.000000000,8.370369911193848,8.419753074645996,8.296296119689941,8.296296119689941,37463.0
1983-08-31T00:00:00.000000000,8.24691390991211,8.34567928314209,8.24691390991211,8.320987701416016,123019.0
1983-09-01T00:00:00.000000000,8.271604537963867,8.34567928314209,8.271604537963867,8.34567928314209,219206.0
1983-09-02T00:00:00.000000000,8.296296119689941,8.296296119689941,8.197530746459961,8.296296119689941,147319.0
1983-09-06T00:00:00.000000000,8.24691390991211,8.34567928314209,8.222222328186035,8.34567928314209,261731.0
1983-09-07T00:00:00.000000000,8.370369911193848,8.716049194335938,8.370369911193848,8.716049194335938,150863.0
1983-09-08T00:00:00.000000000,8.765432357788086,8.765432357788086,8.641975402832031,8.641975402832031,559406.0
1983-09-09T00:00:00.000000000,8.5925931930542,8.5925931930542,8.493826866149902,8.493826866149902,239963.0
1983-09-12T00:00:00.000000000,8.54321002960205,8.54321002960205,8.419753074645996,8.419753074645996,168581.0
1983-09-13T00:00:00.000000000,8.395062446594238,8.419753074645996,8.395062446594238,8.419753074645996,164025.0
1983-09-14T00:00:00.000000000,8.419753074645996,8.419753074645996,8.34567928314209,8.370369911193848,124538.0
1983-09-15T00:00:00.000000000,8.320987701416016,8.320987701416016,8.197530746459961,8.197530746459961,118463.0
1983-09-16T00:00:00.000000000,8.24691390991211,8.370369911193848,8.24691390991211,8.320987701416016,204019.0
1983-09-19T00:00:00.000000000,8.34567928314209,8.395062446594238,8.34567928314209,8.370369911193848,183769.0
1983-09-20T00:00:00.000000000,8.419753074645996,8.790122985839844,8.419753074645996,8.716049194335938,507263.0
1983-09-21T00:00:00.000000000,8.716049194335938,8.740740776062012,8.617283821105957,8.740740776062012,136688.0
1983-09-22T00:00:00.000000000,8.790122985839844,9.037036895751953,8.716049194335938,8.962963104248047,110869.0
1983-09-23T00:00:00.000000000,8.962963104248047,8.962963104248047,8.88888931274414,8.88888931274414,68344.0
1983-09-26T00:00:00.000000000,8.938272476196289,9.037036895751953,8.938272476196289,8.987653732299805,426263.0
1983-09-27T00:00:00.000000000,9.037036895751953,9.037036895751953,8.864197731018066,8.88888931274414,154406.0
1983-09-28T00:00:00.000000000,8.839506149291992,8.839506149291992,8.691357612609863,8.691357612609863,50625.0
1983-09-29T00:00:00.000000000,8.641975402832031,8.691357612609863,8.567900657653809,8.567900657653809,159975.0
1983-09-30T00:00:00.000000000,8.641975402832031,8.716049194335938,8.641975402832031,8.666666984558105,193894.0
1983-10-03T00:00:00.000000000,8.641975402832031,8.740740776062012,8.641975402832031,8.641975402832031,111881.0
1983-10-04T00:00:00.000000000,8.691357612609863,8.790122985839844,8.691357612609863,8.740740776062012,123019.0
1983-10-05T00:00:00.000000000,8.691357612609863,8.765432357788086,8.691357612609863,8.765432357788086,45056.0
1983-10-06T00:00:00.000000000,8.740740776062012,8.814814567565918,8.691357612609863,8.814814567565918,122006.0
1983-10-07T00:00:00.000000000,8.839506149291992,8.864197731018066,8.814814567565918,8.839506149291992,50625.0
1983-10-10T00:00:00.000000000,8.839506149291992,8.88888931274414,8.839506149291992,8.88888931274414,44550.0
1983-10-11T00:00:00.000000000,8.88888931274414,8.913579940795898,8.864197731018066,8.864197731018066,100744.0
1983-10-12T00:00:00.000000000,8.864197731018066,8.913579940795898,8.839506149291992,8.88888931274414,135169.0
1983-10-13T00:00:00.000000000,8.938272476196289,9.012346267700195,8.88888931274414,8.938272476196289,47588.0
1983-10-14T00:00:00.000000000,8.962963104248047,8.987653732299805,8.913579940795898,8.913579940795898,56700.0
1983-10-17T00:00:00.000000000,8.962963104248047,8.962963104248047,8.913579940795898,8.913579940795898,131625.0
1983-10-18T00:00:00.000000000,8.913579940795898,8.913579940795898,8.740740776062012,8.790122985839844,120994.0
1983-10-19T00:00:00.000000000,8.740740776062012,8.814814567565918,8.716049194335938,8.740740776062012,25313.0
1983-10-20T00:00:00.000000000,8.691357612609863,8.691357612609863,8.617283821105957,8.641975402832031,486506.0
1983-10-21T00:00:00.000000000,8.691357612609863,8.691357612609863,8.641975402832031,8.691357612609863,86569.0
1983-10-24T00:00:00.000000000,8.641975402832031,8.666666984558105,8.617283821105957,8.666666984558105,100744.0
1983-10-25T00:00:00.000000000,8.641975402832031,8.691357612609863,8.54321002960205,8.54321002960205,232369.0
1983-10-26T00:00:00.000000000,8.54321002960205,8.5925931930542,8.493826866149902,8.493826866149902,160481.0
1983-10-27T00:00:00.000000000,8.493826866149902,8.493826866149902,8.419753074645996,8.444443702697754,17719.0
1983-10-28T00:00:00.000000000,8.444443702697754,8.54321002960205,8.444443702697754,8.493826866149902,42019.0
1983-10-31T00:00:00.000000000,8.444443702697754,8.641975402832031,8.444443702697754,8.617283821105957,102263.0
1983-11-01T00:00:00.000000000,8.617283821105957,8.641975402832031,8.493826866149902,8.54321002960205,279450.0
1983-11-02T00:00:00.000000000,8.567900657653809,8.5925931930542,8.518519401550293,8.54321002960205,795825.0
1983-11-03T00:00:00.000000000,8.54321002960205,8.567900657653809,8.493826866149902,8.54321002960205,119475.0
1983-11-04T00:00:00.000000000,8.54321002960205,8.567900657653809,8.493826866149902,8.54321002960205,29869.0
1983-11-07T00:00:00.000000000,8.5925931930542,8.5925931930542,8.54321002960205,8.54321002960205,58725.0
1983-11-08T00:00:00.000000000,8.54321002960205,8.54321002960205,8.518519401550293,8.54321002960205,120488.0
1983-11-09T00:00:00.000000000,8.493826866149902,8.493826866149902,8.395062446594238,8.493826866149902,326531.0
1983-11-10T00:00:00.000000000,8.493826866149902,8.5925931930542,8.493826866149902,8.5925931930542,209588.0
1983-11-11T00:00:00.000000000,8.567900657653809,8.567900657653809,8.518519401550293,8.567900657653809,131119.0
1983-11-14T00:00:00.000000000,8.5925931930542,8.5925931930542,8.370369911193848,8.395062446594238,425250.0
1983-11-15T00:00:00.000000000,8.444443702697754,8.567900657653809,8.395062446594238,8.567900657653809,230850.0
1983-11-16T00:00:00.000000000,8.567900657653809,8.5925931930542,8.518519401550293,8.518519401550293,48600.0
1983-11-17T00:00:00.000000000,8.567900657653809,8.641975402832031,8.54321002960205,8.641975402832031,345769.0
1983-11-18T00:00:00.000000000,8.641975402832031,8.666666984558105,8.617283821105957,8.641975402832031,131119.0
1983-11-21T00:00:00.000000000,8.641975402832031,8.765432357788086,8.617283821105957,8.765432357788086,201994.0
1983-11-22T00:00:00.000000000,8.740740776062012,8.839506149291992,8.716049194335938,8.740740776062012,391838.0
1983-11-23T00:00:00.000000000,8.740740776062012,8.765432357788086,8.641975402832031,8.641975402832031,351844.0
1983-11-25T00:00:00.000000000,8.691357612609863,8.765432357788086,8.666666984558105,8.691357612609863,151875.0
1983-11-28T00:00:00.000000000,8.716049194335938,8.740740776062012,8.691357612609863,8.740740776062012,110363.0
1983-11-29T00:00:00.000000000,8.740740776062012,8.740740776062012,8.691357612609863,8.691357612609863,376144.0
1983-11-30T00:00:00.000000000,8.716049194335938,8.814814567565918,8.691357612609863,8.740740776062012,1083881.0
1983-12-01T00:00:00.000000000,8.716049194335938,8.814814567565918,8.716049194335938,8.814814567565918,401963.0
1983-12-02T00:00:00.000000000,8.814814567565918,8.88888931274414,8.814814567565918,8.88888931274414,97200.0
1983-12-05T00:00:00.000000000,8.790122985839844,8.839506149291992,8.765432357788086,8.814814567565918,62269.0
1983-12-06T00:00:00.000000000,8.790122985839844,8.814814567565918,8.765432357788086,8.765432357788086,42019.0
1983-12-07T00:00:00.000000000,8.839506149291992,8.913579940795898,8.839506149291992,8.88888931274414,123019.0
1983-12-08T00:00:00.000000000,8.88888931274414,8.88888931274414,8.765432357788086,8.790122985839844,293625.0
1983-12-09T00:00:00.000000000,8.740740776062012,8.814814567565918,8.716049194335938,8.765432357788086,249075.0
1983-12-12T00:00:00.000000000,8.716049194335938,8.740740776062012,8.493826866149902,8.493826866149902,196931.0
1983-12-13T00:00:00.000000000,8.444443702697754,8.666666984558105,8.444443702697754,8.617283821105957,204019.0
1983-12-14T00:00:00.000000000,8.691357612609863,8.790122985839844,8.691357612609863,8.790122985839844,206550.0
1983-12-15T00:00:00.000000000,8.765432357788086,9.061727523803711,8.765432357788086,8.814814567565918,593831.0
1983-12-16T00:00:00.000000000,8.839506149291992,8.987653732299805,8.814814567565918,8.987653732299805,64294.0
1983-12-19T00:00:00.000000000,8.987653732299805,9.012346267700195,8.88888931274414,9.012346267700195,370069.0
1983-12-20T00:00:00.000000000,8.987653732299805,8.987653732299805,8.938272476196289,8.962963104248047,164025.0
1983-12-21T00:00:00.000000000,8.962963104248047,8.987653732299805,8.913579940795898,8.938272476196289,168075.0
1983-12-22T00:00:00.000000000,8.987653732299805,9.185185432434082,8.987653732299805,8.987653732299805,91125.0
1983-12-23T00:00:00.000000000,8.962963104248047,9.086420059204102,8.913579940795898,9.037036895751953,553838.0
1983-12-27T00:00:00.000000000,9.086420059204102,9.185185432434082,9.086420059204102,9.11111068725586,332100.0
1983-12-28T00:00:00.000000000,9.11111068725586,9.11111068725586,9.012346267700195,9.061727523803711,172125.0
1983-12-29T00:00:00.000000000,9.086420059204102,9.086420059204102,8.987653732299805,8.987653732299805,155419.0
1983-12-30T00:00:00.000000000,8.938272476196289,8.938272476196289,8.864197731018066,8.88888931274414,114413.0
1984-01-03T00:00:00.000000000,8.88888931274414,8.88888931274414,8.839506149291992,8.839506149291992,32400.0
1984-01-04T00:00:00.000000000,8.839506149291992,8.938272476196289,8.839506149291992,8.938272476196289,147319.0
1984-01-05T00:00:00.000000000,9.012346267700195,9.135802268981934,9.012346267700195,9.135802268981934,624206.0
1984-01-06T00:00:00.000000000,9.135802268981934,9.135802268981934,9.012346267700195,9.012346267700195,404494.0
1984-01-09T00:00:00.000000000,9.061727523803711,9.061727523803711,8.913579940795898,8.938272476196289,97706.0
1984-01-10T00:00:00.000000000,8.913579940795898,9.037036895751953,8.913579940795898,9.012346267700195,69863.0
1984-01-11T00:00:00.000000000,8.987653732299805,9.11111068725586,8.987653732299805,9.11111068725586,120994.0
1984-01-12T00:00:00.000000000,9.160493850708008,9.382716178894043,9.160493850708008,9.283950805664062,622181.0
1984-01-13T00:00:00.000000000,9.283950805664062,9.308642387390137,9.086420059204102,9.160493850708008,96694.0
1984-01-16T00:00:00.000000000,9.160493850708008,9.160493850708008,9.11111068725586,9.135802268981934,107325.0
1984-01-17T00:00:00.000000000,9.086420059204102,9.234567642211914,9.086420059204102,9.185185432434082,197438.0
1984-01-18T00:00:00.000000000,9.135802268981934,9.185185432434082,9.037036895751953,9.11111068725586,292613.0
1984-01-19T00:00:00.000000000,9.11111068725586,9.209877014160156,9.086420059204102,9.160493850708008,109350.0
1984-01-20T00:00:00.000000000,9.160493850708008,9.160493850708008,9.037036895751953,9.037036895751953,35438.0
1984-01-23T00:00:00.000000000,9.086420059204102,9.11111068725586,9.037036895751953,9.086420059204102,34425.0
1984-01-24T00:00:00.000000000,9.11111068725586,9.11111068725586,9.037036895751953,9.037036895751953,87581.0
1984-01-25T00:00:00.000000000,9.11111068725586,9.135802268981934,9.037036895751953,9.037036895751953,511313.0
1984-01-26T00:00:00.000000000,9.012346267700195,9.037036895751953,8.864197731018066,8.88888931274414,191869.0
1984-01-27T00:00:00.000000000,8.88888931274414,8.88888931274414,8.641975402832031,8.691357612609863,248063.0
1984-01-30T00:00:00.000000000,8.666666984558105,8.666666984558105,8.641975402832031,8.666666984558105,38475.0
1984-01-31T00:00:00.000000000,8.617283821105957,8.691357612609863,8.617283821105957,8.617283821105957,47588.0
1984-02-01T00:00:00.000000000,8.641975402832031,8.641975402832031,8.469136238098145,8.469136238098145,37463.0
1984-02-02T00:00:00.000000000,8.370369911193848,8.444443702697754,8.34567928314209,8.444443702697754,54675.0
1984-02-03T00:00:00.000000000,8.444443702697754,8.493826866149902,8.444443702697754,8.493826866149902,300206.0
1984-02-06T00:00:00.000000000,8.444443702697754,8.493826866149902,8.370369911193848,8.395062446594238,83025.0
1984-02-07T00:00:00.000000000,8.493826866149902,8.617283821105957,8.296296119689941,8.617283821105957,171113.0
1984-02-08T00:00:00.000000000,8.567900657653809,8.716049194335938,8.444443702697754,8.444443702697754,345263.0
1984-02-09T00:00:00.000000000,8.395062446594238,8.469136238098145,8.24691390991211,8.271604537963867,482963.0
1984-02-10T00:00:00.000000000,8.271604537963867,8.320987701416016,8.222222328186035,8.24691390991211,217688.0
1984-02-13T00:00:00.000000000,8.148147583007812,8.148147583007812,7.876543045043945,7.901235103607178,157444.0
1984-02-14T00:00:00.000000000,7.876543045043945,8.049383163452148,7.5308637619018555,8.049383163452148,310838.0
1984-02-15T00:00:00.000000000,8.074073791503906,8.148147583007812,8.024690628051758,8.024690628051758,98719.0
1984-02-16T00:00:00.000000000,7.975308895111084,7.975308895111084,7.851851940155029,7.901235103607178,280969.0
1984-02-17T00:00:00.000000000,7.925926208496094,8.049383163452148,7.876543045043945,7.876543045043945,328556.0
1984-02-21T00:00:00.000000000,7.827159881591797,7.851851940155029,7.753086090087891,7.753086090087891,46069.0
1984-02-22T00:00:00.000000000,7.703703880310059,7.703703880310059,7.555555820465088,7.60493803024292,658125.0
1984-02-23T00:00:00.000000000,7.60493803024292,7.60493803024292,7.3333330154418945,7.382716178894043,146306.0
1984-02-24T00:00:00.000000000,7.407406806945801,7.629630088806152,7.407406806945801,7.60493803024292,310838.0
1984-02-27T00:00:00.000000000,7.60493803024292,7.827159881591797,7.60493803024292,7.827159881591797,311344.0
1984-02-28T00:00:00.000000000,7.851851940155029,7.876543045043945,7.629630088806152,7.753086090087891,261731.0
1984-02-29T00:00:00.000000000,7.753086090087891,7.802468776702881,7.728394985198975,7.802468776702881,228825.0
1984-03-01T00:00:00.000000000,7.753086090087891,8.09876537322998,7.753086090087891,8.09876537322998,291094.0
1984-03-02T00:00:00.000000000,8.09876537322998,8.34567928314209,8.09876537322998,8.197530746459961,1490906.0
1984-03-05T00:00:00.000000000,8.148147583007812,8.172840118408203,8.049383163452148,8.09876537322998,76950.0
1984-03-06T00:00:00.000000000,8.09876537322998,8.148147583007812,8.074073791503906,8.148147583007812,234394.0
1984-03-07T00:00:00.000000000,8.123456954956055,8.123456954956055,7.802468776702881,7.802468776702881,199969.0
1984-03-08T00:00:00.000000000,7.753086090087891,7.802468776702881,7.60493803024292,7.60493803024292,880875.0
1984-03-09T00:00:00.000000000,7.580246925354004,7.654321193695068,7.358025074005127,7.555555820465088,141750.0
1984-03-12T00:00:00.000000000,7.580246925354004,7.629630088806152,7.481481075286865,7.60493803024292,350325.0
1984-03-13T00:00:00.000000000,7.60493803024292,7.802468776702881,7.60493803024292,7.753086090087891,188831.0
1984-03-14T00:00:00.000000000,7.777778148651123,7.802468776702881,7.703703880310059,7.802468776702881,98719.0
1984-03-15T00:00:00.000000000,7.851851940155029,7.925926208496094,7.728394985198975,7.728394985198975,46069.0
1984-03-16T00:00:00.000000000,7.777778148651123,8.09876537322998,7.777778148651123,8.09876537322998,74925.0
1984-03-19T00:00:00.000000000,8.049383163452148,8.049383163452148,7.925926208496094,7.950616836547852,47081.0
1984-03-20T00:00:00.000000000,7.901235103607178,7.925926208496094,7.802468776702881,7.876543045043945,192881.0
1984-03-21T00:00:00.000000000,7.876543045043945,7.876543045043945,7.703703880310059,7.703703880310059,112388.0
1984-03-22T00:00:00.000000000,7.703703880310059,7.703703880310059,7.555555820465088,7.60493803024292,143269.0
1984-03-23T00:00:00.000000000,7.654321193695068,7.728394985198975,7.629630088806152,7.629630088806152,77456.0
1984-03-26T00:00:00.000000000,7.679011821746826,7.679011821746826,7.580246925354004,7.679011821746826,214144.0
1984-03-27T00:00:00.000000000,7.629630088806152,7.728394985198975,7.60493803024292,7.728394985198975,117450.0
1984-03-28T00:00:00.000000000,7.753086090087891,7.851851940155029,7.753086090087891,7.851851940155029,100744.0
1984-03-29T00:00:00.000000000,7.876543045043945,7.901235103607178,7.876543045043945,7.876543045043945,179213.0
1984-03-30T00:00:00.000000000,7.827159881591797,7.827159881591797,7.60493803024292,7.654321193695068,147319.0
1984-04-02T00:00:00.000000000,7.60493803024292,7.703703880310059,7.555555820465088,7.629630088806152,463219.0
1984-04-03T00:00:00.000000000,7.629630088806152,7.654321193695068,7.60493803024292,7.654321193695068,213638.0
1984-04-04T00:00:00.000000000,7.654321193695068,7.728394985198975,7.654321193695068,7.679011821746826,43538.0
1984-04-05T00:00:00.000000000,7.629630088806152,7.703703880310059,7.629630088806152,7.654321193695068,63788.0
1984-04-06T00:00:00.000000000,7.703703880310059,7.703703880310059,7.506173133850098,7.580246925354004,127069.0
1984-04-09T00:00:00.000000000,7.60493803024292,7.60493803024292,7.407406806945801,7.432098865509033,104288.0
1984-04-10T00:00:00.000000000,7.407406806945801,7.481481075286865,7.3333330154418945,7.444444179534912,104625.0
1984-04-11T00:00:00.000000000,7.518518924713135,7.518518924713135,7.185184955596924,7.185184955596924,146813.0
1984-04-12T00:00:00.000000000,7.222221851348877,7.629630088806152,7.111111164093018,7.592593193054199,224438.0
1984-04-13T00:00:00.000000000,7.555555820465088,7.851851940155029,7.555555820465088,7.703703880310059,303413.0
1984-04-16T00:00:00.000000000,7.6666669845581055,8.074073791503906,7.629630088806152,8.074073791503906,480938.0
1984-04-17T00:00:00.000000000,8.074073791503906,8.222222328186035,8.037036895751953,8.074073791503906,117113.0
1984-04-18T00:00:00.000000000,8.037036895751953,8.148147583007812,8.037036895751953,8.037036895751953,145800.0
1984-04-19T00:00:00.000000000,8.037036895751953,8.074073791503906,8.0,8.074073791503906,161325.0
1984-04-23T00:00:00.000000000,8.0,8.037036895751953,7.925926208496094,7.925926208496094,219038.0
1984-04-24T00:00:00.000000000,7.962963104248047,8.0,7.888888835906982,8.0,119138.0
1984-04-25T00:00:00.000000000,8.0,8.0,7.888888835906982,7.925926208496094,256500.0
1984-04-26T00:00:00.000000000,7.851851940155029,8.0,7.851851940155029,8.0,106313.0
1984-04-27T00:00:00.000000000,8.074073791503906,8.11111068725586,7.851851940155029,7.888888835906982,358425.0
1984-04-30T00:00:00.000000000,7.888888835906982,7.962963104248047,7.777778148651123,7.851851940155029,87413.0
1984-05-01T00:00:00.000000000,7.851851940155029,8.222222328186035,7.851851940155029,8.148147583007812,318938.0
1984-05-02T00:00:00.000000000,8.222222328186035,8.296296119689941,8.074073791503906,8.296296119689941,182250.0
1984-05-03T00:00:00.000000000,8.296296119689941,8.4074068069458,8.259259223937988,8.370369911193848,164363.0
1984-05-04T00:00:00.000000000,8.370369911193848,8.5925931930542,8.370369911193848,8.4074068069458,255150.0
1984-05-07T00:00:00.000000000,8.444443702697754,8.518519401550293,8.296296119689941,8.4074068069458,481950.0
1984-05-08T00:00:00.000000000,8.4074068069458,8.4074068069458,8.333333015441895,8.370369911193848,136350.0
1984-05-09T00:00:00.000000000,8.333333015441895,8.333333015441895,8.148147583007812,8.185185432434082,79650.0
1984-05-10T00:00:00.000000000,8.222222328186035,8.259259223937988,8.185185432434082,8.185185432434082,77963.0
1984-05-11T00:00:00.000000000,8.11111068725586,8.11111068725586,8.0,8.074073791503906,113738.0
1984-05-14T00:00:00.000000000,7.814815044403076,8.0,7.703703880310059,7.814815044403076,72225.0
1984-05-15T00:00:00.000000000,7.814815044403076,8.074073791503906,7.814815044403076,8.074073791503906,74925.0
1984-05-16T00:00:00.000000000,8.074073791503906,8.148147583007812,8.0,8.11111068725586,432675.0
1984-05-17T00:00:00.000000000,8.037036895751953,8.11111068725586,7.925926208496094,8.0,127913.0
1984-05-18T00:00:00.000000000,8.0,8.148147583007812,7.888888835906982,8.148147583007812,340538.0
1984-05-21T00:00:00.000000000,8.148147583007812,8.148147583007812,7.962963104248047,8.074073791503906,124200.0
1984-05-22T00:00:00.000000000,8.0,8.11111068725586,7.851851940155029,8.11111068725586,227813.0
1984-05-23T00:00:00.000000000,8.037036895751953,8.11111068725586,7.777778148651123,8.037036895751953,126900.0
1984-05-24T00:00:00.000000000,8.11111068725586,8.148147583007812,7.888888835906982,7.962963104248047,363150.0
1984-05-25T00:00:00.000000000,7.962963104248047,8.0,7.814815044403076,7.814815044403076,164363.0
1984-05-29T00:00:00.000000000,7.851851940155029,7.962963104248047,7.777778148651123,7.888888835906982,56700.0
1984-05-30T00:00:00.000000000,7.851851940155029,8.074073791503906,7.6666669845581055,8.037036895751953,347963.0
1984-05-31T00:00:00.000000000,8.074073791503906,8.222222328186035,8.074073791503906,8.148147583007812,75263.0
1984-06-01T00:00:00.000000000,8.185185432434082,8.259259223937988,8.11111068725586,8.222222328186035,62100.0
1984-06-04T00:00:00.000000000,8.259259223937988,8.333333015441895,8.222222328186035,8.259259223937988,78975.0
1984-06-05T00:00:00.000000000,8.222222328186035,8.222222328186035,8.0,8.148147583007812,156600.0
1984-06-06T00:00:00.000000000,8.074073791503906,8.148147583007812,8.0,8.148147583007812,58388.0
1984-06-07T00:00:00.000000000,8.148147583007812,8.148147583007812,8.0,8.11111068725586,40163.0
1984-06-08T00:00:00.000000000,8.0,8.074073791503906,7.962963104248047,8.0,82013.0
1984-06-11T00:00:00.000000000,7.925926208496094,8.11111068725586,7.851851940155029,8.0,216000.0
1984-06-12T00:00:00.000000000,8.0,8.0,7.851851940155029,8.0,92138.0
1984-06-13T00:00:00.000000000,7.925926208496094,7.925926208496094,7.703703880310059,7.703703880310059,62775.0
1984-06-14T00:00:00.000000000,7.703703880310059,7.740740776062012,7.555555820465088,7.629630088806152,83700.0
1984-06-15T00:00:00.000000000,7.592593193054199,7.592593193054199,7.370369911193848,7.407406806945801,90113.0
1984-06-18T00:00:00.000000000,7.444444179534912,8.037036895751953,7.407406806945801,8.037036895751953,147825.0
1984-06-19T00:00:00.000000000,8.11111068725586,8.148147583007812,7.703703880310059,7.851851940155029,152550.0
1984-06-20T00:00:00.000000000,7.851851940155029,8.148147583007812,7.777778148651123,8.11111068725586,317925.0
1984-06-21T00:00:00.000000000,8.148147583007812,8.370369911193848,8.11111068725586,8.222222328186035,731025.0
1984-06-22T00:00:00.000000000,8.296296119689941,8.4074068069458,8.259259223937988,8.333333015441895,214650.0
1984-06-25T00:00:00.000000000,8.370369911193848,8.481480598449707,8.333333015441895,8.481480598449707,405000.0
1984-06-26T00:00:00.000000000,8.444443702697754,8.629630088806152,8.444443702697754,8.518519401550293,168413.0
1984-06-27T00:00:00.000000000,8.481480598449707,8.629630088806152,8.444443702697754,8.518519401550293,120825.0
1984-06-28T00:00:00.000000000,8.444443702697754,8.481480598449707,8.4074068069458,8.4074068069458,156938.0
1984-06-29T00:00:00.000000000,8.333333015441895,8.4074068069458,8.148147583007812,8.148147583007812,132300.0
1984-07-02T00:00:00.000000000,8.185185432434082,8.185185432434082,8.074073791503906,8.148147583007812,70875.0
1984-07-03T00:00:00.000000000,8.185185432434082,8.222222328186035,8.148147583007812,8.185185432434082,132975.0
1984-07-05T00:00:00.000000000,8.259259223937988,8.296296119689941,8.148147583007812,8.259259223937988,363825.0
1984-07-06T00:00:00.000000000,8.259259223937988,8.296296119689941,8.259259223937988,8.296296119689941,237600.0
1984-07-09T00:00:00.000000000,8.259259223937988,8.333333015441895,8.222222328186035,8.222222328186035,154913.0
1984-07-10T00:00:00.000000000,8.222222328186035,8.296296119689941,8.0,8.037036895751953,1022288.0
1984-07-11T00:00:00.000000000,8.037036895751953,8.037036895751953,7.925926208496094,7.962963104248047,730688.0
1984-07-12T00:00:00.000000000,7.888888835906982,8.0,7.740740776062012,8.0,784013.0
1984-07-13T00:00:00.000000000,7.925926208496094,8.074073791503906,7.925926208496094,8.074073791503906,106650.0
1984-07-16T00:00:00.000000000,8.074073791503906,8.148147583007812,7.962963104248047,8.11111068725586,286875.0
1984-07-17T00:00:00.000000000,8.11111068725586,8.222222328186035,8.074073791503906,8.11111068725586,158963.0
1984-07-18T00:00:00.000000000,8.074073791503906,8.185185432434082,8.037036895751953,8.11111068725586,107663.0
1984-07-19T00:00:00.000000000,8.037036895751953,8.074073791503906,7.925926208496094,8.0,99225.0
1984-07-20T00:00:00.000000000,8.0,8.037036895751953,7.888888835906982,8.037036895751953,98550.0
1984-07-23T00:00:00.000000000,7.962963104248047,8.185185432434082,7.962963104248047,8.185185432434082,134325.0
1984-07-24T00:00:00.000000000,8.11111068725586,8.11111068725586,7.962963104248047,7.962963104248047,203850.0
1984-07-25T00:00:00.000000000,7.962963104248047,8.037036895751953,7.888888835906982,8.037036895751953,683438.0
1984-07-26T00:00:00.000000000,8.11111068725586,8.185185432434082,8.0,8.185185432434082,255488.0
1984-07-27T00:00:00.000000000,8.11111068725586,8.222222328186035,8.074073791503906,8.185185432434082,185288.0
1984-07-30T00:00:00.000000000,8.185185432434082,8.185185432434082,8.148147583007812,8.185185432434082,90450.0
1984-07-31T00:00:00.000000000,8.185185432434082,8.259259223937988,8.11111068725586,8.259259223937988,141413.0
1984-08-01T00:00:00.000000000,8.259259223937988,8.629630088806152,8.259259223937988,8.555556297302246,253463.0
1984-08-02T00:00:00.000000000,8.629630088806152,8.814814567565918,8.5925931930542,8.777777671813965,226800.0
1984-08-03T00:00:00.000000000,8.814814567565918,8.851852416992188,8.481480598449707,8.814814567565918,709763.0
1984-08-06T00:00:00.000000000,8.851852416992188,9.11111068725586,8.851852416992188,9.074073791503906,601425.0
1984-08-07T00:00:00.000000000,9.11111068725586,9.518519401550293,8.962963104248047,9.4074068069458,1194413.0
1984-08-08T00:00:00.000000000,9.4074068069458,9.444443702697754,9.074073791503906,9.148147583007812,295313.0
1984-08-09T00:00:00.000000000,9.074073791503906,9.629630088806152,9.074073791503906,9.518519401550293,554175.0
1984-08-10T00:00:00.000000000,9.666666984558105,9.777777671813965,9.4074068069458,9.4074068069458,361463.0
1984-08-13T00:00:00.000000000,9.4074068069458,9.555556297302246,9.333333015441895,9.518519401550293,108338.0
1984-08-14T00:00:00.000000000,9.555556297302246,9.629630088806152,9.481480598449707,9.481480598449707,101925.0
1984-08-15T00:00:00.000000000,9.4074068069458,9.4074068069458,9.037036895751953,9.11111068725586,192375.0
1984-08-16T00:00:00.000000000,9.11111068725586,9.185185432434082,8.962963104248047,8.962963104248047,93150.0
1984-08-17T00:00:00.000000000,9.0,9.185185432434082,8.962963104248047,9.185185432434082,149175.0
1984-08-20T00:00:00.000000000,9.148147583007812,9.185185432434082,9.0,9.185185432434082,274050.0
1984-08-21T00:00:00.000000000,9.185185432434082,9.4074068069458,9.185185432434082,9.222222328186035,178538.0
1984-08-22T00:00:00.000000000,9.222222328186035,9.222222328186035,8.962963104248047,9.074073791503906,211950.0
1984-08-23T00:00:00.000000000,9.074073791503906,9.11111068725586,8.962963104248047,9.0,366188.0
1984-08-24T00:00:00.000000000,8.962963104248047,9.11111068725586,8.962963104248047,9.037036895751953,123525.0
1984-08-27T00:00:00.000000000,8.962963104248047,9.037036895751953,8.851852416992188,9.0,123525.0
1984-08-28T00:00:00.000000000,9.037036895751953,9.11111068725586,9.0,9.11111068725586,258525.0
1984-08-29T00:00:00.000000000,9.037036895751953,9.074073791503906,9.037036895751953,9.074073791503906,64463.0
1984-08-30T00:00:00.000000000,9.037036895751953,9.074073791503906,8.814814567565918,8.88888931274414,117113.0
1984-08-31T00:00:00.000000000,8.962963104248047,9.037036895751953,8.88888931274414,9.037036895751953,128250.0
1984-09-04T00:00:00.000000000,8.88888931274414,8.88888931274414,8.740740776062012,8.740740776062012,204525.0
1984-09-05T00:00:00.000000000,8.851852416992188,8.851852416992188,8.740740776062012,8.740740776062012,45225.0
1984-09-06T00:00:00.000000000,8.740740776062012,8.777777671813965,8.5925931930542,8.777777671813965,493763.0
1984-09-07T00:00:00.000000000,8.777777671813965,8.851852416992188,8.777777671813965,8.851852416992188,193388.0
1984-09-10T00:00:00.000000000,8.777777671813965,8.851852416992188,8.629630088806152,8.740740776062012,178538.0
1984-09-11T00:00:00.000000000,8.814814567565918,9.037036895751953,8.814814567565918,9.0,415125.0
1984-09-12T00:00:00.000000000,9.037036895751953,9.11111068725586,8.88888931274414,8.925926208496094,190688.0
1984-09-13T00:00:00.000000000,8.88888931274414,9.148147583007812,8.88888931274414,9.148147583007812,290250.0
1984-09-14T00:00:00.000000000,9.185185432434082,9.296296119689941,9.185185432434082,9.222222328186035,163013.0
1984-09-17T00:00:00.000000000,9.185185432434082,9.185185432434082,8.777777671813965,8.777777671813965,473850.0
1984-09-18T00:00:00.000000000,8.740740776062012,8.814814567565918,8.703703880310059,8.777777671813965,216000.0
1984-09-19T00:00:00.000000000,8.740740776062012,8.925926208496094,8.666666984558105,8.925926208496094,455963.0
1984-09-20T00:00:00.000000000,8.962963104248047,9.037036895751953,8.962963104248047,9.037036895751953,340538.0
1984-09-21T00:00:00.000000000,9.037036895751953,9.185185432434082,9.037036895751953,9.037036895751953,406013.0
1984-09-24T00:00:00.000000000,9.037036895751953,9.185185432434082,9.037036895751953,9.074073791503906,332100.0
1984-09-25T00:00:00.000000000,9.11111068725586,9.11111068725586,9.037036895751953,9.11111068725586,60413.0
1984-09-26T00:00:00.000000000,9.11111068725586,9.222222328186035,9.11111068725586,9.222222328186035,388463.0
1984-09-27T00:00:00.000000000,9.296296119689941,9.4074068069458,9.296296119689941,9.4074068069458,358088.0
1984-09-28T00:00:00.000000000,9.4074068069458,9.444443702697754,9.259259223937988,9.333333015441895,263250.0
1984-10-01T00:00:00.000000000,9.259259223937988,9.296296119689941,9.185185432434082,9.185185432434082,141075.0
1984-10-02T00:00:00.000000000,9.185185432434082,9.4074068069458,9.148147583007812,9.296296119689941,268988.0
1984-10-03T00:00:00.000000000,9.185185432434082,9.222222328186035,9.148147583007812,9.148147583007812,416813.0
1984-10-04T00:00:00.000000000,9.148147583007812,9.296296119689941,9.148147583007812,9.222222328186035,124538.0
1984-10-05T00:00:00.000000000,9.222222328186035,9.333333015441895,9.185185432434082,9.259259223937988,62100.0
1984-10-08T00:00:00.000000000,9.296296119689941,9.481480598449707,9.259259223937988,9.481480598449707,159300.0
1984-10-09T00:00:00.000000000,9.481480598449707,9.481480598449707,9.333333015441895,9.333333015441895,274725.0
1984-10-10T00:00:00.000000000,9.333333015441895,9.518519401550293,9.333333015441895,9.444443702697754,42863.0
1984-10-11T00:00:00.000000000,9.481480598449707,9.555556297302246,9.481480598449707,9.481480598449707,39150.0
1984-10-12T00:00:00.000000000,9.518519401550293,9.629630088806152,9.444443702697754,9.555556297302246,272700.0
1984-10-15T00:00:00.000000000,9.555556297302246,9.629630088806152,9.481480598449707,9.518519401550293,225450.0
1984-10-16T00:00:00.000000000,9.481480598449707,9.518519401550293,9.444443702697754,9.481480598449707,109013.0
1984-10-17T00:00:00.000000000,9.4074068069458,9.481480598449707,9.4074068069458,9.481480598449707,165375.0
1984-10-18T00:00:00.000000000,9.481480598449707,9.629630088806152,9.481480598449707,9.555556297302246,328050.0
1984-10-19T00:00:00.000000000,9.5925931930542,9.777777671813965,9.481480598449707,9.777777671813965,311513.0
1984-10-22T00:00:00.000000000,9.851852416992188,10.0,9.740740776062012,9.740740776062012,239625.0
1984-10-23T00:00:00.000000000,9.703703880310059,9.88888931274414,9.666666984558105,9.666666984558105,85388.0
1984-10-24T00:00:00.000000000,9.629630088806152,9.777777671813965,9.5925931930542,9.740740776062012,259200.0
1984-10-25T00:00:00.000000000,9.777777671813965,9.814814567565918,9.703703880310059,9.740740776062012,543713.0
1984-10-26T00:00:00.000000000,9.777777671813965,9.777777671813965,9.666666984558105,9.740740776062012,519413.0
1984-10-29T00:00:00.000000000,9.777777671813965,9.777777671813965,9.5925931930542,9.666666984558105,45225.0
1984-10-30T00:00:00.000000000,9.666666984558105,9.814814567565918,9.629630088806152,9.740740776062012,330750.0
1984-10-31T00:00:00.000000000,9.814814567565918,9.851852416992188,9.740740776062012,9.740740776062012,58725.0
1984-11-01T00:00:00.000000000,9.814814567565918,9.851852416992188,9.777777671813965,9.851852416992188,117788.0
1984-11-02T00:00:00.000000000,9.814814567565918,9.925926208496094,9.814814567565918,9.814814567565918,198788.0
1984-11-05T00:00:00.000000000,9.814814567565918,9.88888931274414,9.777777671813965,9.88888931274414,406350.0
1984-11-06T00:00:00.000000000,9.925926208496094,9.925926208496094,9.703703880310059,9.777777671813965,385763.0
1984-11-07T00:00:00.000000000,9.703703880310059,9.740740776062012,9.629630088806152,9.703703880310059,393188.0
1984-11-08T00:00:00.000000000,9.703703880310059,9.88888931274414,9.666666984558105,9.88888931274414,97875.0
1984-11-09T00:00:00.000000000,9.88888931274414,9.88888931274414,9.703703880310059,9.703703880310059,275400.0
1984-11-12T00:00:00.000000000,9.777777671813965,9.777777671813965,9.703703880310059,9.777777671813965,38138.0
1984-11-13T00:00:00.000000000,9.777777671813965,9.777777671813965,9.518519401550293,9.518519401550293,404325.0
1984-11-14T00:00:00.000000000,9.555556297302246,9.5925931930542,9.444443702697754,9.555556297302246,214988.0
1984-11-15T00:00:00.000000000,9.555556297302246,9.5925931930542,9.481480598449707,9.555556297302246,120825.0
1984-11-16T00:00:00.000000000,9.555556297302246,9.5925931930542,9.518519401550293,9.5925931930542,116775.0
1984-11-19T00:00:00.000000000,9.518519401550293,9.5925931930542,9.518519401550293,9.5925931930542,67500.0
1984-11-20T00:00:00.000000000,9.518519401550293,9.555556297302246,9.370369911193848,9.4074068069458,102600.0
1984-11-21T00:00:00.000000000,9.481480598449707,9.5925931930542,9.4074068069458,9.444443702697754,182925.0
1984-11-23T00:00:00.000000000,9.444443702697754,9.518519401550293,9.4074068069458,9.481480598449707,40500.0
1984-11-26T00:00:00.000000000,9.444443702697754,9.518519401550293,9.444443702697754,9.518519401550293,96188.0
1984-11-27T00:00:00.000000000,9.481480598449707,9.555556297302246,9.481480598449707,9.518519401550293,194063.0
1984-11-28T00:00:00.000000000,9.518519401550293,9.5925931930542,9.518519401550293,9.555556297302246,66825.0
1984-11-29T00:00:00.000000000,9.481480598449707,9.518519401550293,9.481480598449707,9.481480598449707,10463.0
1984-11-30T00:00:00.000000000,9.4074068069458,9.481480598449707,9.185185432434082,9.222222328186035,106988.0
1984-12-03T00:00:00.000000000,9.148147583007812,9.148147583007812,9.074073791503906,9.074073791503906,56025.0
1984-12-04T00:00:00.000000000,8.962963104248047,9.074073791503906,8.962963104248047,9.074073791503906,163350.0
1984-12-05T00:00:00.000000000,9.148147583007812,9.148147583007812,9.074073791503906,9.074073791503906,38475.0
1984-12-06T00:00:00.000000000,9.11111068725586,9.185185432434082,9.11111068725586,9.185185432434082,168413.0
1984-12-07T00:00:00.000000000,9.11111068725586,9.185185432434082,9.11111068725586,9.11111068725586,237938.0
1984-12-10T00:00:00.000000000,9.148147583007812,9.148147583007812,9.037036895751953,9.148147583007812,136350.0
1984-12-11T00:00:00.000000000,9.11111068725586,9.222222328186035,9.11111068725586,9.222222328186035,159975.0
1984-12-12T00:00:00.000000000,9.074073791503906,9.11111068725586,8.851852416992188,8.962963104248047,263925.0
1984-12-13T00:00:00.000000000,8.962963104248047,9.0,8.814814567565918,8.88888931274414,249413.0
1984-12-14T00:00:00.000000000,8.814814567565918,8.851852416992188,8.555556297302246,8.5925931930542,598388.0
1984-12-17T00:00:00.000000000,8.666666984558105,8.88888931274414,8.666666984558105,8.88888931274414,263925.0
1984-12-18T00:00:00.000000000,8.88888931274414,9.629630088806152,8.88888931274414,9.555556297302246,493088.0
1984-12-19T00:00:00.000000000,9.555556297302246,9.555556297302246,8.962963104248047,9.11111068725586,293625.0
1984-12-20T00:00:00.000000000,9.037036895751953,9.185185432434082,9.037036895751953,9.11111068725586,169088.0
1984-12-21T00:00:00.000000000,9.148147583007812,9.259259223937988,8.88888931274414,8.88888931274414,307125.0
1984-12-24T00:00:00.000000000,8.88888931274414,9.11111068725586,8.88888931274414,9.11111068725586,24975.0
1984-12-26T00:00:00.000000000,9.11111068725586,9.148147583007812,9.0,9.148147583007812,32063.0
1984-12-27T00:00:00.000000000,9.148147583007812,9.370369911193848,9.148147583007812,9.185185432434082,271688.0
1984-12-28T00:00:00.000000000,9.259259223937988,9.370369911193848,9.185185432434082,9.185185432434082,190688.0
1984-12-31T00:00:00.000000000,9.259259223937988,9.481480598449707,9.259259223937988,9.4074068069458,133988.0
1985-01-02T00:00:00.000000000,9.4074068069458,9.444443702697754,9.370369911193848,9.444443702697754,58050.0
1985-01-03T00:00:00.000000000,9.333333015441895,9.444443702697754,9.333333015441895,9.370369911193848,504563.0
1985-01-04T00:00:00.000000000,9.296296119689941,9.370369911193848,9.148147583007812,9.148147583007812,108675.0
1985-01-07T00:00:00.000000000,9.222222328186035,9.333333015441895,9.222222328186035,9.259259223937988,88763.0
1985-01-08T00:00:00.000000000,9.296296119689941,9.444443702697754,9.296296119689941,9.4074068069458,185625.0
1985-01-09T00:00:00.000000000,9.444443702697754,9.555556297302246,9.4074068069458,9.481480598449707,343238.0
1985-01-10T00:00:00.000000000,9.481480598449707,9.666666984558105,9.444443702697754,9.666666984558105,237263.0
1985-01-11T00:00:00.000000000,9.5925931930542,9.740740776062012,9.555556297302246,9.740740776062012,183263.0
1985-01-14T00:00:00.000000000,9.740740776062012,9.777777671813965,9.666666984558105,9.666666984558105,62775.0
1985-01-15T00:00:00.000000000,9.88888931274414,9.925926208496094,9.740740776062012,9.740740776062012,309150.0
1985-01-16T00:00:00.000000000,9.814814567565918,9.925926208496094,9.777777671813965,9.925926208496094,360113.0
1985-01-17T00:00:00.000000000,9.925926208496094,10.037036895751953,9.88888931274414,9.962963104248047,274050.0
1985-01-18T00:00:00.000000000,9.925926208496094,10.074073791503906,9.925926208496094,10.074073791503906,354375.0
1985-01-21T00:00:00.000000000,10.074073791503906,10.5925931930542,10.037036895751953,10.5925931930542,580163.0
1985-01-22T00:00:00.000000000,10.629630088806152,10.666666984558105,10.481480598449707,10.518519401550293,316238.0
1985-01-23T00:00:00.000000000,10.518519401550293,10.518519401550293,10.222222328186035,10.4074068069458,333450.0
1985-01-24T00:00:00.000000000,10.4074068069458,10.444443702697754,10.370369911193848,10.4074068069458,93488.0
1985-01-25T00:00:00.000000000,10.4074068069458,10.518519401550293,10.370369911193848,10.518519401550293,1312200.0
1985-01-28T00:00:00.000000000,10.481480598449707,10.555556297302246,10.370369911193848,10.4074068069458,222750.0
1985-01-29T00:00:00.000000000,10.370369911193848,10.444443702697754,10.370369911193848,10.444443702697754,64463.0
1985-01-30T00:00:00.000000000,10.4074068069458,10.518519401550293,10.370369911193848,10.4074068069458,502538.0
1985-01-31T00:00:00.000000000,10.370369911193848,10.555556297302246,10.370369911193848,10.518519401550293,152550.0
1985-02-01T00:00:00.000000000,10.481480598449707,10.481480598449707,10.444443702697754,10.481480598449707,83700.0
1985-02-04T00:00:00.000000000,10.481480598449707,10.666666984558105,10.444443702697754,10.666666984558105,165038.0
1985-02-05T00:00:00.000000000,10.5925931930542,10.629630088806152,10.481480598449707,10.518519401550293,413438.0
1985-02-06T00:00:00.000000000,10.5925931930542,10.629630088806152,10.4074068069458,10.481480598449707,525488.0
1985-02-07T00:00:00.000000000,10.4074068069458,10.481480598449707,10.370369911193848,10.444443702697754,659475.0
1985-02-08T00:00:00.000000000,10.481480598449707,10.5925931930542,10.444443702697754,10.5925931930542,109350.0
1985-02-11T00:00:00.000000000,10.5925931930542,10.629630088806152,10.518519401550293,10.629630088806152,111375.0
1985-02-12T00:00:00.000000000,10.666666984558105,10.666666984558105,10.5925931930542,10.5925931930542,184275.0
1985-02-13T00:00:00.000000000,10.629630088806152,10.629630088806152,10.4074068069458,10.518519401550293,628425.0
1985-02-14T00:00:00.000000000,10.555556297302246,10.555556297302246,10.370369911193848,10.444443702697754,109688.0
1985-02-15T00:00:00.000000000,10.370369911193848,10.518519401550293,10.333333015441895,10.370369911193848,786038.0
1985-02-19T00:00:00.000000000,10.370369911193848,10.4074068069458,10.333333015441895,10.370369911193848,75600.0
1985-02-20T00:00:00.000000000,10.444443702697754,10.444443702697754,10.296296119689941,10.370369911193848,324000.0
1985-02-21T00:00:00.000000000,10.296296119689941,10.333333015441895,10.259259223937988,10.333333015441895,145125.0
1985-02-22T00:00:00.000000000,10.259259223937988,10.296296119689941,10.222222328186035,10.296296119689941,68513.0
1985-02-25T00:00:00.000000000,10.222222328186035,10.333333015441895,10.148147583007812,10.296296119689941,120488.0
1985-02-26T00:00:00.000000000,10.259259223937988,10.4074068069458,10.185185432434082,10.333333015441895,258188.0
1985-02-27T00:00:00.000000000,10.296296119689941,10.370369911193848,10.296296119689941,10.296296119689941,27675.0
1985-02-28T00:00:00.000000000,10.222222328186035,10.222222328186035,10.11111068725586,10.222222328186035,316913.0
1985-03-01T00:00:00.000000000,10.148147583007812,10.370369911193848,10.074073791503906,10.296296119689941,472838.0
1985-03-04T00:00:00.000000000,10.333333015441895,10.333333015441895,10.074073791503906,10.296296119689941,206550.0
1985-03-05T00:00:00.000000000,10.259259223937988,10.481480598449707,10.11111068725586,10.333333015441895,401963.0
1985-03-06T00:00:00.000000000,10.370369911193848,10.4074068069458,10.259259223937988,10.370369911193848,486338.0
1985-03-07T00:00:00.000000000,10.370369911193848,10.370369911193848,10.222222328186035,10.370369911193848,277425.0
1985-03-08T00:00:00.000000000,10.370369911193848,10.370369911193848,10.296296119689941,10.370369911193848,67163.0
1985-03-11T00:00:00.000000000,10.296296119689941,10.370369911193848,10.259259223937988,10.370369911193848,67163.0
1985-03-12T00:00:00.000000000,10.333333015441895,10.370369911193848,10.222222328186035,10.333333015441895,100575.0
1985-03-13T00:00:00.000000000,10.333333015441895,10.333333015441895,10.296296119689941,10.296296119689941,88425.0
1985-03-14T00:00:00.000000000,10.296296119689941,10.370369911193848,10.185185432434082,10.185185432434082,221400.0
1985-03-15T00:00:00.000000000,10.148147583007812,10.148147583007812,10.0,10.0,312188.0
1985-03-18T00:00:00.000000000,10.037036895751953,10.037036895751953,9.925926208496094,9.962963104248047,271350.0
1985-03-19T00:00:00.000000000,10.0,10.074073791503906,9.88888931274414,10.074073791503906,98888.0
1985-03-20T00:00:00.000000000,10.074073791503906,10.11111068725586,10.0,10.0,213975.0
1985-03-21T00:00:00.000000000,9.962963104248047,10.074073791503906,9.925926208496094,10.0,56700.0
1985-03-22T00:00:00.000000000,10.0,10.0,9.777777671813965,9.777777671813965,164025.0
1985-03-25T00:00:00.000000000,9.703703880310059,9.703703880310059,9.4074068069458,9.481480598449707,86400.0
1985-03-26T00:00:00.000000000,9.481480598449707,9.481480598449707,9.259259223937988,9.296296119689941,145125.0
1985-03-27T00:00:00.000000000,9.259259223937988,9.259259223937988,9.185185432434082,9.259259223937988,150188.0
1985-03-28T00:00:00.000000000,9.296296119689941,9.370369911193848,9.259259223937988,9.370369911193848,157275.0
1985-03-29T00:00:00.000000000,9.444443702697754,9.629630088806152,9.444443702697754,9.5925931930542,167400.0
1985-04-01T00:00:00.000000000,9.629630088806152,9.666666984558105,9.444443702697754,9.5925931930542,278100.0
1985-04-02T00:00:00.000000000,9.629630088806152,9.703703880310059,9.5925931930542,9.703703880310059,161663.0
1985-04-03T00:00:00.000000000,9.703703880310059,9.740740776062012,9.666666984558105,9.703703880310059,143775.0
1985-04-04T00:00:00.000000000,9.666666984558105,9.703703880310059,9.629630088806152,9.703703880310059,160313.0
1985-04-08T00:00:00.000000000,9.666666984558105,9.703703880310059,9.5925931930542,9.5925931930542,84375.0
1985-04-09T00:00:00.000000000,9.629630088806152,9.703703880310059,9.5925931930542,9.629630088806152,95175.0
1985-04-10T00:00:00.000000000,9.629630088806152,9.629630088806152,9.481480598449707,9.518519401550293,193725.0
1985-04-11T00:00:00.000000000,9.518519401550293,9.518519401550293,9.296296119689941,9.518519401550293,146813.0
1985-04-12T00:00:00.000000000,9.444443702697754,9.555556297302246,9.444443702697754,9.481480598449707,258863.0
1985-04-15T00:00:00.000000000,9.444443702697754,9.629630088806152,9.444443702697754,9.629630088806152,341213.0
1985-04-16T00:00:00.000000000,9.629630088806152,9.740740776062012,9.370369911193848,9.629630088806152,150525.0
1985-04-17T00:00:00.000000000,9.666666984558105,9.814814567565918,9.629630088806152,9.777777671813965,116438.0
1985-04-18T00:00:00.000000000,9.777777671813965,9.777777671813965,9.666666984558105,9.666666984558105,186300.0
1985-04-19T00:00:00.000000000,9.629630088806152,9.740740776062012,9.555556297302246,9.703703880310059,183263.0
1985-04-22T00:00:00.000000000,9.740740776062012,9.740740776062012,9.481480598449707,9.555556297302246,67163.0
1985-04-23T00:00:00.000000000,9.555556297302246,9.5925931930542,9.4074068069458,9.481480598449707,152888.0
1985-04-24T00:00:00.000000000,9.481480598449707,9.629630088806152,9.481480598449707,9.629630088806152,145800.0
1985-04-25T00:00:00.000000000,9.629630088806152,9.666666984558105,9.518519401550293,9.629630088806152,170438.0
1985-04-26T00:00:00.000000000,9.666666984558105,9.666666984558105,9.444443702697754,9.444443702697754,68175.0
1985-04-29T00:00:00.000000000,9.4074068069458,9.4074068069458,9.370369911193848,9.370369911193848,104625.0
1985-04-30T00:00:00.000000000,9.333333015441895,9.370369911193848,9.185185432434082,9.222222328186035,251775.0
1985-05-01T00:00:00.000000000,9.185185432434082,9.259259223937988,9.185185432434082,9.185185432434082,176850.0
1985-05-02T00:00:00.000000000,9.11111068725586,9.185185432434082,9.074073791503906,9.11111068725586,307463.0
1985-05-03T00:00:00.000000000,9.11111068725586,9.555556297302246,9.11111068725586,9.481480598449707,263250.0
1985-05-06T00:00:00.000000000,9.4074068069458,9.4074068069458,9.296296119689941,9.296296119689941,100913.0
1985-05-07T00:00:00.000000000,9.370369911193848,9.481480598449707,9.333333015441895,9.481480598449707,185963.0
1985-05-08T00:00:00.000000000,9.481480598449707,9.481480598449707,9.370369911193848,9.444443702697754,170100.0
1985-05-09T00:00:00.000000000,9.444443702697754,9.444443702697754,9.370369911193848,9.370369911193848,278438.0
1985-05-10T00:00:00.000000000,9.481480598449707,9.666666984558105,9.481480598449707,9.5925931930542,281813.0
1985-05-13T00:00:00.000000000,9.5925931930542,9.629630088806152,9.518519401550293,9.5925931930542,47588.0
1985-05-14T00:00:00.000000000,9.5925931930542,9.629630088806152,9.518519401550293,9.555556297302246,156938.0
1985-05-15T00:00:00.000000000,9.555556297302246,9.740740776062012,9.555556297302246,9.629630088806152,113738.0
1985-05-16T00:00:00.000000000,9.555556297302246,9.629630088806152,9.370369911193848,9.370369911193848,87413.0
1985-05-17T00:00:00.000000000,9.444443702697754,9.555556297302246,9.4074068069458,9.518519401550293,84038.0
1985-05-20T00:00:00.000000000,9.703703880310059,9.88888931274414,9.703703880310059,9.88888931274414,164700.0
1985-05-21T00:00:00.000000000,9.88888931274414,10.0,9.851852416992188,10.0,362475.0
1985-05-22T00:00:00.000000000,10.037036895751953,10.037036895751953,9.703703880310059,9.777777671813965,81000.0
1985-05-23T00:00:00.000000000,9.703703880310059,9.777777671813965,9.629630088806152,9.703703880310059,131963.0
1985-05-24T00:00:00.000000000,9.777777671813965,9.851852416992188,9.703703880310059,9.814814567565918,56700.0
1985-05-28T00:00:00.000000000,9.814814567565918,9.814814567565918,9.555556297302246,9.777777671813965,148163.0
1985-05-29T00:00:00.000000000,9.814814567565918,9.851852416992188,9.740740776062012,9.777777671813965,220388.0
1985-05-30T00:00:00.000000000,9.777777671813965,9.777777671813965,9.629630088806152,9.703703880310059,111038.0
1985-05-31T00:00:00.000000000,9.703703880310059,9.777777671813965,9.629630088806152,9.740740776062012,175163.0
1985-06-03T00:00:00.000000000,9.740740776062012,9.740740776062012,9.4074068069458,9.555556297302246,105975.0
1985-06-04T00:00:00.000000000,9.518519401550293,9.555556297302246,9.4074068069458,9.518519401550293,250425.0
1985-06-05T00:00:00.000000000,9.518519401550293,9.703703880310059,9.518519401550293,9.5925931930542,277425.0
1985-06-06T00:00:00.000000000,9.629630088806152,9.703703880310059,9.5925931930542,9.666666984558105,148838.0
1985-06-07T00:00:00.000000000,9.666666984558105,9.666666984558105,9.481480598449707,9.518519401550293,241313.0
1985-06-10T00:00:00.000000000,9.518519401550293,9.629630088806152,9.481480598449707,9.481480598449707,657450.0
1985-06-11T00:00:00.000000000,9.481480598449707,9.555556297302246,9.481480598449707,9.518519401550293,292950.0
1985-06-12T00:00:00.000000000,9.518519401550293,9.5925931930542,9.481480598449707,9.518519401550293,65475.0
1985-06-13T00:00:00.000000000,9.5925931930542,9.5925931930542,9.481480598449707,9.518519401550293,45563.0
1985-06-14T00:00:00.000000000,9.5925931930542,9.5925931930542,9.370369911193848,9.444443702697754,587925.0
1985-06-17T00:00:00.000000000,9.370369911193848,9.4074068069458,9.333333015441895,9.333333015441895,86400.0
1985-06-18T00:00:00.000000000,9.4074068069458,9.518519401550293,9.333333015441895,9.518519401550293,726638.0
1985-06-19T00:00:00.000000000,9.518519401550293,9.518519401550293,9.4074068069458,9.518519401550293,143100.0
1985-06-20T00:00:00.000000000,9.444443702697754,9.555556297302246,9.444443702697754,9.555556297302246,58388.0
1985-06-21T00:00:00.000000000,9.518519401550293,10.148147583007812,9.518519401550293,10.148147583007812,399263.0
1985-06-24T00:00:00.000000000,10.074073791503906,10.074073791503906,9.925926208496094,9.925926208496094,98213.0
1985-06-25T00:00:00.000000000,10.037036895751953,10.148147583007812,9.962963104248047,10.11111068725586,314888.0
1985-06-26T00:00:00.000000000,10.037036895751953,10.11111068725586,9.962963104248047,10.037036895751953,83700.0
1985-06-27T00:00:00.000000000,10.0,10.074073791503906,10.0,10.074073791503906,101925.0
1985-06-28T00:00:00.000000000,10.074073791503906,10.074073791503906,9.851852416992188,9.925926208496094,309150.0
1985-07-01T00:00:00.000000000,9.88888931274414,9.925926208496094,9.555556297302246,9.555556297302246,219713.0
1985-07-02T00:00:00.000000000,9.629630088806152,9.666666984558105,9.555556297302246,9.629630088806152,85050.0
1985-07-03T00:00:00.000000000,9.666666984558105,9.814814567565918,9.666666984558105,9.814814567565918,94500.0
1985-07-05T00:00:00.000000000,9.703703880310059,10.0,9.703703880310059,9.88888931274414,157613.0
1985-07-08T00:00:00.000000000,9.925926208496094,9.925926208496094,9.777777671813965,9.777777671813965,100913.0
1985-07-09T00:00:00.000000000,9.777777671813965,9.851852416992188,9.703703880310059,9.740740776062012,100238.0
1985-07-10T00:00:00.000000000,9.666666984558105,9.740740776062012,9.555556297302246,9.555556297302246,155925.0
1985-07-11T00:00:00.000000000,9.629630088806152,9.777777671813965,9.5925931930542,9.740740776062012,171788.0
1985-07-12T00:00:00.000000000,9.740740776062012,9.740740776062012,9.481480598449707,9.555556297302246,404663.0
1985-07-15T00:00:00.000000000,9.481480598449707,9.481480598449707,9.259259223937988,9.259259223937988,135338.0
1985-07-16T00:00:00.000000000,9.259259223937988,9.333333015441895,9.037036895751953,9.333333015441895,1862325.0
1985-07-17T00:00:00.000000000,9.296296119689941,9.370369911193848,9.259259223937988,9.296296119689941,1302413.0
1985-07-18T00:00:00.000000000,9.296296119689941,9.370369911193848,9.259259223937988,9.333333015441895,142088.0
1985-07-19T00:00:00.000000000,9.4074068069458,9.4074068069458,9.296296119689941,9.370369911193848,117113.0
1985-07-22T00:00:00.000000000,9.370369911193848,9.444443702697754,9.333333015441895,9.4074068069458,380025.0
1985-07-23T00:00:00.000000000,9.4074068069458,9.4074068069458,9.148147583007812,9.259259223937988,214650.0
1985-07-24T00:00:00.000000000,9.259259223937988,9.296296119689941,9.222222328186035,9.259259223937988,302400.0
1985-07-25T00:00:00.000000000,9.259259223937988,9.370369911193848,9.259259223937988,9.333333015441895,390825.0
1985-07-26T00:00:00.000000000,9.333333015441895,9.4074068069458,9.333333015441895,9.370369911193848,188325.0
1985-07-29T00:00:00.000000000,9.4074068069458,9.444443702697754,9.333333015441895,9.333333015441895,91125.0
1985-07-30T00:00:00.000000000,9.333333015441895,9.481480598449707,9.333333015441895,9.481480598449707,81675.0
1985-07-31T00:00:00.000000000,9.4074068069458,9.555556297302246,9.370369911193848,9.518519401550293,144788.0
1985-08-01T00:00:00.000000000,9.5925931930542,9.5925931930542,9.481480598449707,9.481480598449707,108000.0
1985-08-02T00:00:00.000000000,9.518519401550293,9.555556297302246,9.444443702697754,9.518519401550293,140063.0
1985-08-05T00:00:00.000000000,9.481480598449707,9.703703880310059,9.370369911193848,9.4074068069458,209250.0
1985-08-06T00:00:00.000000000,9.370369911193848,9.370369911193848,9.185185432434082,9.259259223937988,253125.0
1985-08-07T00:00:00.000000000,9.185185432434082,9.370369911193848,9.185185432434082,9.296296119689941,150188.0
1985-08-08T00:00:00.000000000,9.222222328186035,9.333333015441895,9.222222328186035,9.333333015441895,93825.0
1985-08-09T00:00:00.000000000,9.222222328186035,9.296296119689941,9.185185432434082,9.259259223937988,222413.0
1985-08-12T00:00:00.000000000,9.185185432434082,9.259259223937988,9.185185432434082,9.185185432434082,83025.0
1985-08-13T00:00:00.000000000,9.148147583007812,9.185185432434082,8.962963104248047,9.0,668588.0
1985-08-14T00:00:00.000000000,9.0,9.074073791503906,8.925926208496094,8.962963104248047,609525.0
1985-08-15T00:00:00.000000000,9.0,9.185185432434082,9.0,9.11111068725586,236925.0
1985-08-16T00:00:00.000000000,9.185185432434082,9.259259223937988,9.148147583007812,9.185185432434082,89775.0
1985-08-19T00:00:00.000000000,9.222222328186035,9.481480598449707,9.148147583007812,9.259259223937988,501188.0
1985-08-20T00:00:00.000000000,9.259259223937988,9.296296119689941,9.148147583007812,9.222222328186035,123863.0
1985-08-21T00:00:00.000000000,9.259259223937988,9.296296119689941,9.222222328186035,9.222222328186035,204188.0
1985-08-22T00:00:00.000000000,9.259259223937988,9.296296119689941,9.185185432434082,9.222222328186035,108338.0
1985-08-23T00:00:00.000000000,9.259259223937988,9.296296119689941,9.185185432434082,9.185185432434082,287213.0
1985-08-26T00:00:00.000000000,9.259259223937988,9.259259223937988,9.185185432434082,9.222222328186035,135675.0
1985-08-27T00:00:00.000000000,9.259259223937988,9.259259223937988,9.148147583007812,9.259259223937988,241313.0
1985-08-28T00:00:00.000000000,9.185185432434082,9.259259223937988,9.185185432434082,9.222222328186035,47925.0
1985-08-29T00:00:00.000000000,9.296296119689941,9.296296119689941,9.185185432434082,9.259259223937988,248400.0
1985-08-30T00:00:00.000000000,9.259259223937988,9.259259223937988,9.11111068725586,9.148147583007812,275400.0
1985-09-03T00:00:00.000000000,9.185185432434082,9.222222328186035,9.037036895751953,9.185185432434082,574425.0
1985-09-04T00:00:00.000000000,9.222222328186035,9.222222328186035,9.11111068725586,9.11111068725586,231188.0
1985-09-05T00:00:00.000000000,9.11111068725586,9.185185432434082,9.11111068725586,9.185185432434082,321638.0
1985-09-06T00:00:00.000000000,9.185185432434082,9.222222328186035,9.148147583007812,9.148147583007812,116438.0
1985-09-09T00:00:00.000000000,9.148147583007812,9.185185432434082,9.11111068725586,9.148147583007812,92475.0
1985-09-10T00:00:00.000000000,9.185185432434082,9.259259223937988,9.11111068725586,9.222222328186035,144450.0
1985-09-11T00:00:00.000000000,9.148147583007812,9.222222328186035,9.11111068725586,9.148147583007812,155588.0
1985-09-12T00:00:00.000000000,9.222222328186035,9.296296119689941,9.11111068725586,9.185185432434082,184275.0
1985-09-13T00:00:00.000000000,9.222222328186035,9.296296119689941,9.185185432434082,9.296296119689941,254138.0
1985-09-16T00:00:00.000000000,9.259259223937988,9.296296119689941,9.222222328186035,9.259259223937988,140063.0
1985-09-17T00:00:00.000000000,9.222222328186035,9.259259223937988,9.185185432434082,9.222222328186035,419850.0
1985-09-18T00:00:00.000000000,9.222222328186035,9.296296119689941,9.185185432434082,9.259259223937988,276075.0
1985-09-19T00:00:00.000000000,9.296296119689941,9.370369911193848,9.222222328186035,9.296296119689941,132638.0
1985-09-20T00:00:00.000000000,9.333333015441895,9.333333015441895,9.11111068725586,9.11111068725586,126225.0
1985-09-23T00:00:00.000000000,9.185185432434082,9.370369911193848,9.185185432434082,9.333333015441895,129263.0
1985-09-24T00:00:00.000000000,9.296296119689941,9.370369911193848,9.222222328186035,9.259259223937988,149513.0
1985-09-25T00:00:00.000000000,9.185185432434082,9.222222328186035,9.074073791503906,9.074073791503906,252450.0
1985-09-26T00:00:00.000000000,9.074073791503906,9.185185432434082,9.074073791503906,9.185185432434082,41850.0
1985-09-30T00:00:00.000000000,9.259259223937988,9.333333015441895,9.222222328186035,9.259259223937988,76275.0
1985-10-01T00:00:00.000000000,9.333333015441895,9.4074068069458,9.296296119689941,9.4074068069458,77625.0
1985-10-02T00:00:00.000000000,9.444443702697754,9.444443702697754,9.333333015441895,9.333333015441895,83363.0
1985-10-03T00:00:00.000000000,9.333333015441895,9.481480598449707,9.333333015441895,9.333333015441895,292275.0
1985-10-04T00:00:00.000000000,9.4074068069458,9.4074068069458,9.222222328186035,9.222222328186035,89100.0
1985-10-07T00:00:00.000000000,9.259259223937988,9.259259223937988,9.11111068725586,9.148147583007812,97200.0
1985-10-08T00:00:00.000000000,9.222222328186035,9.259259223937988,9.185185432434082,9.185185432434082,42863.0
1985-10-09T00:00:00.000000000,9.222222328186035,9.296296119689941,9.11111068725586,9.185185432434082,281138.0
1985-10-10T00:00:00.000000000,9.11111068725586,9.185185432434082,9.11111068725586,9.185185432434082,70200.0
1985-10-11T00:00:00.000000000,9.11111068725586,9.148147583007812,9.074073791503906,9.148147583007812,68175.0
1985-10-14T00:00:00.000000000,9.11111068725586,9.185185432434082,9.11111068725586,9.148147583007812,57375.0
1985-10-15T00:00:00.000000000,9.148147583007812,9.185185432434082,9.11111068725586,9.11111068725586,80663.0
1985-10-16T00:00:00.000000000,9.11111068725586,9.333333015441895,9.11111068725586,9.296296119689941,248400.0
1985-10-17T00:00:00.000000000,9.333333015441895,9.333333015441895,9.148147583007812,9.148147583007812,235238.0
1985-10-18T00:00:00.000000000,9.185185432434082,9.185185432434082,9.074073791503906,9.074073791503906,118463.0
1985-10-21T00:00:00.000000000,9.037036895751953,9.185185432434082,9.037036895751953,9.185185432434082,104288.0
1985-10-22T00:00:00.000000000,9.148147583007812,9.333333015441895,9.11111068725586,9.296296119689941,471150.0
1985-10-23T00:00:00.000000000,9.259259223937988,9.333333015441895,9.259259223937988,9.333333015441895,354375.0
1985-10-24T00:00:00.000000000,9.370369911193848,9.370369911193848,9.296296119689941,9.333333015441895,216000.0
1985-10-25T00:00:00.000000000,9.333333015441895,9.4074068069458,9.259259223937988,9.333333015441895,619650.0
1985-10-28T00:00:00.000000000,9.333333015441895,9.333333015441895,9.148147583007812,9.148147583007812,60750.0
1985-10-29T00:00:00.000000000,9.222222328186035,9.222222328186035,9.148147583007812,9.185185432434082,82013.0
1985-10-30T00:00:00.000000000,9.222222328186035,9.296296119689941,9.148147583007812,9.259259223937988,162338.0
1985-10-31T00:00:00.000000000,9.259259223937988,9.259259223937988,9.185185432434082,9.222222328186035,44550.0
1985-11-01T00:00:00.000000000,9.185185432434082,9.259259223937988,9.11111068725586,9.259259223937988,505238.0
1985-11-04T00:00:00.000000000,9.259259223937988,9.259259223937988,9.11111068725586,9.11111068725586,120488.0
1985-11-05T00:00:00.000000000,9.11111068725586,9.259259223937988,9.11111068725586,9.259259223937988,141075.0
1985-11-06T00:00:00.000000000,9.259259223937988,9.259259223937988,9.11111068725586,9.185185432434082,123525.0
1985-11-07T00:00:00.000000000,9.185185432434082,9.222222328186035,9.11111068725586,9.148147583007812,196763.0
1985-11-08T00:00:00.000000000,9.148147583007812,9.222222328186035,9.11111068725586,9.148147583007812,120825.0
1985-11-11T00:00:00.000000000,9.11111068725586,9.185185432434082,9.11111068725586,9.185185432434082,120825.0
1985-11-12T00:00:00.000000000,9.11111068725586,9.185185432434082,9.11111068725586,9.185185432434082,532238.0
1985-11-13T00:00:00.000000000,9.148147583007812,9.185185432434082,9.11111068725586,9.148147583007812,126225.0
1985-11-14T00:00:00.000000000,9.11111068725586,9.222222328186035,9.11111068725586,9.222222328186035,307125.0
1985-11-15T00:00:00.000000000,9.222222328186035,9.222222328186035,9.148147583007812,9.222222328186035,159975.0
1985-11-18T00:00:00.000000000,9.222222328186035,9.481480598449707,9.222222328186035,9.481480598449707,639563.0
1985-11-19T00:00:00.000000000,9.481480598449707,9.5925931930542,9.4074068069458,9.5925931930542,404325.0
1985-11-20T00:00:00.000000000,9.629630088806152,9.703703880310059,9.555556297302246,9.703703880310059,248400.0
1985-11-21T00:00:00.000000000,9.740740776062012,9.851852416992188,9.703703880310059,9.777777671813965,454275.0
1985-11-22T00:00:00.000000000,9.814814567565918,9.851852416992188,9.740740776062012,9.814814567565918,175163.0
1985-11-25T00:00:00.000000000,9.814814567565918,9.851852416992188,9.740740776062012,9.777777671813965,128250.0
1985-11-26T00:00:00.000000000,9.814814567565918,10.0,9.814814567565918,9.962963104248047,335475.0
1985-11-27T00:00:00.000000000,10.074073791503906,10.148147583007812,10.037036895751953,10.074073791503906,1017225.0
1985-11-29T00:00:00.000000000,10.074073791503906,10.074073791503906,9.962963104248047,10.037036895751953,501188.0
1985-12-02T00:00:00.000000000,9.962963104248047,10.11111068725586,9.925926208496094,10.074073791503906,357413.0
1985-12-03T00:00:00.000000000,10.0,10.074073791503906,10.0,10.0,168075.0
1985-12-04T00:00:00.000000000,9.962963104248047,10.074073791503906,9.962963104248047,10.0,269325.0
1985-12-05T00:00:00.000000000,10.037036895751953,10.037036895751953,9.925926208496094,10.0,836325.0
1985-12-06T00:00:00.000000000,9.925926208496094,10.037036895751953,9.88888931274414,10.0,186638.0
1985-12-09T00:00:00.000000000,9.962963104248047,10.037036895751953,9.777777671813965,10.0,343238.0
1985-12-10T00:00:00.000000000,10.037036895751953,10.037036895751953,9.88888931274414,10.0,384075.0
1985-12-11T00:00:00.000000000,10.037036895751953,10.222222328186035,10.0,10.222222328186035,682088.0
1985-12-12T00:00:00.000000000,10.222222328186035,10.444443702697754,10.222222328186035,10.370369911193848,440775.0
1985-12-13T00:00:00.000000000,10.370369911193848,10.481480598449707,10.333333015441895,10.444443702697754,651713.0
1985-12-16T00:00:00.000000000,10.444443702697754,10.5925931930542,10.4074068069458,10.518519401550293,299025.0
1985-12-17T00:00:00.000000000,10.518519401550293,11.11111068725586,10.518519401550293,10.88888931274414,587250.0
1985-12-18T00:00:00.000000000,10.88888931274414,10.88888931274414,10.814814567565918,10.814814567565918,437063.0
1985-12-19T00:00:00.000000000,10.851852416992188,10.851852416992188,10.777777671813965,10.777777671813965,297675.0
1985-12-20T00:00:00.000000000,10.777777671813965,11.333333015441895,10.740740776062012,11.333333015441895,278775.0
1985-12-23T00:00:00.000000000,11.296296119689941,11.296296119689941,11.0,11.074073791503906,335813.0
1985-12-24T00:00:00.000000000,11.074073791503906,11.074073791503906,10.962963104248047,11.037036895751953,129263.0
1985-12-26T00:00:00.000000000,11.11111068725586,11.148147583007812,11.037036895751953,11.148147583007812,90788.0
1985-12-27T00:00:00.000000000,11.11111068725586,11.148147583007812,11.037036895751953,11.074073791503906,90450.0
1985-12-30T00:00:00.000000000,11.074073791503906,11.333333015441895,11.037036895751953,11.259259223937988,265275.0
1985-12-31T00:00:00.000000000,11.259259223937988,11.296296119689941,11.185185432434082,11.296296119689941,173138.0
1986-01-02T00:00:00.000000000,11.259259223937988,11.296296119689941,11.11111068725586,11.185185432434082,192038.0
1986-01-03T00:00:00.000000000,11.11111068725586,11.185185432434082,10.88888931274414,11.148147583007812,152550.0
1986-01-06T00:00:00.000000000,11.148147583007812,11.148147583007812,10.88888931274414,10.962963104248047,227138.0
1986-01-07T00:00:00.000000000,11.0,11.148147583007812,11.0,11.11111068725586,235575.0
1986-01-08T00:00:00.000000000,11.185185432434082,11.296296119689941,10.740740776062012,10.740740776062012,272025.0
1986-01-09T00:00:00.000000000,10.5925931930542,10.703703880310059,10.481480598449707,10.666666984558105,339188.0
1986-01-10T00:00:00.000000000,10.666666984558105,10.740740776062012,10.5925931930542,10.629630088806152,182250.0
1986-01-13T00:00:00.000000000,10.703703880310059,10.962963104248047,10.666666984558105,10.666666984558105,162338.0
1986-01-14T00:00:00.000000000,11.0,11.222222328186035,11.0,11.037036895751953,330750.0
1986-01-15T00:00:00.000000000,11.11111068725586,11.185185432434082,11.0,11.11111068725586,276413.0
1986-01-16T00:00:00.000000000,11.11111068725586,11.185185432434082,11.074073791503906,11.148147583007812,62438.0
1986-01-17T00:00:00.000000000,11.11111068725586,11.185185432434082,11.11111068725586,11.185185432434082,240975.0
1986-01-20T00:00:00.000000000,11.185185432434082,11.185185432434082,11.074073791503906,11.11111068725586,35100.0
1986-01-21T00:00:00.000000000,11.074073791503906,11.11111068725586,10.962963104248047,11.037036895751953,118125.0
1986-01-22T00:00:00.000000000,11.0,11.037036895751953,10.814814567565918,10.814814567565918,171113.0
1986-01-23T00:00:00.000000000,10.777777671813965,10.851852416992188,10.703703880310059,10.777777671813965,90788.0
1986-01-24T00:00:00.000000000,10.814814567565918,10.851852416992188,10.703703880310059,10.740740776062012,111713.0
1986-01-27T00:00:00.000000000,10.777777671813965,10.88888931274414,10.777777671813965,10.814814567565918,132638.0
1986-01-28T00:00:00.000000000,10.740740776062012,10.851852416992188,10.703703880310059,10.851852416992188,216675.0
1986-01-29T00:00:00.000000000,10.851852416992188,11.037036895751953,10.814814567565918,10.88888931274414,326363.0
1986-01-30T00:00:00.000000000,10.962963104248047,11.0,10.814814567565918,10.88888931274414,141413.0
1986-01-31T00:00:00.000000000,10.925926208496094,11.0,10.814814567565918,10.851852416992188,289238.0
1986-02-03T00:00:00.000000000,10.814814567565918,11.074073791503906,10.777777671813965,11.074073791503906,424575.0
1986-02-04T00:00:00.000000000,11.11111068725586,11.148147583007812,10.814814567565918,11.0,235575.0
1986-02-05T00:00:00.000000000,10.962963104248047,11.11111068725586,10.88888931274414,11.11111068725586,116438.0
1986-02-06T00:00:00.000000000,11.185185432434082,11.259259223937988,11.0,11.0,771863.0
1986-02-07T00:00:00.000000000,10.962963104248047,11.074073791503906,10.703703880310059,11.074073791503906,209250.0
1986-02-10T00:00:00.000000000,11.11111068725586,11.296296119689941,11.074073791503906,11.296296119689941,132975.0
1986-02-11T00:00:00.000000000,11.333333015441895,11.370369911193848,11.185185432434082,11.185185432434082,298350.0
1986-02-12T00:00:00.000000000,11.259259223937988,11.259259223937988,11.074073791503906,11.11111068725586,49275.0
1986-02-13T00:00:00.000000000,11.037036895751953,11.037036895751953,10.740740776062012,10.88888931274414,216675.0
1986-02-14T00:00:00.000000000,11.037036895751953,11.037036895751953,10.962963104248047,10.962963104248047,454275.0
1986-02-18T00:00:00.000000000,10.962963104248047,11.259259223937988,10.925926208496094,11.148147583007812,426938.0
1986-02-19T00:00:00.000000000,11.11111068725586,11.185185432434082,11.11111068725586,11.11111068725586,339863.0
1986-02-20T00:00:00.000000000,11.185185432434082,11.444443702697754,11.11111068725586,11.370369911193848,189675.0
1986-02-21T00:00:00.000000000,11.444443702697754,11.851852416992188,11.4074068069458,11.851852416992188,537300.0
1986-02-24T00:00:00.000000000,11.88888931274414,12.074073791503906,11.851852416992188,11.925926208496094,192713.0
1986-02-25T00:00:00.000000000,11.88888931274414,12.0,11.88888931274414,11.962963104248047,110363.0
1986-02-26T00:00:00.000000000,11.962963104248047,12.074073791503906,11.777777671813965,11.777777671813965,319613.0
1986-02-27T00:00:00.000000000,11.851852416992188,11.88888931274414,11.777777671813965,11.851852416992188,89438.0
1986-02-28T00:00:00.000000000,11.925926208496094,11.925926208496094,11.481480598449707,11.555556297302246,378338.0
1986-03-03T00:00:00.000000000,11.555556297302246,11.629630088806152,11.370369911193848,11.444443702697754,305438.0
1986-03-04T00:00:00.000000000,11.222222328186035,11.481480598449707,11.074073791503906,11.222222328186035,376313.0
1986-03-05T00:00:00.000000000,11.222222328186035,11.4074068069458,11.148147583007812,11.4074068069458,284850.0
1986-03-06T00:00:00.000000000,11.555556297302246,11.851852416992188,11.555556297302246,11.814814567565918,292950.0
1986-03-07T00:00:00.000000000,11.851852416992188,12.148147583007812,11.814814567565918,12.148147583007812,555863.0
1986-03-10T00:00:00.000000000,12.222222328186035,12.333333015441895,12.185185432434082,12.259259223937988,221738.0
1986-03-11T00:00:00.000000000,12.333333015441895,12.962963104248047,12.333333015441895,12.740740776062012,327375.0
1986-03-12T00:00:00.000000000,12.740740776062012,13.333333015441895,12.666666984558105,12.740740776062012,454613.0
1986-03-13T00:00:00.000000000,12.703703880310059,12.777777671813965,12.555556297302246,12.555556297302246,201825.0
1986-03-14T00:00:00.000000000,12.629630088806152,12.88888931274414,12.5925931930542,12.88888931274414,288900.0
1986-03-17T00:00:00.000000000,12.814814567565918,12.88888931274414,12.333333015441895,12.88888931274414,357075.0
1986-03-18T00:00:00.000000000,12.666666984558105,12.88888931274414,12.666666984558105,12.814814567565918,113063.0
1986-03-19T00:00:00.000000000,12.814814567565918,13.0,12.740740776062012,12.851852416992188,166388.0
1986-03-20T00:00:00.000000000,12.925926208496094,12.962963104248047,12.666666984558105,12.703703880310059,245025.0
1986-03-21T00:00:00.000000000,12.777777671813965,12.814814567565918,12.666666984558105,12.666666984558105,363150.0
1986-03-24T00:00:00.000000000,12.740740776062012,12.925926208496094,12.703703880310059,12.925926208496094,222413.0
1986-03-25T00:00:00.000000000,12.962963104248047,13.0,12.814814567565918,13.0,346275.0
1986-03-26T00:00:00.000000000,13.0,13.185185432434082,13.0,13.074073791503906,276075.0
1986-03-27T00:00:00.000000000,13.148147583007812,13.333333015441895,12.925926208496094,13.037036895751953,240300.0
1986-03-31T00:00:00.000000000,12.962963104248047,13.0,12.777777671813965,12.814814567565918,187650.0
1986-04-01T00:00:00.000000000,12.814814567565918,12.851852416992188,12.740740776062012,12.851852416992188,501525.0
1986-04-02T00:00:00.000000000,12.777777671813965,12.814814567565918,12.703703880310059,12.814814567565918,389813.0
1986-04-03T00:00:00.000000000,12.851852416992188,12.88888931274414,12.740740776062012,12.814814567565918,274725.0
1986-04-04T00:00:00.000000000,12.851852416992188,12.851852416992188,12.5925931930542,12.5925931930542,295988.0
1986-04-07T00:00:00.000000000,12.5925931930542,12.5925931930542,12.444443702697754,12.444443702697754,471150.0
1986-04-08T00:00:00.000000000,12.4074068069458,12.703703880310059,12.4074068069458,12.629630088806152,154575.0
1986-04-09T00:00:00.000000000,12.629630088806152,12.814814567565918,12.629630088806152,12.777777671813965,251438.0
1986-04-10T00:00:00.000000000,12.777777671813965,12.777777671813965,12.629630088806152,12.703703880310059,68850.0
1986-04-11T00:00:00.000000000,12.666666984558105,12.703703880310059,12.555556297302246,12.666666984558105,86063.0
1986-04-14T00:00:00.000000000,12.5925931930542,12.629630088806152,12.518519401550293,12.555556297302246,45900.0
1986-04-15T00:00:00.000000000,12.518519401550293,12.666666984558105,12.518519401550293,12.629630088806152,115088.0
1986-04-16T00:00:00.000000000,12.629630088806152,12.703703880310059,12.555556297302246,12.555556297302246,65138.0
1986-04-17T00:00:00.000000000,12.5925931930542,12.629630088806152,12.370369911193848,12.5925931930542,305775.0
1986-04-18T00:00:00.000000000,12.555556297302246,12.5925931930542,12.370369911193848,12.481480598449707,321300.0
1986-04-21T00:00:00.000000000,12.481480598449707,12.555556297302246,12.11111068725586,12.370369911193848,147150.0
1986-04-22T00:00:00.000000000,12.333333015441895,12.88888931274414,12.333333015441895,12.5925931930542,358088.0
1986-04-23T00:00:00.000000000,12.666666984558105,13.0,12.666666984558105,12.962963104248047,103613.0
1986-04-24T00:00:00.000000000,12.925926208496094,13.037036895751953,12.925926208496094,12.925926208496094,213975.0
1986-04-25T00:00:00.000000000,12.962963104248047,13.11111068725586,12.962963104248047,13.11111068725586,260550.0
1986-04-28T00:00:00.000000000,13.259259223937988,13.333333015441895,13.148147583007812,13.296296119689941,214650.0
1986-04-29T00:00:00.000000000,13.259259223937988,13.296296119689941,13.074073791503906,13.11111068725586,1005413.0
1986-04-30T00:00:00.000000000,13.11111068725586,13.185185432434082,13.037036895751953,13.11111068725586,154575.0
1986-05-01T00:00:00.000000000,13.074073791503906,13.11111068725586,13.037036895751953,13.11111068725586,94500.0
1986-05-02T00:00:00.000000000,13.074073791503906,13.074073791503906,12.925926208496094,12.925926208496094,593663.0
1986-05-05T00:00:00.000000000,12.851852416992188,12.925926208496094,12.814814567565918,12.814814567565918,490050.0
1986-05-06T00:00:00.000000000,12.851852416992188,12.88888931274414,12.740740776062012,12.777777671813965,176850.0
1986-05-07T00:00:00.000000000,12.851852416992188,13.0,12.851852416992188,13.0,124875.0
1986-05-08T00:00:00.000000000,13.0,13.037036895751953,12.88888931274414,12.88888931274414,61425.0
1986-05-09T00:00:00.000000000,12.962963104248047,13.185185432434082,12.88888931274414,13.148147583007812,186300.0
1986-05-12T00:00:00.000000000,13.222222328186035,13.333333015441895,13.222222328186035,13.296296119689941,275738.0
1986-05-13T00:00:00.000000000,13.296296119689941,13.333333015441895,13.222222328186035,13.259259223937988,263925.0
1986-05-14T00:00:00.000000000,13.222222328186035,13.444443702697754,13.148147583007812,13.444443702697754,127913.0
1986-05-15T00:00:00.000000000,13.370369911193848,13.444443702697754,13.333333015441895,13.370369911193848,130275.0
1986-05-16T00:00:00.000000000,13.296296119689941,13.4074068069458,13.222222328186035,13.333333015441895,118125.0
1986-05-19T00:00:00.000000000,13.296296119689941,13.444443702697754,13.259259223937988,13.333333015441895,127575.0
1986-05-20T00:00:00.000000000,13.296296119689941,13.518519401550293,13.296296119689941,13.481480598449707,76613.0
1986-05-21T00:00:00.000000000,13.555556297302246,13.5925931930542,13.259259223937988,13.259259223937988,204188.0
1986-05-22T00:00:00.000000000,13.296296119689941,13.777777671813965,13.296296119689941,13.629630088806152,259200.0
1986-05-23T00:00:00.000000000,13.740740776062012,13.925926208496094,13.740740776062012,13.851852416992188,172800.0
1986-05-27T00:00:00.000000000,13.925926208496094,14.185185432434082,13.88888931274414,14.148147583007812,149513.0
1986-05-28T00:00:00.000000000,14.074073791503906,14.222222328186035,14.074073791503906,14.148147583007812,383738.0
1986-05-29T00:00:00.000000000,14.185185432434082,14.222222328186035,14.074073791503906,14.185185432434082,327038.0
1986-05-30T00:00:00.000000000,14.11111068725586,14.333333015441895,14.0,14.074073791503906,218363.0
1986-06-02T00:00:00.000000000,14.074073791503906,14.222222328186035,13.962963104248047,14.148147583007812,422213.0
1986-06-03T00:00:00.000000000,14.259259223937988,14.259259223937988,14.074073791503906,14.259259223937988,202163.0
1986-06-04T00:00:00.000000000,14.222222328186035,14.259259223937988,14.11111068725586,14.11111068725586,345938.0
1986-06-05T00:00:00.000000000,14.148147583007812,14.259259223937988,14.11111068725586,14.222222328186035,182250.0
1986-06-06T00:00:00.000000000,14.259259223937988,14.259259223937988,13.925926208496094,13.925926208496094,398925.0
1986-06-09T00:00:00.000000000,13.925926208496094,14.0,13.814814567565918,13.814814567565918,146475.0
1986-06-10T00:00:00.000000000,13.777777671813965,13.814814567565918,13.629630088806152,13.629630088806152,159638.0
1986-06-11T00:00:00.000000000,13.629630088806152,13.88888931274414,13.629630088806152,13.88888931274414,138713.0
1986-06-12T00:00:00.000000000,13.925926208496094,13.962963104248047,13.814814567565918,13.814814567565918,108675.0
1986-06-13T00:00:00.000000000,13.88888931274414,14.0,13.814814567565918,14.0,137363.0
1986-06-16T00:00:00.000000000,14.0,14.037036895751953,13.88888931274414,14.037036895751953,69863.0
1986-06-17T00:00:00.000000000,13.962963104248047,14.037036895751953,13.777777671813965,13.851852416992188,114750.0
1986-06-18T00:00:00.000000000,13.814814567565918,13.88888931274414,13.777777671813965,13.777777671813965,277425.0
1986-06-19T00:00:00.000000000,13.740740776062012,13.777777671813965,13.4074068069458,13.4074068069458,173138.0
1986-06-20T00:00:00.000000000,13.444443702697754,13.629630088806152,13.185185432434082,13.629630088806152,406350.0
1986-06-23T00:00:00.000000000,13.5925931930542,13.5925931930542,13.481480598449707,13.518519401550293,133988.0
1986-06-24T00:00:00.000000000,13.629630088806152,13.851852416992188,13.555556297302246,13.740740776062012,323663.0
1986-06-25T00:00:00.000000000,13.777777671813965,13.851852416992188,13.629630088806152,13.629630088806152,85050.0
1986-06-26T00:00:00.000000000,13.703703880310059,13.703703880310059,13.5925931930542,13.5925931930542,206550.0
1986-06-27T00:00:00.000000000,13.5925931930542,13.5925931930542,13.444443702697754,13.444443702697754,130613.0
1986-06-30T00:00:00.000000000,13.481480598449707,13.5925931930542,13.4074068069458,13.5925931930542,86063.0
1986-07-01T00:00:00.000000000,13.629630088806152,13.777777671813965,13.5925931930542,13.703703880310059,118125.0
1986-07-02T00:00:00.000000000,13.851852416992188,14.148147583007812,13.740740776062012,14.074073791503906,223088.0
1986-07-03T00:00:00.000000000,14.11111068725586,14.11111068725586,13.777777671813965,13.851852416992188,56363.0
1986-07-07T00:00:00.000000000,13.814814567565918,13.851852416992188,13.5925931930542,13.629630088806152,187988.0
1986-07-08T00:00:00.000000000,13.5925931930542,13.666666984558105,13.481480598449707,13.629630088806152,372600.0
1986-07-09T00:00:00.000000000,13.629630088806152,13.666666984558105,13.555556297302246,13.555556297302246,703013.0
1986-07-10T00:00:00.000000000,13.518519401550293,13.555556297302246,13.037036895751953,13.185185432434082,169425.0
1986-07-11T00:00:00.000000000,13.148147583007812,13.148147583007812,13.037036895751953,13.11111068725586,558225.0
1986-07-14T00:00:00.000000000,13.074073791503906,13.259259223937988,13.037036895751953,13.259259223937988,159638.0
1986-07-15T00:00:00.000000000,13.222222328186035,13.370369911193848,12.88888931274414,13.0,241988.0
1986-07-16T00:00:00.000000000,13.037036895751953,13.185185432434082,13.0,13.148147583007812,235575.0
1986-07-17T00:00:00.000000000,13.11111068725586,13.222222328186035,13.11111068725586,13.185185432434082,50963.0
1986-07-18T00:00:00.000000000,13.259259223937988,13.444443702697754,13.185185432434082,13.370369911193848,99225.0
1986-07-21T00:00:00.000000000,13.4074068069458,13.629630088806152,13.370369911193848,13.629630088806152,191363.0
1986-07-22T00:00:00.000000000,13.5925931930542,13.814814567565918,13.5925931930542,13.777777671813965,368888.0
1986-07-23T00:00:00.000000000,13.777777671813965,13.777777671813965,13.703703880310059,13.703703880310059,229500.0
1986-07-24T00:00:00.000000000,13.777777671813965,13.925926208496094,13.740740776062012,13.851852416992188,298013.0
1986-07-25T00:00:00.000000000,13.925926208496094,14.0,13.88888931274414,13.962963104248047,200138.0
1986-07-28T00:00:00.000000000,13.88888931274414,13.925926208496094,13.333333015441895,13.4074068069458,102938.0
1986-07-29T00:00:00.000000000,13.4074068069458,13.481480598449707,13.259259223937988,13.333333015441895,70875.0
1986-07-30T00:00:00.000000000,13.259259223937988,13.740740776062012,13.222222328186035,13.703703880310059,122850.0
1986-07-31T00:00:00.000000000,13.629630088806152,13.629630088806152,13.481480598449707,13.481480598449707,148163.0
1986-08-01T00:00:00.000000000,13.370369911193848,13.4074068069458,13.222222328186035,13.296296119689941,130275.0
1986-08-04T00:00:00.000000000,13.222222328186035,13.444443702697754,13.0,13.370369911193848,97538.0
1986-08-05T00:00:00.000000000,13.370369911193848,13.481480598449707,13.296296119689941,13.4074068069458,45225.0
1986-08-06T00:00:00.000000000,13.333333015441895,13.444443702697754,13.222222328186035,13.4074068069458,209588.0
1986-08-07T00:00:00.000000000,13.4074068069458,13.481480598449707,13.259259223937988,13.259259223937988,93488.0
1986-08-08T00:00:00.000000000,13.333333015441895,13.333333015441895,13.037036895751953,13.037036895751953,382050.0
1986-08-11T00:00:00.000000000,13.0,13.11111068725586,12.925926208496094,13.037036895751953,198788.0
1986-08-12T00:00:00.000000000,13.11111068725586,13.296296119689941,13.074073791503906,13.296296119689941,154913.0
1986-08-13T00:00:00.000000000,13.333333015441895,13.555556297302246,13.296296119689941,13.333333015441895,344925.0
1986-08-14T00:00:00.000000000,13.259259223937988,13.481480598449707,13.222222328186035,13.370369911193848,285863.0
1986-08-15T00:00:00.000000000,13.333333015441895,13.4074068069458,13.185185432434082,13.296296119689941,67500.0
1986-08-18T00:00:00.000000000,13.259259223937988,13.259259223937988,12.962963104248047,13.11111068725586,194400.0
1986-08-19T00:00:00.000000000,13.074073791503906,13.370369911193848,13.074073791503906,13.296296119689941,97875.0
1986-08-20T00:00:00.000000000,13.333333015441895,13.555556297302246,13.296296119689941,13.555556297302246,250763.0
1986-08-21T00:00:00.000000000,13.555556297302246,13.555556297302246,13.333333015441895,13.4074068069458,149850.0
1986-08-22T00:00:00.000000000,13.4074068069458,13.4074068069458,13.222222328186035,13.259259223937988,54338.0
1986-08-25T00:00:00.000000000,13.296296119689941,13.296296119689941,12.962963104248047,13.148147583007812,174150.0
1986-08-26T00:00:00.000000000,13.11111068725586,13.333333015441895,13.11111068725586,13.333333015441895,567338.0
1986-08-27T00:00:00.000000000,13.259259223937988,13.481480598449707,13.222222328186035,13.4074068069458,109013.0
1986-08-28T00:00:00.000000000,13.333333015441895,13.444443702697754,13.259259223937988,13.4074068069458,263588.0
1986-08-29T00:00:00.000000000,13.370369911193848,13.703703880310059,13.370369911193848,13.703703880310059,356063.0
1986-09-02T00:00:00.000000000,13.370369911193848,13.629630088806152,13.370369911193848,13.370369911193848,137363.0
1986-09-03T00:00:00.000000000,13.333333015441895,13.5925931930542,13.333333015441895,13.5925931930542,153225.0
1986-09-04T00:00:00.000000000,13.555556297302246,13.703703880310059,13.518519401550293,13.629630088806152,300713.0
1986-09-05T00:00:00.000000000,13.481480598449707,13.629630088806152,13.222222328186035,13.222222328186035,151200.0
1986-09-08T00:00:00.000000000,13.296296119689941,13.481480598449707,13.148147583007812,13.4074068069458,91463.0
1986-09-09T00:00:00.000000000,13.4074068069458,13.444443702697754,13.11111068725586,13.333333015441895,162000.0
1986-09-10T00:00:00.000000000,13.259259223937988,13.296296119689941,13.11111068725586,13.222222328186035,123863.0
1986-09-11T00:00:00.000000000,13.148147583007812,13.148147583007812,12.148147583007812,12.296296119689941,563288.0
1986-09-12T00:00:00.000000000,12.296296119689941,12.333333015441895,11.851852416992188,12.222222328186035,656100.0
1986-09-15T00:00:00.000000000,12.296296119689941,12.370369911193848,12.148147583007812,12.296296119689941,289238.0
1986-09-16T00:00:00.000000000,12.296296119689941,12.333333015441895,12.185185432434082,12.333333015441895,180563.0
1986-09-17T00:00:00.000000000,12.333333015441895,12.4074068069458,12.259259223937988,12.259259223937988,166725.0
1986-09-18T00:00:00.000000000,12.296296119689941,12.4074068069458,12.185185432434082,12.333333015441895,187650.0
1986-09-19T00:00:00.000000000,12.296296119689941,12.296296119689941,12.185185432434082,12.296296119689941,182250.0
1986-09-22T00:00:00.000000000,12.296296119689941,12.296296119689941,12.148147583007812,12.185185432434082,367538.0
1986-09-23T00:00:00.000000000,12.148147583007812,12.444443702697754,12.148147583007812,12.444443702697754,225113.0
1986-09-24T00:00:00.000000000,12.444443702697754,12.666666984558105,12.444443702697754,12.666666984558105,133313.0
1986-09-25T00:00:00.000000000,12.666666984558105,12.740740776062012,12.444443702697754,12.5925931930542,186300.0
1986-09-26T00:00:00.000000000,12.629630088806152,12.629630088806152,12.444443702697754,12.444443702697754,227475.0
1986-09-29T00:00:00.000000000,12.444443702697754,12.444443702697754,12.296296119689941,12.444443702697754,126225.0
1986-09-30T00:00:00.000000000,12.444443702697754,12.5925931930542,12.296296119689941,12.296296119689941,470813.0
1986-10-01T00:00:00.000000000,12.370369911193848,12.555556297302246,12.296296119689941,12.4074068069458,286875.0
1986-10-02T00:00:00.000000000,12.444443702697754,12.444443702697754,12.296296119689941,12.296296119689941,31725.0
1986-10-03T00:00:00.000000000,12.370369911193848,12.5925931930542,12.370369911193848,12.518519401550293,128588.0
1986-10-06T00:00:00.000000000,12.481480598449707,12.703703880310059,12.4074068069458,12.444443702697754,96188.0
1986-10-07T00:00:00.000000000,12.444443702697754,12.481480598449707,12.444443702697754,12.444443702697754,57375.0
1986-10-08T00:00:00.000000000,12.370369911193848,12.666666984558105,12.370369911193848,12.555556297302246,139725.0
1986-10-09T00:00:00.000000000,12.518519401550293,12.703703880310059,12.518519401550293,12.5925931930542,99563.0
1986-10-10T00:00:00.000000000,12.629630088806152,12.703703880310059,12.5925931930542,12.703703880310059,334125.0
1986-10-13T00:00:00.000000000,12.703703880310059,12.703703880310059,12.5925931930542,12.666666984558105,20925.0
1986-10-14T00:00:00.000000000,12.703703880310059,12.814814567565918,12.666666984558105,12.666666984558105,95850.0
1986-10-15T00:00:00.000000000,12.666666984558105,12.814814567565918,12.5925931930542,12.740740776062012,91125.0
1986-10-16T00:00:00.000000000,12.740740776062012,12.740740776062012,12.481480598449707,12.703703880310059,191700.0
1986-10-17T00:00:00.000000000,12.703703880310059,12.777777671813965,12.5925931930542,12.666666984558105,150863.0
1986-10-20T00:00:00.000000000,12.5925931930542,12.5925931930542,12.4074068069458,12.444443702697754,99900.0
1986-10-21T00:00:00.000000000,12.518519401550293,12.555556297302246,12.370369911193848,12.555556297302246,137025.0
1986-10-22T00:00:00.000000000,12.740740776062012,12.851852416992188,12.740740776062012,12.777777671813965,189675.0
1986-10-23T00:00:00.000000000,12.740740776062012,12.740740776062012,12.5925931930542,12.740740776062012,113400.0
1986-10-24T00:00:00.000000000,12.740740776062012,12.740740776062012,12.444443702697754,12.444443702697754,99563.0
1986-10-27T00:00:00.000000000,12.444443702697754,12.629630088806152,12.370369911193848,12.555556297302246,131288.0
1986-10-28T00:00:00.000000000,12.629630088806152,12.666666984558105,12.518519401550293,12.629630088806152,207900.0
1986-10-29T00:00:00.000000000,12.666666984558105,13.0,12.666666984558105,12.962963104248047,221063.0
1986-10-30T00:00:00.000000000,13.11111068725586,13.259259223937988,13.074073791503906,13.185185432434082,196425.0
1986-10-31T00:00:00.000000000,13.222222328186035,13.222222328186035,12.851852416992188,12.88888931274414,77288.0
1986-11-03T00:00:00.000000000,12.962963104248047,13.148147583007812,12.925926208496094,13.11111068725586,130275.0
1986-11-04T00:00:00.000000000,13.222222328186035,13.222222328186035,13.037036895751953,13.185185432434082,348300.0
1986-11-05T00:00:00.000000000,13.222222328186035,13.333333015441895,13.074073791503906,13.148147583007812,218025.0
1986-11-06T00:00:00.000000000,13.074073791503906,13.11111068725586,12.962963104248047,13.0,77963.0
1986-11-07T00:00:00.000000000,13.0,13.148147583007812,12.925926208496094,12.925926208496094,216338.0
1986-11-10T00:00:00.000000000,12.962963104248047,12.962963104248047,12.666666984558105,12.777777671813965,124200.0
1986-11-11T00:00:00.000000000,12.777777671813965,12.88888931274414,12.740740776062012,12.88888931274414,176175.0
1986-11-12T00:00:00.000000000,12.88888931274414,12.962963104248047,12.814814567565918,12.925926208496094,202163.0
1986-11-13T00:00:00.000000000,13.0,13.0,12.703703880310059,12.703703880310059,122850.0
1986-11-14T00:00:00.000000000,12.666666984558105,12.740740776062012,12.629630088806152,12.703703880310059,177525.0
1986-11-17T00:00:00.000000000,12.629630088806152,12.814814567565918,12.629630088806152,12.740740776062012,145800.0
1986-11-18T00:00:00.000000000,12.666666984558105,12.703703880310059,12.481480598449707,12.518519401550293,271350.0
1986-11-19T00:00:00.000000000,12.481480598449707,12.777777671813965,12.481480598449707,12.777777671813965,124875.0
1986-11-20T00:00:00.000000000,12.703703880310059,13.148147583007812,12.703703880310059,13.148147583007812,400950.0
1986-11-21T00:00:00.000000000,13.185185432434082,13.370369911193848,13.185185432434082,13.296296119689941,352350.0
1986-11-24T00:00:00.000000000,13.222222328186035,13.444443702697754,13.222222328186035,13.444443702697754,203850.0
1986-11-25T00:00:00.000000000,13.444443702697754,13.777777671813965,13.370369911193848,13.740740776062012,298688.0
1986-11-26T00:00:00.000000000,13.777777671813965,14.0,13.777777671813965,13.88888931274414,295313.0
1986-11-28T00:00:00.000000000,13.88888931274414,13.925926208496094,13.296296119689941,13.333333015441895,125888.0
1986-12-01T00:00:00.000000000,13.481480598449707,13.629630088806152,13.296296119689941,13.629630088806152,206550.0
1986-12-02T00:00:00.000000000,13.777777671813965,13.925926208496094,13.629630088806152,13.777777671813965,381038.0
1986-12-03T00:00:00.000000000,13.777777671813965,13.814814567565918,13.629630088806152,13.740740776062012,647325.0
1986-12-04T00:00:00.000000000,13.666666984558105,13.703703880310059,13.518519401550293,13.666666984558105,81675.0
1986-12-05T00:00:00.000000000,13.629630088806152,13.666666984558105,13.333333015441895,13.444443702697754,242325.0
1986-12-08T00:00:00.000000000,13.481480598449707,13.518519401550293,13.185185432434082,13.333333015441895,164025.0
1986-12-09T00:00:00.000000000,13.333333015441895,13.370369911193848,13.148147583007812,13.185185432434082,51975.0
1986-12-10T00:00:00.000000000,13.259259223937988,13.333333015441895,13.222222328186035,13.333333015441895,190350.0
1986-12-11T00:00:00.000000000,13.259259223937988,13.333333015441895,12.962963104248047,13.333333015441895,286538.0
1986-12-12T00:00:00.000000000,13.333333015441895,13.333333015441895,13.185185432434082,13.185185432434082,165038.0
1986-12-15T00:00:00.000000000,13.259259223937988,13.333333015441895,13.148147583007812,13.333333015441895,137025.0
1986-12-16T00:00:00.000000000,13.333333015441895,13.333333015441895,13.222222328186035,13.333333015441895,214313.0
1986-12-17T00:00:00.000000000,13.333333015441895,13.370369911193848,13.222222328186035,13.296296119689941,140400.0
1986-12-18T00:00:00.000000000,13.222222328186035,13.481480598449707,13.222222328186035,13.444443702697754,269663.0
1986-12-19T00:00:00.000000000,13.444443702697754,13.5925931930542,13.4074068069458,13.5925931930542,393525.0
1986-12-22T00:00:00.000000000,13.5925931930542,13.5925931930542,13.296296119689941,13.518519401550293,553838.0
1986-12-23T00:00:00.000000000,13.555556297302246,13.5925931930542,13.11111068725586,13.296296119689941,632813.0
1986-12-24T00:00:00.000000000,13.185185432434082,13.222222328186035,12.962963104248047,13.0,203513.0
1986-12-26T00:00:00.000000000,13.0,13.0,12.740740776062012,12.925926208496094,242325.0
1986-12-29T00:00:00.000000000,13.0,13.074073791503906,12.88888931274414,12.962963104248047,291263.0
1986-12-30T00:00:00.000000000,12.925926208496094,13.0,12.777777671813965,12.925926208496094,130613.0
1986-12-31T00:00:00.000000000,12.962963104248047,13.11111068725586,12.666666984558105,12.777777671813965,163350.0
1987-01-02T00:00:00.000000000,12.814814567565918,13.148147583007812,12.814814567565918,13.148147583007812,323663.0
1987-01-05T00:00:00.000000000,13.222222328186035,13.444443702697754,13.185185432434082,13.370369911193848,425925.0
1987-01-06T00:00:00.000000000,13.4074068069458,13.4074068069458,13.11111068725586,13.185185432434082,155925.0
1987-01-07T00:00:00.000000000,13.185185432434082,13.370369911193848,13.185185432434082,13.333333015441895,245363.0
1987-01-08T00:00:00.000000000,13.4074068069458,13.481480598449707,13.296296119689941,13.444443702697754,158288.0
1987-01-09T00:00:00.000000000,13.444443702697754,13.740740776062012,13.444443702697754,13.740740776062012,264938.0
1987-01-12T00:00:00.000000000,13.740740776062012,13.740740776062012,13.555556297302246,13.629630088806152,111713.0
1987-01-13T00:00:00.000000000,13.703703880310059,13.740740776062012,13.629630088806152,13.666666984558105,86738.0
1987-01-14T00:00:00.000000000,13.740740776062012,14.0,13.703703880310059,13.814814567565918,194063.0
1987-01-15T00:00:00.000000000,13.88888931274414,14.259259223937988,13.851852416992188,14.259259223937988,200813.0
1987-01-16T00:00:00.000000000,14.222222328186035,14.259259223937988,14.074073791503906,14.222222328186035,247725.0
1987-01-19T00:00:00.000000000,14.074073791503906,14.333333015441895,14.037036895751953,14.333333015441895,95175.0
1987-01-20T00:00:00.000000000,14.259259223937988,14.4074068069458,14.185185432434082,14.296296119689941,253800.0
1987-01-21T00:00:00.000000000,14.222222328186035,14.4074068069458,14.074073791503906,14.074073791503906,189338.0
1987-01-22T00:00:00.000000000,14.0,14.481480598449707,14.0,14.4074068069458,244350.0
1987-01-23T00:00:00.000000000,14.370369911193848,15.037036895751953,14.370369911193848,14.370369911193848,395213.0
1987-01-26T00:00:00.000000000,14.5925931930542,14.5925931930542,14.296296119689941,14.481480598449707,1084388.0
1987-01-27T00:00:00.000000000,14.518519401550293,14.925926208496094,14.4074068069458,14.814814567565918,470475.0
1987-01-28T00:00:00.000000000,14.962963104248047,15.0,14.481480598449707,14.777777671813965,197775.0
1987-01-29T00:00:00.000000000,14.814814567565918,14.814814567565918,14.481480598449707,14.629630088806152,85725.0
1987-01-30T00:00:00.000000000,14.629630088806152,15.11111068725586,14.481480598449707,15.11111068725586,264263.0
1987-02-02T00:00:00.000000000,15.037036895751953,15.296296119689941,14.962963104248047,15.222222328186035,115763.0
1987-02-03T00:00:00.000000000,15.11111068725586,15.259259223937988,15.074073791503906,15.11111068725586,290250.0
1987-02-04T00:00:00.000000000,15.185185432434082,15.222222328186035,15.0,15.148147583007812,289238.0
1987-02-05T00:00:00.000000000,15.185185432434082,15.222222328186035,14.814814567565918,15.037036895751953,180225.0
1987-02-06T00:00:00.000000000,15.11111068725586,15.11111068725586,14.851852416992188,14.851852416992188,59738.0
1987-02-09T00:00:00.000000000,14.88888931274414,14.88888931274414,14.555556297302246,14.555556297302246,161663.0
1987-02-10T00:00:00.000000000,14.5925931930542,14.666666984558105,14.259259223937988,14.333333015441895,361463.0
1987-02-11T00:00:00.000000000,14.333333015441895,14.555556297302246,14.222222328186035,14.333333015441895,178875.0
1987-02-12T00:00:00.000000000,14.370369911193848,14.370369911193848,13.962963104248047,14.259259223937988,290250.0
1987-02-13T00:00:00.000000000,14.333333015441895,14.629630088806152,14.259259223937988,14.518519401550293,217350.0
1987-02-17T00:00:00.000000000,14.518519401550293,15.11111068725586,14.444443702697754,15.11111068725586,414113.0
1987-02-18T00:00:00.000000000,15.11111068725586,15.666666984558105,15.11111068725586,15.666666984558105,384075.0
1987-02-19T00:00:00.000000000,15.555556297302246,15.666666984558105,15.518519401550293,15.666666984558105,172800.0
1987-02-20T00:00:00.000000000,15.666666984558105,15.666666984558105,15.259259223937988,15.4074068069458,396225.0
1987-02-23T00:00:00.000000000,15.481480598449707,15.555556297302246,14.814814567565918,15.370369911193848,148163.0
1987-02-24T00:00:00.000000000,15.333333015441895,15.481480598449707,15.259259223937988,15.4074068069458,146138.0
1987-02-25T00:00:00.000000000,15.4074068069458,15.4074068069458,15.074073791503906,15.11111068725586,181238.0
1987-02-26T00:00:00.000000000,14.962963104248047,15.11111068725586,14.666666984558105,15.037036895751953,239288.0
1987-02-27T00:00:00.000000000,15.11111068725586,15.185185432434082,15.037036895751953,15.074073791503906,82013.0
1987-03-02T00:00:00.000000000,15.11111068725586,15.11111068725586,15.037036895751953,15.037036895751953,101588.0
1987-03-03T00:00:00.000000000,15.11111068725586,15.11111068725586,15.0,15.11111068725586,177525.0
1987-03-04T00:00:00.000000000,15.185185432434082,15.518519401550293,15.148147583007812,15.370369911193848,212963.0
1987-03-05T00:00:00.000000000,15.333333015441895,15.629630088806152,15.333333015441895,15.370369911193848,186975.0
1987-03-06T00:00:00.000000000,15.4074068069458,15.4074068069458,15.222222328186035,15.370369911193848,189000.0
1987-03-09T00:00:00.000000000,15.259259223937988,15.4074068069458,15.11111068725586,15.370369911193848,244688.0
1987-03-10T00:00:00.000000000,15.4074068069458,15.703703880310059,15.370369911193848,15.703703880310059,235575.0
1987-03-11T00:00:00.000000000,15.740740776062012,15.814814567565918,15.555556297302246,15.703703880310059,490388.0
1987-03-12T00:00:00.000000000,15.740740776062012,15.777777671813965,15.629630088806152,15.777777671813965,326025.0
1987-03-13T00:00:00.000000000,15.777777671813965,15.814814567565918,15.5925931930542,15.703703880310059,217013.0
1987-03-16T00:00:00.000000000,15.703703880310059,15.703703880310059,15.4074068069458,15.444443702697754,128250.0
1987-03-17T00:00:00.000000000,15.444443702697754,15.629630088806152,15.444443702697754,15.555556297302246,122175.0
1987-03-18T00:00:00.000000000,15.629630088806152,15.629630088806152,15.4074068069458,15.481480598449707,88763.0
1987-03-19T00:00:00.000000000,15.4074068069458,15.518519401550293,15.4074068069458,15.518519401550293,268988.0
1987-03-20T00:00:00.000000000,15.555556297302246,15.5925931930542,15.481480598449707,15.5925931930542,362475.0
1987-03-23T00:00:00.000000000,15.629630088806152,16.074073791503906,15.518519401550293,16.037036895751953,286200.0
1987-03-24T00:00:00.000000000,15.851852416992188,15.962963104248047,15.740740776062012,15.925926208496094,227475.0
1987-03-25T00:00:00.000000000,15.851852416992188,15.925926208496094,15.814814567565918,15.88888931274414,139050.0
1987-03-26T00:00:00.000000000,15.814814567565918,15.962963104248047,15.444443702697754,15.518519401550293,465413.0
1987-03-27T00:00:00.000000000,15.481480598449707,15.481480598449707,15.370369911193848,15.4074068069458,121838.0
1987-03-30T00:00:00.000000000,14.962963104248047,15.11111068725586,14.740740776062012,15.0,291600.0
1987-03-31T00:00:00.000000000,14.962963104248047,15.148147583007812,14.962963104248047,15.037036895751953,448538.0
1987-04-01T00:00:00.000000000,14.925926208496094,15.222222328186035,14.88888931274414,15.148147583007812,614925.0
1987-04-02T00:00:00.000000000,15.296296119689941,15.333333015441895,15.148147583007812,15.185185432434082,221738.0
1987-04-03T00:00:00.000000000,15.222222328186035,15.851852416992188,15.11111068725586,15.851852416992188,383063.0
1987-04-06T00:00:00.000000000,15.777777671813965,16.0,15.740740776062012,15.851852416992188,275738.0
1987-04-07T00:00:00.000000000,15.851852416992188,16.0,15.703703880310059,15.703703880310059,186300.0
1987-04-08T00:00:00.000000000,15.777777671813965,15.777777671813965,15.259259223937988,15.370369911193848,241650.0
1987-04-09T00:00:00.000000000,15.296296119689941,15.370369911193848,15.037036895751953,15.185185432434082,142425.0
1987-04-10T00:00:00.000000000,15.11111068725586,15.518519401550293,15.0,15.481480598449707,300713.0
1987-04-13T00:00:00.000000000,15.555556297302246,15.629630088806152,14.814814567565918,14.88888931274414,145125.0
1987-04-14T00:00:00.000000000,14.814814567565918,15.037036895751953,14.740740776062012,14.851852416992188,433350.0
1987-04-15T00:00:00.000000000,14.814814567565918,15.074073791503906,14.666666984558105,14.925926208496094,328050.0
1987-04-16T00:00:00.000000000,15.037036895751953,15.296296119689941,15.037036895751953,15.037036895751953,154238.0
1987-04-20T00:00:00.000000000,15.037036895751953,15.037036895751953,14.740740776062012,14.925926208496094,218363.0
1987-04-21T00:00:00.000000000,14.925926208496094,15.148147583007812,14.814814567565918,15.148147583007812,339188.0
1987-04-22T00:00:00.000000000,15.148147583007812,15.4074068069458,15.037036895751953,15.259259223937988,230175.0
1987-04-23T00:00:00.000000000,15.222222328186035,15.481480598449707,15.222222328186035,15.296296119689941,151538.0
1987-04-24T00:00:00.000000000,15.222222328186035,15.259259223937988,15.037036895751953,15.037036895751953,337838.0
1987-04-27T00:00:00.000000000,15.037036895751953,15.037036895751953,14.777777671813965,14.851852416992188,902138.0
1987-04-28T00:00:00.000000000,14.962963104248047,15.037036895751953,14.814814567565918,14.88888931274414,227138.0
1987-04-29T00:00:00.000000000,14.88888931274414,15.074073791503906,14.851852416992188,14.962963104248047,179213.0
1987-04-30T00:00:00.000000000,14.962963104248047,15.333333015441895,14.962963104248047,15.11111068725586,158625.0
1987-05-01T00:00:00.000000000,15.148147583007812,15.148147583007812,14.814814567565918,14.88888931274414,429975.0
1987-05-04T00:00:00.000000000,14.962963104248047,15.037036895751953,14.777777671813965,14.962963104248047,267300.0
1987-05-05T00:00:00.000000000,14.88888931274414,15.037036895751953,14.88888931274414,14.962963104248047,423563.0
1987-05-06T00:00:00.000000000,15.0,15.11111068725586,14.962963104248047,15.11111068725586,250763.0
1987-05-07T00:00:00.000000000,15.11111068725586,15.4074068069458,15.11111068725586,15.370369911193848,334463.0
1987-05-08T00:00:00.000000000,15.481480598449707,15.518519401550293,15.370369911193848,15.4074068069458,274388.0
1987-05-11T00:00:00.000000000,15.4074068069458,15.555556297302246,14.777777671813965,14.777777671813965,240975.0
1987-05-12T00:00:00.000000000,14.814814567565918,15.222222328186035,14.814814567565918,15.222222328186035,77963.0
1987-05-13T00:00:00.000000000,15.333333015441895,15.333333015441895,15.037036895751953,15.185185432434082,160313.0
1987-05-14T00:00:00.000000000,15.11111068725586,15.185185432434082,14.925926208496094,15.0,104625.0
1987-05-15T00:00:00.000000000,14.962963104248047,14.962963104248047,14.814814567565918,14.851852416992188,174825.0
1987-05-18T00:00:00.000000000,14.777777671813965,14.814814567565918,14.703703880310059,14.740740776062012,339863.0
1987-05-19T00:00:00.000000000,14.740740776062012,14.814814567565918,14.259259223937988,14.259259223937988,386100.0
1987-05-20T00:00:00.000000000,14.222222328186035,14.518519401550293,14.037036895751953,14.222222328186035,331088.0
1987-05-21T00:00:00.000000000,14.333333015441895,14.444443702697754,14.259259223937988,14.259259223937988,222750.0
1987-05-22T00:00:00.000000000,14.333333015441895,14.555556297302246,14.333333015441895,14.555556297302246,142088.0
1987-05-26T00:00:00.000000000,14.518519401550293,14.777777671813965,14.518519401550293,14.777777671813965,170438.0
1987-05-27T00:00:00.000000000,14.777777671813965,14.814814567565918,14.703703880310059,14.740740776062012,161663.0
1987-05-28T00:00:00.000000000,15.555556297302246,15.722222328186035,14.722222328186035,15.555556297302246,316800.0
1987-05-29T00:00:00.000000000,15.666666984558105,15.833333015441895,15.333333015441895,15.38888931274414,256725.0
1987-06-01T00:00:00.000000000,14.944443702697754,15.11111068725586,14.666666984558105,14.777777671813965,194625.0
1987-06-02T00:00:00.000000000,14.722222328186035,14.88888931274414,14.38888931274414,14.722222328186035,133875.0
1987-06-03T00:00:00.000000000,14.777777671813965,15.277777671813965,14.777777671813965,14.88888931274414,204075.0
1987-06-04T00:00:00.000000000,15.0,15.277777671813965,14.944443702697754,15.277777671813965,132075.0
1987-06-05T00:00:00.000000000,15.333333015441895,15.38888931274414,14.833333015441895,15.0,310725.0
1987-06-08T00:00:00.000000000,15.055556297302246,15.11111068725586,14.722222328186035,15.055556297302246,124200.0
1987-06-09T00:00:00.000000000,15.0,15.0,14.777777671813965,14.944443702697754,164925.0
1987-06-10T00:00:00.000000000,14.944443702697754,15.277777671813965,14.722222328186035,15.0,239175.0
1987-06-11T00:00:00.000000000,15.11111068725586,15.11111068725586,14.944443702697754,15.0,115200.0
1987-06-12T00:00:00.000000000,14.88888931274414,15.0,14.666666984558105,14.666666984558105,386550.0
1987-06-15T00:00:00.000000000,14.777777671813965,15.166666984558105,14.777777671813965,15.166666984558105,194850.0
1987-06-16T00:00:00.000000000,15.166666984558105,15.944443702697754,15.0,15.944443702697754,188550.0
1987-06-17T00:00:00.000000000,16.166667938232422,16.166667938232422,15.944443702697754,16.0,223875.0
1987-06-18T00:00:00.000000000,16.11111068725586,16.38888931274414,16.0,16.38888931274414,180675.0
1987-06-19T00:00:00.000000000,16.77777862548828,16.77777862548828,16.55555534362793,16.72222137451172,688950.0
1987-06-22T00:00:00.000000000,16.72222137451172,16.77777862548828,16.61111068725586,16.666667938232422,380925.0
1987-06-23T00:00:00.000000000,16.77777862548828,16.88888931274414,16.61111068725586,16.88888931274414,292050.0
1987-06-24T00:00:00.000000000,16.833332061767578,17.55555534362793,16.833332061767578,17.22222137451172,236250.0
1987-06-25T00:00:00.000000000,17.27777862548828,17.55555534362793,17.166667938232422,17.44444465637207,182250.0
1987-06-26T00:00:00.000000000,17.27777862548828,17.27777862548828,16.94444465637207,17.0,162450.0
1987-06-29T00:00:00.000000000,17.11111068725586,17.333332061767578,16.88888931274414,16.88888931274414,128475.0
1987-06-30T00:00:00.000000000,16.88888931274414,16.94444465637207,16.22222137451172,16.5,154575.0
1987-07-01T00:00:00.000000000,16.61111068725586,16.61111068725586,16.11111068725586,16.61111068725586,105750.0
1987-07-02T00:00:00.000000000,16.666667938232422,17.22222137451172,16.5,17.0,281250.0
1987-07-06T00:00:00.000000000,17.05555534362793,17.05555534362793,16.88888931274414,16.94444465637207,219375.0
1987-07-07T00:00:00.000000000,16.94444465637207,17.22222137451172,16.94444465637207,17.22222137451172,216000.0
1987-07-08T00:00:00.000000000,17.27777862548828,17.55555534362793,17.11111068725586,17.166667938232422,226800.0
1987-07-09T00:00:00.000000000,17.11111068725586,17.38888931274414,17.0,17.0,53100.0
1987-07-10T00:00:00.000000000,17.11111068725586,17.11111068725586,16.88888931274414,17.11111068725586,78300.0
1987-07-13T00:00:00.000000000,17.11111068725586,17.166667938232422,16.88888931274414,17.05555534362793,101700.0
1987-07-14T00:00:00.000000000,16.94444465637207,17.333332061767578,16.88888931274414,17.333332061767578,123750.0
1987-07-15T00:00:00.000000000,17.166667938232422,17.22222137451172,16.94444465637207,17.05555534362793,214200.0
1987-07-16T00:00:00.000000000,17.166667938232422,17.333332061767578,17.11111068725586,17.27777862548828,176400.0
1987-07-17T00:00:00.000000000,17.27777862548828,17.77777862548828,17.27777862548828,17.77777862548828,213975.0
1987-07-20T00:00:00.000000000,17.666667938232422,17.666667938232422,17.5,17.55555534362793,120825.0
1987-07-21T00:00:00.000000000,17.5,17.61111068725586,17.38888931274414,17.5,235800.0
1987-07-22T00:00:00.000000000,17.666667938232422,17.72222137451172,17.55555534362793,17.666667938232422,175725.0
1987-07-23T00:00:00.000000000,17.72222137451172,17.833332061767578,17.666667938232422,17.77777862548828,276300.0
1987-07-24T00:00:00.000000000,17.77777862548828,17.88888931274414,17.666667938232422,17.833332061767578,199800.0
1987-07-27T00:00:00.000000000,17.833332061767578,17.88888931274414,17.72222137451172,17.77777862548828,223650.0
1987-07-28T00:00:00.000000000,17.77777862548828,17.88888931274414,17.72222137451172,17.833332061767578,108675.0
1987-07-29T00:00:00.000000000,17.72222137451172,17.94444465637207,17.72222137451172,17.94444465637207,292275.0
1987-07-30T00:00:00.000000000,18.11111068725586,18.22222137451172,18.05555534362793,18.11111068725586,226125.0
1987-07-31T00:00:00.000000000,18.05555534362793,18.166667938232422,17.88888931274414,18.05555534362793,340425.0
1987-08-03T00:00:00.000000000,18.11111068725586,18.11111068725586,17.77777862548828,17.833332061767578,144225.0
1987-08-04T00:00:00.000000000,17.72222137451172,17.77777862548828,17.22222137451172,17.44444465637207,209925.0
1987-08-05T00:00:00.000000000,17.61111068725586,18.0,17.55555534362793,17.72222137451172,283950.0
1987-08-06T00:00:00.000000000,17.61111068725586,17.72222137451172,17.333332061767578,17.72222137451172,308475.0
1987-08-07T00:00:00.000000000,17.72222137451172,17.77777862548828,17.61111068725586,17.61111068725586,138600.0
1987-08-10T00:00:00.000000000,17.77777862548828,17.94444465637207,17.72222137451172,17.94444465637207,262350.0
1987-08-11T00:00:00.000000000,18.05555534362793,19.27777862548828,17.94444465637207,19.166667938232422,444825.0
1987-08-12T00:00:00.000000000,19.27777862548828,19.666667938232422,18.666667938232422,19.0,274050.0
1987-08-13T00:00:00.000000000,19.11111068725586,19.5,19.05555534362793,19.27777862548828,608175.0
1987-08-14T00:00:00.000000000,19.55555534362793,19.55555534362793,19.22222137451172,19.333332061767578,218025.0
1987-08-17T00:00:00.000000000,19.22222137451172,19.72222137451172,19.22222137451172,19.333332061767578,157050.0
1987-08-18T00:00:00.000000000,19.166667938232422,19.22222137451172,18.5,19.05555534362793,253575.0
1987-08-19T00:00:00.000000000,18.94444465637207,19.11111068725586,18.88888931274414,19.05555534362793,571275.0
1987-08-20T00:00:00.000000000,19.166667938232422,19.27777862548828,18.94444465637207,19.22222137451172,186300.0
1987-08-21T00:00:00.000000000,19.22222137451172,19.333332061767578,18.88888931274414,19.11111068725586,128250.0
1987-08-24T00:00:00.000000000,19.11111068725586,19.11111068725586,18.833332061767578,19.0,264600.0
1987-08-25T00:00:00.000000000,19.0,19.22222137451172,18.88888931274414,19.0,187425.0
1987-08-26T00:00:00.000000000,19.0,19.11111068725586,18.94444465637207,18.94444465637207,186975.0
1987-08-27T00:00:00.000000000,19.0,19.0,18.72222137451172,18.77777862548828,151650.0
1987-08-28T00:00:00.000000000,18.88888931274414,18.88888931274414,18.666667938232422,18.72222137451172,96075.0
1987-08-31T00:00:00.000000000,18.72222137451172,18.833332061767578,18.5,18.666667938232422,255600.0
1987-09-01T00:00:00.000000000,17.333332061767578,18.666667938232422,17.166667938232422,17.333332061767578,302175.0
1987-09-02T00:00:00.000000000,17.77777862548828,18.11111068725586,17.11111068725586,17.77777862548828,635625.0
1987-09-03T00:00:00.000000000,18.05555534362793,18.11111068725586,17.77777862548828,17.77777862548828,246825.0
1987-09-04T00:00:00.000000000,17.88888931274414,18.0,17.61111068725586,17.61111068725586,159750.0
1987-09-08T00:00:00.000000000,17.55555534362793,17.55555534362793,17.38888931274414,17.38888931274414,255150.0
1987-09-09T00:00:00.000000000,17.5,17.5,17.333332061767578,17.38888931274414,72675.0
1987-09-10T00:00:00.000000000,17.333332061767578,17.5,17.333332061767578,17.333332061767578,142200.0
1987-09-11T00:00:00.000000000,17.44444465637207,18.77777862548828,17.44444465637207,18.77777862548828,236700.0
1987-09-14T00:00:00.000000000,18.72222137451172,18.77777862548828,18.333332061767578,18.44444465637207,138825.0
1987-09-15T00:00:00.000000000,18.5,18.5,17.666667938232422,17.833332061767578,294975.0
1987-09-16T00:00:00.000000000,18.0,18.0,17.666667938232422,17.77777862548828,240750.0
1987-09-17T00:00:00.000000000,17.833332061767578,17.88888931274414,17.55555534362793,17.666667938232422,228375.0
1987-09-18T00:00:00.000000000,17.94444465637207,18.05555534362793,17.38888931274414,17.38888931274414,294525.0
1987-09-21T00:00:00.000000000,17.5,17.72222137451172,16.94444465637207,16.94444465637207,473850.0
1987-09-22T00:00:00.000000000,17.05555534362793,17.61111068725586,16.88888931274414,17.61111068725586,411300.0
1987-09-23T00:00:00.000000000,17.61111068725586,18.22222137451172,17.61111068725586,18.11111068725586,203175.0
1987-09-24T00:00:00.000000000,18.05555534362793,18.05555534362793,17.833332061767578,17.88888931274414,115875.0
1987-09-25T00:00:00.000000000,17.88888931274414,17.88888931274414,17.38888931274414,17.5,206325.0
1987-09-28T00:00:00.000000000,17.666667938232422,18.72222137451172,17.55555534362793,18.38888931274414,484425.0
1987-09-29T00:00:00.000000000,18.27777862548828,18.38888931274414,17.666667938232422,17.72222137451172,170100.0
1987-09-30T00:00:00.000000000,17.666667938232422,18.0,17.61111068725586,17.94444465637207,218475.0
1987-10-01T00:00:00.000000000,17.833332061767578,18.61111068725586,17.833332061767578,18.61111068725586,173025.0
1987-10-02T00:00:00.000000000,18.72222137451172,18.72222137451172,18.5,18.5,103950.0
1987-10-05T00:00:00.000000000,18.44444465637207,18.44444465637207,18.0,18.166667938232422,91800.0
1987-10-06T00:00:00.000000000,18.05555534362793,18.166667938232422,17.333332061767578,17.38888931274414,231750.0
1987-10-07T00:00:00.000000000,17.166667938232422,17.55555534362793,17.05555534362793,17.11111068725586,321300.0
1987-10-08T00:00:00.000000000,17.166667938232422,17.27777862548828,17.05555534362793,17.05555534362793,441675.0
1987-10-09T00:00:00.000000000,16.94444465637207,17.333332061767578,16.94444465637207,17.11111068725586,235125.0
1987-10-12T00:00:00.000000000,17.22222137451172,17.27777862548828,16.88888931274414,17.11111068725586,87975.0
1987-10-13T00:00:00.000000000,17.11111068725586,17.77777862548828,17.11111068725586,17.72222137451172,136575.0
1987-10-14T00:00:00.000000000,17.5,17.5,16.94444465637207,17.05555534362793,219825.0
1987-10-15T00:00:00.000000000,17.05555534362793,17.05555534362793,16.0,16.22222137451172,429075.0
1987-10-16T00:00:00.000000000,15.88888931274414,16.38888931274414,14.277777671813965,14.444443702697754,621000.0
1987-10-19T00:00:00.000000000,13.11111068725586,13.88888931274414,12.444443702697754,13.055556297302246,1383975.0
1987-10-20T00:00:00.000000000,12.88888931274414,14.722222328186035,12.11111068725586,14.333333015441895,1242000.0
1987-10-21T00:00:00.000000000,14.222222328186035,14.666666984558105,13.0,13.88888931274414,2300175.0
1987-10-22T00:00:00.000000000,12.666666984558105,13.222222328186035,12.222222328186035,12.555556297302246,768150.0
1987-10-23T00:00:00.000000000,12.222222328186035,13.333333015441895,12.222222328186035,13.333333015441895,497475.0
1987-10-26T00:00:00.000000000,12.88888931274414,13.0,12.5,12.666666984558105,191475.0
1987-10-27T00:00:00.000000000,12.88888931274414,13.0,12.555556297302246,12.777777671813965,483525.0
1987-10-28T00:00:00.000000000,12.777777671813965,13.555556297302246,12.444443702697754,13.555556297302246,303975.0
1987-10-29T00:00:00.000000000,13.777777671813965,14.777777671813965,13.777777671813965,14.666666984558105,257625.0
1987-10-30T00:00:00.000000000,14.777777671813965,15.11111068725586,14.555556297302246,14.666666984558105,286875.0
1987-11-02T00:00:00.000000000,14.666666984558105,15.0,14.444443702697754,14.88888931274414,134100.0
1987-11-03T00:00:00.000000000,14.777777671813965,15.222222328186035,14.0,15.222222328186035,211950.0
1987-11-04T00:00:00.000000000,15.0,15.5,14.88888931274414,15.333333015441895,330975.0
1987-11-05T00:00:00.000000000,15.0,16.94444465637207,15.0,16.44444465637207,411750.0
1987-11-06T00:00:00.000000000,16.22222137451172,16.88888931274414,16.22222137451172,16.44444465637207,492525.0
1987-11-09T00:00:00.000000000,16.333332061767578,16.38888931274414,14.88888931274414,14.88888931274414,345150.0
1987-11-10T00:00:00.000000000,14.777777671813965,15.055556297302246,14.555556297302246,14.722222328186035,204750.0
1987-11-11T00:00:00.000000000,14.777777671813965,15.055556297302246,14.555556297302246,14.555556297302246,130500.0
1987-11-12T00:00:00.000000000,15.11111068725586,15.333333015441895,14.944443702697754,15.166666984558105,159525.0
1987-11-13T00:00:00.000000000,15.11111068725586,15.166666984558105,14.666666984558105,14.944443702697754,124650.0
1987-11-16T00:00:00.000000000,15.055556297302246,15.38888931274414,15.055556297302246,15.277777671813965,76050.0
1987-11-17T00:00:00.000000000,15.166666984558105,15.222222328186035,15.055556297302246,15.11111068725586,153450.0
1987-11-18T00:00:00.000000000,15.166666984558105,15.333333015441895,15.055556297302246,15.333333015441895,291600.0
1987-11-19T00:00:00.000000000,15.444443702697754,15.444443702697754,14.61111068725586,14.666666984558105,84375.0
1987-11-20T00:00:00.000000000,14.666666984558105,15.333333015441895,14.555556297302246,15.333333015441895,221175.0
1987-11-23T00:00:00.000000000,15.444443702697754,16.0,15.222222328186035,16.0,252225.0
1987-11-24T00:00:00.000000000,16.22222137451172,16.38888931274414,15.944443702697754,16.0,486225.0
1987-11-25T00:00:00.000000000,15.88888931274414,16.05555534362793,15.333333015441895,15.333333015441895,221850.0
1987-11-27T00:00:00.000000000,15.444443702697754,15.444443702697754,14.666666984558105,14.666666984558105,269100.0
1987-11-30T00:00:00.000000000,14.555556297302246,14.777777671813965,13.38888931274414,14.777777671813965,378900.0
1987-12-01T00:00:00.000000000,14.777777671813965,15.11111068725586,14.777777671813965,14.833333015441895,239850.0
1987-12-02T00:00:00.000000000,14.777777671813965,15.0,14.61111068725586,14.88888931274414,121050.0
1987-12-03T00:00:00.000000000,15.0,15.0,13.777777671813965,14.61111068725586,192375.0
1987-12-04T00:00:00.000000000,14.38888931274414,14.88888931274414,14.11111068725586,14.88888931274414,188775.0
1987-12-07T00:00:00.000000000,14.88888931274414,15.222222328186035,14.722222328186035,15.055556297302246,326475.0
1987-12-08T00:00:00.000000000,14.88888931274414,15.11111068725586,14.777777671813965,15.11111068725586,419175.0
1987-12-09T00:00:00.000000000,15.11111068725586,15.722222328186035,14.88888931274414,15.38888931274414,281925.0
1987-12-10T00:00:00.000000000,14.88888931274414,15.666666984558105,14.88888931274414,15.333333015441895,353925.0
1987-12-11T00:00:00.000000000,15.444443702697754,15.555556297302246,15.11111068725586,15.444443702697754,140850.0
1987-12-14T00:00:00.000000000,15.555556297302246,15.88888931274414,15.5,15.833333015441895,221625.0
1987-12-15T00:00:00.000000000,15.944443702697754,16.44444465637207,15.722222328186035,15.88888931274414,305775.0
1987-12-16T00:00:00.000000000,16.0,16.11111068725586,15.666666984558105,16.05555534362793,328950.0
1987-12-17T00:00:00.000000000,16.11111068725586,16.11111068725586,15.666666984558105,15.777777671813965,217800.0
1987-12-18T00:00:00.000000000,15.88888931274414,15.88888931274414,15.222222328186035,15.555556297302246,518175.0
1987-12-21T00:00:00.000000000,15.555556297302246,15.88888931274414,15.444443702697754,15.61111068725586,205425.0
1987-12-22T00:00:00.000000000,15.833333015441895,15.833333015441895,15.555556297302246,15.666666984558105,372600.0
1987-12-23T00:00:00.000000000,15.722222328186035,16.27777862548828,15.722222328186035,16.166667938232422,166050.0
1987-12-24T00:00:00.000000000,16.11111068725586,16.27777862548828,16.11111068725586,16.22222137451172,53325.0
1987-12-28T00:00:00.000000000,16.11111068725586,16.22222137451172,16.0,16.22222137451172,105750.0
1987-12-29T00:00:00.000000000,16.11111068725586,16.22222137451172,15.444443702697754,15.555556297302246,158400.0
1987-12-30T00:00:00.000000000,15.666666984558105,15.777777671813965,15.555556297302246,15.722222328186035,246375.0
1987-12-31T00:00:00.000000000,15.555556297302246,15.833333015441895,15.555556297302246,15.61111068725586,136575.0
1988-01-04T00:00:00.000000000,15.833333015441895,16.11111068725586,15.722222328186035,16.11111068725586,302625.0
1988-01-05T00:00:00.000000000,17.22222137451172,17.27777862548828,16.88888931274414,17.22222137451172,1357425.0
1988-01-06T00:00:00.000000000,17.0,17.27777862548828,16.94444465637207,16.94444465637207,623250.0
1988-01-07T00:00:00.000000000,16.88888931274414,16.88888931274414,16.61111068725586,16.833332061767578,783900.0
1988-01-08T00:00:00.000000000,16.77777862548828,16.77777862548828,15.555556297302246,15.555556297302246,535050.0
1988-01-11T00:00:00.000000000,16.22222137451172,16.61111068725586,15.833333015441895,16.55555534362793,383850.0
1988-01-12T00:00:00.000000000,16.5,16.666667938232422,16.27777862548828,16.666667938232422,198225.0
1988-01-13T00:00:00.000000000,16.55555534362793,17.0,16.05555534362793,16.44444465637207,414900.0
1988-01-14T00:00:00.000000000,16.55555534362793,16.833332061767578,16.5,16.72222137451172,402300.0
1988-01-15T00:00:00.000000000,17.333332061767578,17.333332061767578,16.833332061767578,16.833332061767578,437625.0
1988-01-18T00:00:00.000000000,16.88888931274414,16.88888931274414,16.44444465637207,16.666667938232422,178425.0
1988-01-19T00:00:00.000000000,16.72222137451172,16.88888931274414,16.333332061767578,16.72222137451172,259875.0
1988-01-20T00:00:00.000000000,16.833332061767578,16.833332061767578,15.777777671813965,15.88888931274414,177075.0
1988-01-21T00:00:00.000000000,16.11111068725586,16.333332061767578,15.555556297302246,15.61111068725586,516150.0
1988-01-22T00:00:00.000000000,15.555556297302246,15.777777671813965,15.555556297302246,15.722222328186035,158400.0
1988-01-25T00:00:00.000000000,15.833333015441895,16.166667938232422,15.777777671813965,16.166667938232422,425025.0
1988-01-26T00:00:00.000000000,16.166667938232422,16.166667938232422,15.944443702697754,16.0,300375.0
1988-01-27T00:00:00.000000000,16.05555534362793,16.166667938232422,15.777777671813965,15.88888931274414,937575.0
1988-01-28T00:00:00.000000000,15.88888931274414,16.0,15.833333015441895,15.944443702697754,905625.0
1988-01-29T00:00:00.000000000,16.0,16.166667938232422,15.944443702697754,16.11111068725586,297900.0
1988-02-01T00:00:00.000000000,16.22222137451172,16.333332061767578,16.11111068725586,16.166667938232422,269550.0
1988-02-02T00:00:00.000000000,16.11111068725586,16.166667938232422,16.0,16.05555534362793,229500.0
1988-02-03T00:00:00.000000000,16.11111068725586,16.333332061767578,15.722222328186035,15.722222328186035,552825.0
1988-02-04T00:00:00.000000000,15.777777671813965,15.88888931274414,15.666666984558105,15.833333015441895,428850.0
1988-02-05T00:00:00.000000000,15.88888931274414,16.166667938232422,15.88888931274414,16.0,461025.0
1988-02-08T00:00:00.000000000,15.88888931274414,16.0,15.777777671813965,16.0,103050.0
1988-02-09T00:00:00.000000000,15.944443702697754,16.0,15.833333015441895,16.0,83700.0
1988-02-10T00:00:00.000000000,16.11111068725586,16.38888931274414,16.05555534362793,16.333332061767578,213300.0
1988-02-11T00:00:00.000000000,16.27777862548828,16.77777862548828,16.27777862548828,16.61111068725586,310500.0
1988-02-12T00:00:00.000000000,16.666667938232422,17.05555534362793,16.666667938232422,17.05555534362793,440775.0
1988-02-16T00:00:00.000000000,16.94444465637207,17.0,16.833332061767578,17.0,220725.0
1988-02-17T00:00:00.000000000,16.94444465637207,17.0,16.666667938232422,16.666667938232422,324225.0
1988-02-18T00:00:00.000000000,16.72222137451172,16.72222137451172,16.38888931274414,16.44444465637207,108450.0
1988-02-19T00:00:00.000000000,16.55555534362793,17.166667938232422,16.44444465637207,17.166667938232422,135450.0
1988-02-22T00:00:00.000000000,17.22222137451172,17.333332061767578,17.11111068725586,17.333332061767578,352125.0
1988-02-23T00:00:00.000000000,17.166667938232422,17.333332061767578,17.166667938232422,17.27777862548828,202275.0
1988-02-24T00:00:00.000000000,17.22222137451172,17.333332061767578,17.22222137451172,17.22222137451172,457200.0
1988-02-25T00:00:00.000000000,17.27777862548828,17.333332061767578,17.22222137451172,17.27777862548828,415350.0
1988-02-26T00:00:00.000000000,17.27777862548828,17.333332061767578,17.22222137451172,17.22222137451172,300150.0
1988-02-29T00:00:00.000000000,17.27777862548828,17.333332061767578,17.22222137451172,17.27777862548828,223200.0
1988-03-01T00:00:00.000000000,17.166667938232422,17.27777862548828,17.166667938232422,17.27777862548828,420975.0
1988-03-02T00:00:00.000000000,17.27777862548828,17.38888931274414,17.22222137451172,17.38888931274414,456975.0
1988-03-03T00:00:00.000000000,17.38888931274414,17.44444465637207,17.11111068725586,17.44444465637207,451350.0
1988-03-04T00:00:00.000000000,17.333332061767578,17.5,17.27777862548828,17.5,281700.0
1988-03-07T00:00:00.000000000,17.61111068725586,17.61111068725586,17.27777862548828,17.333332061767578,140175.0
1988-03-08T00:00:00.000000000,17.38888931274414,17.44444465637207,17.27777862548828,17.38888931274414,142650.0
1988-03-09T00:00:00.000000000,17.5,17.94444465637207,17.38888931274414,17.94444465637207,646200.0
1988-03-10T00:00:00.000000000,17.94444465637207,17.94444465637207,17.77777862548828,17.77777862548828,324900.0
1988-03-11T00:00:00.000000000,17.666667938232422,17.72222137451172,17.5,17.72222137451172,190800.0
1988-03-14T00:00:00.000000000,17.666667938232422,18.166667938232422,17.61111068725586,17.833332061767578,240075.0
1988-03-15T00:00:00.000000000,17.72222137451172,17.72222137451172,17.55555534362793,17.666667938232422,366075.0
1988-03-16T00:00:00.000000000,17.72222137451172,17.72222137451172,17.5,17.666667938232422,243675.0
1988-03-17T00:00:00.000000000,17.77777862548828,18.0,17.61111068725586,17.72222137451172,195975.0
1988-03-18T00:00:00.000000000,17.94444465637207,17.94444465637207,17.55555534362793,17.72222137451172,646650.0
1988-03-21T00:00:00.000000000,17.72222137451172,17.94444465637207,17.55555534362793,17.88888931274414,151875.0
1988-03-22T00:00:00.000000000,17.94444465637207,18.0,17.88888931274414,18.0,184275.0
1988-03-23T00:00:00.000000000,18.0,18.166667938232422,17.94444465637207,18.11111068725586,152325.0
1988-03-24T00:00:00.000000000,18.166667938232422,18.166667938232422,17.38888931274414,17.61111068725586,160200.0
1988-03-25T00:00:00.000000000,17.61111068725586,17.666667938232422,17.166667938232422,17.22222137451172,152100.0
1988-03-28T00:00:00.000000000,17.0,17.11111068725586,16.94444465637207,17.0,184725.0
1988-03-29T00:00:00.000000000,17.0,17.38888931274414,17.0,17.333332061767578,223425.0
1988-03-30T00:00:00.000000000,17.333332061767578,17.5,17.22222137451172,17.333332061767578,124200.0
1988-03-31T00:00:00.000000000,17.05555534362793,17.27777862548828,16.94444465637207,16.94444465637207,344475.0
1988-04-04T00:00:00.000000000,16.833332061767578,16.88888931274414,16.5,16.55555534362793,400500.0
1988-04-05T00:00:00.000000000,16.72222137451172,16.833332061767578,16.61111068725586,16.77777862548828,137700.0
1988-04-06T00:00:00.000000000,16.77777862548828,17.55555534362793,16.666667938232422,17.44444465637207,233325.0
1988-04-07T00:00:00.000000000,17.38888931274414,17.666667938232422,17.333332061767578,17.55555534362793,171225.0
1988-04-08T00:00:00.000000000,17.38888931274414,17.666667938232422,17.38888931274414,17.61111068725586,156150.0
1988-04-11T00:00:00.000000000,17.61111068725586,17.77777862548828,17.61111068725586,17.72222137451172,98100.0
1988-04-12T00:00:00.000000000,17.55555534362793,17.77777862548828,17.44444465637207,17.666667938232422,156600.0
1988-04-13T00:00:00.000000000,17.72222137451172,18.11111068725586,17.72222137451172,18.11111068725586,433350.0
1988-04-14T00:00:00.000000000,17.833332061767578,17.833332061767578,17.11111068725586,17.44444465637207,480150.0
1988-04-15T00:00:00.000000000,17.333332061767578,17.38888931274414,17.166667938232422,17.166667938232422,152775.0
1988-04-18T00:00:00.000000000,17.22222137451172,17.38888931274414,17.05555534362793,17.27777862548828,145575.0
1988-04-19T00:00:00.000000000,17.44444465637207,17.61111068725586,17.22222137451172,17.22222137451172,163800.0
1988-04-20T00:00:00.000000000,17.166667938232422,17.166667938232422,16.833332061767578,16.88888931274414,89100.0
1988-04-21T00:00:00.000000000,17.0,17.38888931274414,16.22222137451172,16.61111068725586,324675.0
1988-04-22T00:00:00.000000000,16.77777862548828,17.5,16.666667938232422,17.38888931274414,178875.0
1988-04-25T00:00:00.000000000,17.44444465637207,17.55555534362793,17.22222137451172,17.27777862548828,106650.0
1988-04-26T00:00:00.000000000,17.27777862548828,17.5,17.05555534362793,17.11111068725586,131400.0
1988-04-27T00:00:00.000000000,17.22222137451172,17.22222137451172,16.88888931274414,17.05555534362793,91125.0
1988-04-28T00:00:00.000000000,17.11111068725586,17.11111068725586,16.833332061767578,16.94444465637207,69525.0
1988-04-29T00:00:00.000000000,16.88888931274414,16.88888931274414,16.44444465637207,16.72222137451172,159300.0
1988-05-02T00:00:00.000000000,16.72222137451172,16.77777862548828,16.55555534362793,16.72222137451172,100350.0
1988-05-03T00:00:00.000000000,16.72222137451172,16.88888931274414,16.666667938232422,16.77777862548828,89550.0
1988-05-04T00:00:00.000000000,16.72222137451172,16.833332061767578,16.38888931274414,16.5,176400.0
1988-05-05T00:00:00.000000000,16.44444465637207,16.44444465637207,16.11111068725586,16.11111068725586,419400.0
1988-05-06T00:00:00.000000000,16.22222137451172,16.5,16.11111068725586,16.166667938232422,158850.0
1988-05-09T00:00:00.000000000,16.27777862548828,16.27777862548828,16.0,16.22222137451172,220950.0
1988-05-10T00:00:00.000000000,16.333332061767578,16.55555534362793,16.0,16.05555534362793,278325.0
1988-05-11T00:00:00.000000000,15.944443702697754,15.944443702697754,15.38888931274414,15.666666984558105,326250.0
1988-05-12T00:00:00.000000000,15.61111068725586,15.722222328186035,15.555556297302246,15.61111068725586,132525.0
1988-05-13T00:00:00.000000000,15.666666984558105,16.22222137451172,15.666666984558105,16.05555534362793,226350.0
1988-05-16T00:00:00.000000000,16.0,16.166667938232422,16.0,16.11111068725586,233325.0
1988-05-17T00:00:00.000000000,16.22222137451172,16.5,16.166667938232422,16.166667938232422,222075.0
1988-05-18T00:00:00.000000000,16.05555534362793,16.166667938232422,15.666666984558105,15.88888931274414,201375.0
1988-05-19T00:00:00.000000000,15.88888931274414,16.0,15.777777671813965,15.88888931274414,242100.0
1988-05-20T00:00:00.000000000,15.88888931274414,15.944443702697754,15.777777671813965,15.944443702697754,127575.0
1988-05-23T00:00:00.000000000,15.833333015441895,15.944443702697754,15.722222328186035,15.833333015441895,139725.0
1988-05-24T00:00:00.000000000,15.88888931274414,16.11111068725586,15.777777671813965,16.11111068725586,159750.0
1988-05-25T00:00:00.000000000,16.22222137451172,16.38888931274414,16.05555534362793,16.11111068725586,82575.0
1988-05-26T00:00:00.000000000,16.11111068725586,16.22222137451172,16.11111068725586,16.166667938232422,232650.0
1988-05-27T00:00:00.000000000,16.22222137451172,16.22222137451172,15.833333015441895,16.0,147825.0
1988-05-31T00:00:00.000000000,16.0,16.166667938232422,15.722222328186035,16.11111068725586,183825.0
1988-06-01T00:00:00.000000000,16.22222137451172,16.333332061767578,16.05555534362793,16.333332061767578,272700.0
1988-06-02T00:00:00.000000000,16.22222137451172,16.44444465637207,16.166667938232422,16.38888931274414,256950.0
1988-06-03T00:00:00.000000000,16.44444465637207,16.44444465637207,16.333332061767578,16.333332061767578,168300.0
1988-06-06T00:00:00.000000000,16.38888931274414,16.88888931274414,16.333332061767578,16.77777862548828,392850.0
1988-06-07T00:00:00.000000000,16.72222137451172,16.72222137451172,16.38888931274414,16.44444465637207,283050.0
1988-06-08T00:00:00.000000000,16.44444465637207,17.44444465637207,16.333332061767578,17.27777862548828,403650.0
1988-06-09T00:00:00.000000000,17.27777862548828,17.27777862548828,16.88888931274414,17.0,198225.0
1988-06-10T00:00:00.000000000,17.0,17.05555534362793,16.88888931274414,16.94444465637207,132975.0
1988-06-13T00:00:00.000000000,16.88888931274414,17.0,16.77777862548828,16.833332061767578,120825.0
1988-06-14T00:00:00.000000000,17.22222137451172,17.38888931274414,17.05555534362793,17.27777862548828,335925.0
1988-06-15T00:00:00.000000000,17.166667938232422,17.22222137451172,16.94444465637207,17.166667938232422,151425.0
1988-06-16T00:00:00.000000000,17.166667938232422,17.166667938232422,16.55555534362793,16.666667938232422,200925.0
1988-06-17T00:00:00.000000000,16.22222137451172,16.666667938232422,16.22222137451172,16.38888931274414,463275.0
1988-06-20T00:00:00.000000000,16.44444465637207,16.55555534362793,16.22222137451172,16.5,183150.0
1988-06-21T00:00:00.000000000,16.61111068725586,16.72222137451172,15.944443702697754,16.72222137451172,342675.0
1988-06-22T00:00:00.000000000,16.88888931274414,16.94444465637207,16.72222137451172,16.88888931274414,293175.0
1988-06-23T00:00:00.000000000,16.88888931274414,16.94444465637207,16.55555534362793,16.55555534362793,315900.0
1988-06-24T00:00:00.000000000,16.666667938232422,17.05555534362793,16.55555534362793,16.88888931274414,274050.0
1988-06-27T00:00:00.000000000,16.72222137451172,16.72222137451172,16.11111068725586,16.166667938232422,339975.0
1988-06-28T00:00:00.000000000,16.27777862548828,16.72222137451172,16.166667938232422,16.61111068725586,128700.0
1988-06-29T00:00:00.000000000,16.666667938232422,16.88888931274414,16.44444465637207,16.88888931274414,274050.0
1988-06-30T00:00:00.000000000,16.72222137451172,17.05555534362793,16.72222137451172,16.94444465637207,254250.0
1988-07-01T00:00:00.000000000,16.88888931274414,17.05555534362793,16.77777862548828,16.833332061767578,197775.0
1988-07-05T00:00:00.000000000,16.72222137451172,17.11111068725586,16.666667938232422,17.11111068725586,344475.0
1988-07-06T00:00:00.000000000,17.11111068725586,17.11111068725586,16.27777862548828,16.5,234900.0
1988-07-07T00:00:00.000000000,16.38888931274414,16.38888931274414,16.11111068725586,16.333332061767578,464400.0
1988-07-08T00:00:00.000000000,16.333332061767578,16.44444465637207,16.11111068725586,16.27777862548828,157050.0
1988-07-11T00:00:00.000000000,16.27777862548828,16.27777862548828,16.05555534362793,16.166667938232422,96750.0
1988-07-12T00:00:00.000000000,16.27777862548828,16.333332061767578,15.944443702697754,15.944443702697754,227250.0
1988-07-13T00:00:00.000000000,16.0,16.05555534362793,15.88888931274414,16.05555534362793,153900.0
1988-07-14T00:00:00.000000000,16.0,16.05555534362793,15.88888931274414,15.88888931274414,165375.0
1988-07-15T00:00:00.000000000,15.944443702697754,16.0,15.88888931274414,16.0,95625.0
1988-07-18T00:00:00.000000000,15.944443702697754,15.944443702697754,15.833333015441895,15.944443702697754,250650.0
1988-07-19T00:00:00.000000000,15.88888931274414,15.944443702697754,15.555556297302246,15.777777671813965,170325.0
1988-07-20T00:00:00.000000000,15.722222328186035,15.833333015441895,15.61111068725586,15.722222328186035,228825.0
1988-07-21T00:00:00.000000000,15.722222328186035,15.722222328186035,15.444443702697754,15.444443702697754,498150.0
1988-07-22T00:00:00.000000000,15.5,15.5,14.833333015441895,14.944443702697754,614025.0
1988-07-25T00:00:00.000000000,14.944443702697754,15.61111068725586,14.944443702697754,15.555556297302246,758475.0
1988-07-26T00:00:00.000000000,15.555556297302246,15.555556297302246,15.277777671813965,15.555556297302246,254250.0
1988-07-27T00:00:00.000000000,15.444443702697754,15.5,15.166666984558105,15.222222328186035,183825.0
1988-07-28T00:00:00.000000000,15.333333015441895,15.333333015441895,15.0,15.222222328186035,238725.0
1988-07-29T00:00:00.000000000,15.333333015441895,15.777777671813965,15.333333015441895,15.722222328186035,632025.0
1988-08-01T00:00:00.000000000,15.61111068725586,15.722222328186035,15.333333015441895,15.5,158400.0
1988-08-02T00:00:00.000000000,15.555556297302246,15.61111068725586,15.5,15.555556297302246,182925.0
1988-08-03T00:00:00.000000000,15.555556297302246,15.666666984558105,15.5,15.61111068725586,319725.0
1988-08-04T00:00:00.000000000,15.61111068725586,15.722222328186035,15.555556297302246,15.666666984558105,179325.0
1988-08-05T00:00:00.000000000,15.5,15.555556297302246,15.38888931274414,15.5,98100.0
1988-08-08T00:00:00.000000000,15.38888931274414,15.555556297302246,15.38888931274414,15.38888931274414,108900.0
1988-08-09T00:00:00.000000000,15.38888931274414,15.444443702697754,15.11111068725586,15.333333015441895,314775.0
1988-08-10T00:00:00.000000000,15.277777671813965,15.333333015441895,15.0,15.0,640125.0
1988-08-11T00:00:00.000000000,15.055556297302246,15.222222328186035,15.0,15.222222328186035,523575.0
1988-08-12T00:00:00.000000000,15.222222328186035,15.277777671813965,15.11111068725586,15.222222328186035,284175.0
1988-08-15T00:00:00.000000000,15.11111068725586,15.166666984558105,15.0,15.0,445725.0
1988-08-16T00:00:00.000000000,15.055556297302246,15.222222328186035,14.944443702697754,15.055556297302246,319725.0
1988-08-17T00:00:00.000000000,15.055556297302246,15.11111068725586,14.833333015441895,14.833333015441895,539100.0
1988-08-18T00:00:00.000000000,14.777777671813965,14.88888931274414,14.666666984558105,14.777777671813965,321975.0
1988-08-19T00:00:00.000000000,14.722222328186035,14.833333015441895,14.555556297302246,14.666666984558105,349650.0
1988-08-22T00:00:00.000000000,14.5,14.61111068725586,14.444443702697754,14.555556297302246,179550.0
1988-08-23T00:00:00.000000000,14.666666984558105,14.88888931274414,14.61111068725586,14.88888931274414,303300.0
1988-08-24T00:00:00.000000000,14.88888931274414,15.277777671813965,14.88888931274414,15.277777671813965,535050.0
1988-08-25T00:00:00.000000000,15.166666984558105,15.333333015441895,15.0,15.222222328186035,458100.0
1988-08-26T00:00:00.000000000,15.11111068725586,15.38888931274414,15.055556297302246,15.166666984558105,197325.0
1988-08-29T00:00:00.000000000,15.11111068725586,15.38888931274414,15.11111068725586,15.333333015441895,78975.0
1988-08-30T00:00:00.000000000,15.166666984558105,15.444443702697754,15.11111068725586,15.277777671813965,153225.0
1988-08-31T00:00:00.000000000,15.333333015441895,15.444443702697754,15.222222328186035,15.444443702697754,281250.0
1988-09-01T00:00:00.000000000,15.38888931274414,15.444443702697754,15.277777671813965,15.333333015441895,379350.0
1988-09-02T00:00:00.000000000,15.333333015441895,15.88888931274414,15.333333015441895,15.666666984558105,536400.0
1988-09-06T00:00:00.000000000,15.777777671813965,15.88888931274414,15.722222328186035,15.833333015441895,94275.0
1988-09-07T00:00:00.000000000,15.944443702697754,16.05555534362793,15.777777671813965,15.88888931274414,173025.0
1988-09-08T00:00:00.000000000,15.833333015441895,16.05555534362793,15.833333015441895,15.944443702697754,254475.0
1988-09-09T00:00:00.000000000,15.833333015441895,16.05555534362793,15.777777671813965,15.944443702697754,124200.0
1988-09-12T00:00:00.000000000,16.0,16.0,15.777777671813965,15.777777671813965,93825.0
1988-09-13T00:00:00.000000000,15.777777671813965,15.833333015441895,15.61111068725586,15.833333015441895,73575.0
1988-09-14T00:00:00.000000000,15.944443702697754,16.05555534362793,15.833333015441895,15.88888931274414,143550.0
1988-09-15T00:00:00.000000000,15.833333015441895,16.166667938232422,15.833333015441895,16.05555534362793,143550.0
1988-09-16T00:00:00.000000000,16.05555534362793,16.22222137451172,16.0,16.166667938232422,412200.0
1988-09-19T00:00:00.000000000,16.11111068725586,16.22222137451172,16.0,16.166667938232422,155025.0
1988-09-20T00:00:00.000000000,16.05555534362793,16.333332061767578,16.05555534362793,16.333332061767578,73350.0
1988-09-21T00:00:00.000000000,16.333332061767578,16.333332061767578,16.166667938232422,16.27777862548828,96525.0
1988-09-22T00:00:00.000000000,16.38888931274414,16.38888931274414,16.05555534362793,16.11111068725586,151425.0
1988-09-23T00:00:00.000000000,16.166667938232422,16.22222137451172,16.0,16.11111068725586,220950.0
1988-09-26T00:00:00.000000000,16.11111068725586,16.166667938232422,16.05555534362793,16.166667938232422,70200.0
1988-09-27T00:00:00.000000000,16.11111068725586,16.333332061767578,16.11111068725586,16.27777862548828,309825.0
1988-09-28T00:00:00.000000000,16.333332061767578,16.333332061767578,16.22222137451172,16.333332061767578,219150.0
1988-09-29T00:00:00.000000000,16.38888931274414,16.44444465637207,16.27777862548828,16.38888931274414,133650.0
1988-09-30T00:00:00.000000000,16.38888931274414,16.61111068725586,16.333332061767578,16.44444465637207,209925.0
1988-10-03T00:00:00.000000000,16.44444465637207,16.666667938232422,16.166667938232422,16.666667938232422,112950.0
1988-10-04T00:00:00.000000000,16.666667938232422,16.666667938232422,16.55555534362793,16.61111068725586,126225.0
1988-10-05T00:00:00.000000000,16.72222137451172,16.833332061767578,16.666667938232422,16.833332061767578,96300.0
1988-10-06T00:00:00.000000000,16.88888931274414,16.94444465637207,16.72222137451172,16.88888931274414,207450.0
1988-10-07T00:00:00.000000000,17.0,17.27777862548828,17.0,17.22222137451172,442125.0
1988-10-10T00:00:00.000000000,17.11111068725586,17.22222137451172,17.0,17.166667938232422,214200.0
1988-10-11T00:00:00.000000000,17.11111068725586,17.11111068725586,16.77777862548828,16.833332061767578,183600.0
1988-10-12T00:00:00.000000000,16.61111068725586,16.72222137451172,16.44444465637207,16.61111068725586,154800.0
1988-10-13T00:00:00.000000000,16.55555534362793,16.77777862548828,16.55555534362793,16.55555534362793,125550.0
1988-10-14T00:00:00.000000000,16.61111068725586,16.72222137451172,16.5,16.61111068725586,231750.0
1988-10-17T00:00:00.000000000,16.55555534362793,16.666667938232422,16.5,16.666667938232422,106200.0
1988-10-18T00:00:00.000000000,16.61111068725586,17.05555534362793,16.61111068725586,17.05555534362793,103725.0
1988-10-19T00:00:00.000000000,17.05555534362793,17.05555534362793,16.666667938232422,16.72222137451172,179775.0
1988-10-20T00:00:00.000000000,16.833332061767578,16.94444465637207,16.77777862548828,16.94444465637207,236475.0
1988-10-21T00:00:00.000000000,16.833332061767578,17.0,16.72222137451172,16.88888931274414,308250.0
1988-10-24T00:00:00.000000000,16.88888931274414,16.88888931274414,16.61111068725586,16.833332061767578,641475.0
1988-10-25T00:00:00.000000000,16.77777862548828,16.88888931274414,16.77777862548828,16.88888931274414,591750.0
1988-10-26T00:00:00.000000000,16.77777862548828,16.833332061767578,16.666667938232422,16.833332061767578,290250.0
1988-10-27T00:00:00.000000000,16.77777862548828,16.77777862548828,16.5,16.72222137451172,188775.0
1988-10-28T00:00:00.000000000,16.72222137451172,16.88888931274414,16.666667938232422,16.72222137451172,235350.0
1988-10-31T00:00:00.000000000,16.833332061767578,16.833332061767578,16.666667938232422,16.77777862548828,467100.0
1988-11-01T00:00:00.000000000,16.666667938232422,16.833332061767578,16.44444465637207,16.72222137451172,92025.0
1988-11-02T00:00:00.000000000,16.77777862548828,16.833332061767578,16.55555534362793,16.72222137451172,219825.0
1988-11-03T00:00:00.000000000,16.77777862548828,16.833332061767578,16.666667938232422,16.666667938232422,159975.0
1988-11-04T00:00:00.000000000,16.55555534362793,16.666667938232422,16.11111068725586,16.27777862548828,215775.0
1988-11-07T00:00:00.000000000,16.166667938232422,16.38888931274414,16.11111068725586,16.11111068725586,137250.0
1988-11-08T00:00:00.000000000,16.166667938232422,16.22222137451172,16.0,16.0,97650.0
1988-11-09T00:00:00.000000000,15.944443702697754,16.166667938232422,15.777777671813965,16.0,240975.0
1988-11-10T00:00:00.000000000,16.05555534362793,16.11111068725586,15.5,15.61111068725586,258300.0
1988-11-11T00:00:00.000000000,15.61111068725586,15.777777671813965,15.38888931274414,15.61111068725586,337275.0
1988-11-14T00:00:00.000000000,15.61111068725586,15.722222328186035,15.555556297302246,15.666666984558105,103500.0
1988-11-15T00:00:00.000000000,15.666666984558105,15.88888931274414,15.666666984558105,15.777777671813965,73800.0
1988-11-16T00:00:00.000000000,15.722222328186035,15.722222328186035,15.555556297302246,15.61111068725586,157950.0
1988-11-17T00:00:00.000000000,15.666666984558105,15.666666984558105,15.5,15.5,705375.0
1988-11-18T00:00:00.000000000,15.5,15.666666984558105,15.444443702697754,15.666666984558105,80325.0
1988-11-21T00:00:00.000000000,15.555556297302246,15.61111068725586,15.333333015441895,15.38888931274414,552600.0
1988-11-22T00:00:00.000000000,15.333333015441895,15.444443702697754,15.222222328186035,15.333333015441895,549450.0
1988-11-23T00:00:00.000000000,15.333333015441895,15.5,15.333333015441895,15.333333015441895,103050.0
1988-11-25T00:00:00.000000000,15.333333015441895,15.444443702697754,15.333333015441895,15.38888931274414,69750.0
1988-11-28T00:00:00.000000000,15.38888931274414,15.555556297302246,15.38888931274414,15.444443702697754,131625.0
1988-11-29T00:00:00.000000000,15.444443702697754,15.722222328186035,15.444443702697754,15.555556297302246,126225.0
1988-11-30T00:00:00.000000000,15.61111068725586,16.22222137451172,15.61111068725586,15.88888931274414,293175.0
1988-12-01T00:00:00.000000000,15.88888931274414,15.88888931274414,15.722222328186035,15.722222328186035,228375.0
1988-12-02T00:00:00.000000000,15.777777671813965,15.833333015441895,15.666666984558105,15.777777671813965,128475.0
1988-12-05T00:00:00.000000000,15.666666984558105,16.11111068725586,15.666666984558105,15.833333015441895,94275.0
1988-12-06T00:00:00.000000000,15.666666984558105,16.05555534362793,15.666666984558105,15.944443702697754,162450.0
1988-12-07T00:00:00.000000000,15.833333015441895,16.166667938232422,15.833333015441895,16.05555534362793,108675.0
1988-12-08T00:00:00.000000000,15.944443702697754,16.166667938232422,15.944443702697754,16.11111068725586,98550.0
1988-12-09T00:00:00.000000000,16.0,16.166667938232422,16.0,16.166667938232422,183375.0
1988-12-12T00:00:00.000000000,16.05555534362793,16.166667938232422,15.833333015441895,15.833333015441895,240075.0
1988-12-13T00:00:00.000000000,15.833333015441895,15.88888931274414,15.722222328186035,15.777777671813965,178650.0
1988-12-14T00:00:00.000000000,15.722222328186035,15.833333015441895,15.666666984558105,15.833333015441895,108000.0
1988-12-15T00:00:00.000000000,15.777777671813965,15.88888931274414,15.777777671813965,15.833333015441895,227475.0
1988-12-16T00:00:00.000000000,15.833333015441895,16.0,15.777777671813965,16.0,346950.0
1988-12-19T00:00:00.000000000,15.944443702697754,16.166667938232422,15.944443702697754,16.11111068725586,215775.0
1988-12-20T00:00:00.000000000,16.05555534362793,16.11111068725586,15.88888931274414,15.944443702697754,155925.0
1988-12-21T00:00:00.000000000,15.88888931274414,15.944443702697754,15.555556297302246,15.555556297302246,215550.0
1988-12-22T00:00:00.000000000,15.61111068725586,15.722222328186035,15.555556297302246,15.722222328186035,216450.0
1988-12-23T00:00:00.000000000,15.777777671813965,15.88888931274414,15.666666984558105,15.833333015441895,112275.0
1988-12-27T00:00:00.000000000,15.944443702697754,15.944443702697754,15.5,15.555556297302246,60975.0
1988-12-28T00:00:00.000000000,15.61111068725586,15.833333015441895,15.555556297302246,15.722222328186035,209700.0
1988-12-29T00:00:00.000000000,15.777777671813965,15.88888931274414,15.722222328186035,15.777777671813965,131850.0
1988-12-30T00:00:00.000000000,15.722222328186035,15.944443702697754,15.722222328186035,15.777777671813965,66150.0
1989-01-03T00:00:00.000000000,15.777777671813965,15.833333015441895,15.61111068725586,15.666666984558105,234225.0
1989-01-04T00:00:00.000000000,15.777777671813965,15.944443702697754,15.666666984558105,15.88888931274414,150750.0
1989-01-05T00:00:00.000000000,15.88888931274414,15.88888931274414,15.61111068725586,15.61111068725586,525600.0
1989-01-06T00:00:00.000000000,15.555556297302246,15.722222328186035,15.555556297302246,15.61111068725586,392400.0
1989-01-09T00:00:00.000000000,15.61111068725586,15.722222328186035,15.61111068725586,15.666666984558105,316800.0
1989-01-10T00:00:00.000000000,15.722222328186035,15.722222328186035,15.5,15.61111068725586,108225.0
1989-01-11T00:00:00.000000000,15.5,15.722222328186035,15.5,15.61111068725586,267300.0
1989-01-12T00:00:00.000000000,15.666666984558105,15.777777671813965,15.61111068725586,15.666666984558105,260325.0
1989-01-13T00:00:00.000000000,15.61111068725586,15.777777671813965,15.61111068725586,15.722222328186035,257175.0
1989-01-16T00:00:00.000000000,15.722222328186035,15.722222328186035,15.61111068725586,15.61111068725586,138375.0
1989-01-17T00:00:00.000000000,15.666666984558105,15.722222328186035,15.555556297302246,15.722222328186035,464850.0
1989-01-18T00:00:00.000000000,15.722222328186035,15.88888931274414,15.555556297302246,15.88888931274414,378225.0
1989-01-19T00:00:00.000000000,15.777777671813965,15.88888931274414,15.722222328186035,15.88888931274414,121500.0
1989-01-20T00:00:00.000000000,15.777777671813965,15.777777671813965,15.61111068725586,15.777777671813965,195525.0
1989-01-23T00:00:00.000000000,15.666666984558105,15.88888931274414,15.555556297302246,15.555556297302246,87525.0
1989-01-24T00:00:00.000000000,15.555556297302246,15.944443702697754,15.555556297302246,15.833333015441895,701100.0
1989-01-25T00:00:00.000000000,15.944443702697754,16.333332061767578,15.833333015441895,16.22222137451172,344700.0
1989-01-26T00:00:00.000000000,16.11111068725586,16.38888931274414,16.05555534362793,16.38888931274414,192375.0
1989-01-27T00:00:00.000000000,16.44444465637207,16.88888931274414,16.44444465637207,16.61111068725586,283500.0
1989-01-30T00:00:00.000000000,16.61111068725586,16.833332061767578,16.55555534362793,16.72222137451172,297000.0
1989-01-31T00:00:00.000000000,16.77777862548828,17.05555534362793,16.72222137451172,16.94444465637207,259425.0
1989-02-01T00:00:00.000000000,16.88888931274414,17.22222137451172,16.88888931274414,17.166667938232422,302400.0
1989-02-02T00:00:00.000000000,17.166667938232422,17.166667938232422,17.05555534362793,17.11111068725586,231750.0
1989-02-03T00:00:00.000000000,17.05555534362793,17.166667938232422,16.88888931274414,16.88888931274414,200925.0
1989-02-06T00:00:00.000000000,16.88888931274414,17.22222137451172,16.88888931274414,17.22222137451172,204300.0
1989-02-07T00:00:00.000000000,17.166667938232422,17.166667938232422,16.94444465637207,17.0,131400.0
1989-02-08T00:00:00.000000000,17.05555534362793,17.22222137451172,17.0,17.22222137451172,174150.0
1989-02-09T00:00:00.000000000,17.11111068725586,17.166667938232422,16.94444465637207,16.94444465637207,237150.0
1989-02-10T00:00:00.000000000,16.77777862548828,16.94444465637207,16.77777862548828,16.833332061767578,199575.0
1989-02-13T00:00:00.000000000,16.72222137451172,17.05555534362793,16.666667938232422,16.94444465637207,106425.0
1989-02-14T00:00:00.000000000,17.05555534362793,17.166667938232422,16.88888931274414,16.88888931274414,216675.0
1989-02-15T00:00:00.000000000,17.0,17.0,16.72222137451172,16.72222137451172,275625.0
1989-02-16T00:00:00.000000000,16.72222137451172,16.833332061767578,16.666667938232422,16.72222137451172,259650.0
1989-02-17T00:00:00.000000000,16.72222137451172,16.72222137451172,16.61111068725586,16.666667938232422,115200.0
1989-02-21T00:00:00.000000000,16.833332061767578,16.833332061767578,16.55555534362793,16.61111068725586,243225.0
1989-02-22T00:00:00.000000000,16.5,16.55555534362793,15.944443702697754,16.166667938232422,208350.0
1989-02-23T00:00:00.000000000,16.11111068725586,16.333332061767578,16.11111068725586,16.166667938232422,231975.0
1989-02-24T00:00:00.000000000,16.11111068725586,16.11111068725586,15.833333015441895,15.833333015441895,234900.0
1989-02-27T00:00:00.000000000,15.88888931274414,16.22222137451172,15.88888931274414,16.11111068725586,199350.0
1989-02-28T00:00:00.000000000,16.22222137451172,16.22222137451172,16.0,16.11111068725586,516825.0
1989-03-01T00:00:00.000000000,16.166667938232422,16.166667938232422,16.05555534362793,16.05555534362793,186525.0
1989-03-02T00:00:00.000000000,16.05555534362793,16.27777862548828,16.05555534362793,16.22222137451172,221400.0
1989-03-03T00:00:00.000000000,16.166667938232422,16.22222137451172,16.11111068725586,16.11111068725586,174150.0
1989-03-06T00:00:00.000000000,16.22222137451172,16.55555534362793,16.166667938232422,16.55555534362793,210600.0
1989-03-07T00:00:00.000000000,16.38888931274414,16.38888931274414,16.22222137451172,16.27777862548828,117900.0
1989-03-08T00:00:00.000000000,16.27777862548828,16.666667938232422,16.27777862548828,16.55555534362793,154575.0
1989-03-09T00:00:00.000000000,16.666667938232422,16.77777862548828,16.61111068725586,16.72222137451172,107325.0
1989-03-10T00:00:00.000000000,16.72222137451172,16.72222137451172,16.44444465637207,16.5,117225.0
1989-03-13T00:00:00.000000000,16.61111068725586,16.72222137451172,16.5,16.5,219825.0
1989-03-14T00:00:00.000000000,16.44444465637207,16.55555534362793,16.333332061767578,16.38888931274414,391725.0
1989-03-15T00:00:00.000000000,16.38888931274414,16.44444465637207,16.333332061767578,16.44444465637207,168525.0
1989-03-16T00:00:00.000000000,16.38888931274414,16.61111068725586,16.38888931274414,16.55555534362793,328500.0
1989-03-17T00:00:00.000000000,16.22222137451172,16.38888931274414,16.22222137451172,16.22222137451172,308025.0
1989-03-20T00:00:00.000000000,16.166667938232422,16.22222137451172,15.722222328186035,16.0,141975.0
1989-03-21T00:00:00.000000000,16.22222137451172,16.22222137451172,16.0,16.05555534362793,241650.0
1989-03-22T00:00:00.000000000,16.05555534362793,16.11111068725586,16.0,16.05555534362793,209250.0
1989-03-23T00:00:00.000000000,16.166667938232422,16.166667938232422,16.0,16.05555534362793,205425.0
1989-03-27T00:00:00.000000000,16.11111068725586,16.27777862548828,16.05555534362793,16.11111068725586,203850.0
1989-03-28T00:00:00.000000000,16.22222137451172,16.44444465637207,16.05555534362793,16.05555534362793,315225.0
1989-03-29T00:00:00.000000000,16.11111068725586,16.44444465637207,16.11111068725586,16.44444465637207,315225.0
1989-03-30T00:00:00.000000000,16.44444465637207,16.44444465637207,16.22222137451172,16.22222137451172,133875.0
1989-03-31T00:00:00.000000000,16.22222137451172,16.38888931274414,16.22222137451172,16.38888931274414,91575.0
1989-04-03T00:00:00.000000000,16.38888931274414,16.38888931274414,16.22222137451172,16.38888931274414,224325.0
1989-04-04T00:00:00.000000000,16.38888931274414,16.44444465637207,16.166667938232422,16.22222137451172,150975.0
1989-04-05T00:00:00.000000000,16.22222137451172,16.333332061767578,16.166667938232422,16.333332061767578,178650.0
1989-04-06T00:00:00.000000000,16.27777862548828,16.333332061767578,16.11111068725586,16.166667938232422,122625.0
1989-04-07T00:00:00.000000000,16.166667938232422,16.44444465637207,16.11111068725586,16.38888931274414,499275.0
1989-04-10T00:00:00.000000000,16.38888931274414,16.44444465637207,16.27777862548828,16.27777862548828,242325.0
1989-04-11T00:00:00.000000000,16.27777862548828,16.61111068725586,16.27777862548828,16.55555534362793,312525.0
1989-04-12T00:00:00.000000000,16.55555534362793,16.61111068725586,16.5,16.61111068725586,224325.0
1989-04-13T00:00:00.000000000,16.61111068725586,16.61111068725586,16.5,16.55555534362793,85500.0
1989-04-14T00:00:00.000000000,16.61111068725586,16.88888931274414,16.61111068725586,16.77777862548828,398700.0
1989-04-17T00:00:00.000000000,16.833332061767578,17.0,16.833332061767578,17.0,229500.0
1989-04-18T00:00:00.000000000,17.11111068725586,17.5,17.11111068725586,17.44444465637207,883350.0
1989-04-19T00:00:00.000000000,17.44444465637207,17.666667938232422,17.22222137451172,17.5,535275.0
1989-04-20T00:00:00.000000000,17.61111068725586,17.666667938232422,17.333332061767578,17.44444465637207,315675.0
1989-04-21T00:00:00.000000000,17.44444465637207,17.61111068725586,17.38888931274414,17.61111068725586,117225.0
1989-04-24T00:00:00.000000000,17.5,17.666667938232422,17.44444465637207,17.61111068725586,163800.0
1989-04-25T00:00:00.000000000,17.61111068725586,17.77777862548828,17.5,17.666667938232422,429075.0
1989-04-26T00:00:00.000000000,17.666667938232422,17.666667938232422,17.5,17.666667938232422,118125.0
1989-04-27T00:00:00.000000000,17.72222137451172,18.0,17.61111068725586,18.0,287775.0
1989-04-28T00:00:00.000000000,18.05555534362793,18.11111068725586,17.94444465637207,17.94444465637207,272250.0
1989-05-01T00:00:00.000000000,17.94444465637207,17.94444465637207,17.72222137451172,17.77777862548828,119475.0
1989-05-02T00:00:00.000000000,17.77777862548828,18.0,17.55555534362793,17.55555534362793,215325.0
1989-05-03T00:00:00.000000000,17.333332061767578,17.72222137451172,17.333332061767578,17.666667938232422,684900.0
1989-05-04T00:00:00.000000000,17.666667938232422,17.666667938232422,17.55555534362793,17.666667938232422,171000.0
1989-05-05T00:00:00.000000000,17.666667938232422,17.666667938232422,17.5,17.5,250200.0
1989-05-08T00:00:00.000000000,17.55555534362793,17.61111068725586,17.27777862548828,17.27777862548828,370800.0
1989-05-09T00:00:00.000000000,17.27777862548828,17.5,17.22222137451172,17.38888931274414,224325.0
1989-05-10T00:00:00.000000000,17.27777862548828,17.5,17.27777862548828,17.44444465637207,141075.0
1989-05-11T00:00:00.000000000,17.5,17.61111068725586,17.5,17.55555534362793,121275.0
1989-05-12T00:00:00.000000000,17.77777862548828,18.11111068725586,17.77777862548828,18.05555534362793,267525.0
1989-05-15T00:00:00.000000000,18.22222137451172,18.44444465637207,18.22222137451172,18.44444465637207,422775.0
1989-05-16T00:00:00.000000000,18.333332061767578,18.55555534362793,18.333332061767578,18.44444465637207,222075.0
1989-05-17T00:00:00.000000000,18.666667938232422,19.0,18.44444465637207,18.94444465637207,517275.0
1989-05-18T00:00:00.000000000,19.0,19.05555534362793,18.55555534362793,18.61111068725586,406350.0
1989-05-19T00:00:00.000000000,18.61111068725586,18.72222137451172,18.27777862548828,18.44444465637207,765000.0
1989-05-22T00:00:00.000000000,18.77777862548828,18.77777862548828,18.55555534362793,18.666667938232422,369900.0
1989-05-23T00:00:00.000000000,18.5,18.666667938232422,18.11111068725586,18.11111068725586,325125.0
1989-05-24T00:00:00.000000000,18.0,18.22222137451172,17.94444465637207,18.11111068725586,388125.0
1989-05-25T00:00:00.000000000,18.166667938232422,18.22222137451172,18.0,18.22222137451172,192600.0
1989-05-26T00:00:00.000000000,18.166667938232422,18.833332061767578,18.166667938232422,18.833332061767578,339075.0
1989-05-30T00:00:00.000000000,19.05555534362793,19.333332061767578,18.77777862548828,18.77777862548828,769725.0
1989-05-31T00:00:00.000000000,18.72222137451172,18.94444465637207,18.72222137451172,18.833332061767578,351900.0
1989-06-01T00:00:00.000000000,18.77777862548828,19.166667938232422,18.77777862548828,19.0,651150.0
1989-06-02T00:00:00.000000000,19.11111068725586,19.22222137451172,19.11111068725586,19.166667938232422,481950.0
1989-06-05T00:00:00.000000000,19.22222137451172,19.333332061767578,18.94444465637207,18.94444465637207,369000.0
1989-06-06T00:00:00.000000000,18.833332061767578,19.22222137451172,18.833332061767578,19.22222137451172,192150.0
1989-06-07T00:00:00.000000000,19.22222137451172,19.27777862548828,18.88888931274414,19.0,335925.0
1989-06-08T00:00:00.000000000,18.88888931274414,18.94444465637207,18.77777862548828,18.77777862548828,308250.0
1989-06-09T00:00:00.000000000,18.72222137451172,18.88888931274414,18.666667938232422,18.72222137451172,209250.0
1989-06-12T00:00:00.000000000,18.61111068725586,18.72222137451172,18.5,18.666667938232422,124200.0
1989-06-13T00:00:00.000000000,18.5,18.61111068725586,18.5,18.5,227250.0
1989-06-14T00:00:00.000000000,18.333332061767578,18.44444465637207,18.22222137451172,18.38888931274414,227700.0
1989-06-15T00:00:00.000000000,18.44444465637207,18.44444465637207,17.666667938232422,17.72222137451172,621450.0
1989-06-16T00:00:00.000000000,17.61111068725586,18.0,17.61111068725586,17.88888931274414,541125.0
1989-06-19T00:00:00.000000000,17.94444465637207,18.0,17.72222137451172,17.77777862548828,166275.0
1989-06-20T00:00:00.000000000,17.77777862548828,17.77777862548828,17.38888931274414,17.44444465637207,662625.0
1989-06-21T00:00:00.000000000,17.5,17.61111068725586,17.38888931274414,17.44444465637207,488475.0
1989-06-22T00:00:00.000000000,17.38888931274414,17.5,17.38888931274414,17.5,995625.0
1989-06-23T00:00:00.000000000,17.61111068725586,17.666667938232422,17.55555534362793,17.666667938232422,791325.0
1989-06-26T00:00:00.000000000,17.77777862548828,18.0,17.666667938232422,17.833332061767578,379800.0
1989-06-27T00:00:00.000000000,17.88888931274414,18.166667938232422,17.88888931274414,18.05555534362793,394875.0
1989-06-28T00:00:00.000000000,18.11111068725586,18.11111068725586,17.666667938232422,17.833332061767578,294525.0
1989-06-29T00:00:00.000000000,17.833332061767578,17.833332061767578,17.27777862548828,17.333332061767578,262575.0
1989-06-30T00:00:00.000000000,17.333332061767578,17.333332061767578,17.11111068725586,17.333332061767578,242775.0
1989-07-03T00:00:00.000000000,17.333332061767578,17.5,17.27777862548828,17.333332061767578,102825.0
1989-07-05T00:00:00.000000000,17.38888931274414,17.38888931274414,17.166667938232422,17.22222137451172,311625.0
1989-07-06T00:00:00.000000000,17.22222137451172,17.333332061767578,17.11111068725586,17.27777862548828,192150.0
1989-07-07T00:00:00.000000000,17.333332061767578,17.38888931274414,17.22222137451172,17.38888931274414,535050.0
1989-07-10T00:00:00.000000000,17.333332061767578,17.5,17.11111068725586,17.166667938232422,202500.0
1989-07-11T00:00:00.000000000,17.27777862548828,17.44444465637207,17.27777862548828,17.38888931274414,731475.0
1989-07-12T00:00:00.000000000,17.5,17.55555534362793,17.27777862548828,17.333332061767578,249975.0
1989-07-13T00:00:00.000000000,17.333332061767578,17.333332061767578,17.27777862548828,17.333332061767578,153900.0
1989-07-14T00:00:00.000000000,17.333332061767578,17.55555534362793,17.27777862548828,17.55555534362793,218025.0
1989-07-17T00:00:00.000000000,17.5,17.5,17.38888931274414,17.5,176175.0
1989-07-18T00:00:00.000000000,17.5,17.5,17.22222137451172,17.22222137451172,383400.0
1989-07-19T00:00:00.000000000,17.27777862548828,17.333332061767578,17.0,17.166667938232422,755775.0
1989-07-20T00:00:00.000000000,17.166667938232422,17.166667938232422,16.833332061767578,16.833332061767578,871200.0
1989-07-21T00:00:00.000000000,16.88888931274414,17.166667938232422,16.833332061767578,17.11111068725586,738675.0
1989-07-24T00:00:00.000000000,17.11111068725586,17.27777862548828,17.11111068725586,17.22222137451172,511875.0
1989-07-25T00:00:00.000000000,17.333332061767578,17.38888931274414,17.333332061767578,17.38888931274414,360000.0
1989-07-26T00:00:00.000000000,17.5,18.05555534362793,17.5,18.05555534362793,324675.0
1989-07-27T00:00:00.000000000,18.22222137451172,18.44444465637207,18.22222137451172,18.44444465637207,282375.0
1989-07-28T00:00:00.000000000,18.44444465637207,18.44444465637207,18.27777862548828,18.44444465637207,348750.0
1989-07-31T00:00:00.000000000,18.61111068725586,19.05555534362793,18.55555534362793,19.05555534362793,357975.0
1989-08-01T00:00:00.000000000,19.11111068725586,19.166667938232422,18.38888931274414,18.666667938232422,264600.0
1989-08-02T00:00:00.000000000,18.61111068725586,18.61111068725586,18.44444465637207,18.55555534362793,146925.0
1989-08-03T00:00:00.000000000,18.55555534362793,18.55555534362793,18.333332061767578,18.44444465637207,245925.0
1989-08-04T00:00:00.000000000,18.333332061767578,18.38888931274414,18.22222137451172,18.27777862548828,180450.0
1989-08-07T00:00:00.000000000,18.333332061767578,18.44444465637207,18.22222137451172,18.27777862548828,548325.0
1989-08-08T00:00:00.000000000,18.333332061767578,18.44444465637207,18.22222137451172,18.38888931274414,331200.0
1989-08-09T00:00:00.000000000,18.44444465637207,18.666667938232422,18.22222137451172,18.333332061767578,138825.0
1989-08-10T00:00:00.000000000,18.333332061767578,18.61111068725586,18.11111068725586,18.55555534362793,153675.0
1989-08-11T00:00:00.000000000,18.666667938232422,18.666667938232422,18.27777862548828,18.333332061767578,154125.0
1989-08-14T00:00:00.000000000,18.44444465637207,18.55555534362793,18.22222137451172,18.333332061767578,107325.0
1989-08-15T00:00:00.000000000,18.22222137451172,18.38888931274414,18.22222137451172,18.22222137451172,237375.0
1989-08-16T00:00:00.000000000,18.22222137451172,18.38888931274414,17.94444465637207,17.94444465637207,144450.0
1989-08-17T00:00:00.000000000,18.0,18.05555534362793,17.88888931274414,18.0,324000.0
1989-08-18T00:00:00.000000000,18.05555534362793,18.38888931274414,18.05555534362793,18.27777862548828,100350.0
1989-08-21T00:00:00.000000000,18.27777862548828,18.333332061767578,17.833332061767578,17.833332061767578,102375.0
1989-08-22T00:00:00.000000000,17.88888931274414,17.88888931274414,17.55555534362793,17.77777862548828,162000.0
1989-08-23T00:00:00.000000000,17.833332061767578,17.833332061767578,17.61111068725586,17.72222137451172,182925.0
1989-08-24T00:00:00.000000000,17.666667938232422,17.88888931274414,17.55555534362793,17.77777862548828,1017900.0
1989-08-25T00:00:00.000000000,17.88888931274414,18.0,17.833332061767578,17.94444465637207,196425.0
1989-08-28T00:00:00.000000000,17.833332061767578,18.38888931274414,17.77777862548828,18.38888931274414,156600.0
1989-08-29T00:00:00.000000000,18.38888931274414,18.666667938232422,18.166667938232422,18.44444465637207,363375.0
1989-08-30T00:00:00.000000000,18.38888931274414,18.94444465637207,18.333332061767578,18.61111068725586,406125.0
1989-08-31T00:00:00.000000000,18.61111068725586,18.77777862548828,18.5,18.77777862548828,268650.0
1989-09-01T00:00:00.000000000,18.72222137451172,19.0,18.72222137451172,19.0,167625.0
1989-09-05T00:00:00.000000000,18.94444465637207,19.0,18.833332061767578,18.94444465637207,234450.0
1989-09-06T00:00:00.000000000,18.88888931274414,18.88888931274414,18.666667938232422,18.72222137451172,227250.0
1989-09-07T00:00:00.000000000,18.666667938232422,18.77777862548828,18.666667938232422,18.666667938232422,283275.0
1989-09-08T00:00:00.000000000,18.666667938232422,18.72222137451172,18.55555534362793,18.55555534362793,225450.0
1989-09-11T00:00:00.000000000,18.5,18.5,18.11111068725586,18.166667938232422,205875.0
1989-09-12T00:00:00.000000000,18.22222137451172,18.27777862548828,18.11111068725586,18.166667938232422,130950.0
1989-09-13T00:00:00.000000000,18.22222137451172,18.27777862548828,17.88888931274414,18.05555534362793,192150.0
1989-09-14T00:00:00.000000000,18.05555534362793,18.05555534362793,17.88888931274414,17.94444465637207,163800.0
1989-09-15T00:00:00.000000000,17.833332061767578,18.0,17.22222137451172,17.77777862548828,568125.0
1989-09-18T00:00:00.000000000,17.833332061767578,17.88888931274414,17.666667938232422,17.72222137451172,162900.0
1989-09-19T00:00:00.000000000,17.666667938232422,17.77777862548828,17.61111068725586,17.77777862548828,262575.0
1989-09-20T00:00:00.000000000,17.77777862548828,17.77777862548828,17.666667938232422,17.77777862548828,113400.0
1989-09-21T00:00:00.000000000,17.77777862548828,17.833332061767578,17.72222137451172,17.77777862548828,511650.0
1989-09-22T00:00:00.000000000,17.77777862548828,17.833332061767578,17.72222137451172,17.833332061767578,239400.0
1989-09-25T00:00:00.000000000,17.833332061767578,17.833332061767578,17.55555534362793,17.55555534362793,231975.0
1989-09-26T00:00:00.000000000,17.61111068725586,17.77777862548828,17.61111068725586,17.666667938232422,146475.0
1989-09-27T00:00:00.000000000,17.61111068725586,17.77777862548828,17.5,17.55555534362793,283050.0
1989-09-28T00:00:00.000000000,17.61111068725586,17.666667938232422,17.44444465637207,17.5,240975.0
1989-09-29T00:00:00.000000000,17.38888931274414,17.55555534362793,17.38888931274414,17.5,241650.0
1989-10-02T00:00:00.000000000,17.5,17.55555534362793,17.38888931274414,17.55555534362793,185625.0
1989-10-03T00:00:00.000000000,17.61111068725586,17.666667938232422,17.5,17.666667938232422,311400.0
1989-10-04T00:00:00.000000000,17.77777862548828,17.833332061767578,17.72222137451172,17.77777862548828,322875.0
1989-10-05T00:00:00.000000000,17.77777862548828,17.77777862548828,17.61111068725586,17.666667938232422,253350.0
1989-10-06T00:00:00.000000000,17.666667938232422,17.666667938232422,17.55555534362793,17.666667938232422,150300.0
1989-10-09T00:00:00.000000000,17.55555534362793,17.61111068725586,17.38888931274414,17.61111068725586,200925.0
1989-10-10T00:00:00.000000000,17.55555534362793,17.666667938232422,17.5,17.61111068725586,282825.0
1989-10-11T00:00:00.000000000,17.666667938232422,17.666667938232422,17.333332061767578,17.38888931274414,247050.0
1989-10-12T00:00:00.000000000,17.44444465637207,17.44444465637207,16.666667938232422,17.27777862548828,506250.0
1989-10-13T00:00:00.000000000,17.22222137451172,17.27777862548828,16.77777862548828,16.77777862548828,504225.0
1989-10-16T00:00:00.000000000,16.44444465637207,16.94444465637207,16.44444465637207,16.88888931274414,1170000.0
1989-10-17T00:00:00.000000000,16.77777862548828,17.22222137451172,16.72222137451172,17.166667938232422,567000.0
1989-10-18T00:00:00.000000000,17.22222137451172,17.333332061767578,17.166667938232422,17.27777862548828,271575.0
1989-10-19T00:00:00.000000000,17.333332061767578,17.61111068725586,17.27777862548828,17.27777862548828,464850.0
1989-10-20T00:00:00.000000000,17.333332061767578,17.333332061767578,17.0,17.0,321750.0
1989-10-23T00:00:00.000000000,17.05555534362793,17.11111068725586,16.77777862548828,16.77777862548828,264375.0
1989-10-24T00:00:00.000000000,16.77777862548828,16.77777862548828,16.38888931274414,16.61111068725586,522225.0
1989-10-25T00:00:00.000000000,16.61111068725586,16.666667938232422,16.55555534362793,16.61111068725586,360900.0
1989-10-26T00:00:00.000000000,16.666667938232422,16.833332061767578,16.61111068725586,16.72222137451172,799875.0
1989-10-27T00:00:00.000000000,16.833332061767578,16.833332061767578,16.666667938232422,16.72222137451172,340425.0
1989-10-30T00:00:00.000000000,16.77777862548828,16.833332061767578,16.72222137451172,16.77777862548828,140400.0
1989-10-31T00:00:00.000000000,16.77777862548828,16.88888931274414,16.72222137451172,16.833332061767578,207675.0
1989-11-01T00:00:00.000000000,16.94444465637207,17.0,16.55555534362793,16.666667938232422,261675.0
1989-11-02T00:00:00.000000000,16.72222137451172,16.72222137451172,16.5,16.666667938232422,233775.0
1989-11-03T00:00:00.000000000,16.666667938232422,16.94444465637207,16.666667938232422,16.72222137451172,265050.0
1989-11-06T00:00:00.000000000,16.77777862548828,16.77777862548828,16.38888931274414,16.38888931274414,317250.0
1989-11-07T00:00:00.000000000,16.38888931274414,16.5,16.22222137451172,16.44444465637207,325125.0
1989-11-08T00:00:00.000000000,16.5,16.833332061767578,16.5,16.72222137451172,311850.0
1989-11-09T00:00:00.000000000,16.666667938232422,16.72222137451172,16.55555534362793,16.666667938232422,149625.0
1989-11-10T00:00:00.000000000,16.666667938232422,16.72222137451172,16.61111068725586,16.666667938232422,239625.0
1989-11-13T00:00:00.000000000,16.72222137451172,16.833332061767578,16.61111068725586,16.77777862548828,197550.0
1989-11-14T00:00:00.000000000,16.833332061767578,16.88888931274414,16.77777862548828,16.833332061767578,158175.0
1989-11-15T00:00:00.000000000,16.833332061767578,16.833332061767578,16.666667938232422,16.72222137451172,183825.0
1989-11-16T00:00:00.000000000,16.666667938232422,16.77777862548828,16.61111068725586,16.666667938232422,289125.0
1989-11-17T00:00:00.000000000,16.72222137451172,16.833332061767578,16.666667938232422,16.72222137451172,382275.0
1989-11-20T00:00:00.000000000,17.11111068725586,17.11111068725586,16.55555534362793,16.61111068725586,338400.0
1989-11-21T00:00:00.000000000,16.61111068725586,16.88888931274414,16.61111068725586,16.72222137451172,237600.0
1989-11-22T00:00:00.000000000,16.77777862548828,16.833332061767578,16.666667938232422,16.666667938232422,189450.0
1989-11-24T00:00:00.000000000,16.77777862548828,16.88888931274414,16.77777862548828,16.88888931274414,84825.0
1989-11-27T00:00:00.000000000,16.94444465637207,17.0,16.833332061767578,16.833332061767578,131625.0
1989-11-28T00:00:00.000000000,16.88888931274414,16.88888931274414,16.72222137451172,16.72222137451172,314775.0
1989-11-29T00:00:00.000000000,16.666667938232422,16.77777862548828,16.666667938232422,16.77777862548828,143775.0
1989-11-30T00:00:00.000000000,16.72222137451172,16.77777862548828,16.666667938232422,16.77777862548828,421875.0
1989-12-01T00:00:00.000000000,16.666667938232422,17.05555534362793,16.666667938232422,16.72222137451172,820575.0
1989-12-04T00:00:00.000000000,16.77777862548828,16.833332061767578,16.72222137451172,16.77777862548828,287325.0
1989-12-05T00:00:00.000000000,16.77777862548828,17.05555534362793,16.77777862548828,16.94444465637207,429975.0
1989-12-06T00:00:00.000000000,16.88888931274414,17.333332061767578,16.88888931274414,17.27777862548828,253800.0
1989-12-07T00:00:00.000000000,17.333332061767578,17.88888931274414,17.333332061767578,17.666667938232422,278325.0
1989-12-08T00:00:00.000000000,17.77777862548828,17.833332061767578,17.61111068725586,17.72222137451172,178875.0
1989-12-11T00:00:00.000000000,17.666667938232422,17.77777862548828,17.55555534362793,17.72222137451172,457650.0
1989-12-12T00:00:00.000000000,17.72222137451172,17.833332061767578,17.61111068725586,17.77777862548828,314325.0
1989-12-13T00:00:00.000000000,17.72222137451172,18.11111068725586,17.72222137451172,17.94444465637207,104400.0
1989-12-14T00:00:00.000000000,17.88888931274414,17.94444465637207,17.77777862548828,17.833332061767578,207900.0
1989-12-15T00:00:00.000000000,17.94444465637207,18.05555534362793,17.77777862548828,17.88888931274414,335925.0
1989-12-18T00:00:00.000000000,17.94444465637207,18.166667938232422,17.72222137451172,17.88888931274414,232650.0
1989-12-19T00:00:00.000000000,18.0,18.0,17.77777862548828,17.88888931274414,160200.0
1989-12-20T00:00:00.000000000,17.94444465637207,18.0,17.77777862548828,17.88888931274414,114300.0
1989-12-21T00:00:00.000000000,18.0,18.11111068725586,17.94444465637207,18.05555534362793,238275.0
1989-12-22T00:00:00.000000000,18.05555534362793,18.11111068725586,17.94444465637207,18.11111068725586,96975.0
1989-12-26T00:00:00.000000000,18.166667938232422,18.166667938232422,18.05555534362793,18.11111068725586,112050.0
1989-12-27T00:00:00.000000000,18.22222137451172,18.833332061767578,18.166667938232422,18.833332061767578,187875.0
1989-12-28T00:00:00.000000000,18.833332061767578,18.833332061767578,18.61111068725586,18.72222137451172,281700.0
1989-12-29T00:00:00.000000000,18.666667938232422,18.72222137451172,18.55555534362793,18.666667938232422,56700.0
1990-01-02T00:00:00.000000000,18.55555534362793,19.0,18.44444465637207,19.0,310950.0
1990-01-03T00:00:00.000000000,18.88888931274414,18.88888931274414,18.61111068725586,18.666667938232422,410400.0
1990-01-04T00:00:00.000000000,18.55555534362793,18.61111068725586,18.38888931274414,18.61111068725586,310275.0
1990-01-05T00:00:00.000000000,18.55555534362793,18.666667938232422,18.55555534362793,18.666667938232422,96525.0
1990-01-08T00:00:00.000000000,18.61111068725586,18.77777862548828,18.44444465637207,18.666667938232422,135000.0
1990-01-09T00:00:00.000000000,18.72222137451172,18.72222137451172,17.88888931274414,18.166667938232422,229050.0
1990-01-10T00:00:00.000000000,18.0,18.166667938232422,17.72222137451172,18.166667938232422,240075.0
1990-01-11T00:00:00.000000000,18.166667938232422,18.55555534362793,18.166667938232422,18.333332061767578,229050.0
1990-01-12T00:00:00.000000000,18.11111068725586,18.11111068725586,17.72222137451172,17.72222137451172,219825.0
1990-01-15T00:00:00.000000000,17.61111068725586,17.72222137451172,17.55555534362793,17.666667938232422,168975.0
1990-01-16T00:00:00.000000000,17.61111068725586,17.88888931274414,17.11111068725586,17.88888931274414,382500.0
1990-01-17T00:00:00.000000000,17.77777862548828,17.77777862548828,17.166667938232422,17.44444465637207,393975.0
1990-01-18T00:00:00.000000000,17.27777862548828,17.333332061767578,17.0,17.166667938232422,271350.0
1990-01-19T00:00:00.000000000,17.22222137451172,17.27777862548828,17.11111068725586,17.11111068725586,322650.0
1990-01-22T00:00:00.000000000,17.05555534362793,17.22222137451172,16.88888931274414,16.88888931274414,310275.0
1990-01-23T00:00:00.000000000,16.94444465637207,17.27777862548828,16.94444465637207,17.27777862548828,367200.0
1990-01-24T00:00:00.000000000,17.11111068725586,17.333332061767578,16.833332061767578,17.22222137451172,438075.0
1990-01-25T00:00:00.000000000,17.333332061767578,17.333332061767578,16.94444465637207,17.0,167850.0
1990-01-26T00:00:00.000000000,17.05555534362793,17.11111068725586,16.72222137451172,17.0,162225.0
1990-01-29T00:00:00.000000000,16.88888931274414,16.94444465637207,16.666667938232422,16.88888931274414,153675.0
1990-01-30T00:00:00.000000000,16.88888931274414,16.88888931274414,16.666667938232422,16.72222137451172,194175.0
1990-01-31T00:00:00.000000000,16.833332061767578,16.94444465637207,16.77777862548828,16.94444465637207,155025.0
1990-02-01T00:00:00.000000000,16.94444465637207,16.94444465637207,16.77777862548828,16.88888931274414,94275.0
1990-02-02T00:00:00.000000000,16.94444465637207,17.05555534362793,16.833332061767578,17.0,166725.0
1990-02-05T00:00:00.000000000,17.05555534362793,17.05555534362793,16.94444465637207,17.05555534362793,51975.0
1990-02-06T00:00:00.000000000,16.94444465637207,17.11111068725586,16.94444465637207,17.11111068725586,176850.0
1990-02-07T00:00:00.000000000,17.0,17.333332061767578,16.94444465637207,17.333332061767578,200700.0
1990-02-08T00:00:00.000000000,17.27777862548828,17.666667938232422,17.27777862548828,17.55555534362793,267975.0
1990-02-09T00:00:00.000000000,17.55555534362793,17.666667938232422,17.38888931274414,17.5,155700.0
1990-02-12T00:00:00.000000000,17.44444465637207,17.44444465637207,17.11111068725586,17.166667938232422,121050.0
1990-02-13T00:00:00.000000000,17.27777862548828,17.27777862548828,17.05555534362793,17.11111068725586,212400.0
1990-02-14T00:00:00.000000000,17.166667938232422,17.22222137451172,17.0,17.166667938232422,223875.0
1990-02-15T00:00:00.000000000,17.166667938232422,17.333332061767578,17.166667938232422,17.22222137451172,121050.0
1990-02-16T00:00:00.000000000,17.27777862548828,17.27777862548828,16.88888931274414,17.05555534362793,415350.0
1990-02-20T00:00:00.000000000,16.88888931274414,16.94444465637207,16.72222137451172,16.88888931274414,119700.0
1990-02-21T00:00:00.000000000,16.72222137451172,16.88888931274414,16.61111068725586,16.88888931274414,162225.0
1990-02-22T00:00:00.000000000,16.94444465637207,17.05555534362793,16.77777862548828,16.77777862548828,356175.0
1990-02-23T00:00:00.000000000,16.77777862548828,16.833332061767578,16.666667938232422,16.72222137451172,131625.0
1990-02-26T00:00:00.000000000,16.72222137451172,17.22222137451172,16.72222137451172,17.22222137451172,169650.0
1990-02-27T00:00:00.000000000,17.22222137451172,17.333332061767578,17.05555534362793,17.05555534362793,154575.0
1990-02-28T00:00:00.000000000,17.05555534362793,17.22222137451172,16.88888931274414,16.88888931274414,409050.0
1990-03-01T00:00:00.000000000,17.0,17.05555534362793,16.833332061767578,16.94444465637207,155250.0
1990-03-02T00:00:00.000000000,16.88888931274414,17.05555534362793,16.88888931274414,17.05555534362793,123525.0
1990-03-05T00:00:00.000000000,17.0,17.05555534362793,16.666667938232422,16.833332061767578,308925.0
1990-03-06T00:00:00.000000000,16.77777862548828,17.166667938232422,16.77777862548828,17.11111068725586,206100.0
1990-03-07T00:00:00.000000000,17.05555534362793,17.27777862548828,16.833332061767578,16.833332061767578,184950.0
1990-03-08T00:00:00.000000000,16.88888931274414,17.05555534362793,16.833332061767578,17.0,235350.0
1990-03-09T00:00:00.000000000,17.05555534362793,17.22222137451172,17.0,17.166667938232422,371925.0
1990-03-12T00:00:00.000000000,17.11111068725586,17.5,17.11111068725586,17.44444465637207,162675.0
1990-03-13T00:00:00.000000000,17.5,17.5,17.22222137451172,17.38888931274414,190350.0
1990-03-14T00:00:00.000000000,17.333332061767578,17.44444465637207,17.27777862548828,17.333332061767578,175950.0
1990-03-15T00:00:00.000000000,17.38888931274414,17.72222137451172,17.333332061767578,17.55555534362793,165150.0
1990-03-16T00:00:00.000000000,17.77777862548828,17.77777862548828,17.5,17.61111068725586,433575.0
1990-03-19T00:00:00.000000000,17.5,17.666667938232422,17.27777862548828,17.666667938232422,88200.0
1990-03-20T00:00:00.000000000,17.55555534362793,17.666667938232422,17.5,17.666667938232422,132525.0
1990-03-21T00:00:00.000000000,17.61111068725586,17.666667938232422,17.5,17.55555534362793,154800.0
1990-03-22T00:00:00.000000000,17.61111068725586,17.61111068725586,16.666667938232422,16.77777862548828,374850.0
1990-03-23T00:00:00.000000000,16.88888931274414,17.05555534362793,16.72222137451172,16.88888931274414,444375.0
1990-03-26T00:00:00.000000000,16.833332061767578,17.05555534362793,16.833332061767578,16.94444465637207,295200.0
1990-03-27T00:00:00.000000000,17.0,17.333332061767578,17.0,17.333332061767578,263475.0
1990-03-28T00:00:00.000000000,17.27777862548828,17.55555534362793,17.22222137451172,17.27777862548828,273825.0
1990-03-29T00:00:00.000000000,17.27777862548828,17.27777862548828,17.05555534362793,17.166667938232422,475200.0
1990-03-30T00:00:00.000000000,16.94444465637207,17.05555534362793,16.666667938232422,16.77777862548828,519525.0
1990-04-02T00:00:00.000000000,16.61111068725586,16.88888931274414,16.55555534362793,16.88888931274414,203850.0
1990-04-03T00:00:00.000000000,17.05555534362793,17.55555534362793,16.94444465637207,17.5,254700.0
1990-04-04T00:00:00.000000000,17.5,17.5,17.11111068725586,17.166667938232422,313650.0
1990-04-05T00:00:00.000000000,17.22222137451172,17.333332061767578,17.11111068725586,17.27777862548828,245250.0
1990-04-06T00:00:00.000000000,17.27777862548828,17.27777862548828,17.05555534362793,17.22222137451172,100125.0
1990-04-09T00:00:00.000000000,17.22222137451172,17.27777862548828,17.166667938232422,17.22222137451172,163125.0
1990-04-10T00:00:00.000000000,17.166667938232422,17.55555534362793,17.11111068725586,17.44444465637207,164700.0
1990-04-11T00:00:00.000000000,17.44444465637207,17.61111068725586,17.44444465637207,17.44444465637207,147825.0
1990-04-12T00:00:00.000000000,17.5,17.666667938232422,17.44444465637207,17.55555534362793,187650.0
1990-04-16T00:00:00.000000000,17.72222137451172,18.0,17.72222137451172,17.88888931274414,368100.0
1990-04-17T00:00:00.000000000,17.72222137451172,18.0,17.61111068725586,17.94444465637207,271350.0
1990-04-18T00:00:00.000000000,18.0,18.05555534362793,17.88888931274414,18.0,270000.0
1990-04-19T00:00:00.000000000,17.88888931274414,18.0,17.666667938232422,17.666667938232422,362025.0
1990-04-20T00:00:00.000000000,17.72222137451172,17.77777862548828,17.5,17.5,200025.0
1990-04-23T00:00:00.000000000,17.55555534362793,17.833332061767578,17.5,17.77777862548828,134550.0
1990-04-24T00:00:00.000000000,17.77777862548828,18.0,17.72222137451172,17.77777862548828,255825.0
1990-04-25T00:00:00.000000000,17.833332061767578,17.88888931274414,17.666667938232422,17.77777862548828,395100.0
1990-04-26T00:00:00.000000000,17.77777862548828,17.833332061767578,17.5,17.5,267525.0
1990-04-27T00:00:00.000000000,17.61111068725586,17.72222137451172,17.333332061767578,17.333332061767578,223875.0
1990-04-30T00:00:00.000000000,17.333332061767578,17.55555534362793,17.27777862548828,17.55555534362793,109800.0
1990-05-01T00:00:00.000000000,17.666667938232422,17.88888931274414,17.61111068725586,17.88888931274414,285300.0
1990-05-02T00:00:00.000000000,17.833332061767578,18.0,17.833332061767578,18.0,268875.0
1990-05-03T00:00:00.000000000,18.0,18.166667938232422,17.94444465637207,18.11111068725586,302625.0
1990-05-04T00:00:00.000000000,18.11111068725586,18.166667938232422,17.94444465637207,18.05555534362793,221175.0
1990-05-07T00:00:00.000000000,18.05555534362793,18.05555534362793,17.833332061767578,17.94444465637207,66150.0
1990-05-08T00:00:00.000000000,17.88888931274414,17.94444465637207,17.61111068725586,17.77777862548828,270900.0
1990-05-09T00:00:00.000000000,17.77777862548828,17.833332061767578,17.61111068725586,17.666667938232422,226575.0
1990-05-10T00:00:00.000000000,17.61111068725586,17.72222137451172,17.61111068725586,17.61111068725586,244800.0
1990-05-11T00:00:00.000000000,17.666667938232422,17.77777862548828,17.55555534362793,17.77777862548828,459450.0
1990-05-14T00:00:00.000000000,17.833332061767578,18.166667938232422,17.833332061767578,17.88888931274414,397800.0
1990-05-15T00:00:00.000000000,17.833332061767578,18.11111068725586,17.833332061767578,17.94444465637207,281475.0
1990-05-16T00:00:00.000000000,17.94444465637207,17.94444465637207,17.77777862548828,17.94444465637207,124875.0
1990-05-17T00:00:00.000000000,17.94444465637207,18.05555534362793,17.833332061767578,17.833332061767578,202725.0
1990-05-18T00:00:00.000000000,17.77777862548828,17.77777862548828,17.55555534362793,17.72222137451172,126450.0
1990-05-21T00:00:00.000000000,17.72222137451172,17.833332061767578,17.666667938232422,17.833332061767578,280125.0
1990-05-22T00:00:00.000000000,17.833332061767578,17.94444465637207,17.72222137451172,17.833332061767578,192825.0
1990-05-23T00:00:00.000000000,17.833332061767578,18.0,17.833332061767578,18.0,493875.0
1990-05-24T00:00:00.000000000,18.0,18.166667938232422,17.94444465637207,18.05555534362793,278775.0
1990-05-25T00:00:00.000000000,18.0,18.05555534362793,17.88888931274414,18.0,70425.0
1990-05-29T00:00:00.000000000,18.05555534362793,18.11111068725586,17.88888931274414,18.11111068725586,288675.0
1990-05-30T00:00:00.000000000,18.166667938232422,18.44444465637207,18.166667938232422,18.22222137451172,303300.0
1990-05-31T00:00:00.000000000,18.27777862548828,18.38888931274414,18.22222137451172,18.38888931274414,222975.0
1990-06-01T00:00:00.000000000,18.333332061767578,18.44444465637207,18.11111068725586,18.22222137451172,163125.0
1990-06-04T00:00:00.000000000,18.22222137451172,18.833332061767578,18.05555534362793,18.72222137451172,287100.0
1990-06-05T00:00:00.000000000,18.72222137451172,18.833332061767578,18.72222137451172,18.77777862548828,260100.0
1990-06-06T00:00:00.000000000,18.61111068725586,18.72222137451172,18.55555534362793,18.72222137451172,364725.0
1990-06-07T00:00:00.000000000,18.61111068725586,18.77777862548828,18.55555534362793,18.55555534362793,220050.0
1990-06-08T00:00:00.000000000,18.55555534362793,18.61111068725586,18.27777862548828,18.38888931274414,260775.0
1990-06-11T00:00:00.000000000,18.333332061767578,18.38888931274414,18.27777862548828,18.38888931274414,181575.0
1990-06-12T00:00:00.000000000,18.38888931274414,18.61111068725586,18.166667938232422,18.5,257625.0
1990-06-13T00:00:00.000000000,18.5,18.55555534362793,18.333332061767578,18.44444465637207,305325.0
1990-06-14T00:00:00.000000000,18.44444465637207,18.61111068725586,18.333332061767578,18.61111068725586,357075.0
1990-06-15T00:00:00.000000000,18.55555534362793,18.61111068725586,18.44444465637207,18.61111068725586,218925.0
1990-06-18T00:00:00.000000000,18.5,18.5,18.0,18.05555534362793,174150.0
1990-06-19T00:00:00.000000000,18.166667938232422,18.333332061767578,18.05555534362793,18.05555534362793,371475.0
1990-06-20T00:00:00.000000000,18.11111068725586,18.11111068725586,17.72222137451172,17.94444465637207,391050.0
1990-06-21T00:00:00.000000000,17.94444465637207,18.11111068725586,17.94444465637207,18.0,188775.0
1990-06-22T00:00:00.000000000,18.11111068725586,18.11111068725586,17.55555534362793,17.666667938232422,433800.0
1990-06-25T00:00:00.000000000,17.666667938232422,17.833332061767578,17.61111068725586,17.666667938232422,409050.0
1990-06-26T00:00:00.000000000,17.72222137451172,17.833332061767578,17.333332061767578,17.38888931274414,476775.0
1990-06-27T00:00:00.000000000,17.38888931274414,17.5,17.166667938232422,17.44444465637207,305775.0
1990-06-28T00:00:00.000000000,17.44444465637207,17.666667938232422,17.38888931274414,17.55555534362793,102825.0
1990-06-29T00:00:00.000000000,17.5,17.77777862548828,17.5,17.666667938232422,261900.0
1990-07-02T00:00:00.000000000,17.72222137451172,17.72222137451172,17.55555534362793,17.55555534362793,234225.0
1990-07-03T00:00:00.000000000,17.55555534362793,17.55555534362793,16.88888931274414,16.94444465637207,481275.0
1990-07-05T00:00:00.000000000,16.72222137451172,16.77777862548828,16.22222137451172,16.22222137451172,588375.0
1990-07-06T00:00:00.000000000,16.22222137451172,16.61111068725586,16.05555534362793,16.55555534362793,1044900.0
1990-07-09T00:00:00.000000000,16.5,16.61111068725586,16.5,16.55555534362793,422325.0
1990-07-10T00:00:00.000000000,16.55555534362793,16.61111068725586,16.5,16.55555534362793,633825.0
1990-07-11T00:00:00.000000000,16.5,16.55555534362793,16.38888931274414,16.44444465637207,571725.0
1990-07-12T00:00:00.000000000,16.44444465637207,16.55555534362793,16.38888931274414,16.55555534362793,600300.0
1990-07-13T00:00:00.000000000,16.5,16.61111068725586,16.44444465637207,16.55555534362793,776025.0
1990-07-16T00:00:00.000000000,16.55555534362793,16.833332061767578,16.55555534362793,16.666667938232422,253350.0
1990-07-17T00:00:00.000000000,16.77777862548828,16.77777862548828,16.27777862548828,16.27777862548828,441000.0
1990-07-18T00:00:00.000000000,16.05555534362793,16.38888931274414,16.05555534362793,16.333332061767578,446625.0
1990-07-19T00:00:00.000000000,16.22222137451172,16.77777862548828,16.22222137451172,16.77777862548828,304425.0
1990-07-20T00:00:00.000000000,16.77777862548828,16.833332061767578,16.38888931274414,16.38888931274414,358650.0
1990-07-23T00:00:00.000000000,16.333332061767578,16.333332061767578,16.11111068725586,16.333332061767578,278550.0
1990-07-24T00:00:00.000000000,16.333332061767578,16.44444465637207,16.11111068725586,16.333332061767578,284625.0
1990-07-25T00:00:00.000000000,16.22222137451172,16.22222137451172,16.05555534362793,16.166667938232422,255150.0
1990-07-26T00:00:00.000000000,16.166667938232422,16.27777862548828,16.05555534362793,16.27777862548828,260100.0
1990-07-27T00:00:00.000000000,16.27777862548828,16.27777862548828,16.0,16.11111068725586,300825.0
1990-07-30T00:00:00.000000000,16.0,16.0,15.722222328186035,15.944443702697754,190575.0
1990-07-31T00:00:00.000000000,16.05555534362793,16.333332061767578,16.05555534362793,16.333332061767578,438750.0
1990-08-01T00:00:00.000000000,16.27777862548828,16.38888931274414,16.22222137451172,16.38888931274414,254250.0
1990-08-02T00:00:00.000000000,16.22222137451172,16.38888931274414,16.11111068725586,16.22222137451172,331425.0
1990-08-03T00:00:00.000000000,16.166667938232422,16.166667938232422,15.555556297302246,15.944443702697754,531675.0
1990-08-06T00:00:00.000000000,15.555556297302246,15.61111068725586,14.722222328186035,15.333333015441895,417375.0
1990-08-07T00:00:00.000000000,15.5,15.61111068725586,15.444443702697754,15.555556297302246,903150.0
1990-08-08T00:00:00.000000000,15.555556297302246,15.777777671813965,15.5,15.722222328186035,516600.0
1990-08-09T00:00:00.000000000,15.666666984558105,15.722222328186035,15.444443702697754,15.555556297302246,468225.0
1990-08-10T00:00:00.000000000,15.5,15.5,15.333333015441895,15.333333015441895,297000.0
1990-08-13T00:00:00.000000000,15.277777671813965,15.38888931274414,15.222222328186035,15.333333015441895,274275.0
1990-08-14T00:00:00.000000000,15.38888931274414,15.666666984558105,15.38888931274414,15.61111068725586,697950.0
1990-08-15T00:00:00.000000000,15.777777671813965,15.88888931274414,15.777777671813965,15.833333015441895,358425.0
1990-08-16T00:00:00.000000000,15.722222328186035,15.777777671813965,15.555556297302246,15.61111068725586,529425.0
1990-08-17T00:00:00.000000000,15.555556297302246,15.61111068725586,15.333333015441895,15.444443702697754,606375.0
1990-08-20T00:00:00.000000000,15.444443702697754,15.61111068725586,15.444443702697754,15.555556297302246,264375.0
1990-08-21T00:00:00.000000000,15.444443702697754,15.444443702697754,15.166666984558105,15.333333015441895,938250.0
1990-08-22T00:00:00.000000000,15.444443702697754,15.5,15.333333015441895,15.333333015441895,371025.0
1990-08-23T00:00:00.000000000,15.277777671813965,15.277777671813965,14.944443702697754,15.055556297302246,549675.0
1990-08-24T00:00:00.000000000,15.11111068725586,15.333333015441895,15.055556297302246,15.11111068725586,459450.0
1990-08-27T00:00:00.000000000,15.277777671813965,15.722222328186035,15.277777671813965,15.61111068725586,768375.0
1990-08-28T00:00:00.000000000,15.61111068725586,15.777777671813965,15.61111068725586,15.722222328186035,316350.0
1990-08-29T00:00:00.000000000,15.722222328186035,16.38888931274414,15.722222328186035,16.38888931274414,165825.0
1990-08-30T00:00:00.000000000,16.27777862548828,16.27777862548828,15.722222328186035,15.833333015441895,147825.0
1990-08-31T00:00:00.000000000,15.833333015441895,16.22222137451172,15.777777671813965,15.944443702697754,181350.0
1990-09-04T00:00:00.000000000,15.61111068725586,15.666666984558105,15.5,15.555556297302246,366525.0
1990-09-05T00:00:00.000000000,15.61111068725586,16.0,15.61111068725586,15.722222328186035,253575.0
1990-09-06T00:00:00.000000000,15.777777671813965,15.777777671813965,15.555556297302246,15.555556297302246,352125.0
1990-09-07T00:00:00.000000000,15.555556297302246,15.944443702697754,15.555556297302246,15.61111068725586,162000.0
1990-09-10T00:00:00.000000000,15.777777671813965,15.777777671813965,15.555556297302246,15.61111068725586,295875.0
1990-09-11T00:00:00.000000000,15.61111068725586,15.61111068725586,15.38888931274414,15.5,312075.0
1990-09-12T00:00:00.000000000,15.555556297302246,15.555556297302246,15.38888931274414,15.5,457650.0
1990-09-13T00:00:00.000000000,15.5,15.5,15.166666984558105,15.333333015441895,193725.0
1990-09-14T00:00:00.000000000,15.38888931274414,15.444443702697754,15.333333015441895,15.444443702697754,186750.0
1990-09-17T00:00:00.000000000,15.38888931274414,15.5,15.333333015441895,15.444443702697754,125550.0
1990-09-18T00:00:00.000000000,15.333333015441895,15.5,15.277777671813965,15.5,83700.0
1990-09-19T00:00:00.000000000,15.444443702697754,15.555556297302246,15.38888931274414,15.444443702697754,171225.0
1990-09-20T00:00:00.000000000,15.38888931274414,15.38888931274414,15.277777671813965,15.333333015441895,1074375.0
1990-09-21T00:00:00.000000000,15.38888931274414,15.5,15.333333015441895,15.5,397350.0
1990-09-24T00:00:00.000000000,15.444443702697754,15.444443702697754,15.277777671813965,15.38888931274414,167175.0
1990-09-25T00:00:00.000000000,15.444443702697754,15.777777671813965,15.38888931274414,15.777777671813965,123300.0
1990-09-26T00:00:00.000000000,15.777777671813965,15.833333015441895,15.5,15.555556297302246,1161675.0
1990-09-27T00:00:00.000000000,15.61111068725586,15.88888931274414,15.5,15.555556297302246,416250.0
1990-09-28T00:00:00.000000000,15.5,15.777777671813965,15.277777671813965,15.777777671813965,322200.0
1990-10-01T00:00:00.000000000,15.777777671813965,15.944443702697754,15.5,15.88888931274414,261225.0
1990-10-02T00:00:00.000000000,16.0,16.05555534362793,15.88888931274414,15.944443702697754,399375.0
1990-10-03T00:00:00.000000000,15.88888931274414,16.05555534362793,15.833333015441895,16.0,285750.0
1990-10-04T00:00:00.000000000,16.0,16.11111068725586,15.944443702697754,16.0,294525.0
1990-10-05T00:00:00.000000000,15.944443702697754,16.22222137451172,15.833333015441895,16.05555534362793,322200.0
1990-10-08T00:00:00.000000000,16.166667938232422,16.27777862548828,16.11111068725586,16.166667938232422,25875.0
1990-10-09T00:00:00.000000000,16.11111068725586,16.333332061767578,16.05555534362793,16.11111068725586,238275.0
1990-10-10T00:00:00.000000000,16.05555534362793,16.44444465637207,15.722222328186035,15.777777671813965,494325.0
1990-10-11T00:00:00.000000000,15.722222328186035,15.88888931274414,15.277777671813965,15.444443702697754,181350.0
1990-10-12T00:00:00.000000000,15.5,15.777777671813965,15.277777671813965,15.444443702697754,222750.0
1990-10-15T00:00:00.000000000,15.555556297302246,15.61111068725586,15.222222328186035,15.5,236475.0
1990-10-16T00:00:00.000000000,15.5,15.61111068725586,15.277777671813965,15.333333015441895,87300.0
1990-10-17T00:00:00.000000000,15.333333015441895,15.61111068725586,15.333333015441895,15.5,96300.0
1990-10-18T00:00:00.000000000,15.5,15.666666984558105,15.38888931274414,15.444443702697754,92475.0
1990-10-19T00:00:00.000000000,15.61111068725586,16.11111068725586,15.61111068725586,15.88888931274414,196200.0
1990-10-22T00:00:00.000000000,15.777777671813965,16.38888931274414,15.777777671813965,16.27777862548828,98325.0
1990-10-23T00:00:00.000000000,16.22222137451172,16.22222137451172,15.944443702697754,16.0,161550.0
1990-10-24T00:00:00.000000000,15.944443702697754,16.0,15.722222328186035,15.777777671813965,450675.0
1990-10-25T00:00:00.000000000,15.777777671813965,15.777777671813965,15.666666984558105,15.666666984558105,127800.0
1990-10-26T00:00:00.000000000,15.666666984558105,15.722222328186035,15.555556297302246,15.555556297302246,217575.0
1990-10-29T00:00:00.000000000,15.555556297302246,15.555556297302246,15.277777671813965,15.38888931274414,151200.0
1990-10-30T00:00:00.000000000,15.444443702697754,15.61111068725586,15.333333015441895,15.61111068725586,147150.0
1990-10-31T00:00:00.000000000,15.61111068725586,15.944443702697754,15.61111068725586,15.666666984558105,263700.0
1990-11-01T00:00:00.000000000,15.61111068725586,15.944443702697754,15.5,15.833333015441895,369450.0
1990-11-02T00:00:00.000000000,15.777777671813965,16.05555534362793,15.666666984558105,16.0,116550.0
1990-11-05T00:00:00.000000000,15.944443702697754,16.0,15.777777671813965,15.88888931274414,172800.0
1990-11-06T00:00:00.000000000,15.833333015441895,15.944443702697754,15.777777671813965,15.88888931274414,171000.0
1990-11-07T00:00:00.000000000,15.833333015441895,15.944443702697754,15.61111068725586,15.722222328186035,134325.0
1990-11-08T00:00:00.000000000,15.61111068725586,16.0,15.61111068725586,15.944443702697754,233775.0
1990-11-09T00:00:00.000000000,15.88888931274414,16.0,15.88888931274414,16.0,155475.0
1990-11-12T00:00:00.000000000,16.0,16.0,15.88888931274414,15.944443702697754,201600.0
1990-11-13T00:00:00.000000000,15.944443702697754,16.27777862548828,15.944443702697754,16.22222137451172,217575.0
1990-11-14T00:00:00.000000000,16.27777862548828,16.333332061767578,16.05555534362793,16.27777862548828,277650.0
1990-11-15T00:00:00.000000000,16.166667938232422,16.22222137451172,15.944443702697754,15.944443702697754,133875.0
1990-11-16T00:00:00.000000000,16.05555534362793,16.333332061767578,16.05555534362793,16.27777862548828,126225.0
1990-11-19T00:00:00.000000000,16.27777862548828,16.833332061767578,16.27777862548828,16.44444465637207,347175.0
1990-11-20T00:00:00.000000000,16.44444465637207,16.61111068725586,16.333332061767578,16.333332061767578,175500.0
1990-11-21T00:00:00.000000000,16.333332061767578,16.5,16.166667938232422,16.333332061767578,240525.0
1990-11-23T00:00:00.000000000,16.27777862548828,16.333332061767578,16.11111068725586,16.11111068725586,69750.0
1990-11-26T00:00:00.000000000,16.11111068725586,16.11111068725586,15.777777671813965,16.11111068725586,128925.0
1990-11-27T00:00:00.000000000,16.166667938232422,16.22222137451172,16.0,16.166667938232422,140625.0
1990-11-28T00:00:00.000000000,16.11111068725586,16.166667938232422,16.0,16.11111068725586,125550.0
1990-11-29T00:00:00.000000000,16.0,16.11111068725586,15.833333015441895,16.05555534362793,158175.0
1990-11-30T00:00:00.000000000,16.0,16.77777862548828,16.0,16.5,243900.0
1990-12-03T00:00:00.000000000,16.55555534362793,16.61111068725586,16.27777862548828,16.38888931274414,646425.0
1990-12-04T00:00:00.000000000,16.166667938232422,16.88888931274414,16.11111068725586,16.88888931274414,143550.0
1990-12-05T00:00:00.000000000,16.88888931274414,16.88888931274414,16.61111068725586,16.77777862548828,57150.0
1990-12-06T00:00:00.000000000,16.88888931274414,16.94444465637207,16.72222137451172,16.833332061767578,243000.0
1990-12-07T00:00:00.000000000,17.0,17.11111068725586,16.72222137451172,16.72222137451172,137025.0
1990-12-10T00:00:00.000000000,16.77777862548828,16.77777862548828,16.44444465637207,16.61111068725586,67950.0
1990-12-11T00:00:00.000000000,16.55555534362793,16.666667938232422,16.5,16.61111068725586,100350.0
1990-12-12T00:00:00.000000000,16.666667938232422,16.833332061767578,16.61111068725586,16.833332061767578,194400.0
1990-12-13T00:00:00.000000000,16.833332061767578,16.94444465637207,16.72222137451172,16.833332061767578,87525.0
1990-12-14T00:00:00.000000000,16.72222137451172,16.833332061767578,16.61111068725586,16.72222137451172,133875.0
1990-12-17T00:00:00.000000000,16.72222137451172,17.11111068725586,16.5,16.55555534362793,265275.0
1990-12-18T00:00:00.000000000,16.5,16.88888931274414,16.5,16.77777862548828,181350.0
1990-12-19T00:00:00.000000000,16.72222137451172,16.833332061767578,16.666667938232422,16.833332061767578,111150.0
1990-12-20T00:00:00.000000000,16.72222137451172,16.94444465637207,16.61111068725586,16.94444465637207,249300.0
1990-12-21T00:00:00.000000000,17.166667938232422,17.22222137451172,16.833332061767578,17.166667938232422,414900.0
1990-12-24T00:00:00.000000000,17.166667938232422,17.27777862548828,17.11111068725586,17.166667938232422,48375.0
1990-12-26T00:00:00.000000000,17.333332061767578,17.38888931274414,17.27777862548828,17.27777862548828,313875.0
1990-12-27T00:00:00.000000000,17.333332061767578,17.333332061767578,17.05555534362793,17.05555534362793,37350.0
1990-12-28T00:00:00.000000000,17.05555534362793,17.166667938232422,17.0,17.05555534362793,46350.0
1990-12-31T00:00:00.000000000,17.05555534362793,17.11111068725586,16.833332061767578,16.88888931274414,103725.0
1991-01-02T00:00:00.000000000,16.88888931274414,17.0,16.77777862548828,16.833332061767578,118125.0
1991-01-03T00:00:00.000000000,16.94444465637207,17.0,16.77777862548828,16.833332061767578,111600.0
1991-01-04T00:00:00.000000000,16.77777862548828,16.77777862548828,16.333332061767578,16.333332061767578,83025.0
1991-01-07T00:00:00.000000000,16.22222137451172,16.22222137451172,15.722222328186035,15.833333015441895,302175.0
1991-01-08T00:00:00.000000000,15.88888931274414,16.11111068725586,15.833333015441895,16.11111068725586,49050.0
1991-01-09T00:00:00.000000000,16.166667938232422,16.5,15.666666984558105,15.777777671813965,216000.0
1991-01-10T00:00:00.000000000,15.777777671813965,15.88888931274414,15.722222328186035,15.88888931274414,90225.0
1991-01-11T00:00:00.000000000,15.88888931274414,15.88888931274414,15.722222328186035,15.833333015441895,48825.0
1991-01-14T00:00:00.000000000,15.722222328186035,16.0,15.5,15.944443702697754,143325.0
1991-01-15T00:00:00.000000000,16.0,16.11111068725586,15.777777671813965,15.944443702697754,97200.0
1991-01-16T00:00:00.000000000,15.833333015441895,16.11111068725586,15.833333015441895,16.05555534362793,83475.0
1991-01-17T00:00:00.000000000,16.55555534362793,17.05555534362793,16.44444465637207,16.5,434025.0
1991-01-18T00:00:00.000000000,16.333332061767578,16.833332061767578,16.333332061767578,16.77777862548828,373950.0
1991-01-21T00:00:00.000000000,16.77777862548828,16.94444465637207,16.77777862548828,16.88888931274414,160650.0
1991-01-22T00:00:00.000000000,16.88888931274414,16.88888931274414,16.72222137451172,16.833332061767578,89550.0
1991-01-23T00:00:00.000000000,16.833332061767578,16.94444465637207,16.77777862548828,16.88888931274414,142425.0
1991-01-24T00:00:00.000000000,16.94444465637207,17.11111068725586,16.88888931274414,17.0,287775.0
1991-01-25T00:00:00.000000000,17.0,17.0,16.61111068725586,16.77777862548828,213750.0
1991-01-28T00:00:00.000000000,16.833332061767578,16.833332061767578,16.72222137451172,16.77777862548828,121500.0
1991-01-29T00:00:00.000000000,16.833332061767578,16.833332061767578,16.666667938232422,16.666667938232422,157275.0
1991-01-30T00:00:00.000000000,16.666667938232422,16.88888931274414,16.666667938232422,16.833332061767578,191700.0
1991-01-31T00:00:00.000000000,16.833332061767578,16.833332061767578,16.55555534362793,16.72222137451172,384300.0
1991-02-01T00:00:00.000000000,16.666667938232422,17.0,16.5,17.0,286875.0
1991-02-04T00:00:00.000000000,16.94444465637207,17.166667938232422,16.88888931274414,17.166667938232422,217575.0
1991-02-05T00:00:00.000000000,17.22222137451172,17.27777862548828,16.88888931274414,17.0,332325.0
1991-02-06T00:00:00.000000000,17.05555534362793,17.333332061767578,17.0,17.333332061767578,390375.0
1991-02-07T00:00:00.000000000,17.333332061767578,18.11111068725586,17.333332061767578,17.77777862548828,585450.0
1991-02-08T00:00:00.000000000,17.61111068725586,17.72222137451172,17.27777862548828,17.38888931274414,228375.0
1991-02-11T00:00:00.000000000,17.5,17.833332061767578,17.5,17.61111068725586,376875.0
1991-02-12T00:00:00.000000000,17.55555534362793,17.666667938232422,17.55555534362793,17.666667938232422,223650.0
1991-02-13T00:00:00.000000000,17.55555534362793,17.666667938232422,17.44444465637207,17.61111068725586,205425.0
1991-02-14T00:00:00.000000000,17.61111068725586,17.72222137451172,17.44444465637207,17.5,246375.0
1991-02-15T00:00:00.000000000,17.55555534362793,17.77777862548828,17.5,17.77777862548828,196875.0
1991-02-19T00:00:00.000000000,17.666667938232422,17.88888931274414,17.5,17.833332061767578,254025.0
1991-02-20T00:00:00.000000000,17.833332061767578,17.94444465637207,17.666667938232422,17.833332061767578,481950.0
1991-02-21T00:00:00.000000000,17.833332061767578,17.94444465637207,17.77777862548828,17.77777862548828,546075.0
1991-02-22T00:00:00.000000000,17.77777862548828,18.0,17.77777862548828,17.88888931274414,150750.0
1991-02-25T00:00:00.000000000,17.94444465637207,17.94444465637207,17.833332061767578,17.88888931274414,514125.0
1991-02-26T00:00:00.000000000,17.88888931274414,18.0,17.88888931274414,17.88888931274414,479025.0
1991-02-27T00:00:00.000000000,17.94444465637207,18.22222137451172,17.88888931274414,18.11111068725586,424350.0
1991-02-28T00:00:00.000000000,18.22222137451172,18.38888931274414,18.11111068725586,18.22222137451172,254700.0
1991-03-01T00:00:00.000000000,18.27777862548828,18.61111068725586,18.11111068725586,18.5,569925.0
1991-03-04T00:00:00.000000000,18.61111068725586,18.666667938232422,18.44444465637207,18.55555534362793,259200.0
1991-03-05T00:00:00.000000000,18.5,18.77777862548828,18.5,18.666667938232422,360675.0
1991-03-06T00:00:00.000000000,18.666667938232422,18.666667938232422,18.333332061767578,18.5,267975.0
1991-03-07T00:00:00.000000000,18.5,18.55555534362793,17.94444465637207,18.22222137451172,415575.0
1991-03-08T00:00:00.000000000,18.166667938232422,18.27777862548828,17.833332061767578,17.94444465637207,429525.0
1991-03-11T00:00:00.000000000,17.94444465637207,18.0,17.94444465637207,18.0,212625.0
1991-03-12T00:00:00.000000000,17.94444465637207,18.0,17.77777862548828,17.77777862548828,278775.0
1991-03-13T00:00:00.000000000,17.833332061767578,18.0,17.833332061767578,18.0,259650.0
1991-03-14T00:00:00.000000000,18.11111068725586,18.166667938232422,17.94444465637207,17.94444465637207,145575.0
1991-03-15T00:00:00.000000000,18.166667938232422,18.166667938232422,17.72222137451172,18.0,427725.0
1991-03-18T00:00:00.000000000,17.88888931274414,18.11111068725586,17.833332061767578,17.94444465637207,343575.0
1991-03-19T00:00:00.000000000,17.77777862548828,17.88888931274414,17.666667938232422,17.77777862548828,120375.0
1991-03-20T00:00:00.000000000,17.72222137451172,17.833332061767578,17.72222137451172,17.77777862548828,217800.0
1991-03-21T00:00:00.000000000,17.72222137451172,17.88888931274414,17.72222137451172,17.72222137451172,92925.0
1991-03-22T00:00:00.000000000,17.72222137451172,17.88888931274414,17.72222137451172,17.77777862548828,84600.0
1991-03-25T00:00:00.000000000,17.77777862548828,18.05555534362793,17.77777862548828,17.833332061767578,120375.0
1991-03-26T00:00:00.000000000,17.72222137451172,17.72222137451172,17.5,17.55555534362793,465525.0
1991-03-27T00:00:00.000000000,17.55555534362793,17.55555534362793,17.22222137451172,17.27777862548828,360000.0
1991-03-28T00:00:00.000000000,17.333332061767578,17.38888931274414,17.27777862548828,17.333332061767578,185175.0
1991-04-01T00:00:00.000000000,17.22222137451172,17.333332061767578,17.05555534362793,17.22222137451172,503325.0
1991-04-02T00:00:00.000000000,17.22222137451172,17.27777862548828,17.05555534362793,17.22222137451172,366750.0
1991-04-03T00:00:00.000000000,17.333332061767578,17.333332061767578,16.833332061767578,16.94444465637207,616725.0
1991-04-04T00:00:00.000000000,16.88888931274414,16.88888931274414,16.666667938232422,16.77777862548828,591075.0
1991-04-05T00:00:00.000000000,16.833332061767578,16.94444465637207,16.77777862548828,16.77777862548828,507150.0
1991-04-08T00:00:00.000000000,16.833332061767578,17.61111068725586,16.72222137451172,17.61111068725586,242775.0
1991-04-09T00:00:00.000000000,17.61111068725586,17.833332061767578,17.44444465637207,17.666667938232422,192825.0
1991-04-10T00:00:00.000000000,17.666667938232422,17.72222137451172,17.333332061767578,17.38888931274414,336600.0
1991-04-11T00:00:00.000000000,17.38888931274414,17.77777862548828,17.38888931274414,17.5,187200.0
1991-04-12T00:00:00.000000000,17.55555534362793,17.61111068725586,17.38888931274414,17.38888931274414,142425.0
1991-04-15T00:00:00.000000000,17.333332061767578,17.55555534362793,17.333332061767578,17.44444465637207,442125.0
1991-04-16T00:00:00.000000000,17.333332061767578,17.72222137451172,17.27777862548828,17.72222137451172,339075.0
1991-04-17T00:00:00.000000000,17.666667938232422,17.77777862548828,17.5,17.61111068725586,447750.0
1991-04-18T00:00:00.000000000,17.5,17.666667938232422,17.44444465637207,17.55555534362793,168300.0
1991-04-19T00:00:00.000000000,17.44444465637207,17.55555534362793,17.05555534362793,17.05555534362793,427950.0
1991-04-22T00:00:00.000000000,17.11111068725586,17.22222137451172,17.11111068725586,17.22222137451172,231750.0
1991-04-23T00:00:00.000000000,17.22222137451172,17.333332061767578,17.22222137451172,17.333332061767578,136125.0
1991-04-24T00:00:00.000000000,17.333332061767578,17.333332061767578,17.166667938232422,17.333332061767578,407250.0
1991-04-25T00:00:00.000000000,17.22222137451172,17.22222137451172,17.0,17.05555534362793,561375.0
1991-04-26T00:00:00.000000000,17.0,17.22222137451172,17.0,17.22222137451172,208125.0
1991-04-29T00:00:00.000000000,17.22222137451172,17.22222137451172,16.88888931274414,16.88888931274414,146925.0
1991-04-30T00:00:00.000000000,16.94444465637207,17.22222137451172,16.94444465637207,17.166667938232422,412200.0
1991-05-01T00:00:00.000000000,17.22222137451172,17.55555534362793,17.22222137451172,17.55555534362793,375075.0
1991-05-02T00:00:00.000000000,17.44444465637207,17.88888931274414,17.333332061767578,17.833332061767578,537975.0
1991-05-03T00:00:00.000000000,17.88888931274414,18.166667938232422,17.833332061767578,18.166667938232422,556875.0
1991-05-06T00:00:00.000000000,18.05555534362793,18.22222137451172,18.0,18.22222137451172,236925.0
1991-05-07T00:00:00.000000000,18.166667938232422,18.44444465637207,18.166667938232422,18.22222137451172,559800.0
1991-05-08T00:00:00.000000000,18.22222137451172,18.38888931274414,18.22222137451172,18.38888931274414,317700.0
1991-05-09T00:00:00.000000000,18.333332061767578,18.38888931274414,18.27777862548828,18.27777862548828,224325.0
1991-05-10T00:00:00.000000000,18.333332061767578,18.333332061767578,18.05555534362793,18.11111068725586,450225.0
1991-05-13T00:00:00.000000000,18.11111068725586,18.11111068725586,17.77777862548828,17.88888931274414,114075.0
1991-05-14T00:00:00.000000000,17.833332061767578,17.833332061767578,17.55555534362793,17.666667938232422,160650.0
1991-05-15T00:00:00.000000000,17.72222137451172,18.0,17.72222137451172,17.94444465637207,358875.0
1991-05-16T00:00:00.000000000,18.05555534362793,18.22222137451172,18.0,18.166667938232422,125550.0
1991-05-17T00:00:00.000000000,18.0,18.22222137451172,17.94444465637207,18.22222137451172,157500.0
1991-05-20T00:00:00.000000000,18.11111068725586,18.27777862548828,18.05555534362793,18.22222137451172,95850.0
1991-05-21T00:00:00.000000000,18.22222137451172,18.44444465637207,18.22222137451172,18.333332061767578,225450.0
1991-05-22T00:00:00.000000000,18.333332061767578,18.333332061767578,18.0,18.11111068725586,212175.0
1991-05-23T00:00:00.000000000,18.05555534362793,18.166667938232422,17.77777862548828,17.833332061767578,355950.0
1991-05-24T00:00:00.000000000,17.94444465637207,18.05555534362793,17.88888931274414,18.0,173025.0
1991-05-28T00:00:00.000000000,18.05555534362793,18.05555534362793,17.55555534362793,18.0,553950.0
1991-05-29T00:00:00.000000000,17.94444465637207,18.0,17.72222137451172,17.77777862548828,702900.0
1991-05-30T00:00:00.000000000,17.666667938232422,18.0,17.666667938232422,17.94444465637207,552375.0
1991-05-31T00:00:00.000000000,17.88888931274414,18.666667938232422,17.833332061767578,18.666667938232422,794025.0
1991-06-03T00:00:00.000000000,18.44444465637207,19.94444465637207,18.38888931274414,19.88888931274414,502875.0
1991-06-04T00:00:00.000000000,19.44444465637207,19.44444465637207,18.55555534362793,19.11111068725586,444375.0
1991-06-05T00:00:00.000000000,19.11111068725586,19.11111068725586,18.77777862548828,19.0,139050.0
1991-06-06T00:00:00.000000000,19.11111068725586,19.166667938232422,18.94444465637207,18.94444465637207,508050.0
1991-06-07T00:00:00.000000000,18.77777862548828,18.833332061767578,18.27777862548828,18.72222137451172,807075.0
1991-06-10T00:00:00.000000000,18.72222137451172,18.72222137451172,18.55555534362793,18.666667938232422,143100.0
1991-06-11T00:00:00.000000000,18.666667938232422,19.0,18.61111068725586,18.88888931274414,209925.0
1991-06-12T00:00:00.000000000,18.833332061767578,18.88888931274414,18.27777862548828,18.333332061767578,330525.0
1991-06-13T00:00:00.000000000,18.38888931274414,18.88888931274414,18.333332061767578,18.833332061767578,214425.0
1991-06-14T00:00:00.000000000,18.666667938232422,19.166667938232422,18.666667938232422,19.166667938232422,573525.0
1991-06-17T00:00:00.000000000,19.05555534362793,19.166667938232422,18.666667938232422,18.666667938232422,131850.0
1991-06-18T00:00:00.000000000,18.72222137451172,18.77777862548828,18.5,18.61111068725586,222075.0
1991-06-19T00:00:00.000000000,18.61111068725586,19.05555534362793,18.5,18.833332061767578,343125.0
1991-06-20T00:00:00.000000000,18.94444465637207,19.44444465637207,18.833332061767578,19.27777862548828,414900.0
1991-06-21T00:00:00.000000000,19.38888931274414,19.5,19.05555534362793,19.11111068725586,300375.0
1991-06-24T00:00:00.000000000,19.05555534362793,19.05555534362793,18.77777862548828,18.833332061767578,156825.0
1991-06-25T00:00:00.000000000,18.77777862548828,18.88888931274414,18.55555534362793,18.666667938232422,133875.0
1991-06-26T00:00:00.000000000,18.55555534362793,18.55555534362793,18.44444465637207,18.5,166050.0
1991-06-27T00:00:00.000000000,18.55555534362793,18.833332061767578,18.55555534362793,18.833332061767578,361350.0
1991-06-28T00:00:00.000000000,18.88888931274414,19.05555534362793,18.666667938232422,19.05555534362793,171000.0
1991-07-01T00:00:00.000000000,19.11111068725586,19.72222137451172,19.11111068725586,19.72222137451172,530550.0
1991-07-02T00:00:00.000000000,19.72222137451172,20.0,19.666667938232422,19.94444465637207,403650.0
1991-07-03T00:00:00.000000000,19.833332061767578,19.833332061767578,19.38888931274414,19.72222137451172,208125.0
1991-07-05T00:00:00.000000000,19.61111068725586,19.72222137451172,19.44444465637207,19.44444465637207,164475.0
1991-07-08T00:00:00.000000000,19.38888931274414,19.77777862548828,19.11111068725586,19.77777862548828,266175.0
1991-07-09T00:00:00.000000000,19.77777862548828,20.0,19.72222137451172,19.833332061767578,334800.0
1991-07-10T00:00:00.000000000,19.94444465637207,20.11111068725586,19.666667938232422,19.666667938232422,155025.0
1991-07-11T00:00:00.000000000,19.77777862548828,19.88888931274414,19.666667938232422,19.77777862548828,340200.0
1991-07-12T00:00:00.000000000,19.88888931274414,20.0,19.55555534362793,19.833332061767578,199800.0
1991-07-15T00:00:00.000000000,19.94444465637207,20.11111068725586,19.833332061767578,19.833332061767578,279675.0
1991-07-16T00:00:00.000000000,20.0,20.05555534362793,19.88888931274414,20.0,367875.0
1991-07-17T00:00:00.000000000,19.94444465637207,20.0,19.88888931274414,19.94444465637207,156600.0
1991-07-18T00:00:00.000000000,19.94444465637207,19.94444465637207,19.666667938232422,19.666667938232422,220050.0
1991-07-19T00:00:00.000000000,19.666667938232422,19.666667938232422,19.22222137451172,19.27777862548828,155250.0
1991-07-22T00:00:00.000000000,19.333332061767578,19.5,19.333332061767578,19.333332061767578,45675.0
1991-07-23T00:00:00.000000000,19.5,19.666667938232422,19.166667938232422,19.27777862548828,145575.0
1991-07-24T00:00:00.000000000,19.27777862548828,19.333332061767578,19.11111068725586,19.333332061767578,150975.0
1991-07-25T00:00:00.000000000,19.38888931274414,19.55555534362793,19.27777862548828,19.38888931274414,315900.0
1991-07-26T00:00:00.000000000,19.333332061767578,19.333332061767578,19.05555534362793,19.27777862548828,77850.0
1991-07-29T00:00:00.000000000,19.27777862548828,19.27777862548828,19.05555534362793,19.05555534362793,94950.0
1991-07-30T00:00:00.000000000,19.05555534362793,19.05555534362793,18.833332061767578,18.88888931274414,128475.0
1991-07-31T00:00:00.000000000,18.77777862548828,19.05555534362793,18.666667938232422,19.0,290250.0
1991-08-01T00:00:00.000000000,19.11111068725586,19.11111068725586,18.94444465637207,18.94444465637207,411975.0
1991-08-02T00:00:00.000000000,19.05555534362793,19.166667938232422,18.77777862548828,19.0,300150.0
1991-08-05T00:00:00.000000000,19.0,19.11111068725586,18.666667938232422,18.833332061767578,163800.0
1991-08-06T00:00:00.000000000,18.72222137451172,18.72222137451172,18.44444465637207,18.61111068725586,351900.0
1991-08-07T00:00:00.000000000,18.61111068725586,18.77777862548828,18.61111068725586,18.61111068725586,449550.0
1991-08-08T00:00:00.000000000,18.55555534362793,18.72222137451172,18.38888931274414,18.5,315000.0
1991-08-09T00:00:00.000000000,18.61111068725586,18.72222137451172,18.44444465637207,18.55555534362793,200700.0
1991-08-12T00:00:00.000000000,18.55555534362793,18.666667938232422,18.44444465637207,18.55555534362793,69300.0
1991-08-13T00:00:00.000000000,18.61111068725586,18.77777862548828,18.5,18.61111068725586,216000.0
1991-08-14T00:00:00.000000000,18.666667938232422,18.666667938232422,18.44444465637207,18.44444465637207,236700.0
1991-08-15T00:00:00.000000000,18.44444465637207,18.5,18.27777862548828,18.333332061767578,119700.0
1991-08-16T00:00:00.000000000,18.333332061767578,18.38888931274414,17.88888931274414,17.88888931274414,309600.0
1991-08-19T00:00:00.000000000,17.5,17.666667938232422,17.38888931274414,17.55555534362793,356400.0
1991-08-20T00:00:00.000000000,17.666667938232422,17.88888931274414,17.61111068725586,17.88888931274414,164925.0
1991-08-21T00:00:00.000000000,17.88888931274414,18.0,17.72222137451172,18.0,455625.0
1991-08-22T00:00:00.000000000,18.0,18.44444465637207,18.0,18.44444465637207,165375.0
1991-08-23T00:00:00.000000000,18.38888931274414,18.666667938232422,18.38888931274414,18.55555534362793,143775.0
1991-08-26T00:00:00.000000000,18.44444465637207,18.5,18.05555534362793,18.05555534362793,117000.0
1991-08-27T00:00:00.000000000,18.0,18.05555534362793,17.55555534362793,17.666667938232422,696150.0
1991-08-28T00:00:00.000000000,17.94444465637207,18.11111068725586,17.94444465637207,18.11111068725586,429075.0
1991-08-29T00:00:00.000000000,18.05555534362793,18.166667938232422,18.0,18.11111068725586,249300.0
1991-08-30T00:00:00.000000000,18.166667938232422,18.44444465637207,18.166667938232422,18.38888931274414,352125.0
1991-09-03T00:00:00.000000000,18.333332061767578,18.333332061767578,18.05555534362793,18.11111068725586,426600.0
1991-09-04T00:00:00.000000000,18.05555534362793,18.166667938232422,18.0,18.0,335025.0
1991-09-05T00:00:00.000000000,18.11111068725586,18.22222137451172,18.05555534362793,18.05555534362793,269550.0
1991-09-06T00:00:00.000000000,18.05555534362793,18.5,18.05555534362793,18.333332061767578,212400.0
1991-09-09T00:00:00.000000000,18.333332061767578,18.55555534362793,18.333332061767578,18.5,225225.0
1991-09-10T00:00:00.000000000,18.61111068725586,18.61111068725586,18.27777862548828,18.38888931274414,140850.0
1991-09-11T00:00:00.000000000,18.44444465637207,18.44444465637207,18.27777862548828,18.38888931274414,94275.0
1991-09-12T00:00:00.000000000,18.38888931274414,18.55555534362793,18.38888931274414,18.5,228375.0
1991-09-13T00:00:00.000000000,18.38888931274414,18.88888931274414,18.38888931274414,18.833332061767578,361800.0
1991-09-16T00:00:00.000000000,18.94444465637207,19.333332061767578,18.94444465637207,19.333332061767578,401850.0
1991-09-17T00:00:00.000000000,19.333332061767578,19.38888931274414,19.22222137451172,19.38888931274414,239625.0
1991-09-18T00:00:00.000000000,19.5,19.833332061767578,19.44444465637207,19.833332061767578,326475.0
1991-09-19T00:00:00.000000000,19.833332061767578,19.88888931274414,19.666667938232422,19.72222137451172,433575.0
1991-09-20T00:00:00.000000000,19.77777862548828,19.77777862548828,19.55555534362793,19.72222137451172,423225.0
1991-09-23T00:00:00.000000000,19.61111068725586,19.61111068725586,19.0,19.0,156150.0
1991-09-24T00:00:00.000000000,19.0,19.5,19.0,19.38888931274414,206550.0
1991-09-25T00:00:00.000000000,19.44444465637207,19.77777862548828,19.44444465637207,19.55555534362793,137025.0
1991-09-26T00:00:00.000000000,19.5,19.5,19.22222137451172,19.22222137451172,200475.0
1991-09-27T00:00:00.000000000,19.27777862548828,19.44444465637207,19.166667938232422,19.27777862548828,302175.0
1991-09-30T00:00:00.000000000,19.27777862548828,19.72222137451172,19.27777862548828,19.666667938232422,342225.0
1991-10-01T00:00:00.000000000,19.666667938232422,19.833332061767578,19.61111068725586,19.833332061767578,491175.0
1991-10-02T00:00:00.000000000,19.666667938232422,19.666667938232422,19.5,19.61111068725586,297900.0
1991-10-03T00:00:00.000000000,19.55555534362793,19.55555534362793,19.44444465637207,19.44444465637207,172575.0
1991-10-04T00:00:00.000000000,19.38888931274414,19.44444465637207,19.166667938232422,19.166667938232422,138600.0
1991-10-07T00:00:00.000000000,19.11111068725586,19.22222137451172,19.11111068725586,19.11111068725586,58275.0
1991-10-08T00:00:00.000000000,19.11111068725586,19.22222137451172,19.11111068725586,19.22222137451172,126450.0
1991-10-09T00:00:00.000000000,19.11111068725586,19.27777862548828,19.11111068725586,19.22222137451172,180000.0
1991-10-10T00:00:00.000000000,19.333332061767578,19.77777862548828,19.333332061767578,19.77777862548828,399825.0
1991-10-11T00:00:00.000000000,19.77777862548828,19.833332061767578,19.61111068725586,19.77777862548828,324900.0
1991-10-14T00:00:00.000000000,19.88888931274414,20.05555534362793,19.75,19.75,246600.0
1991-10-15T00:00:00.000000000,19.94444465637207,20.22222137451172,19.94444465637207,20.22222137451172,158175.0
1991-10-16T00:00:00.000000000,20.22222137451172,20.333332061767578,20.166667938232422,20.166667938232422,470925.0
1991-10-17T00:00:00.000000000,20.11111068725586,20.11111068725586,19.77777862548828,19.77777862548828,250650.0
1991-10-18T00:00:00.000000000,19.833332061767578,19.88888931274414,19.72222137451172,19.833332061767578,367875.0
1991-10-21T00:00:00.000000000,19.77777862548828,19.77777862548828,19.44444465637207,19.55555534362793,342450.0
1991-10-22T00:00:00.000000000,19.5,19.61111068725586,19.333332061767578,19.333332061767578,347175.0
1991-10-23T00:00:00.000000000,19.38888931274414,19.38888931274414,19.27777862548828,19.333332061767578,319050.0
1991-10-24T00:00:00.000000000,19.27777862548828,19.333332061767578,19.166667938232422,19.22222137451172,171225.0
1991-10-25T00:00:00.000000000,19.22222137451172,19.5,19.166667938232422,19.22222137451172,160875.0
1991-10-28T00:00:00.000000000,19.22222137451172,19.5,19.22222137451172,19.22222137451172,166275.0
1991-10-29T00:00:00.000000000,19.333332061767578,19.77777862548828,19.22222137451172,19.666667938232422,253575.0
1991-10-30T00:00:00.000000000,19.666667938232422,19.833332061767578,19.44444465637207,19.55555534362793,111600.0
1991-10-31T00:00:00.000000000,19.5,19.72222137451172,19.5,19.666667938232422,100125.0
1991-11-01T00:00:00.000000000,19.666667938232422,19.72222137451172,19.44444465637207,19.55555534362793,141300.0
1991-11-04T00:00:00.000000000,19.61111068725586,19.61111068725586,19.5,19.55555534362793,45675.0
1991-11-05T00:00:00.000000000,19.55555534362793,19.72222137451172,19.5,19.61111068725586,113175.0
1991-11-06T00:00:00.000000000,19.5,19.666667938232422,19.27777862548828,19.55555534362793,197550.0
1991-11-07T00:00:00.000000000,19.55555534362793,19.88888931274414,19.5,19.88888931274414,66375.0
1991-11-08T00:00:00.000000000,19.94444465637207,20.0,19.72222137451172,19.833332061767578,174825.0
1991-11-11T00:00:00.000000000,19.77777862548828,19.88888931274414,19.77777862548828,19.833332061767578,62325.0
1991-11-12T00:00:00.000000000,19.94444465637207,20.44444465637207,19.88888931274414,20.38888931274414,453375.0
1991-11-13T00:00:00.000000000,20.333332061767578,20.333332061767578,20.166667938232422,20.27777862548828,225900.0
1991-11-14T00:00:00.000000000,20.27777862548828,20.27777862548828,19.88888931274414,19.94444465637207,122625.0
1991-11-15T00:00:00.000000000,19.94444465637207,20.11111068725586,19.5,19.5,185400.0
1991-11-18T00:00:00.000000000,19.5,19.666667938232422,19.27777862548828,19.666667938232422,237375.0
1991-11-19T00:00:00.000000000,19.55555534362793,19.55555534362793,18.88888931274414,18.94444465637207,290250.0
1991-11-20T00:00:00.000000000,19.05555534362793,19.05555534362793,18.88888931274414,19.05555534362793,201375.0
1991-11-21T00:00:00.000000000,18.94444465637207,19.166667938232422,18.88888931274414,19.11111068725586,99900.0
1991-11-22T00:00:00.000000000,19.22222137451172,19.27777862548828,19.05555534362793,19.05555534362793,226125.0
1991-11-25T00:00:00.000000000,19.05555534362793,19.27777862548828,19.0,19.22222137451172,184950.0
1991-11-26T00:00:00.000000000,19.333332061767578,19.77777862548828,19.333332061767578,19.666667938232422,195075.0
1991-11-27T00:00:00.000000000,19.666667938232422,19.666667938232422,19.166667938232422,19.22222137451172,131625.0
1991-11-29T00:00:00.000000000,19.166667938232422,19.27777862548828,19.05555534362793,19.11111068725586,146925.0
1991-12-02T00:00:00.000000000,18.94444465637207,19.5,18.94444465637207,19.5,202950.0
1991-12-03T00:00:00.000000000,19.44444465637207,19.55555534362793,19.22222137451172,19.5,402300.0
1991-12-04T00:00:00.000000000,19.5,19.5,19.11111068725586,19.333332061767578,87525.0
1991-12-05T00:00:00.000000000,19.22222137451172,19.27777862548828,18.94444465637207,19.05555534362793,88200.0
1991-12-06T00:00:00.000000000,18.94444465637207,19.61111068725586,18.94444465637207,19.05555534362793,214650.0
1991-12-09T00:00:00.000000000,19.05555534362793,19.11111068725586,18.94444465637207,19.0,108675.0
1991-12-10T00:00:00.000000000,18.88888931274414,18.94444465637207,18.55555534362793,18.55555534362793,86625.0
1991-12-11T00:00:00.000000000,18.666667938232422,18.666667938232422,18.38888931274414,18.55555534362793,84375.0
1991-12-12T00:00:00.000000000,18.61111068725586,18.72222137451172,18.61111068725586,18.666667938232422,186075.0
1991-12-13T00:00:00.000000000,18.666667938232422,18.77777862548828,18.55555534362793,18.666667938232422,225225.0
1991-12-16T00:00:00.000000000,18.666667938232422,18.77777862548828,18.44444465637207,18.61111068725586,266400.0
1991-12-17T00:00:00.000000000,18.77777862548828,18.833332061767578,18.666667938232422,18.77777862548828,437175.0
1991-12-18T00:00:00.000000000,18.72222137451172,19.22222137451172,18.72222137451172,19.166667938232422,119250.0
1991-12-19T00:00:00.000000000,19.22222137451172,19.44444465637207,19.22222137451172,19.38888931274414,135450.0
1991-12-20T00:00:00.000000000,19.94444465637207,19.94444465637207,19.05555534362793,19.05555534362793,411975.0
1991-12-23T00:00:00.000000000,19.11111068725586,19.55555534362793,19.0,19.5,205650.0
1991-12-24T00:00:00.000000000,19.77777862548828,20.27777862548828,19.77777862548828,20.0,164025.0
1991-12-26T00:00:00.000000000,20.11111068725586,20.38888931274414,20.11111068725586,20.333332061767578,36450.0
1991-12-27T00:00:00.000000000,20.38888931274414,20.44444465637207,20.22222137451172,20.44444465637207,304650.0
1991-12-30T00:00:00.000000000,20.44444465637207,21.94444465637207,20.44444465637207,21.72222137451172,689850.0
1991-12-31T00:00:00.000000000,21.333332061767578,21.666667938232422,21.333332061767578,21.666667938232422,562950.0
1992-01-02T00:00:00.000000000,21.55555534362793,21.55555534362793,21.11111068725586,21.5,405000.0
1992-01-03T00:00:00.000000000,21.5,21.72222137451172,21.27777862548828,21.5,258525.0
1992-01-06T00:00:00.000000000,21.44444465637207,21.72222137451172,21.27777862548828,21.333332061767578,141975.0
1992-01-07T00:00:00.000000000,21.22222137451172,21.22222137451172,20.94444465637207,21.11111068725586,221400.0
1992-01-08T00:00:00.000000000,21.0,21.166667938232422,20.88888931274414,21.05555534362793,274725.0
1992-01-09T00:00:00.000000000,21.11111068725586,21.11111068725586,20.44444465637207,20.5,398025.0
1992-01-10T00:00:00.000000000,20.44444465637207,20.55555534362793,20.22222137451172,20.27777862548828,325350.0
1992-01-13T00:00:00.000000000,20.333332061767578,20.88888931274414,20.333332061767578,20.72222137451172,391500.0
1992-01-14T00:00:00.000000000,20.77777862548828,20.77777862548828,20.55555534362793,20.666667938232422,282825.0
1992-01-15T00:00:00.000000000,20.77777862548828,21.05555534362793,20.72222137451172,21.05555534362793,373500.0
1992-01-16T00:00:00.000000000,21.05555534362793,21.11111068725586,20.5,20.833332061767578,275400.0
1992-01-17T00:00:00.000000000,20.833332061767578,21.0,20.833332061767578,20.88888931274414,144900.0
1992-01-20T00:00:00.000000000,20.833332061767578,20.833332061767578,20.61111068725586,20.666667938232422,81225.0
1992-01-21T00:00:00.000000000,20.61111068725586,20.72222137451172,20.44444465637207,20.5,128250.0
1992-01-22T00:00:00.000000000,20.61111068725586,20.61111068725586,20.5,20.61111068725586,186525.0
1992-01-23T00:00:00.000000000,20.55555534362793,20.72222137451172,20.5,20.61111068725586,248400.0
1992-01-24T00:00:00.000000000,20.55555534362793,20.666667938232422,20.5,20.5,133425.0
1992-01-27T00:00:00.000000000,20.55555534362793,20.61111068725586,20.27777862548828,20.333332061767578,54900.0
1992-01-28T00:00:00.000000000,20.38888931274414,20.61111068725586,20.166667938232422,20.38888931274414,303075.0
1992-01-29T00:00:00.000000000,20.333332061767578,20.55555534362793,20.333332061767578,20.38888931274414,137475.0
1992-01-30T00:00:00.000000000,20.333332061767578,20.61111068725586,20.27777862548828,20.55555534362793,274050.0
1992-01-31T00:00:00.000000000,20.55555534362793,20.666667938232422,20.38888931274414,20.44444465637207,198675.0
1992-02-03T00:00:00.000000000,20.38888931274414,20.5,20.22222137451172,20.22222137451172,207225.0
1992-02-04T00:00:00.000000000,20.11111068725586,20.22222137451172,19.88888931274414,19.94444465637207,304650.0
1992-02-05T00:00:00.000000000,20.0,20.0,19.72222137451172,19.833332061767578,381600.0
1992-02-06T00:00:00.000000000,19.88888931274414,20.0,19.833332061767578,19.88888931274414,402750.0
1992-02-07T00:00:00.000000000,19.88888931274414,20.0,19.666667938232422,19.833332061767578,334575.0
1992-02-10T00:00:00.000000000,19.94444465637207,20.27777862548828,19.94444465637207,20.27777862548828,187875.0
1992-02-11T00:00:00.000000000,20.27777862548828,20.333332061767578,20.166667938232422,20.333332061767578,217350.0
1992-02-12T00:00:00.000000000,20.333332061767578,20.44444465637207,20.22222137451172,20.27777862548828,173700.0
1992-02-13T00:00:00.000000000,20.333332061767578,20.38888931274414,20.166667938232422,20.333332061767578,425700.0
1992-02-14T00:00:00.000000000,20.38888931274414,20.44444465637207,20.22222137451172,20.333332061767578,102150.0
1992-02-18T00:00:00.000000000,20.27777862548828,21.05555534362793,20.27777862548828,21.05555534362793,301725.0
1992-02-19T00:00:00.000000000,21.05555534362793,21.11111068725586,20.77777862548828,20.833332061767578,149175.0
1992-02-20T00:00:00.000000000,20.88888931274414,21.05555534362793,20.88888931274414,21.05555534362793,197775.0
1992-02-21T00:00:00.000000000,21.166667938232422,21.166667938232422,20.833332061767578,20.88888931274414,216000.0
1992-02-24T00:00:00.000000000,20.833332061767578,21.0,20.55555534362793,20.666667938232422,83925.0
1992-02-25T00:00:00.000000000,20.666667938232422,20.666667938232422,20.38888931274414,20.61111068725586,147600.0
1992-02-26T00:00:00.000000000,20.666667938232422,21.0,20.666667938232422,20.94444465637207,130725.0
1992-02-27T00:00:00.000000000,20.94444465637207,20.94444465637207,20.77777862548828,20.88888931274414,52425.0
1992-02-28T00:00:00.000000000,20.88888931274414,21.05555534362793,20.833332061767578,20.94444465637207,101925.0
1992-03-02T00:00:00.000000000,21.0,21.27777862548828,20.88888931274414,21.27777862548828,383175.0
1992-03-03T00:00:00.000000000,21.22222137451172,21.44444465637207,21.11111068725586,21.27777862548828,381600.0
1992-03-04T00:00:00.000000000,21.333332061767578,21.5,21.11111068725586,21.27777862548828,293625.0
1992-03-05T00:00:00.000000000,21.333332061767578,21.61111068725586,21.333332061767578,21.44444465637207,278550.0
1992-03-06T00:00:00.000000000,21.38888931274414,21.833332061767578,21.38888931274414,21.77777862548828,287550.0
1992-03-09T00:00:00.000000000,21.72222137451172,22.44444465637207,21.72222137451172,22.05555534362793,713250.0
1992-03-10T00:00:00.000000000,22.11111068725586,22.166667938232422,21.61111068725586,21.61111068725586,548775.0
1992-03-11T00:00:00.000000000,21.5,21.72222137451172,21.44444465637207,21.55555534362793,199125.0
1992-03-12T00:00:00.000000000,21.55555534362793,21.55555534362793,21.166667938232422,21.27777862548828,233325.0
1992-03-13T00:00:00.000000000,21.22222137451172,21.333332061767578,21.22222137451172,21.22222137451172,149625.0
1992-03-16T00:00:00.000000000,21.166667938232422,21.22222137451172,21.05555534362793,21.11111068725586,150525.0
1992-03-17T00:00:00.000000000,21.22222137451172,21.38888931274414,21.166667938232422,21.22222137451172,201825.0
1992-03-18T00:00:00.000000000,21.27777862548828,21.38888931274414,21.22222137451172,21.27777862548828,138600.0
1992-03-19T00:00:00.000000000,21.38888931274414,21.38888931274414,20.55555534362793,21.11111068725586,569025.0
1992-03-20T00:00:00.000000000,21.11111068725586,21.666667938232422,21.11111068725586,21.666667938232422,565425.0
1992-03-23T00:00:00.000000000,21.55555534362793,21.55555534362793,21.38888931274414,21.44444465637207,285300.0
1992-03-24T00:00:00.000000000,21.666667938232422,21.77777862548828,21.5,21.61111068725586,377550.0
1992-03-25T00:00:00.000000000,21.666667938232422,21.72222137451172,21.5,21.5,209475.0
1992-03-26T00:00:00.000000000,21.55555534362793,21.61111068725586,21.5,21.61111068725586,200250.0
1992-03-27T00:00:00.000000000,21.5,21.55555534362793,21.22222137451172,21.333332061767578,211500.0
1992-03-30T00:00:00.000000000,21.27777862548828,21.27777862548828,21.0,21.05555534362793,163350.0
1992-03-31T00:00:00.000000000,21.05555534362793,21.22222137451172,21.05555534362793,21.22222137451172,346725.0
1992-04-01T00:00:00.000000000,21.166667938232422,21.22222137451172,21.11111068725586,21.11111068725586,180000.0
1992-04-02T00:00:00.000000000,21.166667938232422,21.22222137451172,21.11111068725586,21.166667938232422,428850.0
1992-04-03T00:00:00.000000000,21.11111068725586,21.11111068725586,20.88888931274414,21.0,269325.0
1992-04-06T00:00:00.000000000,21.11111068725586,21.166667938232422,21.05555534362793,21.11111068725586,378225.0
1992-04-07T00:00:00.000000000,21.11111068725586,21.11111068725586,20.72222137451172,20.72222137451172,237600.0
1992-04-08T00:00:00.000000000,20.61111068725586,20.61111068725586,20.27777862548828,20.27777862548828,106875.0
1992-04-09T00:00:00.000000000,20.333332061767578,20.44444465637207,20.22222137451172,20.38888931274414,260550.0
1992-04-10T00:00:00.000000000,20.61111068725586,20.833332061767578,20.333332061767578,20.666667938232422,308925.0
1992-04-13T00:00:00.000000000,20.55555534362793,20.61111068725586,20.38888931274414,20.38888931274414,607950.0
1992-04-14T00:00:00.000000000,20.44444465637207,20.94444465637207,20.38888931274414,20.94444465637207,485325.0
1992-04-15T00:00:00.000000000,21.05555534362793,21.55555534362793,21.05555534362793,21.44444465637207,463500.0
1992-04-16T00:00:00.000000000,21.55555534362793,21.666667938232422,21.44444465637207,21.44444465637207,195975.0
1992-04-20T00:00:00.000000000,21.333332061767578,21.5,21.25,21.5,117150.0
1992-04-21T00:00:00.000000000,21.666667938232422,21.833332061767578,21.5,21.583332061767578,167850.0
1992-04-22T00:00:00.000000000,21.416667938232422,21.5,20.666667938232422,21.25,191850.0
1992-04-23T00:00:00.000000000,21.166667938232422,21.666667938232422,21.083332061767578,21.666667938232422,204900.0
1992-04-24T00:00:00.000000000,21.666667938232422,21.75,21.5,21.666667938232422,116700.0
1992-04-27T00:00:00.000000000,21.666667938232422,21.75,21.5,21.583332061767578,102900.0
1992-04-28T00:00:00.000000000,21.583332061767578,21.75,21.25,21.25,165600.0
1992-04-29T00:00:00.000000000,21.5,21.833332061767578,21.416667938232422,21.833332061767578,144150.0
1992-04-30T00:00:00.000000000,21.833332061767578,22.083332061767578,21.75,22.0,178500.0
1992-05-01T00:00:00.000000000,21.916667938232422,22.083332061767578,21.666667938232422,21.75,280650.0
1992-05-04T00:00:00.000000000,21.666667938232422,21.833332061767578,20.833332061767578,21.083332061767578,384750.0
1992-05-05T00:00:00.000000000,21.25,22.166667938232422,21.25,22.083332061767578,278700.0
1992-05-06T00:00:00.000000000,22.0,22.083332061767578,21.833332061767578,22.0,153150.0
1992-05-07T00:00:00.000000000,21.833332061767578,21.916667938232422,21.416667938232422,21.583332061767578,244650.0
1992-05-08T00:00:00.000000000,21.583332061767578,21.666667938232422,21.5,21.583332061767578,212550.0
1992-05-11T00:00:00.000000000,21.75,22.0,21.583332061767578,21.75,282450.0
1992-05-12T00:00:00.000000000,21.666667938232422,21.666667938232422,21.333332061767578,21.333332061767578,294300.0
1992-05-13T00:00:00.000000000,21.166667938232422,21.333332061767578,21.166667938232422,21.25,121500.0
1992-05-14T00:00:00.000000000,21.166667938232422,21.25,20.916667938232422,21.166667938232422,191550.0
1992-05-15T00:00:00.000000000,21.0,21.25,21.0,21.083332061767578,133050.0
1992-05-18T00:00:00.000000000,21.25,21.5,21.166667938232422,21.5,95550.0
1992-05-19T00:00:00.000000000,21.583332061767578,21.583332061767578,21.083332061767578,21.583332061767578,128250.0
1992-05-20T00:00:00.000000000,21.666667938232422,22.25,21.5,22.083332061767578,297150.0
1992-05-21T00:00:00.000000000,22.083332061767578,22.166667938232422,21.916667938232422,22.166667938232422,246600.0
1992-05-22T00:00:00.000000000,22.083332061767578,22.333332061767578,21.916667938232422,22.083332061767578,145350.0
1992-05-26T00:00:00.000000000,22.166667938232422,22.166667938232422,21.416667938232422,21.5,90300.0
1992-05-27T00:00:00.000000000,21.5,21.583332061767578,21.166667938232422,21.416667938232422,173400.0
1992-05-28T00:00:00.000000000,21.5,21.833332061767578,21.416667938232422,21.666667938232422,139800.0
1992-05-29T00:00:00.000000000,21.916667938232422,21.916667938232422,21.583332061767578,21.666667938232422,373650.0
1992-06-01T00:00:00.000000000,21.833332061767578,21.833332061767578,21.416667938232422,21.5,198150.0
1992-06-02T00:00:00.000000000,21.583332061767578,21.75,21.416667938232422,21.75,203100.0
1992-06-03T00:00:00.000000000,21.75,22.0,21.583332061767578,21.833332061767578,240150.0
1992-06-04T00:00:00.000000000,21.833332061767578,21.833332061767578,21.5,21.5,96150.0
1992-06-05T00:00:00.000000000,21.666667938232422,21.916667938232422,21.583332061767578,21.916667938232422,108750.0
1992-06-08T00:00:00.000000000,21.833332061767578,21.916667938232422,21.75,21.833332061767578,248100.0
1992-06-09T00:00:00.000000000,21.833332061767578,22.0,21.833332061767578,21.833332061767578,125550.0
1992-06-10T00:00:00.000000000,21.75,21.833332061767578,21.5,21.5,118350.0
1992-06-11T00:00:00.000000000,21.5,21.916667938232422,21.333332061767578,21.916667938232422,143700.0
1992-06-12T00:00:00.000000000,21.833332061767578,22.083332061767578,21.75,21.75,290100.0
1992-06-15T00:00:00.000000000,21.666667938232422,22.0,21.5,21.833332061767578,134250.0
1992-06-16T00:00:00.000000000,21.833332061767578,21.833332061767578,21.666667938232422,21.75,152400.0
1992-06-17T00:00:00.000000000,21.833332061767578,21.833332061767578,21.75,21.75,131100.0
1992-06-18T00:00:00.000000000,21.666667938232422,21.666667938232422,21.083332061767578,21.166667938232422,190800.0
1992-06-19T00:00:00.000000000,21.083332061767578,21.416667938232422,21.083332061767578,21.416667938232422,255000.0
1992-06-22T00:00:00.000000000,21.333332061767578,21.333332061767578,21.0,21.25,118350.0
1992-06-23T00:00:00.000000000,21.25,21.25,20.833332061767578,20.916667938232422,102150.0
1992-06-24T00:00:00.000000000,21.0,21.25,20.833332061767578,21.25,166500.0
1992-06-25T00:00:00.000000000,21.166667938232422,21.333332061767578,21.0,21.083332061767578,161100.0
1992-06-26T00:00:00.000000000,21.083332061767578,21.25,21.083332061767578,21.166667938232422,117450.0
1992-06-29T00:00:00.000000000,21.083332061767578,21.25,21.083332061767578,21.166667938232422,191100.0
1992-06-30T00:00:00.000000000,21.0,21.333332061767578,21.0,21.333332061767578,176550.0
1992-07-01T00:00:00.000000000,21.416667938232422,21.666667938232422,21.416667938232422,21.5,396150.0
1992-07-02T00:00:00.000000000,21.583332061767578,21.583332061767578,21.25,21.416667938232422,137550.0
1992-07-06T00:00:00.000000000,21.416667938232422,21.416667938232422,21.0,21.166667938232422,114600.0
1992-07-07T00:00:00.000000000,21.416667938232422,21.416667938232422,21.083332061767578,21.25,102150.0
1992-07-08T00:00:00.000000000,21.25,21.333332061767578,20.5,20.583332061767578,274050.0
1992-07-09T00:00:00.000000000,20.666667938232422,21.0,20.583332061767578,21.0,300900.0
1992-07-10T00:00:00.000000000,21.0,21.0,20.583332061767578,20.833332061767578,275250.0
1992-07-13T00:00:00.000000000,20.833332061767578,20.916667938232422,20.583332061767578,20.833332061767578,269700.0
1992-07-14T00:00:00.000000000,20.666667938232422,20.833332061767578,20.666667938232422,20.75,120300.0
1992-07-15T00:00:00.000000000,20.833332061767578,20.833332061767578,20.416667938232422,20.666667938232422,268800.0
1992-07-16T00:00:00.000000000,20.666667938232422,20.916667938232422,20.666667938232422,20.75,122550.0
1992-07-17T00:00:00.000000000,20.75,20.916667938232422,20.583332061767578,20.916667938232422,94050.0
1992-07-20T00:00:00.000000000,20.75,21.0,20.583332061767578,20.75,486450.0
1992-07-21T00:00:00.000000000,20.916667938232422,21.0,20.666667938232422,20.833332061767578,66000.0
1992-07-22T00:00:00.000000000,20.75,20.75,20.416667938232422,20.666667938232422,53400.0
1992-07-23T00:00:00.000000000,20.5,20.5,19.833332061767578,20.333332061767578,167850.0
1992-07-24T00:00:00.000000000,20.416667938232422,20.5,20.166667938232422,20.333332061767578,46350.0
1992-07-27T00:00:00.000000000,20.333332061767578,20.416667938232422,20.083332061767578,20.083332061767578,59850.0
1992-07-28T00:00:00.000000000,20.083332061767578,20.583332061767578,20.083332061767578,20.583332061767578,166200.0
1992-07-29T00:00:00.000000000,20.75,21.0,20.666667938232422,20.75,251550.0
1992-07-30T00:00:00.000000000,20.666667938232422,20.833332061767578,20.416667938232422,20.416667938232422,104400.0
1992-07-31T00:00:00.000000000,20.583332061767578,20.666667938232422,20.5,20.5,123150.0
1992-08-03T00:00:00.000000000,20.5,20.75,20.25,20.416667938232422,664800.0
1992-08-04T00:00:00.000000000,20.583332061767578,20.583332061767578,20.416667938232422,20.583332061767578,133200.0
1992-08-05T00:00:00.000000000,20.416667938232422,20.583332061767578,20.416667938232422,20.416667938232422,105450.0
1992-08-06T00:00:00.000000000,20.416667938232422,20.416667938232422,20.166667938232422,20.416667938232422,246750.0
1992-08-07T00:00:00.000000000,20.416667938232422,20.666667938232422,20.333332061767578,20.5,222900.0
1992-08-10T00:00:00.000000000,20.416667938232422,20.583332061767578,20.333332061767578,20.5,185850.0
1992-08-11T00:00:00.000000000,20.333332061767578,20.416667938232422,20.0,20.25,158700.0
1992-08-12T00:00:00.000000000,20.25,20.333332061767578,20.0,20.083332061767578,255150.0
1992-08-13T00:00:00.000000000,19.916667938232422,20.0,19.75,19.833332061767578,199950.0
1992-08-14T00:00:00.000000000,19.916667938232422,20.0,19.666667938232422,19.916667938232422,124500.0
1992-08-17T00:00:00.000000000,20.0,20.333332061767578,19.916667938232422,20.166667938232422,297750.0
1992-08-18T00:00:00.000000000,20.083332061767578,20.25,20.0,20.166667938232422,151800.0
1992-08-19T00:00:00.000000000,20.166667938232422,20.25,20.0,20.0,92550.0
1992-08-20T00:00:00.000000000,20.083332061767578,20.166667938232422,19.833332061767578,19.833332061767578,206550.0
1992-08-21T00:00:00.000000000,19.916667938232422,20.0,19.75,20.0,300150.0
1992-08-24T00:00:00.000000000,19.833332061767578,20.166667938232422,19.75,20.166667938232422,302100.0
1992-08-25T00:00:00.000000000,20.166667938232422,20.25,20.0,20.0,239100.0
1992-08-26T00:00:00.000000000,20.0,20.083332061767578,19.916667938232422,20.0,330900.0
1992-08-27T00:00:00.000000000,20.083332061767578,20.166667938232422,19.916667938232422,20.083332061767578,150450.0
1992-08-28T00:00:00.000000000,20.083332061767578,20.166667938232422,19.916667938232422,20.0,195600.0
1992-08-31T00:00:00.000000000,20.083332061767578,20.166667938232422,20.0,20.166667938232422,100800.0
1992-09-01T00:00:00.000000000,20.0,20.25,19.916667938232422,20.166667938232422,272100.0
1992-09-02T00:00:00.000000000,20.25,20.416667938232422,20.25,20.333332061767578,214050.0
1992-09-03T00:00:00.000000000,20.333332061767578,20.583332061767578,20.0,20.416667938232422,205500.0
1992-09-04T00:00:00.000000000,20.416667938232422,20.5,20.25,20.333332061767578,174750.0
1992-09-08T00:00:00.000000000,20.25,20.416667938232422,20.083332061767578,20.333332061767578,70200.0
1992-09-09T00:00:00.000000000,20.416667938232422,20.5,20.083332061767578,20.166667938232422,226650.0
1992-09-10T00:00:00.000000000,20.083332061767578,20.583332061767578,20.083332061767578,20.583332061767578,128250.0
1992-09-11T00:00:00.000000000,20.416667938232422,20.666667938232422,20.333332061767578,20.583332061767578,137100.0
1992-09-14T00:00:00.000000000,20.666667938232422,20.833332061767578,20.5,20.833332061767578,283800.0
1992-09-15T00:00:00.000000000,20.75,20.916667938232422,20.083332061767578,20.083332061767578,216000.0
1992-09-16T00:00:00.000000000,20.0,20.25,20.0,20.0,366300.0
1992-09-17T00:00:00.000000000,20.0,20.166667938232422,20.0,20.083332061767578,158250.0
1992-09-18T00:00:00.000000000,20.166667938232422,20.333332061767578,20.083332061767578,20.333332061767578,179550.0
1992-09-21T00:00:00.000000000,20.333332061767578,20.333332061767578,19.916667938232422,20.166667938232422,289350.0
1992-09-22T00:00:00.000000000,20.25,20.25,19.833332061767578,20.0,367500.0
1992-09-23T00:00:00.000000000,20.166667938232422,20.25,20.083332061767578,20.166667938232422,238800.0
1992-09-24T00:00:00.000000000,20.166667938232422,20.25,20.0,20.166667938232422,329100.0
1992-09-25T00:00:00.000000000,20.083332061767578,20.166667938232422,19.75,20.0,343950.0
1992-09-28T00:00:00.000000000,20.0,20.083332061767578,19.916667938232422,20.0,334350.0
1992-09-29T00:00:00.000000000,20.0,20.083332061767578,19.916667938232422,20.083332061767578,165000.0
1992-09-30T00:00:00.000000000,20.0,20.083332061767578,19.916667938232422,20.0,181350.0
1992-10-01T00:00:00.000000000,20.166667938232422,20.25,19.916667938232422,20.083332061767578,444900.0
1992-10-02T00:00:00.000000000,20.25,20.333332061767578,19.833332061767578,19.833332061767578,120750.0
1992-10-05T00:00:00.000000000,19.75,19.75,19.333332061767578,19.666667938232422,210150.0
1992-10-06T00:00:00.000000000,19.666667938232422,19.75,19.583332061767578,19.75,128250.0
1992-10-07T00:00:00.000000000,19.75,20.0,19.666667938232422,20.0,222150.0
1992-10-08T00:00:00.000000000,20.0,20.666667938232422,20.0,20.666667938232422,182100.0
1992-10-09T00:00:00.000000000,20.666667938232422,20.666667938232422,20.083332061767578,20.166667938232422,234300.0
1992-10-12T00:00:00.000000000,20.25,20.333332061767578,20.0,20.083332061767578,92250.0
1992-10-13T00:00:00.000000000,20.166667938232422,20.25,20.0,20.0,153300.0
1992-10-14T00:00:00.000000000,19.833332061767578,20.083332061767578,19.75,20.083332061767578,182550.0
1992-10-15T00:00:00.000000000,20.0,20.75,20.0,20.5,183900.0
1992-10-16T00:00:00.000000000,20.416667938232422,20.583332061767578,20.416667938232422,20.583332061767578,119250.0
1992-10-19T00:00:00.000000000,20.5,21.25,20.5,21.083332061767578,142200.0
1992-10-20T00:00:00.000000000,21.25,21.25,21.0,21.083332061767578,246750.0
1992-10-21T00:00:00.000000000,21.083332061767578,21.083332061767578,20.5,20.75,73800.0
1992-10-22T00:00:00.000000000,20.833332061767578,20.833332061767578,20.25,20.333332061767578,267750.0
1992-10-23T00:00:00.000000000,20.25,20.583332061767578,20.25,20.333332061767578,116100.0
1992-10-26T00:00:00.000000000,20.333332061767578,20.583332061767578,20.25,20.333332061767578,72300.0
1992-10-27T00:00:00.000000000,20.25,20.416667938232422,20.083332061767578,20.416667938232422,307350.0
1992-10-28T00:00:00.000000000,20.333332061767578,20.75,20.25,20.75,267900.0
1992-10-29T00:00:00.000000000,20.583332061767578,20.666667938232422,20.5,20.666667938232422,225900.0
1992-10-30T00:00:00.000000000,20.583332061767578,20.75,20.583332061767578,20.583332061767578,106350.0
1992-11-02T00:00:00.000000000,20.5,20.833332061767578,20.416667938232422,20.833332061767578,90600.0
1992-11-03T00:00:00.000000000,20.75,20.833332061767578,20.5,20.666667938232422,146400.0
1992-11-04T00:00:00.000000000,20.666667938232422,20.833332061767578,20.666667938232422,20.833332061767578,88800.0
1992-11-05T00:00:00.000000000,20.833332061767578,20.916667938232422,20.666667938232422,20.75,262050.0
1992-11-06T00:00:00.000000000,20.666667938232422,20.833332061767578,20.666667938232422,20.833332061767578,79350.0
1992-11-09T00:00:00.000000000,20.833332061767578,21.0,20.75,20.916667938232422,177600.0
1992-11-10T00:00:00.000000000,20.916667938232422,21.0,20.75,20.833332061767578,81300.0
1992-11-11T00:00:00.000000000,21.0,21.083332061767578,20.833332061767578,21.083332061767578,277350.0
1992-11-12T00:00:00.000000000,21.083332061767578,21.083332061767578,20.833332061767578,21.083332061767578,122400.0
1992-11-13T00:00:00.000000000,21.083332061767578,21.166667938232422,20.916667938232422,21.166667938232422,129000.0
1992-11-16T00:00:00.000000000,21.25,21.416667938232422,21.083332061767578,21.416667938232422,145650.0
1992-11-17T00:00:00.000000000,21.25,21.333332061767578,20.833332061767578,21.0,144900.0
1992-11-18T00:00:00.000000000,21.0,21.333332061767578,21.0,21.25,120300.0
1992-11-19T00:00:00.000000000,21.416667938232422,21.75,21.333332061767578,21.5,183000.0
1992-11-20T00:00:00.000000000,21.833332061767578,21.916667938232422,21.666667938232422,21.833332061767578,138000.0
1992-11-23T00:00:00.000000000,21.916667938232422,21.916667938232422,21.583332061767578,21.75,91800.0
1992-11-24T00:00:00.000000000,21.583332061767578,22.25,21.583332061767578,21.666667938232422,154350.0
1992-11-25T00:00:00.000000000,21.75,22.083332061767578,21.75,22.0,117750.0
1992-11-27T00:00:00.000000000,22.333332061767578,22.333332061767578,22.0,22.0,65400.0
1992-11-30T00:00:00.000000000,22.083332061767578,22.25,21.916667938232422,22.083332061767578,90600.0
1992-12-01T00:00:00.000000000,22.166667938232422,22.583332061767578,22.083332061767578,22.25,115200.0
1992-12-02T00:00:00.000000000,22.166667938232422,22.25,22.083332061767578,22.166667938232422,126300.0
1992-12-03T00:00:00.000000000,22.166667938232422,22.5,22.166667938232422,22.333332061767578,250350.0
1992-12-04T00:00:00.000000000,22.5,22.916667938232422,22.5,22.666667938232422,228150.0
1992-12-07T00:00:00.000000000,22.666667938232422,22.666667938232422,22.5,22.583332061767578,117900.0
1992-12-08T00:00:00.000000000,22.416667938232422,22.833332061767578,22.416667938232422,22.833332061767578,180900.0
1992-12-09T00:00:00.000000000,22.916667938232422,22.916667938232422,22.666667938232422,22.75,380400.0
1992-12-10T00:00:00.000000000,22.666667938232422,22.833332061767578,22.5,22.5,233400.0
1992-12-11T00:00:00.000000000,22.5,22.833332061767578,22.5,22.833332061767578,271050.0
1992-12-14T00:00:00.000000000,22.75,22.916667938232422,22.75,22.916667938232422,296400.0
1992-12-15T00:00:00.000000000,22.916667938232422,23.166667938232422,22.666667938232422,22.666667938232422,143550.0
1992-12-16T00:00:00.000000000,22.75,22.833332061767578,22.583332061767578,22.666667938232422,248850.0
1992-12-17T00:00:00.000000000,22.666667938232422,22.75,22.583332061767578,22.666667938232422,79800.0
1992-12-18T00:00:00.000000000,22.75,23.083332061767578,22.666667938232422,23.083332061767578,448950.0
1992-12-21T00:00:00.000000000,23.0,23.166667938232422,22.916667938232422,23.083332061767578,209100.0
1992-12-22T00:00:00.000000000,23.0,23.083332061767578,22.916667938232422,23.0,267750.0
1992-12-23T00:00:00.000000000,23.0,23.166667938232422,22.916667938232422,22.916667938232422,437250.0
1992-12-24T00:00:00.000000000,23.0,23.0,22.833332061767578,22.916667938232422,79650.0
1992-12-28T00:00:00.000000000,22.833332061767578,23.0,22.75,22.833332061767578,98550.0
1992-12-29T00:00:00.000000000,22.833332061767578,23.0,22.333332061767578,22.416667938232422,100200.0
1992-12-30T00:00:00.000000000,22.333332061767578,22.583332061767578,22.25,22.583332061767578,177600.0
1992-12-31T00:00:00.000000000,22.666667938232422,22.75,22.583332061767578,22.666667938232422,92850.0
1993-01-04T00:00:00.000000000,22.75,22.75,22.333332061767578,22.416667938232422,203400.0
1993-01-05T00:00:00.000000000,22.5,22.833332061767578,22.333332061767578,22.666667938232422,164100.0
1993-01-06T00:00:00.000000000,22.833332061767578,23.0,22.666667938232422,23.0,417450.0
1993-01-07T00:00:00.000000000,23.25,23.333332061767578,22.916667938232422,22.916667938232422,213750.0
1993-01-08T00:00:00.000000000,22.833332061767578,22.833332061767578,22.5,22.666667938232422,172650.0
1993-01-11T00:00:00.000000000,22.833332061767578,22.833332061767578,22.583332061767578,22.666667938232422,62550.0
1993-01-12T00:00:00.000000000,22.666667938232422,22.833332061767578,22.416667938232422,22.833332061767578,156600.0
1993-01-13T00:00:00.000000000,22.833332061767578,23.0,22.75,23.0,101400.0
1993-01-14T00:00:00.000000000,22.916667938232422,23.0,22.416667938232422,23.0,423000.0
1993-01-15T00:00:00.000000000,23.083332061767578,23.416667938232422,23.083332061767578,23.333332061767578,124650.0
1993-01-18T00:00:00.000000000,23.333332061767578,23.333332061767578,23.0,23.25,105150.0
1993-01-19T00:00:00.000000000,23.25,23.333332061767578,22.75,22.916667938232422,187950.0
1993-01-20T00:00:00.000000000,22.916667938232422,23.0,22.75,23.0,73800.0
1993-01-21T00:00:00.000000000,23.166667938232422,23.166667938232422,22.666667938232422,23.0,148500.0
1993-01-22T00:00:00.000000000,23.166667938232422,23.25,22.666667938232422,22.833332061767578,160200.0
1993-01-25T00:00:00.000000000,22.916667938232422,23.166667938232422,22.916667938232422,23.166667938232422,153300.0
1993-01-26T00:00:00.000000000,23.333332061767578,23.833332061767578,23.25,23.5,239850.0
1993-01-27T00:00:00.000000000,23.583332061767578,23.666667938232422,23.416667938232422,23.5,146250.0
1993-01-28T00:00:00.000000000,23.5,23.583332061767578,23.333332061767578,23.333332061767578,320700.0
1993-01-29T00:00:00.000000000,23.166667938232422,23.666667938232422,22.833332061767578,23.666667938232422,520350.0
1993-02-01T00:00:00.000000000,23.583332061767578,24.166667938232422,23.5,23.916667938232422,277050.0
1993-02-02T00:00:00.000000000,23.916667938232422,24.5,23.666667938232422,24.333332061767578,166500.0
1993-02-03T00:00:00.000000000,24.25,24.583332061767578,24.166667938232422,24.583332061767578,260100.0
1993-02-04T00:00:00.000000000,24.416667938232422,24.416667938232422,24.166667938232422,24.25,141900.0
1993-02-05T00:00:00.000000000,24.166667938232422,24.833332061767578,24.166667938232422,24.583332061767578,174150.0
1993-02-08T00:00:00.000000000,24.416667938232422,24.416667938232422,23.833332061767578,24.416667938232422,220200.0
1993-02-09T00:00:00.000000000,24.416667938232422,24.416667938232422,23.833332061767578,24.083332061767578,190800.0
1993-02-10T00:00:00.000000000,24.083332061767578,24.083332061767578,23.666667938232422,23.75,207450.0
1993-02-11T00:00:00.000000000,23.666667938232422,23.75,23.583332061767578,23.666667938232422,300000.0
1993-02-12T00:00:00.000000000,23.666667938232422,23.666667938232422,23.583332061767578,23.583332061767578,64800.0
1993-02-16T00:00:00.000000000,23.666667938232422,23.666667938232422,23.166667938232422,23.333332061767578,165150.0
1993-02-17T00:00:00.000000000,23.333332061767578,23.333332061767578,22.916667938232422,23.0,204300.0
1993-02-18T00:00:00.000000000,23.166667938232422,23.166667938232422,22.916667938232422,22.916667938232422,358650.0
1993-02-19T00:00:00.000000000,22.916667938232422,22.916667938232422,22.583332061767578,22.583332061767578,241500.0
1993-02-22T00:00:00.000000000,22.666667938232422,23.083332061767578,22.583332061767578,22.916667938232422,269400.0
1993-02-23T00:00:00.000000000,22.916667938232422,23.25,22.833332061767578,23.25,304050.0
1993-02-24T00:00:00.000000000,23.416667938232422,23.666667938232422,23.25,23.5,244950.0
1993-02-25T00:00:00.000000000,23.5,23.5,23.083332061767578,23.5,143700.0
1993-02-26T00:00:00.000000000,23.5,23.583332061767578,23.25,23.5,169350.0
1993-03-01T00:00:00.000000000,23.416667938232422,23.416667938232422,22.5,22.5,308250.0
1993-03-02T00:00:00.000000000,22.416667938232422,22.833332061767578,22.333332061767578,22.833332061767578,257250.0
1993-03-03T00:00:00.000000000,22.75,23.083332061767578,22.666667938232422,23.0,136800.0
1993-03-04T00:00:00.000000000,22.833332061767578,23.333332061767578,22.833332061767578,23.25,137100.0
1993-03-05T00:00:00.000000000,23.416667938232422,23.583332061767578,23.166667938232422,23.166667938232422,149850.0
1993-03-08T00:00:00.000000000,23.166667938232422,23.333332061767578,22.833332061767578,23.333332061767578,310350.0
1993-03-09T00:00:00.000000000,23.166667938232422,23.333332061767578,23.083332061767578,23.166667938232422,175650.0
1993-03-10T00:00:00.000000000,23.25,23.333332061767578,23.0,23.25,133800.0
1993-03-11T00:00:00.000000000,23.25,23.333332061767578,22.833332061767578,22.833332061767578,200700.0
1993-03-12T00:00:00.000000000,22.666667938232422,22.666667938232422,21.916667938232422,22.25,365700.0
1993-03-15T00:00:00.000000000,22.416667938232422,22.916667938232422,22.333332061767578,22.916667938232422,150150.0
1993-03-16T00:00:00.000000000,23.0,23.25,22.833332061767578,23.25,130500.0
1993-03-17T00:00:00.000000000,23.333332061767578,23.333332061767578,23.0,23.083332061767578,92700.0
1993-03-18T00:00:00.000000000,23.083332061767578,23.666667938232422,23.083332061767578,23.5,214050.0
1993-03-19T00:00:00.000000000,23.583332061767578,23.666667938232422,23.333332061767578,23.333332061767578,367800.0
1993-03-22T00:00:00.000000000,23.416667938232422,23.583332061767578,23.333332061767578,23.583332061767578,197850.0
1993-03-23T00:00:00.000000000,23.583332061767578,23.666667938232422,23.416667938232422,23.5,133950.0
1993-03-24T00:00:00.000000000,23.666667938232422,24.166667938232422,23.583332061767578,24.0,244500.0
1993-03-25T00:00:00.000000000,24.0,24.25,24.0,24.166667938232422,233100.0
1993-03-26T00:00:00.000000000,24.0,24.25,23.833332061767578,24.166667938232422,245700.0
1993-03-29T00:00:00.000000000,24.0,24.083332061767578,23.833332061767578,24.083332061767578,134700.0
1993-03-30T00:00:00.000000000,24.25,24.25,23.666667938232422,23.833332061767578,242700.0
1993-03-31T00:00:00.000000000,23.833332061767578,23.833332061767578,23.5,23.666667938232422,233100.0
1993-04-01T00:00:00.000000000,23.75,23.75,23.5,23.583332061767578,138450.0
1993-04-02T00:00:00.000000000,23.25,23.416667938232422,23.166667938232422,23.333332061767578,245700.0
1993-04-05T00:00:00.000000000,23.333332061767578,23.416667938232422,23.25,23.333332061767578,220350.0
1993-04-06T00:00:00.000000000,23.333332061767578,23.333332061767578,23.166667938232422,23.333332061767578,131700.0
1993-04-07T00:00:00.000000000,23.5,23.5,23.166667938232422,23.25,117300.0
1993-04-08T00:00:00.000000000,23.25,23.416667938232422,23.166667938232422,23.416667938232422,181650.0
1993-04-12T00:00:00.000000000,23.5,23.666667938232422,23.416667938232422,23.583332061767578,107550.0
1993-04-13T00:00:00.000000000,23.583332061767578,23.666667938232422,23.166667938232422,23.333332061767578,227250.0
1993-04-14T00:00:00.000000000,23.333332061767578,23.5,23.166667938232422,23.25,209250.0
1993-04-15T00:00:00.000000000,23.416667938232422,23.5,23.166667938232422,23.25,194250.0
1993-04-16T00:00:00.000000000,23.583332061767578,23.583332061767578,23.333332061767578,23.416667938232422,166800.0
1993-04-19T00:00:00.000000000,23.333332061767578,23.333332061767578,22.833332061767578,23.166667938232422,178650.0
1993-04-20T00:00:00.000000000,23.0,23.333332061767578,23.0,23.083332061767578,193200.0
1993-04-21T00:00:00.000000000,23.416667938232422,23.666667938232422,23.25,23.666667938232422,388950.0
1993-04-22T00:00:00.000000000,23.666667938232422,23.666667938232422,23.166667938232422,23.166667938232422,91200.0
1993-04-23T00:00:00.000000000,23.0,23.083332061767578,22.916667938232422,22.916667938232422,142500.0
1993-04-26T00:00:00.000000000,23.0,23.083332061767578,22.333332061767578,22.5,266550.0
1993-04-27T00:00:00.000000000,22.5,22.75,22.5,22.5,135150.0
1993-04-28T00:00:00.000000000,22.583332061767578,22.75,22.416667938232422,22.583332061767578,166800.0
1993-04-29T00:00:00.000000000,22.75,23.333332061767578,22.583332061767578,23.333332061767578,156450.0
1993-04-30T00:00:00.000000000,23.333332061767578,23.333332061767578,22.75,22.833332061767578,86850.0
1993-05-03T00:00:00.000000000,22.916667938232422,22.916667938232422,22.416667938232422,22.833332061767578,144300.0
1993-05-04T00:00:00.000000000,22.916667938232422,24.0,22.916667938232422,23.583332061767578,287550.0
1993-05-05T00:00:00.000000000,23.666667938232422,24.333332061767578,23.666667938232422,23.75,949500.0
1993-05-06T00:00:00.000000000,24.083332061767578,24.583332061767578,24.0,24.083332061767578,375750.0
1993-05-07T00:00:00.000000000,24.166667938232422,24.25,23.916667938232422,24.166667938232422,196950.0
1993-05-10T00:00:00.000000000,24.083332061767578,24.583332061767578,24.083332061767578,24.25,197400.0
1993-05-11T00:00:00.000000000,24.166667938232422,24.166667938232422,23.666667938232422,24.083332061767578,285900.0
1993-05-12T00:00:00.000000000,23.916667938232422,23.916667938232422,23.333332061767578,23.666667938232422,279300.0
1993-05-13T00:00:00.000000000,23.583332061767578,23.666667938232422,23.333332061767578,23.333332061767578,199800.0
1993-05-14T00:00:00.000000000,23.5,23.583332061767578,23.25,23.333332061767578,116550.0
1993-05-17T00:00:00.000000000,23.333332061767578,23.5,23.166667938232422,23.25,219300.0
1993-05-18T00:00:00.000000000,23.333332061767578,23.333332061767578,23.0,23.25,348600.0
1993-05-19T00:00:00.000000000,23.25,23.833332061767578,22.916667938232422,23.75,396150.0
1993-05-20T00:00:00.000000000,23.75,24.083332061767578,23.5,24.083332061767578,278400.0
1993-05-21T00:00:00.000000000,24.083332061767578,24.083332061767578,23.75,24.0,207900.0
1993-05-24T00:00:00.000000000,24.0,24.166667938232422,23.75,23.833332061767578,78300.0
1993-05-25T00:00:00.000000000,24.0,24.083332061767578,23.666667938232422,23.666667938232422,182850.0
1993-05-26T00:00:00.000000000,23.75,24.333332061767578,23.666667938232422,24.25,213600.0
1993-05-27T00:00:00.000000000,24.25,24.333332061767578,24.25,24.333332061767578,223200.0
1993-05-28T00:00:00.000000000,24.25,24.583332061767578,24.166667938232422,24.416667938232422,365250.0
1993-06-01T00:00:00.000000000,24.166667938232422,24.583332061767578,24.083332061767578,24.583332061767578,96600.0
1993-06-02T00:00:00.000000000,24.416667938232422,24.916667938232422,24.416667938232422,24.75,141750.0
1993-06-03T00:00:00.000000000,24.666667938232422,24.833332061767578,24.583332061767578,24.833332061767578,133800.0
1993-06-04T00:00:00.000000000,24.666667938232422,24.666667938232422,24.25,24.25,60900.0
1993-06-07T00:00:00.000000000,24.416667938232422,24.416667938232422,23.75,23.916667938232422,173400.0
1993-06-08T00:00:00.000000000,23.916667938232422,24.25,23.916667938232422,24.0,265500.0
1993-06-09T00:00:00.000000000,23.916667938232422,24.166667938232422,23.916667938232422,24.0,161850.0
1993-06-10T00:00:00.000000000,24.166667938232422,24.416667938232422,24.0,24.333332061767578,174450.0
1993-06-11T00:00:00.000000000,24.333332061767578,24.5,24.083332061767578,24.25,75600.0
1993-06-14T00:00:00.000000000,24.25,24.25,23.25,23.333332061767578,119400.0
1993-06-15T00:00:00.000000000,23.333332061767578,23.5,22.916667938232422,23.5,279000.0
1993-06-16T00:00:00.000000000,23.416667938232422,23.416667938232422,22.833332061767578,23.0,173100.0
1993-06-17T00:00:00.000000000,23.0,23.833332061767578,23.0,23.833332061767578,381150.0
1993-06-18T00:00:00.000000000,23.666667938232422,23.75,23.416667938232422,23.416667938232422,251550.0
1993-06-21T00:00:00.000000000,23.5,23.5,23.166667938232422,23.25,168600.0
1993-06-22T00:00:00.000000000,23.25,23.333332061767578,23.0,23.166667938232422,184500.0
1993-06-23T00:00:00.000000000,23.166667938232422,23.333332061767578,23.166667938232422,23.166667938232422,150900.0
1993-06-24T00:00:00.000000000,23.166667938232422,23.583332061767578,23.166667938232422,23.5,199050.0
1993-06-25T00:00:00.000000000,23.583332061767578,23.666667938232422,23.416667938232422,23.666667938232422,151050.0
1993-06-28T00:00:00.000000000,23.666667938232422,23.666667938232422,23.166667938232422,23.166667938232422,179400.0
1993-06-29T00:00:00.000000000,23.333332061767578,23.333332061767578,23.083332061767578,23.083332061767578,246000.0
1993-06-30T00:00:00.000000000,23.083332061767578,23.083332061767578,22.833332061767578,23.083332061767578,274800.0
1993-07-01T00:00:00.000000000,23.166667938232422,23.583332061767578,23.166667938232422,23.583332061767578,154050.0
1993-07-02T00:00:00.000000000,23.333332061767578,23.583332061767578,23.0,23.5,140100.0
1993-07-06T00:00:00.000000000,23.583332061767578,23.666667938232422,23.5,23.583332061767578,174300.0
1993-07-07T00:00:00.000000000,23.5,23.5,23.25,23.25,139500.0
1993-07-08T00:00:00.000000000,23.25,23.916667938232422,23.083332061767578,23.916667938232422,142350.0
1993-07-09T00:00:00.000000000,23.916667938232422,23.916667938232422,23.583332061767578,23.666667938232422,171300.0
1993-07-12T00:00:00.000000000,23.833332061767578,23.916667938232422,23.75,23.833332061767578,101550.0
1993-07-13T00:00:00.000000000,23.75,24.25,23.75,23.833332061767578,108600.0
1993-07-14T00:00:00.000000000,23.833332061767578,24.0,23.75,24.0,134850.0
1993-07-15T00:00:00.000000000,24.083332061767578,24.25,23.833332061767578,24.083332061767578,250650.0
1993-07-16T00:00:00.000000000,24.166667938232422,24.5,24.166667938232422,24.416667938232422,240300.0
1993-07-19T00:00:00.000000000,24.416667938232422,24.583332061767578,24.333332061767578,24.5,265650.0
1993-07-20T00:00:00.000000000,24.5,25.166667938232422,24.5,24.833332061767578,180450.0
1993-07-21T00:00:00.000000000,24.833332061767578,25.083332061767578,24.666667938232422,25.083332061767578,302100.0
1993-07-22T00:00:00.000000000,25.0,25.0,24.5,24.5,168150.0
1993-07-23T00:00:00.000000000,24.583332061767578,24.75,24.416667938232422,24.583332061767578,199950.0
1993-07-26T00:00:00.000000000,24.833332061767578,25.416667938232422,24.833332061767578,25.333332061767578,440700.0
1993-07-27T00:00:00.000000000,25.333332061767578,25.416667938232422,25.0,25.0,264900.0
1993-07-28T00:00:00.000000000,25.0,25.0,24.416667938232422,24.833332061767578,376050.0
1993-07-29T00:00:00.000000000,24.666667938232422,24.666667938232422,24.416667938232422,24.5,188100.0
1993-07-30T00:00:00.000000000,24.5,24.5,24.0,24.25,317850.0
1993-08-02T00:00:00.000000000,24.416667938232422,24.5,24.333332061767578,24.416667938232422,178650.0
1993-08-03T00:00:00.000000000,24.5,24.5,24.333332061767578,24.333332061767578,276600.0
1993-08-04T00:00:00.000000000,24.25,24.25,24.083332061767578,24.166667938232422,177600.0
1993-08-05T00:00:00.000000000,24.25,24.333332061767578,24.166667938232422,24.25,91350.0
1993-08-06T00:00:00.000000000,24.166667938232422,24.25,24.083332061767578,24.25,91500.0
1993-08-09T00:00:00.000000000,24.25,24.416667938232422,23.916667938232422,24.0,318450.0
1993-08-10T00:00:00.000000000,23.916667938232422,24.166667938232422,23.916667938232422,24.0,185250.0
1993-08-11T00:00:00.000000000,23.833332061767578,24.333332061767578,23.833332061767578,24.333332061767578,297300.0
1993-08-12T00:00:00.000000000,24.25,24.333332061767578,24.0,24.0,155850.0
1993-08-13T00:00:00.000000000,24.0,24.0,23.583332061767578,23.75,80250.0
1993-08-16T00:00:00.000000000,24.083332061767578,24.25,23.75,23.916667938232422,361800.0
1993-08-17T00:00:00.000000000,23.916667938232422,23.916667938232422,23.666667938232422,23.666667938232422,199500.0
1993-08-18T00:00:00.000000000,23.666667938232422,23.916667938232422,23.666667938232422,23.75,486000.0
1993-08-19T00:00:00.000000000,23.75,23.916667938232422,23.583332061767578,23.666667938232422,317850.0
1993-08-20T00:00:00.000000000,23.666667938232422,24.0,23.5,24.0,380700.0
1993-08-23T00:00:00.000000000,24.083332061767578,24.083332061767578,23.833332061767578,24.0,118350.0
1993-08-24T00:00:00.000000000,24.0,24.166667938232422,23.916667938232422,24.166667938232422,217350.0
1993-08-25T00:00:00.000000000,24.166667938232422,24.666667938232422,24.083332061767578,24.416667938232422,388650.0
1993-08-26T00:00:00.000000000,24.583332061767578,24.666667938232422,24.416667938232422,24.583332061767578,166950.0
1993-08-27T00:00:00.000000000,24.5,24.5,24.416667938232422,24.5,107700.0
1993-08-30T00:00:00.000000000,24.416667938232422,24.916667938232422,24.416667938232422,24.833332061767578,275850.0
1993-08-31T00:00:00.000000000,24.666667938232422,25.0,24.583332061767578,24.833332061767578,340950.0
1993-09-01T00:00:00.000000000,24.75,25.25,24.75,25.25,406050.0
1993-09-02T00:00:00.000000000,25.083332061767578,25.083332061767578,24.916667938232422,25.0,211050.0
1993-09-03T00:00:00.000000000,25.0,25.25,24.916667938232422,25.083332061767578,250650.0
1993-09-07T00:00:00.000000000,25.0,25.333332061767578,25.0,25.0,179400.0
1993-09-08T00:00:00.000000000,24.833332061767578,24.916667938232422,24.666667938232422,24.916667938232422,181950.0
1993-09-09T00:00:00.000000000,24.916667938232422,25.333332061767578,24.833332061767578,24.916667938232422,171000.0
1993-09-10T00:00:00.000000000,25.083332061767578,25.25,24.833332061767578,24.833332061767578,144750.0
1993-09-13T00:00:00.000000000,25.0,25.25,25.0,25.166667938232422,177750.0
1993-09-14T00:00:00.000000000,25.0,25.166667938232422,24.916667938232422,25.083332061767578,72900.0
1993-09-15T00:00:00.000000000,24.916667938232422,25.083332061767578,24.75,24.75,182250.0
1993-09-16T00:00:00.000000000,24.833332061767578,25.166667938232422,24.833332061767578,25.166667938232422,157050.0
1993-09-17T00:00:00.000000000,24.666667938232422,25.25,24.666667938232422,25.166667938232422,445950.0
1993-09-20T00:00:00.000000000,25.166667938232422,25.25,25.0,25.25,146250.0
1993-09-21T00:00:00.000000000,25.083332061767578,25.166667938232422,24.833332061767578,25.166667938232422,159900.0
1993-09-22T00:00:00.000000000,25.166667938232422,25.25,25.083332061767578,25.25,261300.0
1993-09-23T00:00:00.000000000,25.166667938232422,25.333332061767578,25.083332061767578,25.333332061767578,210900.0
1993-09-24T00:00:00.000000000,25.333332061767578,25.416667938232422,25.166667938232422,25.166667938232422,143400.0
1993-09-27T00:00:00.000000000,25.25,25.5,25.166667938232422,25.166667938232422,224250.0
1993-09-28T00:00:00.000000000,25.25,25.416667938232422,25.166667938232422,25.333332061767578,236700.0
1993-09-29T00:00:00.000000000,25.333332061767578,25.333332061767578,24.75,24.75,153900.0
1993-09-30T00:00:00.000000000,24.75,25.0,24.75,25.0,118050.0
1993-10-01T00:00:00.000000000,24.916667938232422,25.0,24.5,24.75,146400.0
1993-10-04T00:00:00.000000000,24.75,24.75,24.583332061767578,24.666667938232422,141750.0
1993-10-05T00:00:00.000000000,24.75,24.833332061767578,24.25,24.5,221700.0
1993-10-06T00:00:00.000000000,24.416667938232422,24.666667938232422,24.333332061767578,24.583332061767578,187500.0
1993-10-07T00:00:00.000000000,24.583332061767578,24.666667938232422,24.166667938232422,24.166667938232422,90600.0
1993-10-08T00:00:00.000000000,24.416667938232422,24.5,24.0,24.5,91950.0
1993-10-11T00:00:00.000000000,24.583332061767578,25.0,24.5,25.0,97950.0
1993-10-12T00:00:00.000000000,25.0,25.0,24.833332061767578,24.833332061767578,99150.0
1993-10-13T00:00:00.000000000,24.916667938232422,25.083332061767578,24.833332061767578,24.833332061767578,141750.0
1993-10-14T00:00:00.000000000,25.0,25.083332061767578,24.833332061767578,25.083332061767578,130050.0
1993-10-15T00:00:00.000000000,25.25,25.25,24.833332061767578,24.916667938232422,97800.0
1993-10-18T00:00:00.000000000,25.083332061767578,25.166667938232422,24.916667938232422,25.0,139950.0
1993-10-19T00:00:00.000000000,24.916667938232422,25.166667938232422,24.666667938232422,25.083332061767578,144600.0
1993-10-20T00:00:00.000000000,25.25,25.333332061767578,25.083332061767578,25.25,85200.0
1993-10-21T00:00:00.000000000,25.25,25.25,24.833332061767578,25.083332061767578,131250.0
1993-10-22T00:00:00.000000000,25.166667938232422,25.25,25.083332061767578,25.083332061767578,60000.0
1993-10-25T00:00:00.000000000,25.083332061767578,25.083332061767578,24.666667938232422,24.75,121950.0
1993-10-26T00:00:00.000000000,24.75,24.75,24.166667938232422,24.25,162450.0
1993-10-27T00:00:00.000000000,24.166667938232422,24.333332061767578,24.083332061767578,24.333332061767578,110700.0
1993-10-28T00:00:00.000000000,24.5,25.0,24.5,25.0,289350.0
1993-10-29T00:00:00.000000000,25.083332061767578,25.25,25.0,25.25,123000.0
1993-11-01T00:00:00.000000000,25.166667938232422,25.25,25.0,25.166667938232422,214050.0
1993-11-02T00:00:00.000000000,25.0,25.166667938232422,24.833332061767578,25.083332061767578,213600.0
1993-11-03T00:00:00.000000000,24.916667938232422,24.916667938232422,24.5,24.75,180600.0
1993-11-04T00:00:00.000000000,24.75,24.916667938232422,24.5,24.75,109950.0
1993-11-05T00:00:00.000000000,24.666667938232422,24.833332061767578,24.416667938232422,24.5,183450.0
1993-11-08T00:00:00.000000000,24.5,24.583332061767578,24.25,24.25,94500.0
1993-11-09T00:00:00.000000000,24.416667938232422,24.916667938232422,24.25,24.75,131850.0
1993-11-10T00:00:00.000000000,24.833332061767578,25.166667938232422,24.583332061767578,25.166667938232422,123900.0
1993-11-11T00:00:00.000000000,25.166667938232422,25.333332061767578,25.0,25.0,132000.0
1993-11-12T00:00:00.000000000,25.083332061767578,25.833332061767578,25.083332061767578,25.416667938232422,252150.0
1993-11-15T00:00:00.000000000,25.75,25.833332061767578,25.333332061767578,25.5,197850.0
1993-11-16T00:00:00.000000000,25.583332061767578,26.0,25.583332061767578,26.0,145350.0
1993-11-17T00:00:00.000000000,25.833332061767578,26.0,25.583332061767578,25.833332061767578,177900.0
1993-11-18T00:00:00.000000000,25.666667938232422,25.75,25.5,25.75,133950.0
1993-11-19T00:00:00.000000000,25.833332061767578,25.833332061767578,25.583332061767578,25.833332061767578,255150.0
1993-11-22T00:00:00.000000000,25.833332061767578,25.833332061767578,24.833332061767578,25.0,339450.0
1993-11-23T00:00:00.000000000,25.083332061767578,25.166667938232422,24.666667938232422,24.916667938232422,191700.0
1993-11-24T00:00:00.000000000,25.083332061767578,25.166667938232422,24.75,25.0,202350.0
1993-11-26T00:00:00.000000000,25.166667938232422,25.416667938232422,25.166667938232422,25.333332061767578,116550.0
1993-11-29T00:00:00.000000000,25.333332061767578,25.583332061767578,25.166667938232422,25.166667938232422,64950.0
1993-11-30T00:00:00.000000000,25.0,25.166667938232422,25.0,25.0,109350.0
1993-12-01T00:00:00.000000000,25.0,25.083332061767578,24.333332061767578,24.416667938232422,425400.0
1993-12-02T00:00:00.000000000,24.333332061767578,24.916667938232422,24.166667938232422,24.833332061767578,371700.0
1993-12-03T00:00:00.000000000,25.0,25.166667938232422,24.833332061767578,25.166667938232422,178800.0
1993-12-06T00:00:00.000000000,25.083332061767578,25.25,24.833332061767578,24.916667938232422,221550.0
1993-12-07T00:00:00.000000000,24.916667938232422,25.0,24.666667938232422,24.666667938232422,122550.0
1993-12-08T00:00:00.000000000,24.666667938232422,24.75,24.25,24.25,216000.0
1993-12-09T00:00:00.000000000,24.25,24.583332061767578,24.083332061767578,24.083332061767578,199050.0
1993-12-10T00:00:00.000000000,23.916667938232422,24.0,23.25,23.5,382500.0
1993-12-13T00:00:00.000000000,23.666667938232422,23.75,23.5,23.75,552300.0
1993-12-14T00:00:00.000000000,23.833332061767578,25.0,23.75,24.5,519300.0
1993-12-15T00:00:00.000000000,24.416667938232422,24.5,24.25,24.333332061767578,230250.0
1993-12-16T00:00:00.000000000,24.25,24.333332061767578,24.0,24.166667938232422,284550.0
1993-12-17T00:00:00.000000000,24.166667938232422,24.583332061767578,24.166667938232422,24.583332061767578,345450.0
1993-12-20T00:00:00.000000000,24.666667938232422,24.833332061767578,24.333332061767578,24.416667938232422,217950.0
1993-12-21T00:00:00.000000000,24.416667938232422,24.5,23.916667938232422,24.333332061767578,204450.0
1993-12-22T00:00:00.000000000,24.416667938232422,24.416667938232422,23.75,24.083332061767578,345300.0
1993-12-23T00:00:00.000000000,24.083332061767578,24.833332061767578,23.916667938232422,24.666667938232422,345150.0
1993-12-27T00:00:00.000000000,24.666667938232422,24.75,24.333332061767578,24.75,498000.0
1993-12-28T00:00:00.000000000,24.666667938232422,24.916667938232422,24.666667938232422,24.916667938232422,154650.0
1993-12-29T00:00:00.000000000,24.666667938232422,25.166667938232422,24.666667938232422,25.083332061767578,312000.0
1993-12-30T00:00:00.000000000,25.0,25.166667938232422,25.0,25.0,79800.0
1993-12-31T00:00:00.000000000,25.166667938232422,25.25,25.0,25.083332061767578,82500.0
1994-01-03T00:00:00.000000000,25.166667938232422,25.25,25.083332061767578,25.25,214200.0
1994-01-04T00:00:00.000000000,25.25,25.333332061767578,24.916667938232422,25.333332061767578,307050.0
1994-01-05T00:00:00.000000000,25.166667938232422,25.25,25.083332061767578,25.083332061767578,182850.0
1994-01-06T00:00:00.000000000,25.333332061767578,25.333332061767578,25.0,25.25,175200.0
1994-01-07T00:00:00.000000000,25.166667938232422,25.25,25.083332061767578,25.166667938232422,89850.0
1994-01-10T00:00:00.000000000,25.333332061767578,26.0,25.25,25.916667938232422,586050.0
1994-01-11T00:00:00.000000000,25.75,26.0,25.666667938232422,25.75,445050.0
1994-01-12T00:00:00.000000000,25.833332061767578,26.0,25.666667938232422,26.0,333150.0
1994-01-13T00:00:00.000000000,26.0,26.0,25.75,25.833332061767578,302100.0
1994-01-14T00:00:00.000000000,25.916667938232422,26.166667938232422,25.833332061767578,26.166667938232422,517800.0
1994-01-17T00:00:00.000000000,26.0,26.0,25.416667938232422,25.916667938232422,253650.0
1994-01-18T00:00:00.000000000,25.833332061767578,26.25,25.666667938232422,25.916667938232422,464250.0
1994-01-19T00:00:00.000000000,25.833332061767578,25.833332061767578,25.5,25.833332061767578,204600.0
1994-01-20T00:00:00.000000000,25.75,25.833332061767578,25.583332061767578,25.75,225450.0
1994-01-21T00:00:00.000000000,25.666667938232422,25.916667938232422,25.583332061767578,25.916667938232422,210000.0
1994-01-24T00:00:00.000000000,25.833332061767578,26.0,25.75,25.916667938232422,357600.0
1994-01-25T00:00:00.000000000,25.833332061767578,25.833332061767578,25.5,25.666667938232422,271650.0
1994-01-26T00:00:00.000000000,25.666667938232422,25.666667938232422,25.0,25.083332061767578,263100.0
1994-01-27T00:00:00.000000000,25.25,25.75,25.25,25.666667938232422,306750.0
1994-01-28T00:00:00.000000000,25.833332061767578,25.833332061767578,25.25,25.583332061767578,231450.0
1994-01-31T00:00:00.000000000,26.0,26.083332061767578,25.75,25.833332061767578,170250.0
1994-02-01T00:00:00.000000000,25.666667938232422,25.833332061767578,25.666667938232422,25.666667938232422,216600.0
1994-02-02T00:00:00.000000000,25.75,25.916667938232422,25.416667938232422,25.416667938232422,147600.0
1994-02-03T00:00:00.000000000,25.583332061767578,25.666667938232422,25.416667938232422,25.5,105900.0
1994-02-04T00:00:00.000000000,25.5,25.5,25.0,25.083332061767578,115500.0
1994-02-07T00:00:00.000000000,24.833332061767578,24.833332061767578,24.5,24.833332061767578,310200.0
1994-02-08T00:00:00.000000000,25.0,25.083332061767578,24.666667938232422,24.916667938232422,142050.0
1994-02-09T00:00:00.000000000,25.083332061767578,25.25,25.0,25.0,179700.0
1994-02-10T00:00:00.000000000,25.0,25.083332061767578,24.666667938232422,24.75,62400.0
1994-02-11T00:00:00.000000000,24.666667938232422,24.916667938232422,24.583332061767578,24.75,66300.0
1994-02-14T00:00:00.000000000,24.75,24.916667938232422,24.5,24.666667938232422,106350.0
1994-02-15T00:00:00.000000000,24.75,25.333332061767578,24.75,25.333332061767578,199650.0
1994-02-16T00:00:00.000000000,25.25,25.416667938232422,25.166667938232422,25.416667938232422,99750.0
1994-02-17T00:00:00.000000000,25.333332061767578,25.5,25.083332061767578,25.333332061767578,240900.0
1994-02-18T00:00:00.000000000,25.5,25.5,24.75,24.833332061767578,250500.0
1994-02-22T00:00:00.000000000,25.0,25.416667938232422,24.916667938232422,25.333332061767578,192900.0
1994-02-23T00:00:00.000000000,25.25,25.416667938232422,25.25,25.416667938232422,84750.0
1994-02-24T00:00:00.000000000,25.333332061767578,25.333332061767578,24.916667938232422,24.916667938232422,143100.0
1994-02-25T00:00:00.000000000,24.833332061767578,25.083332061767578,24.75,24.916667938232422,139950.0
1994-02-28T00:00:00.000000000,25.083332061767578,25.333332061767578,25.083332061767578,25.333332061767578,108300.0
1994-03-01T00:00:00.000000000,25.333332061767578,25.333332061767578,24.916667938232422,25.083332061767578,133950.0
1994-03-02T00:00:00.000000000,24.666667938232422,24.833332061767578,24.5,24.666667938232422,166350.0
1994-03-03T00:00:00.000000000,24.833332061767578,24.916667938232422,24.583332061767578,24.666667938232422,210150.0
1994-03-04T00:00:00.000000000,24.833332061767578,25.25,24.75,25.166667938232422,118350.0
1994-03-07T00:00:00.000000000,25.333332061767578,25.333332061767578,25.25,25.25,129300.0
1994-03-08T00:00:00.000000000,25.333332061767578,25.333332061767578,25.083332061767578,25.25,157800.0
1994-03-09T00:00:00.000000000,25.25,25.583332061767578,25.25,25.5,99600.0
1994-03-10T00:00:00.000000000,25.5,25.666667938232422,25.416667938232422,25.416667938232422,139800.0
1994-03-11T00:00:00.000000000,25.5,25.583332061767578,25.083332061767578,25.333332061767578,144450.0
1994-03-14T00:00:00.000000000,25.333332061767578,25.416667938232422,25.083332061767578,25.25,115050.0
1994-03-15T00:00:00.000000000,25.166667938232422,25.25,24.666667938232422,24.666667938232422,149850.0
1994-03-16T00:00:00.000000000,24.833332061767578,24.833332061767578,24.5,24.5,133050.0
1994-03-17T00:00:00.000000000,24.583332061767578,24.75,24.5,24.75,231450.0
1994-03-18T00:00:00.000000000,24.666667938232422,24.666667938232422,24.416667938232422,24.666667938232422,439800.0
1994-03-21T00:00:00.000000000,24.5,24.666667938232422,24.25,24.333332061767578,97050.0
1994-03-22T00:00:00.000000000,24.333332061767578,24.583332061767578,24.25,24.416667938232422,125400.0
1994-03-23T00:00:00.000000000,24.583332061767578,25.0,24.5,24.833332061767578,273150.0
1994-03-24T00:00:00.000000000,24.666667938232422,24.75,24.083332061767578,24.166667938232422,159150.0
1994-03-25T00:00:00.000000000,24.333332061767578,24.5,24.083332061767578,24.25,112200.0
1994-03-28T00:00:00.000000000,24.416667938232422,24.583332061767578,24.25,24.333332061767578,125850.0
1994-03-29T00:00:00.000000000,24.333332061767578,24.333332061767578,23.916667938232422,24.0,144000.0
1994-03-30T00:00:00.000000000,24.0,24.0,23.0,23.166667938232422,275100.0
1994-03-31T00:00:00.000000000,23.166667938232422,23.333332061767578,22.5,23.333332061767578,178950.0
1994-04-04T00:00:00.000000000,23.083332061767578,23.25,22.916667938232422,23.083332061767578,198300.0
1994-04-05T00:00:00.000000000,23.25,23.416667938232422,23.0,23.333332061767578,336150.0
1994-04-06T00:00:00.000000000,23.416667938232422,23.5,23.083332061767578,23.333332061767578,226200.0
1994-04-07T00:00:00.000000000,23.5,23.666667938232422,23.333332061767578,23.666667938232422,91800.0
1994-04-08T00:00:00.000000000,23.666667938232422,23.666667938232422,23.166667938232422,23.333332061767578,162000.0
1994-04-11T00:00:00.000000000,23.083332061767578,23.083332061767578,23.083332061767578,23.083332061767578,96150.0
1994-04-12T00:00:00.000000000,23.166667938232422,23.166667938232422,22.916667938232422,23.0,175650.0
1994-04-13T00:00:00.000000000,23.083332061767578,23.25,22.75,22.833332061767578,172650.0
1994-04-14T00:00:00.000000000,22.75,23.333332061767578,22.583332061767578,23.0,190200.0
1994-04-15T00:00:00.000000000,23.083332061767578,23.083332061767578,22.666667938232422,22.75,748050.0
1994-04-18T00:00:00.000000000,22.833332061767578,22.916667938232422,22.5,22.75,221550.0
1994-04-19T00:00:00.000000000,22.75,23.0,22.416667938232422,22.666667938232422,465300.0
1994-04-20T00:00:00.000000000,22.833332061767578,22.916667938232422,22.666667938232422,22.75,121050.0
1994-04-21T00:00:00.000000000,22.833332061767578,23.25,22.75,23.0,207000.0
1994-04-22T00:00:00.000000000,23.25,23.5,23.166667938232422,23.166667938232422,174450.0
1994-04-25T00:00:00.000000000,23.166667938232422,24.0,23.166667938232422,23.916667938232422,264150.0
1994-04-26T00:00:00.000000000,23.75,23.833332061767578,23.583332061767578,23.583332061767578,198000.0
1994-04-28T00:00:00.000000000,23.666667938232422,23.833332061767578,23.583332061767578,23.833332061767578,110100.0
1994-04-29T00:00:00.000000000,23.75,23.833332061767578,23.666667938232422,23.75,138600.0
1994-05-02T00:00:00.000000000,23.75,23.75,23.333332061767578,23.666667938232422,262650.0
1994-05-03T00:00:00.000000000,23.75,23.75,23.333332061767578,23.5,105900.0
1994-05-04T00:00:00.000000000,23.5,23.583332061767578,23.25,23.333332061767578,201450.0
1994-05-05T00:00:00.000000000,23.333332061767578,23.333332061767578,23.166667938232422,23.25,112650.0
1994-05-06T00:00:00.000000000,23.0,23.083332061767578,22.833332061767578,22.916667938232422,103050.0
1994-05-09T00:00:00.000000000,22.916667938232422,23.0,22.583332061767578,22.583332061767578,281100.0
1994-05-10T00:00:00.000000000,22.583332061767578,23.25,22.583332061767578,23.25,219750.0
1994-05-11T00:00:00.000000000,23.25,23.333332061767578,23.166667938232422,23.25,169500.0
1994-05-12T00:00:00.000000000,23.25,23.333332061767578,23.166667938232422,23.25,88650.0
1994-05-13T00:00:00.000000000,23.166667938232422,23.25,23.083332061767578,23.166667938232422,84600.0
1994-05-16T00:00:00.000000000,23.083332061767578,23.25,23.083332061767578,23.25,118650.0
1994-05-17T00:00:00.000000000,23.25,23.666667938232422,23.166667938232422,23.583332061767578,121950.0
1994-05-18T00:00:00.000000000,23.416667938232422,23.5,23.166667938232422,23.166667938232422,156000.0
1994-05-19T00:00:00.000000000,23.166667938232422,23.25,23.083332061767578,23.25,156450.0
1994-05-20T00:00:00.000000000,23.083332061767578,23.25,23.0,23.25,203400.0
1994-05-23T00:00:00.000000000,23.083332061767578,23.166667938232422,22.75,22.75,151800.0
1994-05-24T00:00:00.000000000,22.833332061767578,23.416667938232422,22.833332061767578,23.25,202200.0
1994-05-25T00:00:00.000000000,23.166667938232422,23.5,23.083332061767578,23.5,120150.0
1994-05-26T00:00:00.000000000,23.5,23.5,23.333332061767578,23.416667938232422,77250.0
1994-05-27T00:00:00.000000000,23.25,23.333332061767578,23.0,23.166667938232422,105450.0
1994-05-31T00:00:00.000000000,23.083332061767578,23.416667938232422,23.0,23.25,159750.0
1994-06-01T00:00:00.000000000,23.083332061767578,23.166667938232422,22.916667938232422,23.083332061767578,158550.0
1994-06-02T00:00:00.000000000,22.916667938232422,23.166667938232422,22.916667938232422,23.083332061767578,108750.0
1994-06-03T00:00:00.000000000,23.166667938232422,23.25,23.0,23.0,123450.0
1994-06-06T00:00:00.000000000,23.166667938232422,23.25,23.0,23.083332061767578,151500.0
1994-06-07T00:00:00.000000000,23.083332061767578,23.25,23.083332061767578,23.166667938232422,80100.0
1994-06-08T00:00:00.000000000,23.166667938232422,23.5,23.083332061767578,23.083332061767578,224100.0
1994-06-09T00:00:00.000000000,23.083332061767578,23.25,23.0,23.166667938232422,143700.0
1994-06-10T00:00:00.000000000,23.25,23.25,23.083332061767578,23.083332061767578,61200.0
1994-06-13T00:00:00.000000000,23.166667938232422,23.25,23.083332061767578,23.083332061767578,117750.0
1994-06-14T00:00:00.000000000,23.083332061767578,23.583332061767578,23.083332061767578,23.583332061767578,186450.0
1994-06-15T00:00:00.000000000,23.583332061767578,24.083332061767578,23.583332061767578,23.75,164700.0
1994-06-16T00:00:00.000000000,23.75,23.916667938232422,23.666667938232422,23.666667938232422,282900.0
1994-06-17T00:00:00.000000000,24.0,24.416667938232422,24.0,24.083332061767578,447450.0
1994-06-20T00:00:00.000000000,23.916667938232422,24.083332061767578,23.833332061767578,24.083332061767578,111300.0
1994-06-21T00:00:00.000000000,24.083332061767578,24.083332061767578,23.75,23.833332061767578,94950.0
1994-06-22T00:00:00.000000000,24.0,24.083332061767578,23.916667938232422,24.0,276900.0
1994-06-23T00:00:00.000000000,23.833332061767578,23.916667938232422,23.75,23.833332061767578,86850.0
1994-06-24T00:00:00.000000000,23.833332061767578,23.916667938232422,23.75,23.75,241650.0
1994-06-27T00:00:00.000000000,23.833332061767578,24.416667938232422,23.75,24.333332061767578,309450.0
1994-06-28T00:00:00.000000000,24.25,24.333332061767578,23.833332061767578,24.0,252300.0
1994-06-29T00:00:00.000000000,24.166667938232422,24.333332061767578,23.916667938232422,24.25,115800.0
1994-06-30T00:00:00.000000000,24.083332061767578,24.083332061767578,23.833332061767578,24.083332061767578,290850.0
1994-07-01T00:00:00.000000000,24.25,24.25,23.833332061767578,23.833332061767578,262350.0
1994-07-05T00:00:00.000000000,23.916667938232422,24.083332061767578,23.916667938232422,24.0,96300.0
1994-07-06T00:00:00.000000000,23.916667938232422,24.25,23.916667938232422,24.166667938232422,81600.0
1994-07-07T00:00:00.000000000,24.166667938232422,24.25,24.083332061767578,24.166667938232422,184800.0
1994-07-08T00:00:00.000000000,24.083332061767578,24.416667938232422,24.083332061767578,24.416667938232422,127650.0
1994-07-11T00:00:00.000000000,24.5,24.5,24.083332061767578,24.083332061767578,217800.0
1994-07-12T00:00:00.000000000,24.166667938232422,24.25,23.916667938232422,24.25,165900.0
1994-07-13T00:00:00.000000000,24.25,24.25,24.0,24.083332061767578,112200.0
1994-07-14T00:00:00.000000000,24.166667938232422,24.333332061767578,24.0,24.0,204300.0
1994-07-15T00:00:00.000000000,24.0,24.25,24.0,24.083332061767578,114450.0
1994-07-18T00:00:00.000000000,24.25,24.25,24.0,24.083332061767578,82200.0
1994-07-19T00:00:00.000000000,24.083332061767578,24.083332061767578,24.0,24.0,112650.0
1994-07-20T00:00:00.000000000,24.083332061767578,24.083332061767578,23.833332061767578,23.916667938232422,38700.0
1994-07-21T00:00:00.000000000,23.916667938232422,24.0,23.583332061767578,23.666667938232422,211950.0
1994-07-22T00:00:00.000000000,23.666667938232422,23.666667938232422,23.333332061767578,23.666667938232422,161250.0
1994-07-25T00:00:00.000000000,23.666667938232422,23.666667938232422,23.416667938232422,23.583332061767578,90450.0
1994-07-26T00:00:00.000000000,23.416667938232422,23.5,23.166667938232422,23.416667938232422,232500.0
1994-07-27T00:00:00.000000000,23.333332061767578,23.416667938232422,23.25,23.333332061767578,63300.0
1994-07-28T00:00:00.000000000,23.25,23.333332061767578,23.083332061767578,23.333332061767578,272700.0
1994-07-29T00:00:00.000000000,23.333332061767578,23.583332061767578,23.25,23.583332061767578,257250.0
1994-08-01T00:00:00.000000000,23.5,23.75,23.5,23.75,556500.0
1994-08-02T00:00:00.000000000,23.75,23.75,23.25,23.25,255900.0
1994-08-03T00:00:00.000000000,23.333332061767578,23.583332061767578,23.25,23.333332061767578,148950.0
1994-08-04T00:00:00.000000000,23.25,23.416667938232422,23.166667938232422,23.166667938232422,121500.0
1994-08-05T00:00:00.000000000,23.166667938232422,23.166667938232422,23.083332061767578,23.083332061767578,105600.0
1994-08-08T00:00:00.000000000,23.166667938232422,23.25,23.166667938232422,23.25,79500.0
1994-08-09T00:00:00.000000000,23.25,23.25,23.083332061767578,23.166667938232422,155100.0
1994-08-10T00:00:00.000000000,23.333332061767578,23.416667938232422,23.25,23.416667938232422,63600.0
1994-08-11T00:00:00.000000000,23.333332061767578,23.333332061767578,23.166667938232422,23.25,733350.0
1994-08-12T00:00:00.000000000,23.25,23.416667938232422,23.25,23.333332061767578,637800.0
1994-08-15T00:00:00.000000000,23.416667938232422,23.416667938232422,23.25,23.333332061767578,255750.0
1994-08-16T00:00:00.000000000,23.5,24.0,23.25,24.0,295800.0
1994-08-17T00:00:00.000000000,23.833332061767578,24.083332061767578,23.583332061767578,24.0,271200.0
1994-08-18T00:00:00.000000000,23.916667938232422,24.0,23.791667938232422,23.833332061767578,209700.0
1994-08-19T00:00:00.000000000,24.0,24.0,23.583332061767578,23.666667938232422,201000.0
1994-08-22T00:00:00.000000000,23.5,23.583332061767578,23.333332061767578,23.333332061767578,123150.0
1994-08-23T00:00:00.000000000,23.333332061767578,23.583332061767578,23.25,23.333332061767578,407550.0
1994-08-24T00:00:00.000000000,23.5,23.916667938232422,23.416667938232422,23.916667938232422,142200.0
1994-08-25T00:00:00.000000000,24.0,24.25,23.916667938232422,24.083332061767578,175200.0
1994-08-26T00:00:00.000000000,24.25,24.666667938232422,24.166667938232422,24.666667938232422,175650.0
1994-08-29T00:00:00.000000000,24.75,24.916667938232422,24.083332061767578,24.166667938232422,308700.0
1994-08-30T00:00:00.000000000,24.333332061767578,24.5,24.25,24.5,58950.0
1994-08-31T00:00:00.000000000,24.5,24.666667938232422,24.416667938232422,24.5,257700.0
1994-09-01T00:00:00.000000000,24.333332061767578,24.333332061767578,24.083332061767578,24.166667938232422,148200.0
1994-09-02T00:00:00.000000000,24.083332061767578,24.25,23.916667938232422,24.166667938232422,114900.0
1994-09-06T00:00:00.000000000,24.166667938232422,24.166667938232422,23.75,23.833332061767578,535950.0
1994-09-07T00:00:00.000000000,23.916667938232422,23.916667938232422,23.333332061767578,23.333332061767578,281400.0
1994-09-08T00:00:00.000000000,23.5,23.666667938232422,23.416667938232422,23.416667938232422,124200.0
1994-09-09T00:00:00.000000000,23.416667938232422,23.416667938232422,23.25,23.25,902700.0
1994-09-12T00:00:00.000000000,23.25,23.416667938232422,23.166667938232422,23.333332061767578,372900.0
1994-09-13T00:00:00.000000000,23.333332061767578,23.5,23.166667938232422,23.333332061767578,808500.0
1994-09-14T00:00:00.000000000,23.333332061767578,23.416667938232422,23.25,23.333332061767578,149250.0
1994-09-15T00:00:00.000000000,23.416667938232422,23.416667938232422,23.166667938232422,23.333332061767578,392550.0
1994-09-16T00:00:00.000000000,23.25,23.333332061767578,23.083332061767578,23.083332061767578,609300.0
1994-09-19T00:00:00.000000000,23.166667938232422,23.166667938232422,22.75,23.083332061767578,198300.0
1994-09-20T00:00:00.000000000,22.916667938232422,23.166667938232422,22.833332061767578,23.0,623700.0
1994-09-21T00:00:00.000000000,23.083332061767578,23.166667938232422,23.0,23.083332061767578,265950.0
1994-09-22T00:00:00.000000000,23.166667938232422,23.333332061767578,23.166667938232422,23.333332061767578,354600.0
1994-09-23T00:00:00.000000000,23.333332061767578,23.416667938232422,23.166667938232422,23.166667938232422,293250.0
1994-09-26T00:00:00.000000000,23.25,23.583332061767578,23.166667938232422,23.5,285600.0
1994-09-27T00:00:00.000000000,23.5,23.75,23.333332061767578,23.75,261750.0
1994-09-28T00:00:00.000000000,23.75,23.833332061767578,23.166667938232422,23.416667938232422,218100.0
1994-09-29T00:00:00.000000000,23.5,23.583332061767578,23.0,23.0,185850.0
1994-09-30T00:00:00.000000000,23.0,23.416667938232422,23.0,23.416667938232422,283350.0
1994-10-03T00:00:00.000000000,23.5,23.5,23.25,23.333332061767578,127500.0
1994-10-04T00:00:00.000000000,23.416667938232422,23.5,23.166667938232422,23.25,101250.0
1994-10-05T00:00:00.000000000,23.083332061767578,23.166667938232422,22.916667938232422,23.083332061767578,349050.0
1994-10-06T00:00:00.000000000,23.25,23.333332061767578,23.083332061767578,23.166667938232422,132600.0
1994-10-07T00:00:00.000000000,23.25,23.333332061767578,23.166667938232422,23.25,99750.0
1994-10-10T00:00:00.000000000,23.416667938232422,23.583332061767578,23.333332061767578,23.5,65550.0
1994-10-11T00:00:00.000000000,23.5,24.25,23.5,23.833332061767578,391800.0
1994-10-12T00:00:00.000000000,23.916667938232422,24.166667938232422,23.75,24.0,186900.0
1994-10-13T00:00:00.000000000,24.166667938232422,24.25,23.833332061767578,23.916667938232422,144750.0
1994-10-14T00:00:00.000000000,24.0,24.0,23.75,23.833332061767578,147450.0
1994-10-17T00:00:00.000000000,23.833332061767578,23.916667938232422,23.666667938232422,23.666667938232422,226350.0
1994-10-18T00:00:00.000000000,23.5,23.666667938232422,23.416667938232422,23.583332061767578,73500.0
1994-10-19T00:00:00.000000000,23.416667938232422,24.5,23.25,24.083332061767578,270900.0
1994-10-20T00:00:00.000000000,24.25,24.416667938232422,23.833332061767578,24.0,369300.0
1994-10-21T00:00:00.000000000,24.0,24.0,23.666667938232422,23.916667938232422,124950.0
1994-10-24T00:00:00.000000000,23.916667938232422,24.083332061767578,23.416667938232422,23.416667938232422,98850.0
1994-10-25T00:00:00.000000000,23.5,24.083332061767578,23.333332061767578,24.0,165600.0
1994-10-26T00:00:00.000000000,24.0,24.0,23.833332061767578,23.833332061767578,185850.0
1994-10-27T00:00:00.000000000,23.833332061767578,24.0,23.833332061767578,23.916667938232422,842700.0
1994-10-28T00:00:00.000000000,23.916667938232422,24.0,23.833332061767578,24.0,158100.0
1994-10-31T00:00:00.000000000,24.0,24.25,24.0,24.083332061767578,175200.0
1994-11-01T00:00:00.000000000,24.0,24.166667938232422,23.75,23.833332061767578,126450.0
1994-11-02T00:00:00.000000000,23.75,23.916667938232422,23.583332061767578,23.583332061767578,109950.0
1994-11-03T00:00:00.000000000,23.5,23.916667938232422,23.333332061767578,23.75,166500.0
1994-11-04T00:00:00.000000000,23.833332061767578,24.083332061767578,23.666667938232422,23.75,174000.0
1994-11-07T00:00:00.000000000,23.666667938232422,23.833332061767578,23.583332061767578,23.666667938232422,114900.0
1994-11-08T00:00:00.000000000,23.666667938232422,23.75,23.583332061767578,23.583332061767578,80700.0
1994-11-09T00:00:00.000000000,23.916667938232422,24.083332061767578,23.833332061767578,24.0,207750.0
1994-11-10T00:00:00.000000000,24.166667938232422,24.333332061767578,23.583332061767578,23.583332061767578,136500.0
1994-11-11T00:00:00.000000000,23.5,23.75,23.5,23.666667938232422,205200.0
1994-11-14T00:00:00.000000000,23.75,23.75,23.666667938232422,23.75,58500.0
1994-11-15T00:00:00.000000000,23.75,23.75,23.416667938232422,23.5,335250.0
1994-11-16T00:00:00.000000000,23.416667938232422,23.583332061767578,23.333332061767578,23.583332061767578,198000.0
1994-11-17T00:00:00.000000000,23.583332061767578,23.666667938232422,23.5,23.583332061767578,141600.0
1994-11-18T00:00:00.000000000,23.583332061767578,23.833332061767578,23.583332061767578,23.833332061767578,349050.0
1994-11-21T00:00:00.000000000,23.833332061767578,24.0,23.5,23.666667938232422,328650.0
1994-11-22T00:00:00.000000000,23.416667938232422,23.75,23.333332061767578,23.5,393600.0
1994-11-23T00:00:00.000000000,23.333332061767578,23.333332061767578,22.916667938232422,23.166667938232422,665550.0
1994-11-25T00:00:00.000000000,23.333332061767578,23.583332061767578,23.25,23.5,112950.0
1994-11-28T00:00:00.000000000,23.416667938232422,23.583332061767578,23.333332061767578,23.333332061767578,204000.0
1994-11-29T00:00:00.000000000,23.333332061767578,23.416667938232422,23.0,23.333332061767578,159000.0
1994-11-30T00:00:00.000000000,23.416667938232422,23.5,23.25,23.333332061767578,318600.0
1994-12-01T00:00:00.000000000,23.333332061767578,23.333332061767578,23.166667938232422,23.25,162900.0
1994-12-02T00:00:00.000000000,23.166667938232422,23.25,23.0,23.166667938232422,111150.0
1994-12-05T00:00:00.000000000,23.083332061767578,23.25,23.0,23.0,64200.0
1994-12-06T00:00:00.000000000,23.0,23.083332061767578,22.916667938232422,22.916667938232422,89100.0
1994-12-07T00:00:00.000000000,22.916667938232422,23.083332061767578,22.916667938232422,23.083332061767578,146850.0
1994-12-08T00:00:00.000000000,23.0,23.083332061767578,22.833332061767578,22.833332061767578,146250.0
1994-12-09T00:00:00.000000000,22.833332061767578,23.0,22.75,22.75,207600.0
1994-12-12T00:00:00.000000000,22.833332061767578,22.833332061767578,22.583332061767578,22.833332061767578,162300.0
1994-12-13T00:00:00.000000000,22.833332061767578,23.333332061767578,22.833332061767578,23.25,187650.0
1994-12-14T00:00:00.000000000,23.333332061767578,23.5,23.333332061767578,23.416667938232422,247800.0
1994-12-15T00:00:00.000000000,23.416667938232422,23.916667938232422,23.416667938232422,23.416667938232422,177000.0
1994-12-16T00:00:00.000000000,23.666667938232422,23.75,23.583332061767578,23.666667938232422,562350.0
1994-12-19T00:00:00.000000000,23.666667938232422,23.916667938232422,23.5,23.833332061767578,154800.0
1994-12-20T00:00:00.000000000,23.75,24.25,23.666667938232422,24.166667938232422,134400.0
1994-12-21T00:00:00.000000000,24.166667938232422,24.333332061767578,24.083332061767578,24.166667938232422,198150.0
1994-12-22T00:00:00.000000000,24.333332061767578,24.5,24.166667938232422,24.416667938232422,178200.0
1994-12-23T00:00:00.000000000,24.416667938232422,24.5,24.166667938232422,24.166667938232422,94200.0
1994-12-27T00:00:00.000000000,24.25,24.666667938232422,24.25,24.583332061767578,67050.0
1994-12-28T00:00:00.000000000,24.5,24.666667938232422,24.333332061767578,24.583332061767578,85050.0
1994-12-29T00:00:00.000000000,24.5,24.583332061767578,24.333332061767578,24.333332061767578,95250.0
1994-12-30T00:00:00.000000000,24.333332061767578,24.416667938232422,24.0,24.0,138150.0
1995-01-03T00:00:00.000000000,23.833332061767578,23.916667938232422,23.666667938232422,23.916667938232422,136050.0
1995-01-04T00:00:00.000000000,24.0,24.166667938232422,23.916667938232422,24.0,127800.0
1995-01-05T00:00:00.000000000,24.0,24.166667938232422,23.916667938232422,24.166667938232422,87750.0
1995-01-06T00:00:00.000000000,24.166667938232422,24.25,23.916667938232422,24.083332061767578,352650.0
1995-01-09T00:00:00.000000000,24.0,24.416667938232422,24.0,24.333332061767578,83700.0
1995-01-10T00:00:00.000000000,24.25,24.75,24.25,24.583332061767578,128700.0
1995-01-11T00:00:00.000000000,24.666667938232422,24.666667938232422,24.0,24.166667938232422,285450.0
1995-01-12T00:00:00.000000000,24.0,24.166667938232422,23.916667938232422,24.166667938232422,190650.0
1995-01-13T00:00:00.000000000,24.25,24.5,24.25,24.5,165450.0
1995-01-16T00:00:00.000000000,24.416667938232422,24.833332061767578,24.416667938232422,24.666667938232422,206550.0
1995-01-17T00:00:00.000000000,24.666667938232422,24.833332061767578,24.583332061767578,24.833332061767578,112650.0
1995-01-18T00:00:00.000000000,24.666667938232422,24.75,24.5,24.666667938232422,104700.0
1995-01-19T00:00:00.000000000,24.583332061767578,24.666667938232422,24.333332061767578,24.333332061767578,61800.0
1995-01-20T00:00:00.000000000,24.416667938232422,24.666667938232422,24.416667938232422,24.666667938232422,160500.0
1995-01-23T00:00:00.000000000,24.5,24.833332061767578,24.416667938232422,24.833332061767578,149700.0
1995-01-24T00:00:00.000000000,24.75,25.0,24.583332061767578,24.666667938232422,185100.0
1995-01-25T00:00:00.000000000,24.75,25.0,24.583332061767578,24.666667938232422,120000.0
1995-01-26T00:00:00.000000000,24.666667938232422,24.833332061767578,24.583332061767578,24.833332061767578,102900.0
1995-01-27T00:00:00.000000000,25.0,25.083332061767578,24.666667938232422,24.916667938232422,187800.0
1995-01-30T00:00:00.000000000,24.833332061767578,24.916667938232422,24.583332061767578,24.583332061767578,102900.0
1995-01-31T00:00:00.000000000,24.583332061767578,25.0,24.416667938232422,24.416667938232422,128400.0
1995-02-01T00:00:00.000000000,24.583332061767578,24.666667938232422,24.416667938232422,24.416667938232422,113850.0
1995-02-02T00:00:00.000000000,24.416667938232422,24.5,24.083332061767578,24.166667938232422,131850.0
1995-02-03T00:00:00.000000000,24.333332061767578,25.083332061767578,24.25,24.75,293400.0
1995-02-06T00:00:00.000000000,24.5,24.916667938232422,24.5,24.75,206550.0
1995-02-07T00:00:00.000000000,24.916667938232422,24.916667938232422,24.666667938232422,24.916667938232422,131250.0
1995-02-08T00:00:00.000000000,24.916667938232422,25.416667938232422,24.916667938232422,25.25,274350.0
1995-02-09T00:00:00.000000000,25.25,25.833332061767578,25.25,25.75,294000.0
1995-02-10T00:00:00.000000000,25.666667938232422,25.75,25.333332061767578,25.75,291300.0
1995-02-13T00:00:00.000000000,25.833332061767578,26.0,25.75,25.916667938232422,134850.0
1995-02-14T00:00:00.000000000,25.916667938232422,25.916667938232422,25.583332061767578,25.833332061767578,203400.0
1995-02-15T00:00:00.000000000,25.833332061767578,26.166667938232422,25.833332061767578,26.166667938232422,347100.0
1995-02-16T00:00:00.000000000,26.166667938232422,26.166667938232422,25.916667938232422,26.083332061767578,208800.0
1995-02-17T00:00:00.000000000,26.166667938232422,26.333332061767578,26.083332061767578,26.166667938232422,267450.0
1995-02-21T00:00:00.000000000,26.166667938232422,26.25,25.916667938232422,26.0,225900.0
1995-02-22T00:00:00.000000000,26.083332061767578,26.083332061767578,25.833332061767578,25.833332061767578,265500.0
1995-02-23T00:00:00.000000000,25.916667938232422,26.083332061767578,25.833332061767578,26.0,279900.0
1995-02-24T00:00:00.000000000,26.0,26.083332061767578,25.916667938232422,26.083332061767578,162900.0
1995-02-27T00:00:00.000000000,26.083332061767578,26.083332061767578,25.666667938232422,25.833332061767578,146700.0
1995-02-28T00:00:00.000000000,25.666667938232422,25.916667938232422,25.5,25.916667938232422,318300.0
1995-03-01T00:00:00.000000000,25.666667938232422,25.833332061767578,25.583332061767578,25.75,198600.0
1995-03-02T00:00:00.000000000,25.666667938232422,25.666667938232422,25.333332061767578,25.583332061767578,275250.0
1995-03-03T00:00:00.000000000,25.416667938232422,25.75,25.416667938232422,25.583332061767578,100200.0
1995-03-06T00:00:00.000000000,25.083332061767578,25.75,25.0,25.75,172800.0
1995-03-07T00:00:00.000000000,25.75,25.75,25.25,25.666667938232422,125100.0
1995-03-08T00:00:00.000000000,25.583332061767578,25.666667938232422,25.416667938232422,25.583332061767578,145050.0
1995-03-09T00:00:00.000000000,25.5,25.583332061767578,25.25,25.416667938232422,104100.0
1995-03-10T00:00:00.000000000,25.583332061767578,26.0,25.416667938232422,26.0,151350.0
1995-03-13T00:00:00.000000000,26.0,26.166667938232422,26.0,26.083332061767578,94500.0
1995-03-14T00:00:00.000000000,26.0,26.333332061767578,26.0,26.166667938232422,178650.0
1995-03-15T00:00:00.000000000,26.083332061767578,26.25,25.833332061767578,26.0,129000.0
1995-03-16T00:00:00.000000000,26.083332061767578,26.25,26.0,26.25,52050.0
1995-03-17T00:00:00.000000000,26.25,26.333332061767578,26.083332061767578,26.25,368550.0
1995-03-20T00:00:00.000000000,26.166667938232422,26.583332061767578,26.166667938232422,26.25,413250.0
1995-03-21T00:00:00.000000000,26.25,26.5,26.166667938232422,26.333332061767578,453750.0
1995-03-22T00:00:00.000000000,26.333332061767578,26.333332061767578,25.916667938232422,25.916667938232422,145200.0
1995-03-23T00:00:00.000000000,25.916667938232422,26.083332061767578,25.666667938232422,25.916667938232422,139950.0
1995-03-24T00:00:00.000000000,26.0,26.333332061767578,25.916667938232422,26.0,188100.0
1995-03-27T00:00:00.000000000,26.166667938232422,26.5,26.083332061767578,26.166667938232422,155550.0
1995-03-28T00:00:00.000000000,26.333332061767578,26.416667938232422,26.25,26.416667938232422,292350.0
1995-03-29T00:00:00.000000000,26.333332061767578,26.666667938232422,26.25,26.666667938232422,219600.0
1995-03-30T00:00:00.000000000,26.666667938232422,26.666667938232422,26.333332061767578,26.416667938232422,114300.0
1995-03-31T00:00:00.000000000,26.416667938232422,26.583332061767578,26.083332061767578,26.583332061767578,161400.0
1995-04-03T00:00:00.000000000,26.583332061767578,26.666667938232422,26.5,26.666667938232422,163650.0
1995-04-04T00:00:00.000000000,26.666667938232422,26.666667938232422,26.416667938232422,26.583332061767578,106950.0
1995-04-05T00:00:00.000000000,26.5,26.583332061767578,26.333332061767578,26.583332061767578,138750.0
1995-04-06T00:00:00.000000000,26.583332061767578,26.666667938232422,26.5,26.583332061767578,99150.0
1995-04-07T00:00:00.000000000,26.666667938232422,26.666667938232422,26.5,26.666667938232422,175350.0
1995-04-10T00:00:00.000000000,26.666667938232422,26.666667938232422,26.333332061767578,26.5,90000.0
1995-04-11T00:00:00.000000000,26.666667938232422,26.75,26.5,26.666667938232422,182250.0
1995-04-12T00:00:00.000000000,26.583332061767578,26.583332061767578,26.333332061767578,26.333332061767578,114750.0
1995-04-13T00:00:00.000000000,26.416667938232422,26.666667938232422,26.416667938232422,26.583332061767578,93450.0
1995-04-17T00:00:00.000000000,26.666667938232422,26.666667938232422,26.166667938232422,26.166667938232422,252750.0
1995-04-18T00:00:00.000000000,26.333332061767578,26.416667938232422,26.166667938232422,26.166667938232422,104850.0
1995-04-19T00:00:00.000000000,26.25,26.416667938232422,26.166667938232422,26.25,220950.0
1995-04-20T00:00:00.000000000,26.333332061767578,26.416667938232422,26.083332061767578,26.25,206100.0
1995-04-21T00:00:00.000000000,26.583332061767578,26.75,26.416667938232422,26.5,494850.0
1995-04-24T00:00:00.000000000,26.583332061767578,26.666667938232422,26.25,26.25,516150.0
1995-04-25T00:00:00.000000000,26.166667938232422,26.166667938232422,26.083332061767578,26.083332061767578,102900.0
1995-04-26T00:00:00.000000000,26.25,26.416667938232422,26.083332061767578,26.25,205350.0
1995-04-27T00:00:00.000000000,26.25,26.25,25.666667938232422,25.75,171150.0
1995-04-28T00:00:00.000000000,25.916667938232422,25.916667938232422,25.666667938232422,25.833332061767578,191550.0
1995-05-01T00:00:00.000000000,25.75,25.833332061767578,25.333332061767578,25.5,217500.0
1995-05-02T00:00:00.000000000,25.333332061767578,25.833332061767578,25.333332061767578,25.833332061767578,274050.0
1995-05-03T00:00:00.000000000,26.0,26.166667938232422,25.833332061767578,26.083332061767578,161700.0
1995-05-04T00:00:00.000000000,26.166667938232422,26.25,25.75,25.833332061767578,180000.0
1995-05-05T00:00:00.000000000,25.916667938232422,25.916667938232422,25.416667938232422,25.416667938232422,108750.0
1995-05-08T00:00:00.000000000,25.5,25.833332061767578,25.5,25.666667938232422,248400.0
1995-05-09T00:00:00.000000000,25.666667938232422,26.083332061767578,25.583332061767578,26.0,497400.0
1995-05-10T00:00:00.000000000,26.083332061767578,26.166667938232422,25.833332061767578,25.916667938232422,258900.0
1995-05-11T00:00:00.000000000,25.916667938232422,26.0,25.75,25.75,87150.0
1995-05-12T00:00:00.000000000,25.833332061767578,26.0,25.75,26.0,201450.0
1995-05-15T00:00:00.000000000,26.0,26.416667938232422,25.916667938232422,26.25,78300.0
1995-05-16T00:00:00.000000000,26.333332061767578,26.916667938232422,26.333332061767578,26.583332061767578,223350.0
1995-05-17T00:00:00.000000000,26.583332061767578,26.583332061767578,26.0,26.166667938232422,152400.0
1995-05-18T00:00:00.000000000,26.166667938232422,26.333332061767578,25.833332061767578,25.916667938232422,104400.0
1995-05-19T00:00:00.000000000,25.833332061767578,26.0,25.666667938232422,25.75,161400.0
1995-05-22T00:00:00.000000000,25.916667938232422,26.166667938232422,25.75,25.833332061767578,120450.0
1995-05-23T00:00:00.000000000,25.916667938232422,25.916667938232422,25.416667938232422,25.833332061767578,205200.0
1995-05-24T00:00:00.000000000,25.75,26.0,25.666667938232422,25.916667938232422,88650.0
1995-05-25T00:00:00.000000000,25.833332061767578,25.916667938232422,25.5,25.75,102450.0
1995-05-26T00:00:00.000000000,25.666667938232422,25.75,25.333332061767578,25.583332061767578,160650.0
1995-05-30T00:00:00.000000000,25.583332061767578,25.666667938232422,25.416667938232422,25.5,173850.0
1995-05-31T00:00:00.000000000,25.416667938232422,26.333332061767578,25.416667938232422,26.166667938232422,688650.0
1995-06-01T00:00:00.000000000,26.0,26.166667938232422,25.75,26.083332061767578,212250.0
1995-06-02T00:00:00.000000000,26.0,26.333332061767578,25.75,26.083332061767578,293250.0
1995-06-05T00:00:00.000000000,26.083332061767578,26.416667938232422,26.0,26.333332061767578,230100.0
1995-06-06T00:00:00.000000000,26.25,26.5,26.166667938232422,26.333332061767578,404850.0
1995-06-07T00:00:00.000000000,26.166667938232422,26.25,25.916667938232422,26.0,114000.0
1995-06-08T00:00:00.000000000,26.166667938232422,26.25,26.0,26.083332061767578,605250.0
1995-06-09T00:00:00.000000000,26.0,26.083332061767578,25.833332061767578,25.833332061767578,61350.0
1995-06-12T00:00:00.000000000,25.916667938232422,26.166667938232422,25.75,26.166667938232422,203100.0
1995-06-13T00:00:00.000000000,26.166667938232422,26.25,26.0,26.166667938232422,103050.0
1995-06-14T00:00:00.000000000,26.166667938232422,26.333332061767578,25.916667938232422,26.25,84300.0
1995-06-15T00:00:00.000000000,26.166667938232422,26.333332061767578,25.916667938232422,26.333332061767578,180000.0
1995-06-16T00:00:00.000000000,26.25,26.333332061767578,26.083332061767578,26.333332061767578,526350.0
1995-06-19T00:00:00.000000000,26.416667938232422,26.416667938232422,26.166667938232422,26.416667938232422,127200.0
1995-06-20T00:00:00.000000000,26.333332061767578,26.333332061767578,25.916667938232422,26.166667938232422,115350.0
1995-06-21T00:00:00.000000000,26.166667938232422,26.166667938232422,25.916667938232422,25.916667938232422,141300.0
1995-06-22T00:00:00.000000000,25.916667938232422,25.916667938232422,25.583332061767578,25.833332061767578,438900.0
1995-06-23T00:00:00.000000000,25.666667938232422,25.833332061767578,25.583332061767578,25.833332061767578,317700.0
1995-06-26T00:00:00.000000000,25.666667938232422,25.916667938232422,25.5,25.5,107250.0
1995-06-27T00:00:00.000000000,25.75,25.916667938232422,25.666667938232422,25.75,335100.0
1995-06-28T00:00:00.000000000,25.833332061767578,26.0,25.5,25.583332061767578,226650.0
1995-06-29T00:00:00.000000000,25.583332061767578,25.583332061767578,25.0,25.166667938232422,290100.0
1995-06-30T00:00:00.000000000,25.333332061767578,25.416667938232422,25.166667938232422,25.25,386100.0
1995-07-03T00:00:00.000000000,25.25,25.333332061767578,25.166667938232422,25.25,189450.0
1995-07-05T00:00:00.000000000,25.333332061767578,25.333332061767578,24.75,25.0,869700.0
1995-07-06T00:00:00.000000000,25.166667938232422,25.333332061767578,25.083332061767578,25.25,953100.0
1995-07-07T00:00:00.000000000,25.25,25.333332061767578,25.0,25.083332061767578,761400.0
1995-07-10T00:00:00.000000000,25.083332061767578,25.333332061767578,25.083332061767578,25.166667938232422,628200.0
1995-07-11T00:00:00.000000000,25.166667938232422,25.166667938232422,24.916667938232422,25.083332061767578,1361850.0
1995-07-12T00:00:00.000000000,25.25,25.25,24.75,24.916667938232422,385350.0
1995-07-13T00:00:00.000000000,25.0,25.0,24.666667938232422,24.666667938232422,605250.0
1995-07-14T00:00:00.000000000,24.75,24.833332061767578,24.166667938232422,24.583332061767578,712800.0
1995-07-17T00:00:00.000000000,24.583332061767578,24.583332061767578,23.833332061767578,24.333332061767578,342600.0
1995-07-18T00:00:00.000000000,24.333332061767578,24.666667938232422,24.333332061767578,24.666667938232422,320700.0
1995-07-19T00:00:00.000000000,24.583332061767578,24.666667938232422,24.5,24.666667938232422,467850.0
1995-07-20T00:00:00.000000000,24.583332061767578,24.916667938232422,24.583332061767578,24.75,433500.0
1995-07-21T00:00:00.000000000,24.833332061767578,25.0,24.75,24.833332061767578,423750.0
1995-07-24T00:00:00.000000000,24.916667938232422,25.166667938232422,24.833332061767578,25.083332061767578,355350.0
1995-07-25T00:00:00.000000000,25.0,25.333332061767578,25.0,25.25,202200.0
1995-07-26T00:00:00.000000000,25.166667938232422,25.5,24.916667938232422,25.0,355500.0
1995-07-27T00:00:00.000000000,25.083332061767578,25.083332061767578,24.833332061767578,25.0,511050.0
1995-07-28T00:00:00.000000000,25.0,25.333332061767578,25.0,25.25,517350.0
1995-07-31T00:00:00.000000000,25.083332061767578,25.25,25.083332061767578,25.166667938232422,86700.0
1995-08-01T00:00:00.000000000,25.166667938232422,25.25,25.083332061767578,25.25,479400.0
1995-08-02T00:00:00.000000000,25.25,25.583332061767578,25.25,25.5,517800.0
1995-08-03T00:00:00.000000000,25.333332061767578,25.416667938232422,25.083332061767578,25.25,252450.0
1995-08-04T00:00:00.000000000,25.25,25.333332061767578,25.25,25.333332061767578,172200.0
1995-08-07T00:00:00.000000000,25.5,25.666667938232422,25.333332061767578,25.416667938232422,436050.0
1995-08-08T00:00:00.000000000,25.416667938232422,25.583332061767578,25.166667938232422,25.25,202200.0
1995-08-09T00:00:00.000000000,25.333332061767578,25.333332061767578,25.166667938232422,25.166667938232422,235200.0
1995-08-10T00:00:00.000000000,25.333332061767578,25.5,25.25,25.25,161850.0
1995-08-11T00:00:00.000000000,25.25,25.333332061767578,25.166667938232422,25.166667938232422,118800.0
1995-08-14T00:00:00.000000000,25.166667938232422,25.5,25.166667938232422,25.5,97050.0
1995-08-15T00:00:00.000000000,25.416667938232422,25.5,25.25,25.5,218850.0
1995-08-16T00:00:00.000000000,25.5,25.5,25.083332061767578,25.25,1264050.0
1995-08-17T00:00:00.000000000,25.25,25.25,25.166667938232422,25.166667938232422,827850.0
1995-08-18T00:00:00.000000000,25.25,25.333332061767578,25.166667938232422,25.333332061767578,550050.0
1995-08-21T00:00:00.000000000,25.416667938232422,25.5,25.25,25.25,446700.0
1995-08-22T00:00:00.000000000,25.25,25.5,25.25,25.416667938232422,1046700.0
1995-08-23T00:00:00.000000000,25.416667938232422,25.666667938232422,25.166667938232422,25.666667938232422,1296450.0
1995-08-24T00:00:00.000000000,25.75,26.166667938232422,25.666667938232422,25.833332061767578,232950.0
1995-08-25T00:00:00.000000000,25.833332061767578,26.416667938232422,25.833332061767578,26.416667938232422,304500.0
1995-08-28T00:00:00.000000000,26.416667938232422,26.416667938232422,26.0,26.083332061767578,280800.0
1995-08-29T00:00:00.000000000,26.083332061767578,26.25,25.916667938232422,26.25,216600.0
1995-08-30T00:00:00.000000000,26.083332061767578,26.166667938232422,26.0,26.083332061767578,222600.0
1995-08-31T00:00:00.000000000,26.166667938232422,26.333332061767578,26.166667938232422,26.25,140100.0
1995-09-01T00:00:00.000000000,26.25,26.416667938232422,26.25,26.416667938232422,66150.0
1995-09-05T00:00:00.000000000,26.416667938232422,26.75,26.416667938232422,26.666667938232422,97800.0
1995-09-06T00:00:00.000000000,26.583332061767578,26.583332061767578,26.333332061767578,26.583332061767578,202650.0
1995-09-07T00:00:00.000000000,26.416667938232422,26.416667938232422,26.25,26.333332061767578,242700.0
1995-09-08T00:00:00.000000000,26.416667938232422,26.416667938232422,26.25,26.333332061767578,115050.0
1995-09-11T00:00:00.000000000,26.25,26.333332061767578,26.083332061767578,26.166667938232422,229500.0
1995-09-12T00:00:00.000000000,26.166667938232422,26.666667938232422,26.083332061767578,26.666667938232422,152700.0
1995-09-13T00:00:00.000000000,26.5,26.583332061767578,26.25,26.25,148350.0
1995-09-14T00:00:00.000000000,26.333332061767578,26.583332061767578,26.25,26.583332061767578,145350.0
1995-09-15T00:00:00.000000000,26.666667938232422,26.666667938232422,26.083332061767578,26.083332061767578,397500.0
1995-09-18T00:00:00.000000000,26.0,26.5,25.916667938232422,26.5,983100.0
1995-09-19T00:00:00.000000000,26.5,26.5,26.25,26.416667938232422,181350.0
1995-09-20T00:00:00.000000000,26.333332061767578,27.166667938232422,26.333332061767578,27.083332061767578,333750.0
1995-09-21T00:00:00.000000000,27.083332061767578,27.25,26.75,27.0,244500.0
1995-09-22T00:00:00.000000000,26.833332061767578,26.916667938232422,26.583332061767578,26.583332061767578,133800.0
1995-09-25T00:00:00.000000000,26.666667938232422,26.833332061767578,26.416667938232422,26.5,88500.0
1995-09-26T00:00:00.000000000,26.416667938232422,26.833332061767578,26.416667938232422,26.583332061767578,239100.0
1995-09-27T00:00:00.000000000,26.5,26.75,26.416667938232422,26.666667938232422,239400.0
1995-09-28T00:00:00.000000000,26.583332061767578,26.75,26.583332061767578,26.75,50700.0
1995-09-29T00:00:00.000000000,26.666667938232422,26.833332061767578,26.583332061767578,26.75,212100.0
1995-10-02T00:00:00.000000000,26.833332061767578,27.0,26.666667938232422,27.0,214500.0
1995-10-03T00:00:00.000000000,26.916667938232422,27.0,26.666667938232422,26.833332061767578,181350.0
1995-10-04T00:00:00.000000000,26.75,26.833332061767578,26.25,26.333332061767578,160200.0
1995-10-05T00:00:00.000000000,26.166667938232422,26.5,26.0,26.5,189150.0
1995-10-06T00:00:00.000000000,26.5,26.833332061767578,26.416667938232422,26.75,73200.0
1995-10-09T00:00:00.000000000,26.5,26.666667938232422,26.416667938232422,26.5,121650.0
1995-10-10T00:00:00.000000000,26.5,26.75,26.416667938232422,26.583332061767578,297750.0
1995-10-11T00:00:00.000000000,26.583332061767578,26.666667938232422,26.5,26.5,183900.0
1995-10-12T00:00:00.000000000,26.583332061767578,26.583332061767578,26.333332061767578,26.416667938232422,93000.0
1995-10-13T00:00:00.000000000,26.416667938232422,26.583332061767578,26.333332061767578,26.333332061767578,264450.0
1995-10-16T00:00:00.000000000,26.333332061767578,26.5,26.333332061767578,26.416667938232422,1492350.0
1995-10-17T00:00:00.000000000,26.416667938232422,26.75,26.333332061767578,26.666667938232422,258300.0
1995-10-18T00:00:00.000000000,26.583332061767578,26.666667938232422,26.416667938232422,26.5,169950.0
1995-10-19T00:00:00.000000000,26.5,26.666667938232422,26.416667938232422,26.666667938232422,806850.0
1995-10-20T00:00:00.000000000,26.5,26.666667938232422,26.5,26.583332061767578,163650.0
1995-10-23T00:00:00.000000000,26.5,26.583332061767578,26.333332061767578,26.5,152850.0
1995-10-24T00:00:00.000000000,26.583332061767578,26.666667938232422,26.5,26.666667938232422,109200.0
1995-10-25T00:00:00.000000000,26.666667938232422,26.666667938232422,26.25,26.5,232500.0
1995-10-26T00:00:00.000000000,26.333332061767578,26.416667938232422,26.25,26.333332061767578,221100.0
1995-10-27T00:00:00.000000000,26.25,26.333332061767578,26.083332061767578,26.25,129900.0
1995-10-30T00:00:00.000000000,26.25,26.583332061767578,26.25,26.583332061767578,135000.0
1995-10-31T00:00:00.000000000,26.5,26.583332061767578,26.333332061767578,26.416667938232422,172800.0
1995-11-01T00:00:00.000000000,26.416667938232422,26.583332061767578,26.166667938232422,26.25,355350.0
1995-11-02T00:00:00.000000000,26.333332061767578,26.5,26.25,26.333332061767578,564150.0
1995-11-03T00:00:00.000000000,26.5,26.583332061767578,26.416667938232422,26.5,602100.0
1995-11-06T00:00:00.000000000,26.416667938232422,26.666667938232422,26.333332061767578,26.416667938232422,252600.0
1995-11-07T00:00:00.000000000,26.416667938232422,26.5,26.25,26.333332061767578,227550.0
1995-11-08T00:00:00.000000000,26.416667938232422,26.416667938232422,26.166667938232422,26.25,249000.0
1995-11-09T00:00:00.000000000,26.333332061767578,26.333332061767578,25.916667938232422,26.083332061767578,167700.0
1995-11-10T00:00:00.000000000,26.0,26.25,26.0,26.25,717450.0
1995-11-13T00:00:00.000000000,26.333332061767578,26.333332061767578,26.0,26.083332061767578,178500.0
1995-11-14T00:00:00.000000000,25.916667938232422,26.333332061767578,25.916667938232422,26.25,291000.0
1995-11-15T00:00:00.000000000,26.166667938232422,26.416667938232422,26.083332061767578,26.416667938232422,84900.0
1995-11-16T00:00:00.000000000,26.333332061767578,26.333332061767578,26.083332061767578,26.333332061767578,219000.0
1995-11-17T00:00:00.000000000,26.333332061767578,26.333332061767578,26.083332061767578,26.25,214200.0
1995-11-20T00:00:00.000000000,26.333332061767578,26.333332061767578,26.166667938232422,26.333332061767578,130950.0
1995-11-21T00:00:00.000000000,26.25,26.416667938232422,26.25,26.416667938232422,146100.0
1995-11-22T00:00:00.000000000,26.416667938232422,26.416667938232422,26.166667938232422,26.166667938232422,93900.0
1995-11-24T00:00:00.000000000,26.25,26.5,26.166667938232422,26.333332061767578,94650.0
1995-11-27T00:00:00.000000000,26.333332061767578,26.5,26.25,26.333332061767578,178800.0
1995-11-28T00:00:00.000000000,26.166667938232422,26.5,26.0,26.333332061767578,394050.0
1995-11-29T00:00:00.000000000,26.416667938232422,26.666667938232422,26.25,26.583332061767578,319800.0
1995-11-30T00:00:00.000000000,26.583332061767578,27.166667938232422,26.583332061767578,27.0,284850.0
1995-12-01T00:00:00.000000000,27.083332061767578,27.333332061767578,27.0,27.0,321300.0
1995-12-04T00:00:00.000000000,27.25,27.416667938232422,27.0,27.0,283500.0
1995-12-05T00:00:00.000000000,26.833332061767578,27.583332061767578,26.75,27.583332061767578,388200.0
1995-12-06T00:00:00.000000000,27.25,27.333332061767578,26.916667938232422,27.0,166800.0
1995-12-07T00:00:00.000000000,26.916667938232422,27.25,26.833332061767578,27.166667938232422,172350.0
1995-12-08T00:00:00.000000000,27.25,27.583332061767578,27.166667938232422,27.25,144750.0
1995-12-11T00:00:00.000000000,27.333332061767578,27.833332061767578,27.333332061767578,27.583332061767578,367950.0
1995-12-12T00:00:00.000000000,27.583332061767578,28.0,27.416667938232422,28.0,162600.0
1995-12-13T00:00:00.000000000,27.916667938232422,28.0,27.666667938232422,27.75,138900.0
1995-12-14T00:00:00.000000000,27.833332061767578,28.0,27.75,27.916667938232422,145350.0
1995-12-15T00:00:00.000000000,27.916667938232422,27.916667938232422,27.416667938232422,27.833332061767578,507150.0
1995-12-18T00:00:00.000000000,27.833332061767578,27.833332061767578,26.916667938232422,27.0,227700.0
1995-12-19T00:00:00.000000000,27.0,27.666667938232422,26.833332061767578,27.583332061767578,268800.0
1995-12-20T00:00:00.000000000,27.333332061767578,27.5,26.5,26.583332061767578,305700.0
1995-12-21T00:00:00.000000000,26.833332061767578,27.5,26.833332061767578,27.5,216000.0
1995-12-22T00:00:00.000000000,27.5,27.666667938232422,27.166667938232422,27.25,129300.0
1995-12-26T00:00:00.000000000,27.333332061767578,27.5,27.083332061767578,27.333332061767578,97500.0
1995-12-27T00:00:00.000000000,27.083332061767578,27.25,26.75,26.916667938232422,110100.0
1995-12-28T00:00:00.000000000,26.833332061767578,27.416667938232422,26.75,27.083332061767578,183300.0
1995-12-29T00:00:00.000000000,27.166667938232422,27.333332061767578,27.0,27.333332061767578,257700.0
1996-01-02T00:00:00.000000000,27.333332061767578,27.833332061767578,27.166667938232422,27.583332061767578,298500.0
1996-01-03T00:00:00.000000000,27.583332061767578,27.916667938232422,27.5,27.5,262050.0
1996-01-04T00:00:00.000000000,27.416667938232422,27.583332061767578,27.083332061767578,27.25,211650.0
1996-01-05T00:00:00.000000000,27.25,27.333332061767578,27.083332061767578,27.083332061767578,131700.0
1996-01-08T00:00:00.000000000,27.0,27.333332061767578,27.0,27.25,50700.0
1996-01-09T00:00:00.000000000,27.166667938232422,27.25,26.833332061767578,27.0,179550.0
1996-01-10T00:00:00.000000000,26.833332061767578,26.916667938232422,26.666667938232422,26.833332061767578,153300.0
1996-01-11T00:00:00.000000000,26.916667938232422,27.0,26.833332061767578,27.0,327300.0
1996-01-12T00:00:00.000000000,27.0,27.25,26.916667938232422,27.166667938232422,171300.0
1996-01-15T00:00:00.000000000,27.166667938232422,27.416667938232422,27.083332061767578,27.166667938232422,314400.0
1996-01-16T00:00:00.000000000,27.166667938232422,27.5,27.083332061767578,27.416667938232422,306000.0
1996-01-17T00:00:00.000000000,27.416667938232422,27.75,27.25,27.583332061767578,229200.0
1996-01-18T00:00:00.000000000,27.583332061767578,27.666667938232422,27.416667938232422,27.416667938232422,415800.0
1996-01-19T00:00:00.000000000,27.0,27.416667938232422,27.0,27.416667938232422,365400.0
1996-01-22T00:00:00.000000000,27.416667938232422,28.0,27.25,28.0,374400.0
1996-01-23T00:00:00.000000000,28.0,28.0,27.666667938232422,28.0,185100.0
1996-01-24T00:00:00.000000000,28.25,28.583332061767578,28.083332061767578,28.5,279450.0
1996-01-25T00:00:00.000000000,28.416667938232422,28.666667938232422,28.083332061767578,28.666667938232422,176250.0
1996-01-26T00:00:00.000000000,28.5,28.5,28.166667938232422,28.416667938232422,142650.0
1996-01-29T00:00:00.000000000,28.666667938232422,28.75,28.166667938232422,28.5,336900.0
1996-01-30T00:00:00.000000000,28.666667938232422,29.0,28.166667938232422,29.0,646650.0
1996-01-31T00:00:00.000000000,28.833332061767578,29.666667938232422,28.75,29.666667938232422,480450.0
1996-02-01T00:00:00.000000000,29.583332061767578,29.583332061767578,29.0,29.416667938232422,155100.0
1996-02-02T00:00:00.000000000,29.25,29.583332061767578,29.166667938232422,29.166667938232422,203850.0
1996-02-05T00:00:00.000000000,29.083332061767578,29.583332061767578,29.083332061767578,29.583332061767578,346500.0
1996-02-06T00:00:00.000000000,29.5,29.583332061767578,29.25,29.333332061767578,124650.0
1996-02-07T00:00:00.000000000,29.25,29.5,29.25,29.333332061767578,149100.0
1996-02-08T00:00:00.000000000,29.166667938232422,30.0,29.166667938232422,29.916667938232422,372600.0
1996-02-09T00:00:00.000000000,29.916667938232422,30.166667938232422,29.666667938232422,29.75,305850.0
1996-02-12T00:00:00.000000000,29.916667938232422,30.666667938232422,29.916667938232422,30.416667938232422,251700.0
1996-02-13T00:00:00.000000000,30.333332061767578,30.416667938232422,29.666667938232422,29.833332061767578,267600.0
1996-02-14T00:00:00.000000000,29.833332061767578,30.083332061767578,29.75,30.0,148500.0
1996-02-15T00:00:00.000000000,29.75,29.833332061767578,29.666667938232422,29.75,115500.0
1996-02-16T00:00:00.000000000,29.75,29.75,29.333332061767578,29.583332061767578,560700.0
1996-02-20T00:00:00.000000000,29.416667938232422,29.5,29.083332061767578,29.333332061767578,192000.0
1996-02-21T00:00:00.000000000,29.416667938232422,29.5,29.333332061767578,29.333332061767578,427200.0
1996-02-22T00:00:00.000000000,29.5,30.0,29.416667938232422,30.0,201750.0
1996-02-23T00:00:00.000000000,30.166667938232422,30.166667938232422,29.166667938232422,29.583332061767578,340800.0
1996-02-26T00:00:00.000000000,29.333332061767578,29.416667938232422,29.083332061767578,29.166667938232422,332550.0
1996-02-27T00:00:00.000000000,29.0,29.166667938232422,28.5,29.166667938232422,241200.0
1996-02-28T00:00:00.000000000,29.166667938232422,29.416667938232422,28.5,28.5,295050.0
1996-02-29T00:00:00.000000000,28.333332061767578,28.916667938232422,28.25,28.5,516150.0
1996-03-01T00:00:00.000000000,28.75,28.75,28.083332061767578,28.583332061767578,221700.0
1996-03-04T00:00:00.000000000,28.583332061767578,29.083332061767578,28.5,28.75,210000.0
1996-03-05T00:00:00.000000000,28.666667938232422,29.083332061767578,28.5,29.083332061767578,323700.0
1996-03-06T00:00:00.000000000,28.666667938232422,28.75,28.25,28.5,259950.0
1996-03-07T00:00:00.000000000,28.333332061767578,28.416667938232422,28.166667938232422,28.333332061767578,114750.0
1996-03-08T00:00:00.000000000,28.083332061767578,28.083332061767578,27.666667938232422,27.833332061767578,233550.0
1996-03-11T00:00:00.000000000,27.666667938232422,28.333332061767578,27.666667938232422,28.25,313950.0
1996-03-12T00:00:00.000000000,28.333332061767578,28.583332061767578,28.166667938232422,28.583332061767578,424950.0
1996-03-13T00:00:00.000000000,28.416667938232422,28.666667938232422,28.333332061767578,28.5,173850.0
1996-03-14T00:00:00.000000000,28.583332061767578,29.333332061767578,28.416667938232422,29.166667938232422,252150.0
1996-03-15T00:00:00.000000000,29.25,29.666667938232422,29.083332061767578,29.583332061767578,757200.0
1996-03-18T00:00:00.000000000,29.666667938232422,30.083332061767578,29.5,30.0,349350.0
1996-03-19T00:00:00.000000000,30.166667938232422,30.75,30.166667938232422,30.75,504000.0
1996-03-20T00:00:00.000000000,30.666667938232422,31.0,30.25,30.25,481650.0
1996-03-21T00:00:00.000000000,30.166667938232422,30.333332061767578,29.666667938232422,29.916667938232422,234300.0
1996-03-22T00:00:00.000000000,30.083332061767578,30.75,29.916667938232422,29.916667938232422,277650.0
1996-03-25T00:00:00.000000000,30.0,30.166667938232422,29.5,30.0,695550.0
1996-03-26T00:00:00.000000000,29.833332061767578,30.166667938232422,29.833332061767578,30.0,465450.0
1996-03-27T00:00:00.000000000,30.083332061767578,30.083332061767578,29.5,29.583332061767578,245250.0
1996-03-28T00:00:00.000000000,29.416667938232422,29.833332061767578,29.166667938232422,29.833332061767578,437400.0
1996-03-29T00:00:00.000000000,29.916667938232422,30.166667938232422,29.75,30.0,302550.0
1996-04-01T00:00:00.000000000,30.083332061767578,30.166667938232422,29.75,29.916667938232422,257550.0
1996-04-02T00:00:00.000000000,30.166667938232422,30.166667938232422,29.916667938232422,30.0,330450.0
1996-04-03T00:00:00.000000000,29.833332061767578,30.0,29.666667938232422,29.916667938232422,187200.0
1996-04-04T00:00:00.000000000,29.916667938232422,30.416667938232422,29.833332061767578,30.333332061767578,336450.0
1996-04-08T00:00:00.000000000,30.333332061767578,30.333332061767578,29.666667938232422,29.916667938232422,369900.0
1996-04-09T00:00:00.000000000,29.75,29.75,29.416667938232422,29.583332061767578,319500.0
1996-04-10T00:00:00.000000000,29.5,29.75,29.25,29.583332061767578,362400.0
1996-04-11T00:00:00.000000000,29.5,29.666667938232422,28.75,29.5,250200.0
1996-04-12T00:00:00.000000000,29.416667938232422,29.916667938232422,29.25,29.833332061767578,164100.0
1996-04-15T00:00:00.000000000,29.75,29.833332061767578,29.333332061767578,29.5,145650.0
1996-04-16T00:00:00.000000000,29.75,29.75,29.416667938232422,29.666667938232422,125850.0
1996-04-17T00:00:00.000000000,29.666667938232422,30.0,29.666667938232422,30.0,193350.0
1996-04-18T00:00:00.000000000,30.083332061767578,30.083332061767578,29.333332061767578,29.333332061767578,150450.0
1996-04-19T00:00:00.000000000,29.416667938232422,29.916667938232422,29.333332061767578,29.75,192300.0
1996-04-22T00:00:00.000000000,29.75,30.0,29.416667938232422,29.5,143550.0
1996-04-23T00:00:00.000000000,29.75,29.75,29.416667938232422,29.5,115650.0
1996-04-24T00:00:00.000000000,29.583332061767578,29.583332061767578,29.416667938232422,29.5,166050.0
1996-04-25T00:00:00.000000000,29.416667938232422,29.583332061767578,29.333332061767578,29.5,623100.0
1996-04-26T00:00:00.000000000,29.583332061767578,29.666667938232422,29.333332061767578,29.5,501600.0
1996-04-29T00:00:00.000000000,29.416667938232422,29.583332061767578,29.416667938232422,29.5,77100.0
1996-04-30T00:00:00.000000000,29.416667938232422,29.5,29.25,29.5,143400.0
1996-05-01T00:00:00.000000000,29.416667938232422,29.75,29.333332061767578,29.333332061767578,206100.0
1996-05-02T00:00:00.000000000,29.333332061767578,29.5,29.0,29.083332061767578,191850.0
1996-05-03T00:00:00.000000000,29.0,29.416667938232422,28.666667938232422,28.75,292800.0
1996-05-06T00:00:00.000000000,28.916667938232422,29.25,28.5,29.083332061767578,1066350.0
1996-05-07T00:00:00.000000000,29.25,29.25,28.583332061767578,28.583332061767578,232200.0
1996-05-08T00:00:00.000000000,28.583332061767578,29.333332061767578,28.416667938232422,29.333332061767578,621600.0
1996-05-09T00:00:00.000000000,29.166667938232422,29.25,29.0,29.25,207600.0
1996-05-10T00:00:00.000000000,29.25,29.333332061767578,29.166667938232422,29.25,112050.0
1996-05-13T00:00:00.000000000,29.166667938232422,29.333332061767578,29.083332061767578,29.333332061767578,222150.0
1996-05-14T00:00:00.000000000,29.416667938232422,30.166667938232422,29.083332061767578,29.916667938232422,429750.0
1996-05-15T00:00:00.000000000,29.833332061767578,30.25,29.833332061767578,30.083332061767578,439350.0
1996-05-16T00:00:00.000000000,30.0,30.083332061767578,29.833332061767578,30.083332061767578,142350.0
1996-05-17T00:00:00.000000000,30.083332061767578,30.166667938232422,29.916667938232422,30.083332061767578,348000.0
1996-05-20T00:00:00.000000000,30.166667938232422,30.25,29.75,30.166667938232422,88800.0
1996-05-21T00:00:00.000000000,30.166667938232422,30.416667938232422,30.0,30.083332061767578,225300.0
1996-05-22T00:00:00.000000000,30.25,30.416667938232422,30.166667938232422,30.25,195300.0
1996-05-23T00:00:00.000000000,30.333332061767578,30.333332061767578,30.166667938232422,30.166667938232422,199350.0
1996-05-24T00:00:00.000000000,30.25,30.5,30.166667938232422,30.333332061767578,138000.0
1996-05-28T00:00:00.000000000,30.333332061767578,30.416667938232422,29.916667938232422,30.083332061767578,158250.0
1996-05-29T00:00:00.000000000,30.0,30.25,29.916667938232422,29.916667938232422,155100.0
1996-05-30T00:00:00.000000000,29.916667938232422,30.583332061767578,29.916667938232422,30.25,202350.0
1996-05-31T00:00:00.000000000,30.666667938232422,30.666667938232422,30.166667938232422,30.333332061767578,396300.0
1996-06-03T00:00:00.000000000,30.25,30.833332061767578,30.25,30.583332061767578,204900.0
1996-06-04T00:00:00.000000000,30.583332061767578,30.583332061767578,30.333332061767578,30.333332061767578,203550.0
1996-06-05T00:00:00.000000000,30.25,30.75,30.083332061767578,30.666667938232422,197700.0
1996-06-06T00:00:00.000000000,30.916667938232422,30.916667938232422,30.416667938232422,30.416667938232422,129600.0
1996-06-07T00:00:00.000000000,30.25,30.666667938232422,30.0,30.666667938232422,277050.0
1996-06-10T00:00:00.000000000,30.583332061767578,30.583332061767578,30.166667938232422,30.333332061767578,80100.0
1996-06-11T00:00:00.000000000,30.583332061767578,31.083332061767578,30.5,30.5,201150.0
1996-06-12T00:00:00.000000000,30.416667938232422,30.583332061767578,30.25,30.5,101100.0
1996-06-13T00:00:00.000000000,30.416667938232422,30.833332061767578,30.333332061767578,30.75,212100.0
1996-06-14T00:00:00.000000000,30.666667938232422,30.666667938232422,30.583332061767578,30.666667938232422,169200.0
1996-06-17T00:00:00.000000000,30.583332061767578,31.0,30.583332061767578,30.833332061767578,256500.0
1996-06-18T00:00:00.000000000,31.0,31.0,30.75,30.75,174600.0
1996-06-19T00:00:00.000000000,30.833332061767578,31.25,30.666667938232422,30.75,148050.0
1996-06-20T00:00:00.000000000,30.916667938232422,31.0,30.75,30.916667938232422,309000.0
1996-06-21T00:00:00.000000000,31.0,31.083332061767578,30.583332061767578,30.75,400350.0
1996-06-24T00:00:00.000000000,30.5,30.666667938232422,30.333332061767578,30.416667938232422,213600.0
1996-06-25T00:00:00.000000000,30.416667938232422,31.083332061767578,30.416667938232422,31.083332061767578,246150.0
1996-06-26T00:00:00.000000000,31.083332061767578,31.166667938232422,30.5,30.5,165300.0
1996-06-27T00:00:00.000000000,30.5,30.916667938232422,30.416667938232422,30.916667938232422,147000.0
1996-06-28T00:00:00.000000000,31.083332061767578,31.083332061767578,30.5,30.5,221550.0
1996-07-01T00:00:00.000000000,30.666667938232422,30.666667938232422,30.5,30.5,185100.0
1996-07-02T00:00:00.000000000,30.5,30.916667938232422,30.416667938232422,30.916667938232422,404700.0
1996-07-03T00:00:00.000000000,30.916667938232422,30.916667938232422,30.583332061767578,30.833332061767578,155550.0
1996-07-05T00:00:00.000000000,30.583332061767578,30.666667938232422,30.166667938232422,30.25,75450.0
1996-07-08T00:00:00.000000000,30.083332061767578,30.416667938232422,29.916667938232422,30.166667938232422,122700.0
1996-07-09T00:00:00.000000000,30.083332061767578,30.25,30.0,30.25,132000.0
1996-07-10T00:00:00.000000000,30.083332061767578,30.416667938232422,30.0,30.333332061767578,272100.0
1996-07-11T00:00:00.000000000,30.416667938232422,30.416667938232422,29.5,29.916667938232422,143850.0
1996-07-12T00:00:00.000000000,29.75,29.75,29.416667938232422,29.75,182400.0
1996-07-15T00:00:00.000000000,29.666667938232422,29.666667938232422,28.75,28.916667938232422,220650.0
1996-07-16T00:00:00.000000000,28.916667938232422,28.916667938232422,27.666667938232422,28.583332061767578,690900.0
1996-07-17T00:00:00.000000000,28.75,28.75,28.0,28.083332061767578,597150.0
1996-07-18T00:00:00.000000000,28.083332061767578,28.5,28.083332061767578,28.416667938232422,358050.0
1996-07-19T00:00:00.000000000,28.333332061767578,28.416667938232422,28.0,28.416667938232422,492750.0
1996-07-22T00:00:00.000000000,28.333332061767578,28.416667938232422,28.0,28.333332061767578,411900.0
1996-07-23T00:00:00.000000000,28.416667938232422,28.666667938232422,28.083332061767578,28.583332061767578,408450.0
1996-07-24T00:00:00.000000000,28.333332061767578,28.583332061767578,28.166667938232422,28.416667938232422,265800.0
1996-07-25T00:00:00.000000000,28.5,28.5,28.166667938232422,28.333332061767578,184650.0
1996-07-26T00:00:00.000000000,28.5,28.583332061767578,28.0,28.083332061767578,426600.0
1996-07-29T00:00:00.000000000,28.166667938232422,28.25,28.0,28.0,194250.0
1996-07-30T00:00:00.000000000,28.0,28.333332061767578,27.916667938232422,28.166667938232422,268200.0
1996-07-31T00:00:00.000000000,28.083332061767578,28.5,28.083332061767578,28.25,418350.0
1996-08-01T00:00:00.000000000,28.25,28.583332061767578,28.083332061767578,28.333332061767578,401850.0
1996-08-02T00:00:00.000000000,28.666667938232422,29.083332061767578,28.583332061767578,29.083332061767578,377850.0
1996-08-05T00:00:00.000000000,29.083332061767578,29.083332061767578,28.916667938232422,29.0,265650.0
1996-08-06T00:00:00.000000000,28.833332061767578,29.0,28.666667938232422,29.0,427350.0
1996-08-07T00:00:00.000000000,29.0,29.0,28.75,29.0,190200.0
1996-08-08T00:00:00.000000000,28.916667938232422,29.083332061767578,28.666667938232422,28.833332061767578,104400.0
1996-08-09T00:00:00.000000000,28.916667938232422,29.0,28.833332061767578,29.0,214950.0
1996-08-12T00:00:00.000000000,28.916667938232422,28.916667938232422,28.583332061767578,28.666667938232422,226650.0
1996-08-13T00:00:00.000000000,28.666667938232422,28.916667938232422,28.583332061767578,28.666667938232422,354000.0
1996-08-14T00:00:00.000000000,28.583332061767578,28.75,28.583332061767578,28.583332061767578,89850.0
1996-08-15T00:00:00.000000000,28.5,28.666667938232422,28.5,28.583332061767578,203250.0
1996-08-16T00:00:00.000000000,28.75,29.0,28.666667938232422,29.0,189450.0
1996-08-19T00:00:00.000000000,29.0,29.083332061767578,28.833332061767578,29.0,167400.0
1996-08-20T00:00:00.000000000,28.916667938232422,29.0,28.916667938232422,28.916667938232422,176400.0
1996-08-21T00:00:00.000000000,28.916667938232422,28.916667938232422,28.75,28.833332061767578,344250.0
1996-08-22T00:00:00.000000000,28.75,28.916667938232422,28.666667938232422,28.75,237900.0
1996-08-23T00:00:00.000000000,28.75,28.75,28.5,28.5,246750.0
1996-08-26T00:00:00.000000000,28.583332061767578,28.583332061767578,28.416667938232422,28.5,441750.0
1996-08-27T00:00:00.000000000,28.416667938232422,29.166667938232422,28.416667938232422,28.75,313800.0
1996-08-28T00:00:00.000000000,28.583332061767578,28.833332061767578,28.416667938232422,28.666667938232422,137250.0
1996-08-29T00:00:00.000000000,28.666667938232422,28.833332061767578,28.5,28.75,549750.0
1996-08-30T00:00:00.000000000,28.833332061767578,28.916667938232422,28.5,28.583332061767578,136350.0
1996-09-03T00:00:00.000000000,28.416667938232422,28.75,28.25,28.583332061767578,228150.0
1996-09-04T00:00:00.000000000,28.333332061767578,28.583332061767578,28.333332061767578,28.583332061767578,164700.0
1996-09-05T00:00:00.000000000,28.5,28.583332061767578,28.5,28.583332061767578,256500.0
1996-09-06T00:00:00.000000000,28.583332061767578,28.583332061767578,28.333332061767578,28.416667938232422,202050.0
1996-09-09T00:00:00.000000000,28.5,28.583332061767578,28.333332061767578,28.583332061767578,173400.0
1996-09-10T00:00:00.000000000,28.666667938232422,28.833332061767578,28.333332061767578,28.833332061767578,268650.0
1996-09-11T00:00:00.000000000,28.833332061767578,28.833332061767578,28.666667938232422,28.833332061767578,236850.0
1996-09-12T00:00:00.000000000,29.0,29.083332061767578,28.583332061767578,28.75,321300.0
1996-09-13T00:00:00.000000000,28.75,28.916667938232422,28.583332061767578,28.833332061767578,430200.0
1996-09-16T00:00:00.000000000,29.0,29.333332061767578,28.833332061767578,29.25,358200.0
1996-09-17T00:00:00.000000000,29.25,29.333332061767578,28.916667938232422,29.0,395100.0
1996-09-18T00:00:00.000000000,28.916667938232422,29.0,28.666667938232422,28.916667938232422,403350.0
1996-09-19T00:00:00.000000000,28.833332061767578,28.916667938232422,28.75,28.833332061767578,258300.0
1996-09-20T00:00:00.000000000,29.0,29.0,28.583332061767578,28.583332061767578,503100.0
1996-09-23T00:00:00.000000000,28.583332061767578,28.833332061767578,28.416667938232422,28.666667938232422,237750.0
1996-09-24T00:00:00.000000000,28.75,28.833332061767578,28.5,28.583332061767578,194700.0
1996-09-25T00:00:00.000000000,28.75,29.0,28.5,29.0,658800.0
1996-09-26T00:00:00.000000000,29.166667938232422,29.25,29.0,29.083332061767578,482400.0
1996-09-27T00:00:00.000000000,29.166667938232422,29.166667938232422,28.916667938232422,29.083332061767578,340500.0
1996-09-30T00:00:00.000000000,29.166667938232422,29.666667938232422,29.083332061767578,29.166667938232422,499500.0
1996-10-01T00:00:00.000000000,29.083332061767578,29.5,29.083332061767578,29.416667938232422,294750.0
1996-10-02T00:00:00.000000000,29.583332061767578,29.583332061767578,29.25,29.25,79800.0
1996-10-03T00:00:00.000000000,29.333332061767578,29.333332061767578,28.916667938232422,29.25,139650.0
1996-10-04T00:00:00.000000000,29.25,29.583332061767578,29.166667938232422,29.416667938232422,190200.0
1996-10-07T00:00:00.000000000,29.416667938232422,29.416667938232422,29.083332061767578,29.25,217050.0
1996-10-08T00:00:00.000000000,29.416667938232422,29.416667938232422,29.166667938232422,29.25,246300.0
1996-10-09T00:00:00.000000000,29.166667938232422,29.333332061767578,29.0,29.333332061767578,292500.0
1996-10-10T00:00:00.000000000,29.333332061767578,29.333332061767578,29.083332061767578,29.166667938232422,622500.0
1996-10-11T00:00:00.000000000,29.25,29.25,28.916667938232422,29.083332061767578,402150.0
1996-10-14T00:00:00.000000000,29.0,29.166667938232422,28.916667938232422,28.916667938232422,54900.0
1996-10-15T00:00:00.000000000,29.0,29.166667938232422,28.916667938232422,29.166667938232422,226200.0
1996-10-16T00:00:00.000000000,29.25,29.416667938232422,28.916667938232422,29.416667938232422,321000.0
1996-10-17T00:00:00.000000000,29.416667938232422,29.416667938232422,29.25,29.416667938232422,229650.0
1996-10-18T00:00:00.000000000,29.416667938232422,29.416667938232422,29.25,29.25,259350.0
1996-10-21T00:00:00.000000000,29.333332061767578,29.416667938232422,29.166667938232422,29.416667938232422,355350.0
1996-10-22T00:00:00.000000000,29.333332061767578,29.416667938232422,29.166667938232422,29.166667938232422,157500.0
1996-10-23T00:00:00.000000000,29.25,29.333332061767578,29.166667938232422,29.25,167550.0
1996-10-24T00:00:00.000000000,29.25,29.333332061767578,29.166667938232422,29.25,442800.0
1996-10-25T00:00:00.000000000,29.166667938232422,29.5,29.166667938232422,29.416667938232422,365100.0
1996-10-28T00:00:00.000000000,29.333332061767578,29.416667938232422,29.166667938232422,29.166667938232422,303900.0
1996-10-29T00:00:00.000000000,29.25,29.416667938232422,29.083332061767578,29.25,430650.0
1996-10-30T00:00:00.000000000,29.333332061767578,29.416667938232422,28.916667938232422,29.166667938232422,385500.0
1996-10-31T00:00:00.000000000,29.083332061767578,29.25,29.0,29.166667938232422,276000.0
1996-11-01T00:00:00.000000000,29.25,29.333332061767578,29.083332061767578,29.166667938232422,257400.0
1996-11-04T00:00:00.000000000,29.25,29.75,29.166667938232422,29.25,315150.0
1996-11-05T00:00:00.000000000,29.416667938232422,29.833332061767578,29.333332061767578,29.5,357000.0
1996-11-06T00:00:00.000000000,29.583332061767578,29.583332061767578,29.25,29.416667938232422,237600.0
1996-11-07T00:00:00.000000000,29.416667938232422,29.833332061767578,29.416667938232422,29.666667938232422,308850.0
1996-11-08T00:00:00.000000000,29.833332061767578,30.083332061767578,29.583332061767578,30.083332061767578,112200.0
1996-11-11T00:00:00.000000000,29.916667938232422,30.083332061767578,29.833332061767578,29.916667938232422,115950.0
1996-11-12T00:00:00.000000000,30.083332061767578,30.083332061767578,29.75,29.833332061767578,134700.0
1996-11-13T00:00:00.000000000,29.916667938232422,29.916667938232422,29.666667938232422,29.833332061767578,320850.0
1996-11-14T00:00:00.000000000,29.833332061767578,29.833332061767578,29.666667938232422,29.666667938232422,187050.0
1996-11-15T00:00:00.000000000,29.75,29.833332061767578,29.416667938232422,29.666667938232422,356700.0
1996-11-18T00:00:00.000000000,29.75,29.75,29.333332061767578,29.416667938232422,428100.0
1996-11-19T00:00:00.000000000,29.5,29.666667938232422,29.166667938232422,29.5,449700.0
1996-11-20T00:00:00.000000000,29.583332061767578,30.416667938232422,29.5,30.333332061767578,968100.0
1996-11-21T00:00:00.000000000,30.666667938232422,30.833332061767578,30.333332061767578,30.416667938232422,346500.0
1996-11-22T00:00:00.000000000,30.5,30.583332061767578,30.333332061767578,30.333332061767578,238200.0
1996-11-25T00:00:00.000000000,30.416667938232422,31.166667938232422,30.333332061767578,31.166667938232422,319200.0
1996-11-26T00:00:00.000000000,31.333332061767578,31.666667938232422,30.75,31.0,813300.0
1996-11-27T00:00:00.000000000,31.083332061767578,31.083332061767578,30.333332061767578,30.333332061767578,296400.0
1996-11-29T00:00:00.000000000,30.416667938232422,30.5,30.0,30.0,100800.0
1996-12-02T00:00:00.000000000,30.166667938232422,31.166667938232422,30.083332061767578,31.166667938232422,235950.0
1996-12-03T00:00:00.000000000,31.0,31.25,30.25,30.25,216900.0
1996-12-04T00:00:00.000000000,30.083332061767578,30.5,29.583332061767578,30.0,286200.0
1996-12-05T00:00:00.000000000,29.916667938232422,29.916667938232422,29.666667938232422,29.833332061767578,331050.0
1996-12-06T00:00:00.000000000,29.666667938232422,29.75,29.416667938232422,29.75,437700.0
1996-12-09T00:00:00.000000000,29.75,29.75,29.5,29.75,264300.0
1996-12-10T00:00:00.000000000,29.833332061767578,30.083332061767578,29.75,29.75,321750.0
1996-12-11T00:00:00.000000000,29.833332061767578,29.833332061767578,29.25,29.666667938232422,216750.0
1996-12-12T00:00:00.000000000,29.833332061767578,29.916667938232422,29.583332061767578,29.666667938232422,532200.0
1996-12-13T00:00:00.000000000,29.583332061767578,29.833332061767578,29.333332061767578,29.666667938232422,315150.0
1996-12-16T00:00:00.000000000,29.833332061767578,30.0,29.583332061767578,29.583332061767578,430500.0
1996-12-17T00:00:00.000000000,29.5,29.75,29.333332061767578,29.5,413550.0
1996-12-18T00:00:00.000000000,29.416667938232422,29.833332061767578,29.333332061767578,29.5,472800.0
1996-12-19T00:00:00.000000000,29.583332061767578,29.916667938232422,29.333332061767578,29.916667938232422,269700.0
1996-12-20T00:00:00.000000000,30.416667938232422,30.416667938232422,29.833332061767578,30.25,403950.0
1996-12-23T00:00:00.000000000,30.333332061767578,30.333332061767578,29.583332061767578,30.166667938232422,213450.0
1996-12-24T00:00:00.000000000,30.333332061767578,30.416667938232422,30.25,30.333332061767578,48750.0
1996-12-26T00:00:00.000000000,30.333332061767578,30.583332061767578,30.166667938232422,30.5,176400.0
1996-12-27T00:00:00.000000000,30.666667938232422,30.75,30.166667938232422,30.25,167850.0
1996-12-30T00:00:00.000000000,30.333332061767578,30.583332061767578,30.0,30.083332061767578,197400.0
1996-12-31T00:00:00.000000000,30.0,30.083332061767578,29.666667938232422,29.666667938232422,317550.0
1997-01-02T00:00:00.000000000,29.583332061767578,29.833332061767578,29.166667938232422,29.75,240000.0
1997-01-03T00:00:00.000000000,29.916667938232422,30.083332061767578,29.833332061767578,30.0,568050.0
1997-01-06T00:00:00.000000000,30.166667938232422,30.166667938232422,29.416667938232422,29.666667938232422,548700.0
1997-01-07T00:00:00.000000000,29.5,29.75,29.166667938232422,29.416667938232422,735600.0
1997-01-08T00:00:00.000000000,29.666667938232422,29.666667938232422,28.75,29.166667938232422,379800.0
1997-01-09T00:00:00.000000000,29.25,29.666667938232422,29.25,29.5,190950.0
1997-01-10T00:00:00.000000000,29.333332061767578,29.5,29.083332061767578,29.5,228600.0
1997-01-13T00:00:00.000000000,29.583332061767578,29.666667938232422,28.916667938232422,29.5,319200.0
1997-01-14T00:00:00.000000000,29.583332061767578,30.166667938232422,29.5,29.833332061767578,433800.0
1997-01-15T00:00:00.000000000,29.833332061767578,29.833332061767578,29.5,29.5,121800.0
1997-01-16T00:00:00.000000000,29.583332061767578,29.583332061767578,29.166667938232422,29.333332061767578,295950.0
1997-01-17T00:00:00.000000000,29.5,29.916667938232422,29.416667938232422,29.916667938232422,279450.0
1997-01-20T00:00:00.000000000,29.75,30.083332061767578,29.75,30.0,234000.0
1997-01-21T00:00:00.000000000,29.75,30.25,29.5,30.166667938232422,307800.0
1997-01-22T00:00:00.000000000,30.0,30.083332061767578,29.333332061767578,29.666667938232422,526350.0
1997-01-23T00:00:00.000000000,29.5,29.583332061767578,28.833332061767578,29.0,708300.0
1997-01-24T00:00:00.000000000,29.083332061767578,29.166667938232422,28.666667938232422,29.166667938232422,760800.0
1997-01-27T00:00:00.000000000,29.083332061767578,29.333332061767578,28.75,29.166667938232422,538200.0
1997-01-28T00:00:00.000000000,29.166667938232422,29.25,28.833332061767578,28.916667938232422,258150.0
1997-01-29T00:00:00.000000000,28.833332061767578,29.083332061767578,28.666667938232422,29.083332061767578,628500.0
1997-01-30T00:00:00.000000000,29.166667938232422,29.166667938232422,28.75,29.083332061767578,291300.0
1997-01-31T00:00:00.000000000,29.083332061767578,29.416667938232422,29.083332061767578,29.416667938232422,604650.0
1997-02-03T00:00:00.000000000,29.416667938232422,29.666667938232422,29.333332061767578,29.583332061767578,549300.0
1997-02-04T00:00:00.000000000,29.5,29.666667938232422,29.416667938232422,29.666667938232422,284250.0
1997-02-05T00:00:00.000000000,29.666667938232422,29.833332061767578,29.333332061767578,29.5,327900.0
1997-02-06T00:00:00.000000000,29.583332061767578,29.666667938232422,29.166667938232422,29.583332061767578,355050.0
1997-02-07T00:00:00.000000000,29.583332061767578,30.166667938232422,29.333332061767578,30.083332061767578,408450.0
1997-02-10T00:00:00.000000000,30.083332061767578,30.333332061767578,29.75,30.0,220800.0
1997-02-11T00:00:00.000000000,30.0,30.25,29.583332061767578,30.166667938232422,284400.0
1997-02-12T00:00:00.000000000,30.166667938232422,30.666667938232422,30.083332061767578,30.333332061767578,191250.0
1997-02-13T00:00:00.000000000,30.416667938232422,30.666667938232422,30.166667938232422,30.666667938232422,416850.0
1997-02-14T00:00:00.000000000,30.5,30.583332061767578,30.25,30.416667938232422,207150.0
1997-02-18T00:00:00.000000000,30.416667938232422,30.75,30.166667938232422,30.75,502650.0
1997-02-19T00:00:00.000000000,30.583332061767578,30.833332061767578,30.416667938232422,30.75,381150.0
1997-02-20T00:00:00.000000000,30.75,30.75,30.333332061767578,30.666667938232422,586350.0
1997-02-21T00:00:00.000000000,30.666667938232422,30.833332061767578,30.5,30.833332061767578,456150.0
1997-02-24T00:00:00.000000000,30.75,31.833332061767578,30.75,31.666667938232422,428250.0
1997-02-25T00:00:00.000000000,31.666667938232422,31.75,31.0,31.5,710100.0
1997-02-26T00:00:00.000000000,31.416667938232422,31.75,31.0,31.75,583800.0
1997-02-27T00:00:00.000000000,31.583332061767578,31.583332061767578,31.333332061767578,31.583332061767578,306150.0
1997-02-28T00:00:00.000000000,31.416667938232422,31.5,31.083332061767578,31.166667938232422,335550.0
1997-03-03T00:00:00.000000000,31.083332061767578,31.416667938232422,31.083332061767578,31.333332061767578,495750.0
1997-03-04T00:00:00.000000000,31.333332061767578,31.416667938232422,31.125,31.333332061767578,354000.0
1997-03-05T00:00:00.000000000,30.916667938232422,31.416667938232422,30.75,31.333332061767578,1954500.0
1997-03-06T00:00:00.000000000,31.5,31.583332061767578,31.166667938232422,31.583332061767578,567900.0
1997-03-07T00:00:00.000000000,31.333332061767578,31.916667938232422,31.333332061767578,31.833332061767578,390150.0
1997-03-10T00:00:00.000000000,31.916667938232422,32.0,31.666667938232422,32.0,180750.0
1997-03-11T00:00:00.000000000,31.916667938232422,31.916667938232422,31.166667938232422,31.333332061767578,376200.0
1997-03-12T00:00:00.000000000,31.333332061767578,31.583332061767578,31.333332061767578,31.583332061767578,411600.0
1997-03-13T00:00:00.000000000,31.5,32.0,31.166667938232422,31.416667938232422,257100.0
1997-03-14T00:00:00.000000000,31.416667938232422,31.916667938232422,31.416667938232422,31.833332061767578,315600.0
1997-03-17T00:00:00.000000000,31.833332061767578,32.16666793823242,31.416667938232422,32.0,237450.0
1997-03-18T00:00:00.000000000,32.0,32.16666793823242,31.416667938232422,31.916667938232422,202500.0
1997-03-19T00:00:00.000000000,31.833332061767578,31.916667938232422,31.25,31.833332061767578,174900.0
1997-03-20T00:00:00.000000000,31.833332061767578,31.833332061767578,31.333332061767578,31.583332061767578,200400.0
1997-03-21T00:00:00.000000000,31.583332061767578,31.583332061767578,31.416667938232422,31.583332061767578,332250.0
1997-03-24T00:00:00.000000000,31.666667938232422,32.08333206176758,31.666667938232422,31.833332061767578,304800.0
1997-03-25T00:00:00.000000000,31.916667938232422,32.0,31.666667938232422,31.833332061767578,216000.0
1997-03-26T00:00:00.000000000,31.916667938232422,31.916667938232422,31.666667938232422,31.916667938232422,256050.0
1997-03-27T00:00:00.000000000,32.0,32.0,31.166667938232422,31.333332061767578,167850.0
1997-03-31T00:00:00.000000000,31.333332061767578,31.416667938232422,30.833332061767578,31.083332061767578,346500.0
1997-04-01T00:00:00.000000000,30.916667938232422,30.916667938232422,30.333332061767578,30.75,340350.0
1997-04-02T00:00:00.000000000,30.666667938232422,30.75,30.166667938232422,30.583332061767578,402900.0
1997-04-03T00:00:00.000000000,30.333332061767578,30.5,30.0,30.166667938232422,240000.0
1997-04-04T00:00:00.000000000,29.833332061767578,30.25,29.833332061767578,30.166667938232422,348150.0
1997-04-07T00:00:00.000000000,30.25,30.5,30.166667938232422,30.416667938232422,376650.0
1997-04-08T00:00:00.000000000,30.25,30.583332061767578,29.916667938232422,30.583332061767578,325500.0
1997-04-09T00:00:00.000000000,30.666667938232422,30.666667938232422,30.333332061767578,30.5,148200.0
1997-04-10T00:00:00.000000000,30.416667938232422,31.333332061767578,30.333332061767578,31.0,264150.0
1997-04-11T00:00:00.000000000,31.25,31.25,30.083332061767578,30.166667938232422,346200.0
1997-04-14T00:00:00.000000000,30.0,30.25,29.916667938232422,30.166667938232422,121650.0
1997-04-15T00:00:00.000000000,30.5,30.75,30.0,30.75,170100.0
1997-04-16T00:00:00.000000000,30.5,31.375,30.25,31.375,232900.0
1997-04-17T00:00:00.000000000,31.375,31.625,30.875,31.0,240600.0
1997-04-18T00:00:00.000000000,31.0,31.875,31.0,31.875,222900.0
1997-04-21T00:00:00.000000000,31.875,31.875,30.875,31.375,186000.0
1997-04-22T00:00:00.000000000,31.375,31.375,30.875,31.375,196600.0
1997-04-23T00:00:00.000000000,31.5,31.75,31.375,31.75,218300.0
1997-04-24T00:00:00.000000000,31.875,31.875,31.0,31.375,149500.0
1997-04-25T00:00:00.000000000,31.5,31.625,31.125,31.5,92100.0
1997-04-28T00:00:00.000000000,31.5,32.375,31.375,32.0,208600.0
1997-04-29T00:00:00.000000000,32.0,32.125,31.625,32.125,161500.0
1997-04-30T00:00:00.000000000,32.25,33.0,32.25,32.375,251800.0
1997-05-01T00:00:00.000000000,32.375,32.75,32.0,32.25,132200.0
1997-05-02T00:00:00.000000000,32.375,32.875,32.25,32.875,152600.0
1997-05-05T00:00:00.000000000,32.75,34.0,32.75,33.875,234600.0
1997-05-06T00:00:00.000000000,33.625,33.75,33.0,33.5,257500.0
1997-05-07T00:00:00.000000000,33.75,33.875,32.875,33.125,172400.0
1997-05-08T00:00:00.000000000,32.875,33.625,32.75,33.5,228000.0
1997-05-09T00:00:00.000000000,33.5,33.75,33.125,33.5,292300.0
1997-05-12T00:00:00.000000000,33.5,33.875,33.375,33.875,170800.0
1997-05-13T00:00:00.000000000,33.875,33.875,33.125,33.625,208200.0
1997-05-14T00:00:00.000000000,33.875,33.875,33.125,33.5,271000.0
1997-05-15T00:00:00.000000000,33.25,33.625,33.125,33.625,264100.0
1997-05-16T00:00:00.000000000,33.5,33.5,33.0,33.5,191800.0
1997-05-19T00:00:00.000000000,33.25,33.5,33.0,33.5,86800.0
1997-05-20T00:00:00.000000000,33.375,33.75,33.0,33.75,278600.0
1997-05-21T00:00:00.000000000,33.5,33.5,33.25,33.5,183200.0
1997-05-22T00:00:00.000000000,33.375,33.5,33.125,33.375,202600.0
1997-05-23T00:00:00.000000000,33.375,33.5,33.0,33.5,169100.0
1997-05-27T00:00:00.000000000,33.5,33.5,33.25,33.5,283300.0
1997-05-28T00:00:00.000000000,33.25,33.5,33.0,33.375,216900.0
1997-05-29T00:00:00.000000000,33.375,33.75,33.25,33.75,205800.0
1997-05-30T00:00:00.000000000,33.375,33.5,33.25,33.5,286200.0
1997-06-02T00:00:00.000000000,33.75,33.875,33.375,33.75,258200.0
1997-06-03T00:00:00.000000000,33.5,34.0,33.375,33.875,192500.0
1997-06-04T00:00:00.000000000,33.5,33.75,33.25,33.25,509400.0
1997-06-05T00:00:00.000000000,33.0,33.75,33.0,33.75,243500.0
1997-06-06T00:00:00.000000000,33.75,34.125,33.5,34.125,168800.0
1997-06-09T00:00:00.000000000,34.125,34.5,33.75,34.5,198100.0
1997-06-10T00:00:00.000000000,34.75,35.125,34.375,35.0,348000.0
1997-06-11T00:00:00.000000000,35.25,35.25,34.125,34.25,270100.0
1997-06-12T00:00:00.000000000,34.375,34.5,34.125,34.5,336600.0
1997-06-13T00:00:00.000000000,34.5,34.875,34.375,34.625,332400.0
1997-06-16T00:00:00.000000000,34.75,34.875,34.125,34.625,178400.0
1997-06-17T00:00:00.000000000,34.625,34.875,34.125,34.625,275200.0
1997-06-18T00:00:00.000000000,34.375,34.5,33.875,34.5,322200.0
1997-06-19T00:00:00.000000000,34.625,35.25,34.375,34.875,223500.0
1997-06-20T00:00:00.000000000,35.0,35.0,34.625,34.875,374800.0
1997-06-23T00:00:00.000000000,34.625,34.75,34.0,34.125,390900.0
1997-06-24T00:00:00.000000000,34.0625,35.4375,33.875,35.4375,336000.0
1997-06-25T00:00:00.000000000,35.4375,35.4375,34.5,34.6875,301200.0
1997-06-26T00:00:00.000000000,35.0,35.0,34.375,34.625,333000.0
1997-06-27T00:00:00.000000000,34.75,34.875,34.375,34.5,169400.0
1997-06-30T00:00:00.000000000,34.6875,34.8125,33.8125,33.875,359200.0
1997-07-01T00:00:00.000000000,34.125,35.125,34.0625,34.75,252100.0
1997-07-02T00:00:00.000000000,35.0,35.0,34.3125,35.0,173800.0
1997-07-03T00:00:00.000000000,35.25,35.875,35.25,35.625,295600.0
1997-07-07T00:00:00.000000000,35.625,35.625,34.75,34.8125,373100.0
1997-07-08T00:00:00.000000000,34.625,34.75,34.25,34.5,573800.0
1997-07-09T00:00:00.000000000,34.4375,34.5,33.75,34.125,657400.0
1997-07-10T00:00:00.000000000,33.9375,34.1875,33.75,34.1875,282700.0
1997-07-11T00:00:00.000000000,34.4375,34.9375,34.375,34.9375,214600.0
1997-07-14T00:00:00.000000000,34.75,34.8125,34.0,34.4375,262500.0
1997-07-15T00:00:00.000000000,34.5,34.5,33.75,34.5,194900.0
1997-07-16T00:00:00.000000000,34.4375,34.6875,34.0625,34.4375,169300.0
1997-07-17T00:00:00.000000000,34.4375,34.4375,33.8125,34.1875,240300.0
1997-07-18T00:00:00.000000000,34.125,34.25,32.875,32.9375,342300.0
1997-07-21T00:00:00.000000000,33.1875,34.25,33.0625,34.0,260800.0
1997-07-22T00:00:00.000000000,34.0,34.0625,33.125,33.6875,332000.0
1997-07-23T00:00:00.000000000,33.4375,33.6875,32.75,33.5,372300.0
1997-07-24T00:00:00.000000000,33.0,33.8125,32.875,33.75,386000.0
1997-07-25T00:00:00.000000000,33.6875,33.75,32.875,33.25,610900.0
1997-07-28T00:00:00.000000000,33.25,33.3125,32.8125,33.0,554600.0
1997-07-29T00:00:00.000000000,32.8125,33.1875,32.3125,33.1875,622800.0
1997-07-30T00:00:00.000000000,33.1875,33.5,32.6875,32.875,493300.0
1997-07-31T00:00:00.000000000,32.75,32.9375,32.25,32.625,336800.0
1997-08-01T00:00:00.000000000,32.625,32.9375,32.1875,32.75,367700.0
1997-08-04T00:00:00.000000000,32.75,33.0625,32.4375,33.0625,160500.0
1997-08-05T00:00:00.000000000,33.125,33.125,32.4375,32.6875,202300.0
1997-08-06T00:00:00.000000000,32.875,32.875,32.3125,32.8125,180000.0
1997-08-07T00:00:00.000000000,32.75,33.125,32.375,32.625,285800.0
1997-08-08T00:00:00.000000000,32.25,32.5625,31.9375,32.5,567100.0
1997-08-11T00:00:00.000000000,32.25,32.4375,31.8125,32.4375,404600.0
1997-08-12T00:00:00.000000000,32.5,32.6875,32.25,32.4375,252400.0
1997-08-13T00:00:00.000000000,32.375,32.375,31.75,32.125,251500.0
1997-08-14T00:00:00.000000000,32.125,32.125,31.625,32.0,299200.0
1997-08-15T00:00:00.000000000,31.625,32.0625,31.375,31.6875,309400.0
1997-08-18T00:00:00.000000000,31.5625,31.8125,31.125,31.8125,221800.0
1997-08-19T00:00:00.000000000,31.6875,31.875,31.375,31.8125,465200.0
1997-08-20T00:00:00.000000000,31.5625,31.625,31.125,31.4375,629400.0
1997-08-21T00:00:00.000000000,31.4375,31.625,31.25,31.3125,268200.0
1997-08-22T00:00:00.000000000,31.0625,31.5,31.0,31.5,415100.0
1997-08-25T00:00:00.000000000,31.5625,31.5625,31.125,31.4375,224500.0
1997-08-26T00:00:00.000000000,31.5,31.6875,31.1875,31.5,330100.0
1997-08-27T00:00:00.000000000,31.25,31.375,30.9375,31.0625,219900.0
1997-08-28T00:00:00.000000000,31.0,31.5,30.375,30.9375,442400.0
1997-08-29T00:00:00.000000000,30.9375,31.0,30.625,30.875,187400.0
1997-09-02T00:00:00.000000000,30.8125,31.625,30.8125,31.5,235400.0
1997-09-03T00:00:00.000000000,31.375,31.4375,30.75,30.9375,326400.0
1997-09-04T00:00:00.000000000,31.0,31.25,30.75,31.0,356800.0
1997-09-05T00:00:00.000000000,31.125,31.25,30.5,30.625,493700.0
1997-09-08T00:00:00.000000000,30.875,31.0,30.5625,30.9375,193100.0
1997-09-09T00:00:00.000000000,30.9375,31.0625,30.4375,30.9375,398700.0
1997-09-10T00:00:00.000000000,30.75,31.0,30.5,30.5625,180500.0
1997-09-11T00:00:00.000000000,30.3125,30.875,30.0,30.875,508100.0
1997-09-12T00:00:00.000000000,30.8125,30.875,30.25,30.625,692100.0
1997-09-15T00:00:00.000000000,30.5,30.9375,30.375,30.875,353800.0
1997-09-16T00:00:00.000000000,30.8125,31.9375,30.8125,31.9375,628700.0
1997-09-17T00:00:00.000000000,32.0,32.125,31.625,31.875,360800.0
1997-09-18T00:00:00.000000000,31.875,32.0,31.375,31.75,369200.0
1997-09-19T00:00:00.000000000,31.75,32.125,31.5,32.0625,571700.0
1997-09-22T00:00:00.000000000,32.1875,32.1875,31.0625,31.75,351600.0
1997-09-23T00:00:00.000000000,31.625,31.875,31.125,31.5625,217800.0
1997-09-24T00:00:00.000000000,31.75,31.9375,31.25,31.3125,251500.0
1997-09-25T00:00:00.000000000,31.125,31.3125,31.0,31.3125,459400.0
1997-09-26T00:00:00.000000000,31.3125,31.3125,30.8125,30.8125,382300.0
1997-09-29T00:00:00.000000000,30.9375,30.9375,30.5625,30.75,433200.0
1997-09-30T00:00:00.000000000,30.625,31.125,30.5,30.8125,480500.0
1997-10-01T00:00:00.000000000,31.0,31.4375,30.875,31.375,896700.0
1997-10-02T00:00:00.000000000,31.375,32.4375,31.25,32.4375,570100.0
1997-10-03T00:00:00.000000000,32.4375,32.625,31.8125,32.25,366400.0
1997-10-06T00:00:00.000000000,32.0,32.5625,32.0,32.5625,256000.0
1997-10-07T00:00:00.000000000,32.375,33.3125,32.0625,33.3125,497400.0
1997-10-08T00:00:00.000000000,33.0625,33.125,32.5625,32.9375,405200.0
1997-10-09T00:00:00.000000000,32.6875,33.125,32.3125,33.0625,292400.0
1997-10-10T00:00:00.000000000,32.9375,32.9375,32.625,32.875,170500.0
1997-10-13T00:00:00.000000000,32.75,33.125,32.75,33.0625,163300.0
1997-10-14T00:00:00.000000000,33.25,33.375,32.8125,33.375,265700.0
1997-10-15T00:00:00.000000000,33.1875,33.375,32.625,33.375,247200.0
1997-10-16T00:00:00.000000000,33.25,33.625,32.5,32.75,221700.0
1997-10-17T00:00:00.000000000,32.5,32.875,32.375,32.875,273800.0
1997-10-20T00:00:00.000000000,32.6875,33.0625,32.5625,32.9375,145200.0
1997-10-21T00:00:00.000000000,32.9375,33.0625,32.5,32.875,377700.0
1997-10-22T00:00:00.000000000,32.75,32.75,31.75,32.6875,177200.0
1997-10-23T00:00:00.000000000,31.5,32.5625,31.5,32.375,261800.0
1997-10-24T00:00:00.000000000,32.8125,33.0625,32.375,32.5,217000.0
1997-10-27T00:00:00.000000000,32.25,32.6875,30.75,30.75,333600.0
1997-10-28T00:00:00.000000000,30.8125,33.0,30.0,33.0,1163100.0
1997-10-29T00:00:00.000000000,32.75,32.75,31.375,31.9375,296400.0
1997-10-30T00:00:00.000000000,31.6875,31.875,31.3125,31.3125,255300.0
1997-10-31T00:00:00.000000000,31.875,31.9375,31.1875,31.3125,328300.0
1997-11-03T00:00:00.000000000,31.5625,31.9375,31.4375,31.6875,264300.0
1997-11-04T00:00:00.000000000,31.625,32.1875,31.5,32.125,342000.0
1997-11-05T00:00:00.000000000,32.125,32.25,31.75,32.0,245400.0
1997-11-06T00:00:00.000000000,31.75,32.125,31.75,32.125,286100.0
1997-11-07T00:00:00.000000000,31.75,31.75,31.1875,31.5,406200.0
1997-11-10T00:00:00.000000000,31.5,31.5,30.75,31.0,243400.0
1997-11-11T00:00:00.000000000,30.875,31.125,30.75,31.125,110900.0
1997-11-12T00:00:00.000000000,30.875,31.25,30.75,31.25,292500.0
1997-11-13T00:00:00.000000000,31.5,32.3125,31.4375,32.125,432600.0
1997-11-14T00:00:00.000000000,32.125,32.4375,31.625,32.3125,352100.0
1997-11-17T00:00:00.000000000,32.375,32.5,31.9375,32.0,572600.0
1997-11-18T00:00:00.000000000,32.25,32.25,31.25,31.5625,411900.0
1997-11-19T00:00:00.000000000,31.3125,31.9375,31.3125,31.8125,374600.0
1997-11-20T00:00:00.000000000,31.75,31.9375,31.625,31.875,224800.0
1997-11-21T00:00:00.000000000,31.75,32.0,31.5,32.0,414900.0
1997-11-24T00:00:00.000000000,31.75,32.4375,31.6875,32.0,235700.0
1997-11-25T00:00:00.000000000,31.875,32.0625,31.3125,32.0625,293100.0
1997-11-26T00:00:00.000000000,32.0,32.3125,31.8125,31.9375,332700.0
1997-11-28T00:00:00.000000000,31.8125,32.0625,31.8125,32.0,131700.0
1997-12-01T00:00:00.000000000,32.0625,32.375,31.875,32.375,424000.0
1997-12-02T00:00:00.000000000,32.375,32.5,32.0625,32.3125,315200.0
1997-12-03T00:00:00.000000000,32.3125,32.3125,31.9375,32.3125,380500.0
1997-12-04T00:00:00.000000000,32.0625,32.1875,31.75,32.0625,320600.0
1997-12-05T00:00:00.000000000,31.8125,32.625,31.75,32.5,274800.0
1997-12-08T00:00:00.000000000,32.25,32.375,31.5,32.3125,362700.0
1997-12-09T00:00:00.000000000,32.125,32.3125,31.625,32.3125,237900.0
1997-12-10T00:00:00.000000000,32.25,32.3125,31.75,32.3125,311700.0
1997-12-11T00:00:00.000000000,32.0,32.6875,32.0,32.6875,446700.0
1997-12-12T00:00:00.000000000,32.6875,33.125,32.5,33.125,340900.0
1997-12-15T00:00:00.000000000,33.1875,33.25,32.5,32.9375,369300.0
1997-12-16T00:00:00.000000000,32.9375,33.0625,32.5625,32.8125,218400.0
1997-12-17T00:00:00.000000000,32.8125,33.125,32.6875,33.0,238400.0
1997-12-18T00:00:00.000000000,32.75,32.9375,32.4375,32.8125,193500.0
1997-12-19T00:00:00.000000000,32.0625,33.0,32.0625,32.875,511300.0
1997-12-22T00:00:00.000000000,33.0,33.125,32.625,32.8125,328600.0
1997-12-23T00:00:00.000000000,32.875,33.0,32.75,32.8125,277900.0
1997-12-24T00:00:00.000000000,32.8125,33.0,32.3125,32.9375,128100.0
1997-12-26T00:00:00.000000000,32.6875,33.25,32.6875,33.0625,73300.0
1997-12-29T00:00:00.000000000,33.25,33.5,33.0,33.375,179400.0
1997-12-30T00:00:00.000000000,33.4375,33.6875,33.125,33.6875,133400.0
1997-12-31T00:00:00.000000000,33.75,33.9375,33.4375,33.9375,209000.0
1998-01-02T00:00:00.000000000,33.75,33.9375,33.375,33.6875,296200.0
1998-01-05T00:00:00.000000000,33.9375,34.0,33.5,34.0,211000.0
1998-01-06T00:00:00.000000000,33.875,33.9375,33.5,33.75,328800.0
1998-01-07T00:00:00.000000000,33.5625,33.75,33.0625,33.5625,179200.0
1998-01-08T00:00:00.000000000,33.625,34.125,33.4375,34.125,268100.0
1998-01-09T00:00:00.000000000,34.0,34.0625,33.0,33.1875,371600.0
1998-01-12T00:00:00.000000000,32.625,33.8125,32.625,33.625,304900.0
1998-01-13T00:00:00.000000000,33.8125,34.125,33.5625,34.0625,572000.0
1998-01-14T00:00:00.000000000,34.3125,34.375,33.6875,34.0,346600.0
1998-01-15T00:00:00.000000000,33.75,33.875,33.3125,33.75,286300.0
1998-01-16T00:00:00.000000000,33.875,33.9375,33.625,33.8125,411400.0
1998-01-20T00:00:00.000000000,33.6875,34.0625,33.5,34.0,267300.0
1998-01-21T00:00:00.000000000,34.0,34.0,33.1875,33.75,275700.0
1998-01-22T00:00:00.000000000,33.5,33.5,32.625,33.3125,403300.0
1998-01-23T00:00:00.000000000,33.0625,33.3125,32.4375,33.1875,164700.0
1998-01-26T00:00:00.000000000,33.1875,33.375,32.625,33.25,198400.0
1998-01-27T00:00:00.000000000,33.1875,33.875,33.1875,33.5625,280500.0
1998-01-28T00:00:00.000000000,33.375,33.6875,33.25,33.6875,264000.0
1998-01-29T00:00:00.000000000,33.4375,34.375,33.4375,33.625,252700.0
1998-01-30T00:00:00.000000000,33.5,33.5625,33.0625,33.1875,187200.0
1998-02-02T00:00:00.000000000,33.3125,34.0,33.1875,33.875,287800.0
1998-02-03T00:00:00.000000000,33.6875,34.0,33.5,34.0,247400.0
1998-02-04T00:00:00.000000000,33.75,34.0,33.625,34.0,330200.0
1998-02-05T00:00:00.000000000,33.9375,34.0,33.75,34.0,185100.0
1998-02-06T00:00:00.000000000,34.0,34.4375,34.0,34.375,248000.0
1998-02-09T00:00:00.000000000,34.375,34.9375,34.3125,34.875,453100.0
1998-02-10T00:00:00.000000000,34.875,35.25,34.6875,35.25,494500.0
1998-02-11T00:00:00.000000000,35.0625,35.3125,34.6875,35.3125,271600.0
1998-02-12T00:00:00.000000000,35.375,35.5,34.75,35.5,259500.0
1998-02-13T00:00:00.000000000,35.25,35.4375,34.9375,35.4375,151800.0
1998-02-17T00:00:00.000000000,35.8125,36.0,35.5,35.6875,223100.0
1998-02-18T00:00:00.000000000,35.6875,36.0,35.5625,35.9375,346400.0
1998-02-19T00:00:00.000000000,35.9375,35.9375,35.5,35.9375,304300.0
1998-02-20T00:00:00.000000000,35.9375,36.375,35.6875,36.375,263500.0
1998-02-23T00:00:00.000000000,36.25,36.375,36.0,36.3125,257600.0
1998-02-24T00:00:00.000000000,36.25,37.0,36.125,36.875,469300.0
1998-02-25T00:00:00.000000000,37.0,37.25,36.84375,37.125,336800.0
1998-02-26T00:00:00.000000000,36.875,37.0625,36.6875,36.9375,250800.0
1998-02-27T00:00:00.000000000,36.8125,37.0625,36.75,37.0,287800.0
1998-03-02T00:00:00.000000000,36.8125,37.25,36.5625,37.25,359500.0
1998-03-03T00:00:00.000000000,37.0,37.3125,36.5,37.3125,465500.0
1998-03-04T00:00:00.000000000,36.875,37.0625,36.625,36.9375,130200.0
1998-03-05T00:00:00.000000000,36.4375,36.9375,36.125,36.9375,211400.0
1998-03-06T00:00:00.000000000,36.75,36.875,36.5,36.875,245700.0
1998-03-09T00:00:00.000000000,36.875,37.125,36.625,37.0,324000.0
1998-03-10T00:00:00.000000000,37.0,37.0625,36.8125,36.875,264100.0
1998-03-11T00:00:00.000000000,36.75,37.125,36.75,36.9375,459500.0
1998-03-12T00:00:00.000000000,36.8125,36.9375,36.5,36.875,149600.0
1998-03-13T00:00:00.000000000,36.875,36.875,36.25,36.25,215500.0
1998-03-16T00:00:00.000000000,36.3125,36.6875,36.1875,36.625,246800.0
1998-03-17T00:00:00.000000000,36.4375,36.625,36.0,36.5625,244500.0
1998-03-18T00:00:00.000000000,36.5625,36.5625,36.0625,36.3125,311500.0
1998-03-19T00:00:00.000000000,36.25,36.6875,36.125,36.375,268900.0
1998-03-20T00:00:00.000000000,36.625,37.125,36.5,37.125,479900.0
1998-03-23T00:00:00.000000000,37.0,37.6875,36.875,37.3125,436200.0
1998-03-24T00:00:00.000000000,37.3125,37.5625,36.9375,37.5,335000.0
1998-03-25T00:00:00.000000000,37.5,37.625,36.625,36.875,192300.0
1998-03-26T00:00:00.000000000,37.125,37.4375,36.625,37.125,233800.0
1998-03-27T00:00:00.000000000,37.375,37.5,36.875,37.25,294700.0
1998-03-30T00:00:00.000000000,37.125,37.625,37.0,37.375,176300.0
1998-03-31T00:00:00.000000000,37.375,38.25,37.375,38.125,603800.0
1998-04-01T00:00:00.000000000,38.0,38.0,37.0625,37.625,301400.0
1998-04-02T00:00:00.000000000,37.5625,37.625,37.125,37.625,256100.0
1998-04-03T00:00:00.000000000,37.5,37.8125,37.0,37.6875,228500.0
1998-04-06T00:00:00.000000000,37.8125,37.8125,36.9375,37.3125,230700.0
1998-04-07T00:00:00.000000000,37.3125,37.75,37.1875,37.75,291000.0
1998-04-08T00:00:00.000000000,37.6875,37.9375,37.0,37.25,278000.0
1998-04-09T00:00:00.000000000,37.375,37.5,37.0,37.1875,127500.0
1998-04-13T00:00:00.000000000,37.0625,37.125,36.3125,37.125,232900.0
1998-04-14T00:00:00.000000000,37.0,37.75,36.9375,37.5,288600.0
1998-04-15T00:00:00.000000000,37.5,37.5,36.75,37.25,252100.0
1998-04-16T00:00:00.000000000,37.25,37.25,36.1875,36.875,246300.0
1998-04-17T00:00:00.000000000,36.875,37.1875,36.3125,37.0625,149100.0
1998-04-20T00:00:00.000000000,36.875,36.875,35.9375,36.5625,290400.0
1998-04-21T00:00:00.000000000,36.375,36.625,35.9375,36.125,347000.0
1998-04-22T00:00:00.000000000,35.75,36.375,35.625,36.375,357600.0
1998-04-23T00:00:00.000000000,36.125,36.1875,35.5625,35.8125,223600.0
1998-04-24T00:00:00.000000000,35.8125,36.125,35.625,35.8125,276900.0
1998-04-27T00:00:00.000000000,35.5,35.875,35.0,35.8125,366800.0
1998-04-28T00:00:00.000000000,35.1875,35.875,34.875,35.875,327500.0
1998-04-29T00:00:00.000000000,35.75,35.75,35.0625,35.375,173200.0
1998-04-30T00:00:00.000000000,35.375,36.1875,35.375,36.0,171700.0
1998-05-01T00:00:00.000000000,36.0,36.125,35.3125,35.875,149500.0
1998-05-04T00:00:00.000000000,36.0,36.0,35.0625,35.5,214900.0
1998-05-05T00:00:00.000000000,35.25,35.625,35.0625,35.375,213500.0
1998-05-06T00:00:00.000000000,35.25,35.4375,35.25,35.4375,122700.0
1998-05-07T00:00:00.000000000,35.25,35.3125,34.5625,34.875,343800.0
1998-05-08T00:00:00.000000000,34.9375,35.1875,34.75,35.0,301800.0
1998-05-11T00:00:00.000000000,34.75,35.25,34.75,35.0625,214900.0
1998-05-12T00:00:00.000000000,34.9375,35.25,34.6875,35.1875,139400.0
1998-05-13T00:00:00.000000000,35.3125,35.625,34.9375,35.3125,144500.0
1998-05-14T00:00:00.000000000,35.125,35.1875,34.75,34.8125,171200.0
1998-05-15T00:00:00.000000000,34.6875,34.75,34.25,34.375,253000.0
1998-05-18T00:00:00.000000000,34.3125,34.75,34.1875,34.75,168300.0
1998-05-19T00:00:00.000000000,34.625,34.75,34.375,34.6875,145700.0
1998-05-20T00:00:00.000000000,34.625,35.4375,34.375,35.4375,376600.0
1998-05-21T00:00:00.000000000,35.5,35.75,35.0625,35.75,275700.0
1998-05-22T00:00:00.000000000,35.5,35.75,35.3125,35.5,154300.0
1998-05-26T00:00:00.000000000,35.5625,35.625,35.0625,35.375,246800.0
1998-05-27T00:00:00.000000000,35.375,35.375,34.1875,34.4375,292600.0
1998-05-28T00:00:00.000000000,34.375,34.4375,33.9375,34.3125,236400.0
1998-05-29T00:00:00.000000000,34.3125,34.3125,33.9375,33.9375,214700.0
1998-06-01T00:00:00.000000000,33.6875,34.5,33.5,34.3125,202700.0
1998-06-02T00:00:00.000000000,34.75,34.75,34.0625,34.125,241500.0
1998-06-03T00:00:00.000000000,33.9375,34.1875,33.6875,33.8125,527000.0
1998-06-04T00:00:00.000000000,33.8125,34.0,33.5,34.0,314200.0
1998-06-05T00:00:00.000000000,34.125,34.4375,33.75,34.375,163800.0
1998-06-08T00:00:00.000000000,34.375,34.5625,34.125,34.5,197400.0
1998-06-09T00:00:00.000000000,34.5,34.625,34.1875,34.5,229500.0
1998-06-10T00:00:00.000000000,34.5,34.75,33.9375,34.125,302400.0
1998-06-11T00:00:00.000000000,34.125,34.25,33.5,33.5625,208000.0
1998-06-12T00:00:00.000000000,33.125,34.0625,33.125,34.0625,239500.0
1998-06-15T00:00:00.000000000,34.0,34.125,33.75,33.9375,271000.0
1998-06-16T00:00:00.000000000,33.75,33.9375,33.0625,33.8125,396600.0
1998-06-17T00:00:00.000000000,33.625,34.125,33.5625,34.125,273800.0
1998-06-18T00:00:00.000000000,34.0625,34.125,33.3125,33.625,247100.0
1998-06-19T00:00:00.000000000,33.3125,33.4375,32.75,33.1875,529900.0
1998-06-22T00:00:00.000000000,33.4375,33.4375,32.75,33.1875,234900.0
1998-06-23T00:00:00.000000000,33.4375,33.875,33.25,33.5,392500.0
1998-06-24T00:00:00.000000000,33.75,34.375,33.5625,34.0,373700.0
1998-06-25T00:00:00.000000000,34.25,34.25,33.25,33.625,262900.0
1998-06-26T00:00:00.000000000,33.75,33.9375,33.5,33.8125,448200.0
1998-06-29T00:00:00.000000000,34.0625,34.75,34.0,34.625,299000.0
1998-06-30T00:00:00.000000000,34.75,34.75,34.375,34.5625,260800.0
1998-07-01T00:00:00.000000000,34.5,34.625,34.0625,34.4375,339000.0
1998-07-02T00:00:00.000000000,34.5625,34.75,34.375,34.75,150000.0
1998-07-06T00:00:00.000000000,34.875,35.25,34.75,35.0625,137300.0
1998-07-07T00:00:00.000000000,35.1875,35.1875,34.75,34.9375,171200.0
1998-07-08T00:00:00.000000000,35.125,35.125,34.5,35.125,202800.0
1998-07-09T00:00:00.000000000,34.9375,35.0625,34.5625,35.0625,169300.0
1998-07-10T00:00:00.000000000,34.8125,35.25,34.5,35.0625,274100.0
1998-07-13T00:00:00.000000000,35.0625,35.125,34.625,35.0,135900.0
1998-07-14T00:00:00.000000000,35.0,35.5,34.875,35.5,257100.0
1998-07-15T00:00:00.000000000,35.375,35.375,34.875,34.9375,165200.0
1998-07-16T00:00:00.000000000,34.9375,35.25,34.8125,35.25,201400.0
1998-07-17T00:00:00.000000000,35.3125,35.3125,34.9375,35.125,164000.0
1998-07-20T00:00:00.000000000,35.0,35.25,34.875,35.0,206000.0
1998-07-21T00:00:00.000000000,35.125,35.25,34.9375,35.0625,149300.0
1998-07-22T00:00:00.000000000,35.1875,35.25,34.8125,35.125,168200.0
1998-07-23T00:00:00.000000000,35.125,35.1875,34.875,34.9375,227600.0
1998-07-24T00:00:00.000000000,34.875,35.25,34.875,35.125,242900.0
1998-07-27T00:00:00.000000000,35.125,35.25,34.75,34.75,656500.0
1998-07-28T00:00:00.000000000,34.75,34.75,34.3125,34.75,1162500.0
1998-07-29T00:00:00.000000000,34.75,34.875,34.4375,34.75,521600.0
1998-07-30T00:00:00.000000000,34.6875,34.875,34.5,34.75,1055900.0
1998-07-31T00:00:00.000000000,34.6875,34.875,34.25,34.6875,270300.0
1998-08-03T00:00:00.000000000,34.5625,34.75,34.3125,34.375,564600.0
1998-08-04T00:00:00.000000000,34.375,34.5625,33.6875,33.75,430900.0
1998-08-05T00:00:00.000000000,33.5,34.1875,33.5,34.1875,296500.0
1998-08-06T00:00:00.000000000,34.25,34.4375,33.9375,34.125,427600.0
1998-08-07T00:00:00.000000000,33.875,33.9375,33.25,33.9375,329900.0
1998-08-10T00:00:00.000000000,33.9375,33.9375,33.5,33.6875,171700.0
1998-08-11T00:00:00.000000000,33.5,34.0625,32.8125,33.0,359500.0
1998-08-12T00:00:00.000000000,32.9375,33.4375,32.8125,33.4375,167700.0
1998-08-13T00:00:00.000000000,33.4375,33.625,32.8125,32.875,221800.0
1998-08-14T00:00:00.000000000,33.0,33.0,32.5,32.75,225000.0
1998-08-17T00:00:00.000000000,32.3125,32.9375,32.0,32.8125,230500.0
1998-08-18T00:00:00.000000000,32.6875,33.0,32.3125,32.875,198100.0
1998-08-19T00:00:00.000000000,32.875,32.875,32.1875,32.4375,414300.0
1998-08-20T00:00:00.000000000,32.4375,32.4375,32.0625,32.25,219400.0
1998-08-21T00:00:00.000000000,32.1875,32.25,31.75,32.0,242000.0
1998-08-24T00:00:00.000000000,32.4375,32.75,32.0,32.6875,203300.0
1998-08-25T00:00:00.000000000,32.875,33.0,32.375,32.625,244600.0
1998-08-26T00:00:00.000000000,32.875,32.9375,32.375,32.625,170500.0
1998-08-27T00:00:00.000000000,32.375,32.9375,32.375,32.5625,304900.0
1998-08-28T00:00:00.000000000,32.5625,32.8125,32.0625,32.1875,359000.0
1998-08-31T00:00:00.000000000,32.4375,32.625,31.25,31.3125,226000.0
1998-09-01T00:00:00.000000000,31.125,32.625,30.125,32.5,455000.0
1998-09-02T00:00:00.000000000,32.4375,32.4375,31.625,31.75,386600.0
1998-09-03T00:00:00.000000000,31.625,31.625,30.75,30.875,260600.0
1998-09-04T00:00:00.000000000,31.125,31.125,30.25,31.0,159400.0
1998-09-08T00:00:00.000000000,30.75,32.0625,30.3125,32.0625,295200.0
1998-09-09T00:00:00.000000000,32.0625,32.0625,31.375,31.6875,163800.0
1998-09-10T00:00:00.000000000,31.6875,31.6875,30.25,30.5625,228100.0
1998-09-11T00:00:00.000000000,30.4375,32.0,30.3125,31.875,215700.0
1998-09-14T00:00:00.000000000,32.0,32.4375,31.9375,32.375,183100.0
1998-09-15T00:00:00.000000000,32.25,32.3125,31.75,32.25,155300.0
1998-09-16T00:00:00.000000000,32.25,32.25,31.25,31.875,378500.0
1998-09-17T00:00:00.000000000,31.875,31.875,31.125,31.375,232500.0
1998-09-18T00:00:00.000000000,31.625,31.8125,31.0625,31.5,430600.0
1998-09-21T00:00:00.000000000,31.5,31.9375,31.0,31.8125,201700.0
1998-09-22T00:00:00.000000000,31.8125,31.9375,31.375,31.8125,246300.0
1998-09-23T00:00:00.000000000,31.8125,31.8125,31.3125,31.8125,277600.0
1998-09-24T00:00:00.000000000,31.6875,31.8125,31.0625,31.25,254300.0
1998-09-25T00:00:00.000000000,31.1875,31.1875,30.5,30.625,424800.0
1998-09-28T00:00:00.000000000,30.625,30.9375,30.1875,30.8125,397100.0
1998-09-29T00:00:00.000000000,30.9375,30.9375,30.25,30.75,151400.0
1998-09-30T00:00:00.000000000,30.75,30.75,29.875,30.0625,264500.0
1998-10-01T00:00:00.000000000,30.0,30.3125,29.8125,29.875,358400.0
1998-10-02T00:00:00.000000000,30.0,30.5,29.4375,30.3125,330600.0
1998-10-05T00:00:00.000000000,29.75,30.25,29.5,29.875,266400.0
1998-10-06T00:00:00.000000000,30.0625,30.4375,29.625,29.9375,320200.0
1998-10-07T00:00:00.000000000,29.875,30.625,29.5625,30.0,183600.0
1998-10-08T00:00:00.000000000,29.25,29.625,28.875,29.375,292700.0
1998-10-09T00:00:00.000000000,29.25,29.5625,28.25,29.4375,487700.0
1998-10-12T00:00:00.000000000,29.4375,29.9375,29.0,29.5625,232100.0
1998-10-13T00:00:00.000000000,29.8125,30.375,29.3125,29.5,192200.0
1998-10-14T00:00:00.000000000,29.5625,30.0,29.125,29.875,209200.0
1998-10-15T00:00:00.000000000,29.75,31.125,29.25,31.0,202500.0
1998-10-16T00:00:00.000000000,31.5,31.5,30.3125,30.9375,240000.0
1998-10-19T00:00:00.000000000,31.0,31.0625,30.625,30.8125,222200.0
1998-10-20T00:00:00.000000000,30.875,31.5625,30.8125,31.0625,256400.0
1998-10-21T00:00:00.000000000,30.9375,31.6875,30.6875,31.375,286600.0
1998-10-22T00:00:00.000000000,31.1875,31.5,31.0,31.4375,416200.0
1998-10-23T00:00:00.000000000,31.1875,31.5625,31.0,31.0625,231000.0
1998-10-26T00:00:00.000000000,31.0,31.25,30.6875,31.0625,283100.0
1998-10-27T00:00:00.000000000,31.0,31.3125,30.6875,30.75,299600.0
1998-10-28T00:00:00.000000000,30.9375,30.9375,30.4375,30.8125,143300.0
1998-10-29T00:00:00.000000000,30.625,30.875,30.375,30.8125,150800.0
1998-10-30T00:00:00.000000000,31.0,31.5,31.0,31.5,184800.0
1998-11-02T00:00:00.000000000,32.125,32.75,31.5,32.5625,363900.0
1998-11-03T00:00:00.000000000,32.3125,32.5,32.125,32.375,199300.0
1998-11-04T00:00:00.000000000,32.625,33.1875,32.0,32.375,176600.0
1998-11-05T00:00:00.000000000,32.5625,33.25,32.3125,33.25,196300.0
1998-11-06T00:00:00.000000000,33.5,33.75,32.8125,32.875,274800.0
1998-11-09T00:00:00.000000000,32.875,32.875,31.8125,32.5625,288800.0
1998-11-10T00:00:00.000000000,32.5625,32.75,32.1875,32.5625,251200.0
1998-11-11T00:00:00.000000000,32.75,32.75,31.6875,32.0625,151600.0
1998-11-12T00:00:00.000000000,32.0625,32.375,31.75,32.1875,174100.0
1998-11-13T00:00:00.000000000,32.4375,32.875,32.1875,32.6875,153500.0
1998-11-16T00:00:00.000000000,32.9375,33.0625,32.4375,32.75,212300.0
1998-11-17T00:00:00.000000000,32.5625,33.25,32.375,32.5625,234400.0
1998-11-18T00:00:00.000000000,32.5625,33.0625,32.375,33.0625,148200.0
1998-11-19T00:00:00.000000000,33.0625,33.3125,32.9375,33.125,126100.0
1998-11-20T00:00:00.000000000,33.375,33.375,32.75,33.1875,277800.0
1998-11-23T00:00:00.000000000,33.375,33.625,33.0,33.5,157700.0
1998-11-24T00:00:00.000000000,33.5,33.875,33.125,33.375,234000.0
1998-11-25T00:00:00.000000000,33.625,33.9375,33.125,33.3125,183900.0
1998-11-27T00:00:00.000000000,33.125,33.375,33.125,33.25,52200.0
1998-11-30T00:00:00.000000000,33.1875,33.625,32.8125,32.9375,161400.0
1998-12-01T00:00:00.000000000,32.9375,33.75,32.9375,33.75,287000.0
1998-12-02T00:00:00.000000000,33.25,33.4375,30.8125,31.75,640000.0
1998-12-03T00:00:00.000000000,31.625,31.75,31.0625,31.375,445300.0
1998-12-04T00:00:00.000000000,31.5,32.375,31.5,32.0,391100.0
1998-12-07T00:00:00.000000000,32.0,32.125,31.0625,32.125,221300.0
1998-12-08T00:00:00.000000000,32.125,32.125,31.0625,31.5625,279000.0
1998-12-09T00:00:00.000000000,31.75,31.8125,31.1875,31.5,227700.0
1998-12-10T00:00:00.000000000,31.75,31.9375,31.0,31.4375,218900.0
1998-12-11T00:00:00.000000000,31.5625,31.8125,30.9375,31.8125,181500.0
1998-12-14T00:00:00.000000000,31.9375,32.5625,31.875,32.375,473300.0
1998-12-15T00:00:00.000000000,32.0,32.4375,31.3125,31.875,514200.0
1998-12-16T00:00:00.000000000,31.875,31.875,31.3125,31.625,176300.0
1998-12-17T00:00:00.000000000,31.5,31.875,31.25,31.875,189000.0
1998-12-18T00:00:00.000000000,31.8125,31.9375,31.375,31.8125,258200.0
1998-12-21T00:00:00.000000000,31.5625,32.0,31.4375,31.625,174200.0
1998-12-22T00:00:00.000000000,31.6875,31.6875,31.375,31.5,239500.0
1998-12-23T00:00:00.000000000,31.5,32.25,31.5,32.1875,267500.0
1998-12-24T00:00:00.000000000,32.4375,32.4375,31.875,32.3125,109600.0
1998-12-28T00:00:00.000000000,32.375,32.8125,32.0,32.4375,273300.0
1998-12-29T00:00:00.000000000,32.6875,32.875,32.125,32.875,195500.0
1998-12-30T00:00:00.000000000,32.75,33.0625,32.5,33.0625,179200.0
1998-12-31T00:00:00.000000000,33.0,33.4375,32.875,33.4375,180000.0
1999-01-04T00:00:00.000000000,33.75,33.8125,32.625,33.1875,537500.0
1999-01-05T00:00:00.000000000,33.375,33.625,32.5,32.75,413600.0
1999-01-06T00:00:00.000000000,33.0,33.25,32.3125,33.25,341000.0
1999-01-07T00:00:00.000000000,33.0,33.0625,31.6875,32.1875,527800.0
1999-01-08T00:00:00.000000000,32.4375,32.5,31.875,32.5,259800.0
1999-01-11T00:00:00.000000000,32.25,32.4375,31.375,32.3125,475800.0
1999-01-12T00:00:00.000000000,32.5625,32.5625,32.0,32.5625,386600.0
1999-01-13T00:00:00.000000000,32.1875,32.6875,31.4375,31.6875,502400.0
1999-01-14T00:00:00.000000000,31.625,32.0625,31.5,31.625,340300.0
1999-01-15T00:00:00.000000000,32.0,32.375,31.75,32.3125,384000.0
1999-01-19T00:00:00.000000000,32.4375,32.4375,31.5,32.0625,223200.0
1999-01-20T00:00:00.000000000,32.3125,32.3125,31.6875,32.0,275200.0
1999-01-21T00:00:00.000000000,32.125,32.125,31.3125,31.75,193700.0
1999-01-22T00:00:00.000000000,31.625,31.875,31.125,31.4375,204700.0
1999-01-25T00:00:00.000000000,31.6875,32.25,31.1875,31.9375,450800.0
1999-01-26T00:00:00.000000000,31.9375,32.25,31.5,32.1875,334200.0
1999-01-27T00:00:00.000000000,32.25,32.25,31.125,31.3125,338000.0
1999-01-28T00:00:00.000000000,31.0625,32.0625,31.0,31.9375,324000.0
1999-01-29T00:00:00.000000000,32.0,32.0,31.125,31.875,184700.0
1999-02-01T00:00:00.000000000,31.9375,31.9375,31.0,31.1875,197200.0
1999-02-02T00:00:00.000000000,31.375,31.9375,30.5625,31.625,387800.0
1999-02-03T00:00:00.000000000,31.75,31.875,31.1875,31.75,299500.0
1999-02-04T00:00:00.000000000,31.75,31.75,30.875,31.125,178900.0
1999-02-05T00:00:00.000000000,31.125,31.875,31.0625,31.875,394700.0
1999-02-08T00:00:00.000000000,31.75,31.875,30.75,31.1875,289000.0
1999-02-09T00:00:00.000000000,31.0625,31.4375,30.625,31.0,362400.0
1999-02-10T00:00:00.000000000,31.25,31.375,31.0,31.0625,323800.0
1999-02-11T00:00:00.000000000,31.0,31.25,31.0,31.0625,282000.0
1999-02-12T00:00:00.000000000,31.0,31.25,30.75,31.0625,327100.0
1999-02-16T00:00:00.000000000,31.0625,31.5,30.1875,30.25,218400.0
1999-02-17T00:00:00.000000000,29.625,30.6875,29.625,30.5625,534200.0
1999-02-18T00:00:00.000000000,30.6875,30.875,30.0,30.1875,287700.0
1999-02-19T00:00:00.000000000,30.0,30.8125,29.75,30.625,360300.0
1999-02-22T00:00:00.000000000,30.6875,31.75,30.625,31.4375,355200.0
1999-02-23T00:00:00.000000000,31.1875,31.3125,30.0625,30.875,269800.0
1999-02-24T00:00:00.000000000,30.625,30.875,30.125,30.3125,332700.0
1999-02-25T00:00:00.000000000,30.3125,30.4375,29.375,30.125,309500.0
1999-02-26T00:00:00.000000000,30.3125,30.4375,29.625,29.9375,343100.0
1999-03-01T00:00:00.000000000,29.875,30.0625,29.625,29.875,385800.0
1999-03-02T00:00:00.000000000,29.875,30.0625,29.75,29.875,416700.0
1999-03-03T00:00:00.000000000,29.5625,30.125,29.125,30.0625,322200.0
1999-03-04T00:00:00.000000000,30.125,30.625,30.0,30.1875,368300.0
1999-03-05T00:00:00.000000000,30.25,30.375,29.875,30.1875,319500.0
1999-03-08T00:00:00.000000000,30.0625,31.375,30.0,31.375,492600.0
1999-03-09T00:00:00.000000000,31.4375,31.6875,29.75,29.8125,398500.0
1999-03-10T00:00:00.000000000,30.4375,30.5625,29.8125,30.125,344900.0
1999-03-11T00:00:00.000000000,30.3125,30.625,30.25,30.4375,251000.0
1999-03-12T00:00:00.000000000,30.4375,30.8125,30.0625,30.8125,272100.0
1999-03-15T00:00:00.000000000,30.8125,30.875,29.75,29.9375,322900.0
1999-03-16T00:00:00.000000000,30.125,30.4375,29.875,30.0625,194900.0
1999-03-17T00:00:00.000000000,30.25,30.4375,29.8125,30.0,186500.0
1999-03-18T00:00:00.000000000,30.4375,30.5,29.9375,30.4375,212000.0
1999-03-19T00:00:00.000000000,30.6875,30.6875,30.0,30.0,564000.0
1999-03-22T00:00:00.000000000,30.0,30.0625,29.5,29.875,474500.0
1999-03-23T00:00:00.000000000,30.0,30.125,29.125,29.125,600500.0
1999-03-24T00:00:00.000000000,29.125,29.125,28.5,29.0,732000.0
1999-03-25T00:00:00.000000000,29.1875,29.1875,28.625,28.75,417400.0
1999-03-26T00:00:00.000000000,28.5,28.625,28.125,28.1875,706600.0
1999-03-29T00:00:00.000000000,28.4375,28.6875,27.875,28.0625,701700.0
1999-03-30T00:00:00.000000000,27.9375,28.625,27.8125,28.5625,327500.0
1999-03-31T00:00:00.000000000,28.5625,28.9375,28.5625,28.8125,217700.0
1999-04-01T00:00:00.000000000,28.625,29.25,28.3125,28.6875,385700.0
1999-04-05T00:00:00.000000000,28.9375,29.625,28.9375,29.3125,499900.0
1999-04-06T00:00:00.000000000,29.125,29.4375,28.9375,29.125,182500.0
1999-04-07T00:00:00.000000000,29.125,29.375,29.125,29.25,166600.0
1999-04-08T00:00:00.000000000,29.25,29.4375,28.0625,29.125,641300.0
1999-04-09T00:00:00.000000000,29.375,29.6875,29.125,29.3125,228600.0
1999-04-12T00:00:00.000000000,29.0625,29.9375,29.0625,29.9375,230900.0
1999-04-13T00:00:00.000000000,30.0,30.25,29.75,30.0,266800.0
1999-04-14T00:00:00.000000000,29.875,30.375,29.625,30.125,220800.0
1999-04-15T00:00:00.000000000,30.375,31.0625,30.375,30.9375,400500.0
1999-04-16T00:00:00.000000000,31.1875,31.625,31.0,31.5625,426500.0
1999-04-19T00:00:00.000000000,31.5625,32.75,31.4375,32.4375,425700.0
1999-04-20T00:00:00.000000000,32.875,33.0,32.0,32.1875,525200.0
1999-04-21T00:00:00.000000000,31.875,32.3125,31.5625,32.0,316800.0
1999-04-22T00:00:00.000000000,32.25,32.25,31.1875,31.625,372500.0
1999-04-23T00:00:00.000000000,31.625,32.0,31.5,31.625,270900.0
1999-04-26T00:00:00.000000000,31.5,32.25,31.25,31.9375,232400.0
1999-04-27T00:00:00.000000000,32.375,32.5,31.5625,31.875,393400.0
1999-04-28T00:00:00.000000000,31.875,32.8125,31.75,32.375,376400.0
1999-04-29T00:00:00.000000000,31.875,32.0,29.375,29.4375,812100.0
1999-04-30T00:00:00.000000000,30.125,30.875,30.0,30.0,434100.0
1999-05-03T00:00:00.000000000,30.0,31.9375,30.0,31.9375,717100.0
1999-05-04T00:00:00.000000000,31.8125,31.875,30.8125,31.25,484300.0
1999-05-05T00:00:00.000000000,31.375,31.625,31.3125,31.5,294400.0
1999-05-06T00:00:00.000000000,31.5,31.8125,31.25,31.8125,386300.0
1999-05-07T00:00:00.000000000,31.6875,32.3125,31.4375,32.25,623900.0
1999-05-10T00:00:00.000000000,32.0,32.1875,31.8125,32.0625,590300.0
1999-05-11T00:00:00.000000000,32.0,32.9375,32.0,32.4375,805700.0
1999-05-12T00:00:00.000000000,32.5,32.75,32.25,32.625,540800.0
1999-05-13T00:00:00.000000000,32.6875,32.8125,32.375,32.4375,530000.0
1999-05-14T00:00:00.000000000,32.375,32.4375,31.9375,31.9375,556200.0
1999-05-17T00:00:00.000000000,31.9375,32.0,31.5,31.9375,566000.0
1999-05-18T00:00:00.000000000,31.8125,32.25,31.8125,32.125,359300.0
1999-05-19T00:00:00.000000000,32.125,32.25,32.0,32.1875,246700.0
1999-05-20T00:00:00.000000000,32.0625,32.25,31.875,32.125,360600.0
1999-05-21T00:00:00.000000000,32.375,32.5,32.125,32.4375,408200.0
1999-05-24T00:00:00.000000000,32.5,33.0,32.375,32.5625,319800.0
1999-05-25T00:00:00.000000000,32.6875,33.1875,32.625,32.75,598700.0
1999-05-26T00:00:00.000000000,32.875,33.25,32.875,33.125,317300.0
1999-05-27T00:00:00.000000000,33.125,33.5,33.125,33.375,376900.0
1999-05-28T00:00:00.000000000,33.5,33.8125,33.4375,33.6875,266800.0
1999-06-01T00:00:00.000000000,33.5625,34.4375,33.5625,34.3125,373400.0
1999-06-02T00:00:00.000000000,34.4375,34.4375,33.75,34.1875,309000.0
1999-06-03T00:00:00.000000000,34.125,34.25,33.875,34.0,315000.0
1999-06-04T00:00:00.000000000,33.875,34.375,33.8125,33.9375,289100.0
1999-06-07T00:00:00.000000000,33.875,34.4375,33.8125,34.4375,277300.0
1999-06-08T00:00:00.000000000,34.3125,34.625,34.1875,34.5,243700.0
1999-06-09T00:00:00.000000000,34.5,34.75,33.5625,33.75,271600.0
1999-06-10T00:00:00.000000000,33.625,33.9375,33.4375,33.8125,177200.0
1999-06-11T00:00:00.000000000,33.75,34.25,33.375,33.625,142900.0
1999-06-14T00:00:00.000000000,33.6875,33.9375,33.625,33.9375,146800.0
1999-06-15T00:00:00.000000000,33.875,34.5,33.875,34.0625,267200.0
1999-06-16T00:00:00.000000000,34.1875,34.625,34.1875,34.375,142600.0
1999-06-17T00:00:00.000000000,34.3125,34.9375,34.125,34.9375,179800.0
1999-06-18T00:00:00.000000000,34.6875,34.875,33.8125,34.125,310400.0
1999-06-21T00:00:00.000000000,34.25,34.875,34.1875,34.875,170900.0
1999-06-22T00:00:00.000000000,34.75,35.25,34.6875,34.9375,286300.0
1999-06-23T00:00:00.000000000,34.6875,34.75,33.5625,34.0,206300.0
1999-06-24T00:00:00.000000000,34.0,34.25,33.625,33.8125,255400.0
1999-06-25T00:00:00.000000000,34.0,34.1875,33.75,34.0,135600.0
1999-06-28T00:00:00.000000000,34.25,34.5625,34.0,34.375,144300.0
1999-06-29T00:00:00.000000000,34.125,34.3125,33.6875,34.0,137200.0
1999-06-30T00:00:00.000000000,34.25,35.0,34.0,35.0,259800.0
1999-07-01T00:00:00.000000000,34.875,34.875,33.75,34.5625,214300.0
1999-07-02T00:00:00.000000000,35.0,35.75,34.8125,35.75,266800.0
1999-07-06T00:00:00.000000000,35.5,35.5,34.75,35.125,258500.0
1999-07-07T00:00:00.000000000,35.25,35.375,34.9375,35.125,250200.0
1999-07-08T00:00:00.000000000,35.0,35.3125,35.0,35.25,208800.0
1999-07-09T00:00:00.000000000,35.125,35.25,35.0,35.1875,129800.0
1999-07-12T00:00:00.000000000,35.0,35.4375,34.75,35.4375,243800.0
1999-07-13T00:00:00.000000000,35.25,35.3125,34.875,34.9375,220500.0
1999-07-14T00:00:00.000000000,34.875,35.0,34.4375,34.5625,143200.0
1999-07-15T00:00:00.000000000,34.625,34.9375,34.25,34.5625,181300.0
1999-07-16T00:00:00.000000000,34.625,34.625,34.1875,34.4375,296100.0
1999-07-19T00:00:00.000000000,34.1875,34.4375,33.875,34.125,288900.0
1999-07-20T00:00:00.000000000,34.125,34.1875,33.625,33.8125,230700.0
1999-07-21T00:00:00.000000000,33.8125,34.0,33.375,33.6875,167500.0
1999-07-22T00:00:00.000000000,33.4375,33.5625,32.625,33.25,245100.0
1999-07-23T00:00:00.000000000,33.375,33.5,32.75,32.9375,203800.0
1999-07-26T00:00:00.000000000,32.875,33.6875,32.875,33.25,181400.0
1999-07-27T00:00:00.000000000,33.0625,33.75,33.0625,33.625,150700.0
1999-07-28T00:00:00.000000000,33.375,33.375,32.4375,32.6875,270000.0
1999-07-29T00:00:00.000000000,32.5,32.5,31.875,32.0,299500.0
1999-07-30T00:00:00.000000000,32.0,32.125,31.0,31.0625,406400.0
1999-08-02T00:00:00.000000000,31.3125,31.75,31.0625,31.3125,417600.0
1999-08-03T00:00:00.000000000,31.375,31.625,31.125,31.4375,189500.0
1999-08-04T00:00:00.000000000,31.4375,31.5,30.625,30.6875,235000.0
1999-08-05T00:00:00.000000000,30.75,30.75,30.0,30.25,479700.0
1999-08-06T00:00:00.000000000,30.3125,30.4375,30.0,30.1875,166400.0
1999-08-09T00:00:00.000000000,30.1875,30.375,29.875,30.0,165100.0
1999-08-10T00:00:00.000000000,30.1875,30.4375,29.25,29.25,447200.0
1999-08-11T00:00:00.000000000,29.375,29.75,29.3125,29.625,251800.0
1999-08-12T00:00:00.000000000,29.75,29.75,28.8125,29.0625,267700.0
1999-08-13T00:00:00.000000000,29.25,29.3125,29.0,29.3125,176600.0
1999-08-16T00:00:00.000000000,29.375,29.625,29.25,29.625,170700.0
1999-08-17T00:00:00.000000000,29.625,29.8125,29.375,29.5,157900.0
1999-08-18T00:00:00.000000000,29.75,29.75,29.4375,29.5625,197300.0
1999-08-19T00:00:00.000000000,29.3125,29.375,28.6875,29.0625,279200.0
1999-08-20T00:00:00.000000000,29.3125,29.375,29.0,29.3125,176300.0
1999-08-23T00:00:00.000000000,29.375,29.8125,29.125,29.3125,216400.0
1999-08-24T00:00:00.000000000,29.3125,29.375,28.8125,29.25,185100.0
1999-08-25T00:00:00.000000000,29.375,29.5,29.0625,29.4375,227900.0
1999-08-26T00:00:00.000000000,29.375,29.875,29.3125,29.3125,172600.0
1999-08-27T00:00:00.000000000,29.25,29.5625,28.6875,29.0,387700.0
1999-08-30T00:00:00.000000000,29.0,29.125,28.25,28.75,237900.0
1999-08-31T00:00:00.000000000,28.625,29.1875,28.1875,28.875,183600.0
1999-09-01T00:00:00.000000000,28.875,29.0,28.375,28.8125,192600.0
1999-09-02T00:00:00.000000000,28.75,28.9375,28.3125,28.5625,196100.0
1999-09-03T00:00:00.000000000,28.8125,29.375,28.8125,29.25,159700.0
1999-09-07T00:00:00.000000000,29.3125,29.3125,28.875,29.0625,104400.0
1999-09-08T00:00:00.000000000,28.9375,29.0,28.4375,28.9375,294400.0
1999-09-09T00:00:00.000000000,28.6875,29.0,28.4375,28.875,159100.0
1999-09-10T00:00:00.000000000,29.0,29.0,28.1875,28.375,157600.0
1999-09-13T00:00:00.000000000,28.625,28.625,28.0,28.25,288600.0
1999-09-14T00:00:00.000000000,28.25,28.25,27.375,27.5,460100.0
1999-09-15T00:00:00.000000000,27.75,28.1875,27.4375,27.4375,340700.0
1999-09-16T00:00:00.000000000,27.4375,27.75,27.25,27.375,329400.0
1999-09-17T00:00:00.000000000,27.375,27.4375,26.75,26.8125,578400.0
1999-09-20T00:00:00.000000000,26.625,27.25,26.125,26.5625,415000.0
1999-09-21T00:00:00.000000000,26.3125,26.375,25.875,26.0,362500.0
1999-09-22T00:00:00.000000000,26.125,27.1875,26.125,26.4375,261200.0
1999-09-23T00:00:00.000000000,26.3125,26.375,25.4375,26.0625,306100.0
1999-09-24T00:00:00.000000000,26.25,26.375,25.8125,26.125,251700.0
1999-09-27T00:00:00.000000000,26.125,26.3125,26.0625,26.1875,146000.0
1999-09-28T00:00:00.000000000,26.25,26.375,25.25,25.875,399700.0
1999-09-29T00:00:00.000000000,25.9375,26.375,25.625,25.9375,188800.0
1999-09-30T00:00:00.000000000,26.0625,26.625,26.0,26.5625,227200.0
1999-10-01T00:00:00.000000000,26.3125,26.375,25.625,26.1875,366600.0
1999-10-04T00:00:00.000000000,26.3125,26.875,26.0,26.25,194100.0
1999-10-05T00:00:00.000000000,26.0625,26.375,25.875,26.0,184800.0
1999-10-06T00:00:00.000000000,26.125,26.9375,25.9375,26.6875,228700.0
1999-10-07T00:00:00.000000000,26.625,26.8125,26.3125,26.4375,200400.0
1999-10-08T00:00:00.000000000,26.625,27.3125,26.5625,27.1875,276200.0
1999-10-11T00:00:00.000000000,27.125,27.5,26.75,27.3125,258000.0
1999-10-12T00:00:00.000000000,27.3125,27.3125,26.0,26.0,214600.0
1999-10-13T00:00:00.000000000,26.25,26.5,25.4375,25.4375,136400.0
1999-10-14T00:00:00.000000000,25.4375,26.125,25.4375,25.875,220500.0
1999-10-15T00:00:00.000000000,26.125,26.125,25.0,25.375,362100.0
1999-10-18T00:00:00.000000000,25.3125,25.5,24.375,24.6875,183400.0
1999-10-19T00:00:00.000000000,24.9375,25.5,24.8125,25.0,204900.0
1999-10-20T00:00:00.000000000,25.5,25.75,25.1875,25.25,196900.0
1999-10-21T00:00:00.000000000,25.1875,25.25,24.8125,25.125,192300.0
1999-10-22T00:00:00.000000000,25.5,26.125,25.3125,25.6875,194300.0
1999-10-25T00:00:00.000000000,25.5,26.125,25.25,25.8125,220900.0
1999-10-26T00:00:00.000000000,25.75,26.0625,25.125,25.375,201000.0
1999-10-27T00:00:00.000000000,25.25,25.9375,25.125,25.6875,247700.0
1999-10-28T00:00:00.000000000,26.5,26.5,25.75,26.0,303600.0
1999-10-29T00:00:00.000000000,26.0625,26.75,26.0,26.0625,333400.0
1999-11-01T00:00:00.000000000,26.125,26.6875,26.125,26.3125,485500.0
1999-11-02T00:00:00.000000000,26.3125,27.125,26.25,26.6875,347000.0
1999-11-03T00:00:00.000000000,26.6875,26.75,25.75,26.125,605100.0
1999-11-04T00:00:00.000000000,26.125,26.25,25.8125,26.0,319400.0
1999-11-05T00:00:00.000000000,26.125,26.625,26.0625,26.5625,239800.0
1999-11-08T00:00:00.000000000,27.0,27.0,26.0,26.375,395600.0
1999-11-09T00:00:00.000000000,26.375,26.8125,26.25,26.3125,171000.0
1999-11-10T00:00:00.000000000,26.25,26.5625,26.125,26.1875,395300.0
1999-11-11T00:00:00.000000000,26.25,26.875,26.25,26.5625,120600.0
1999-11-12T00:00:00.000000000,26.5625,27.0,26.25,26.25,238800.0
1999-11-15T00:00:00.000000000,26.25,26.875,26.125,26.125,398900.0
1999-11-16T00:00:00.000000000,26.375,26.9375,26.1875,26.9375,609700.0
1999-11-17T00:00:00.000000000,26.75,26.875,26.375,26.5,257000.0
1999-11-18T00:00:00.000000000,26.5,26.6875,26.125,26.1875,294100.0
1999-11-19T00:00:00.000000000,26.1875,26.25,25.8125,26.0,317800.0
1999-11-22T00:00:00.000000000,25.875,26.1875,25.5,26.0625,260600.0
1999-11-23T00:00:00.000000000,25.875,25.9375,25.25,25.5625,237500.0
1999-11-24T00:00:00.000000000,25.5,26.0625,25.4375,26.0,237100.0
1999-11-26T00:00:00.000000000,25.5,25.75,25.25,25.25,172500.0
1999-11-29T00:00:00.000000000,25.5,25.5,25.3125,25.3125,309500.0
1999-11-30T00:00:00.000000000,25.3125,25.8125,25.3125,25.75,257000.0
1999-12-01T00:00:00.000000000,25.5,25.6875,25.4375,25.5625,358900.0
1999-12-02T00:00:00.000000000,25.5625,25.9375,25.5,25.8125,300700.0
1999-12-03T00:00:00.000000000,25.875,26.25,25.8125,25.875,385600.0
1999-12-06T00:00:00.000000000,25.875,26.1875,25.875,26.125,706900.0
1999-12-07T00:00:00.000000000,26.125,26.25,25.875,25.9375,371200.0
1999-12-08T00:00:00.000000000,26.0,26.0625,25.5625,25.875,659600.0
1999-12-09T00:00:00.000000000,25.625,25.75,25.25,25.3125,475100.0
1999-12-10T00:00:00.000000000,25.3125,25.375,25.0,25.3125,340100.0
1999-12-13T00:00:00.000000000,25.5,25.5,25.0,25.28125,414300.0
1999-12-14T00:00:00.000000000,25.125,25.3125,24.3125,24.4375,434600.0
1999-12-15T00:00:00.000000000,24.25,24.875,23.875,24.0,431900.0
1999-12-16T00:00:00.000000000,23.8125,24.6875,23.8125,23.875,875700.0
1999-12-17T00:00:00.000000000,23.8125,24.3125,23.75,23.8125,759200.0
1999-12-20T00:00:00.000000000,24.125,24.1875,23.375,23.4375,634800.0
1999-12-21T00:00:00.000000000,23.3125,23.5,22.25,23.125,455900.0
1999-12-22T00:00:00.000000000,23.125,24.1875,23.125,23.875,644100.0
1999-12-23T00:00:00.000000000,24.1875,24.5,23.9375,24.1875,478700.0
1999-12-27T00:00:00.000000000,24.1875,25.125,24.1875,24.3125,483400.0
1999-12-28T00:00:00.000000000,24.875,25.4375,24.625,25.0625,454500.0
1999-12-29T00:00:00.000000000,25.0625,25.25,24.375,24.75,254800.0
1999-12-30T00:00:00.000000000,24.875,25.0,24.25,24.6875,248100.0
1999-12-31T00:00:00.000000000,24.4375,24.875,24.1875,24.8125,150500.0
2000-01-03T00:00:00.000000000,24.875,24.875,23.6875,24.0625,602300.0
2000-01-04T00:00:00.000000000,24.0,24.0625,23.5625,23.8125,397200.0
2000-01-05T00:00:00.000000000,23.8125,24.0,23.6875,23.6875,234900.0
2000-01-06T00:00:00.000000000,23.6875,24.0,23.5,23.6875,298400.0
2000-01-07T00:00:00.000000000,23.9375,25.375,23.9375,25.25,512400.0
2000-01-10T00:00:00.000000000,25.125,25.1875,24.25,24.9375,486800.0
2000-01-11T00:00:00.000000000,25.3125,25.375,24.375,24.5625,649500.0
2000-01-12T00:00:00.000000000,24.75,25.5,24.125,24.375,1105000.0
2000-01-13T00:00:00.000000000,24.4375,25.5625,24.125,24.9375,561900.0
2000-01-14T00:00:00.000000000,24.375,25.375,24.1875,24.75,510000.0
2000-01-18T00:00:00.000000000,24.875,25.1875,24.5625,24.8125,308400.0
2000-01-19T00:00:00.000000000,24.9375,25.5,24.6875,25.0625,321600.0
2000-01-20T00:00:00.000000000,25.125,25.125,24.0,24.3125,309400.0
2000-01-21T00:00:00.000000000,24.625,24.625,24.0625,24.1875,450800.0
2000-01-24T00:00:00.000000000,24.4375,24.75,24.0625,24.0625,250800.0
2000-01-25T00:00:00.000000000,24.125,24.625,23.625,23.6875,748600.0
2000-01-26T00:00:00.000000000,23.6875,23.6875,23.0,23.1875,849200.0
2000-01-27T00:00:00.000000000,23.3125,23.5,23.0,23.0,435400.0
2000-01-28T00:00:00.000000000,23.0625,23.25,22.6875,22.75,519100.0
2000-01-31T00:00:00.000000000,22.875,24.8125,22.8125,24.125,659400.0
2000-02-01T00:00:00.000000000,24.0,24.0625,22.75,23.0625,452300.0
2000-02-02T00:00:00.000000000,23.0625,23.25,22.8125,23.0,507000.0
2000-02-03T00:00:00.000000000,23.0,23.625,22.75,23.125,331000.0
2000-02-04T00:00:00.000000000,23.0625,23.3125,22.5,22.75,316800.0
2000-02-07T00:00:00.000000000,22.75,23.3125,22.5,22.9375,286700.0
2000-02-08T00:00:00.000000000,22.875,23.3125,22.75,22.75,352300.0
2000-02-09T00:00:00.000000000,22.75,22.9375,22.375,22.5,344900.0
2000-02-10T00:00:00.000000000,22.5,22.75,21.5625,22.125,523700.0
2000-02-11T00:00:00.000000000,22.125,22.5,21.375,21.625,439900.0
2000-02-14T00:00:00.000000000,21.6875,22.375,21.625,22.0625,425600.0
2000-02-15T00:00:00.000000000,22.1875,22.4375,21.8125,22.4375,363200.0
2000-02-16T00:00:00.000000000,22.375,22.625,22.25,22.3125,285200.0
2000-02-17T00:00:00.000000000,22.375,22.4375,22.25,22.3125,425800.0
2000-02-18T00:00:00.000000000,22.3125,22.4375,22.1875,22.375,582200.0
2000-02-22T00:00:00.000000000,22.5,22.6875,22.25,22.6875,409600.0
2000-02-23T00:00:00.000000000,22.4375,22.625,21.9375,22.0625,509900.0
2000-02-24T00:00:00.000000000,22.0625,22.125,21.5,21.8125,895500.0
2000-02-25T00:00:00.000000000,22.0,22.125,21.4375,21.75,449500.0
2000-02-28T00:00:00.000000000,22.0,22.25,21.5,22.0625,392200.0
2000-02-29T00:00:00.000000000,22.3125,22.6875,21.5625,22.5625,435100.0
2000-03-01T00:00:00.000000000,22.25,22.3125,21.25,21.9375,457500.0
2000-03-02T00:00:00.000000000,22.0,22.0625,21.3125,21.8125,562900.0
2000-03-03T00:00:00.000000000,21.625,22.0625,21.375,21.875,354100.0
2000-03-06T00:00:00.000000000,21.625,21.875,21.0,21.3125,569500.0
2000-03-07T00:00:00.000000000,21.0625,21.0625,20.125,20.3125,426200.0
2000-03-08T00:00:00.000000000,20.0625,20.9375,19.9375,20.75,505800.0
2000-03-09T00:00:00.000000000,20.75,20.75,20.5625,20.5625,415800.0
2000-03-10T00:00:00.000000000,20.5,20.9375,20.5,20.6875,492500.0
2000-03-13T00:00:00.000000000,20.5,21.5,20.4375,21.0625,536500.0
2000-03-14T00:00:00.000000000,21.0,21.0625,20.25,20.375,801300.0
2000-03-15T00:00:00.000000000,20.625,22.1875,20.5625,22.0,582300.0
2000-03-16T00:00:00.000000000,22.25,23.875,22.0625,23.375,744100.0
2000-03-17T00:00:00.000000000,24.125,24.125,23.1875,23.75,857400.0
2000-03-20T00:00:00.000000000,23.75,23.75,23.0625,23.3125,333500.0
2000-03-21T00:00:00.000000000,23.5,23.5625,23.0625,23.5,382500.0
2000-03-22T00:00:00.000000000,23.5,23.75,23.125,23.390625,476900.0
2000-03-23T00:00:00.000000000,23.5,24.25,23.3125,23.671875,359600.0
2000-03-24T00:00:00.000000000,23.5,23.5625,23.1875,23.25,788300.0
2000-03-27T00:00:00.000000000,23.1875,23.75,23.125,23.5,352300.0
2000-03-28T00:00:00.000000000,23.1875,23.625,23.125,23.25,337900.0
2000-03-29T00:00:00.000000000,23.125,23.4375,23.0625,23.25,400700.0
2000-03-30T00:00:00.000000000,23.25,23.75,23.0625,23.5625,317000.0
2000-03-31T00:00:00.000000000,23.3125,23.9375,23.25,23.875,341900.0
2000-04-03T00:00:00.000000000,23.875,24.3125,23.5625,24.1875,368400.0
2000-04-04T00:00:00.000000000,24.75,24.8125,23.3125,24.3125,504700.0
2000-04-05T00:00:00.000000000,24.5,24.5,24.0625,24.3125,357200.0
2000-04-06T00:00:00.000000000,24.5625,24.75,24.0,24.5,267200.0
2000-04-07T00:00:00.000000000,24.125,24.8125,23.9375,24.0,264100.0
2000-04-10T00:00:00.000000000,24.25,24.75,23.9375,24.25,233100.0
2000-04-11T00:00:00.000000000,24.375,25.25,24.0,25.125,468300.0
2000-04-12T00:00:00.000000000,25.0,25.5,24.125,24.6875,715300.0
2000-04-13T00:00:00.000000000,24.625,25.1875,24.5,24.5625,535200.0
2000-04-14T00:00:00.000000000,24.3125,24.75,23.75,23.9375,644700.0
2000-04-17T00:00:00.000000000,24.0,24.75,23.9375,24.5625,582100.0
2000-04-18T00:00:00.000000000,24.5625,24.75,24.125,24.75,250700.0
2000-04-19T00:00:00.000000000,24.5625,25.0,24.25,24.6875,342100.0
2000-04-20T00:00:00.000000000,25.0,25.0625,24.6875,24.75,321200.0
2000-04-24T00:00:00.000000000,25.0,25.4375,24.75,25.25,241100.0
2000-04-25T00:00:00.000000000,25.125,26.3125,25.125,26.25,414500.0
2000-04-26T00:00:00.000000000,26.125,26.5,25.9375,26.3125,499200.0
2000-04-27T00:00:00.000000000,26.4375,26.4375,26.0,26.0625,533500.0
2000-04-28T00:00:00.000000000,26.0625,26.4375,25.9375,26.25,500600.0
2000-05-01T00:00:00.000000000,26.0625,26.6875,26.0,26.4375,278700.0
2000-05-02T00:00:00.000000000,26.4375,26.625,26.1875,26.25,230000.0
2000-05-03T00:00:00.000000000,26.3125,26.375,25.9375,26.0625,364500.0
2000-05-04T00:00:00.000000000,26.25,26.625,25.875,26.0,333900.0
2000-05-05T00:00:00.000000000,26.125,26.25,25.5625,25.5625,280500.0
2000-05-08T00:00:00.000000000,25.625,26.25,25.375,25.9375,180100.0
2000-05-09T00:00:00.000000000,26.1875,26.1875,25.25,25.75,211100.0
2000-05-10T00:00:00.000000000,25.5,26.0,25.0,25.4375,232600.0
2000-05-11T00:00:00.000000000,25.375,25.8125,25.375,25.5,270700.0
2000-05-12T00:00:00.000000000,25.5,25.75,25.0625,25.625,403900.0
2000-05-15T00:00:00.000000000,25.4375,25.6875,25.3125,25.4375,191900.0
2000-05-16T00:00:00.000000000,25.1875,26.25,25.1875,25.9375,240100.0
2000-05-17T00:00:00.000000000,25.6875,25.6875,25.0625,25.3125,235500.0
2000-05-18T00:00:00.000000000,25.25,25.6875,25.0,25.125,494800.0
2000-05-19T00:00:00.000000000,24.875,25.1875,24.75,25.125,465600.0
2000-05-22T00:00:00.000000000,25.1875,25.5,25.0,25.0625,293100.0
2000-05-23T00:00:00.000000000,25.0625,25.3125,25.0,25.0,229900.0
2000-05-24T00:00:00.000000000,25.25,25.8125,25.125,25.4375,437700.0
2000-05-25T00:00:00.000000000,25.1875,25.3125,24.75,25.125,376800.0
2000-05-26T00:00:00.000000000,24.875,25.0,24.125,24.3125,404300.0
2000-05-30T00:00:00.000000000,24.3125,24.8125,24.3125,24.625,375900.0
2000-05-31T00:00:00.000000000,24.75,24.75,23.875,23.875,705300.0
2000-06-01T00:00:00.000000000,23.875,24.3125,23.875,24.25,512200.0
2000-06-02T00:00:00.000000000,24.375,24.5625,24.125,24.25,396100.0
2000-06-05T00:00:00.000000000,24.125,24.625,24.0625,24.1875,331900.0
2000-06-06T00:00:00.000000000,23.8125,24.25,23.3125,23.8125,759400.0
2000-06-07T00:00:00.000000000,23.5,23.625,23.0625,23.1875,371200.0
2000-06-08T00:00:00.000000000,23.125,23.4375,23.0,23.125,582500.0
2000-06-09T00:00:00.000000000,23.0,23.25,22.875,23.0,310200.0
2000-06-12T00:00:00.000000000,23.0,23.1875,22.8125,22.9375,300700.0
2000-06-13T00:00:00.000000000,22.75,23.25,22.75,23.125,291700.0
2000-06-14T00:00:00.000000000,23.1875,23.6875,23.0,23.1875,286000.0
2000-06-15T00:00:00.000000000,22.9375,23.25,22.6875,22.75,370100.0
2000-06-16T00:00:00.000000000,22.75,22.8125,21.875,22.125,641600.0
2000-06-19T00:00:00.000000000,22.0,22.0625,21.5625,21.625,490800.0
2000-06-20T00:00:00.000000000,21.625,21.6875,21.125,21.375,433900.0
2000-06-21T00:00:00.000000000,21.5,21.6875,21.0625,21.3125,386900.0
2000-06-22T00:00:00.000000000,21.25,21.375,21.0,21.125,426700.0
2000-06-23T00:00:00.000000000,21.375,21.4375,21.0,21.1875,387000.0
2000-06-26T00:00:00.000000000,21.0,21.5,20.6875,21.0,353200.0
2000-06-27T00:00:00.000000000,20.875,21.4375,20.5625,21.1875,359500.0
2000-06-28T00:00:00.000000000,21.0625,21.5,20.9375,21.078125,1103400.0
2000-06-29T00:00:00.000000000,20.8125,21.125,20.5,20.75,807600.0
2000-06-30T00:00:00.000000000,20.8125,21.1875,19.984375,20.0,1061100.0
2000-07-03T00:00:00.000000000,20.25,21.25,20.25,21.0,386100.0
2000-07-05T00:00:00.000000000,20.75,21.1875,20.75,21.0625,1033400.0
2000-07-06T00:00:00.000000000,21.0625,21.375,20.5,21.0625,384000.0
2000-07-07T00:00:00.000000000,21.375,21.875,21.125,21.4375,1045200.0
2000-07-10T00:00:00.000000000,21.5,21.8125,21.3125,21.625,661200.0
2000-07-11T00:00:00.000000000,21.5625,22.1875,21.4375,21.9375,878100.0
2000-07-12T00:00:00.000000000,21.5625,22.0625,21.5,21.8125,229300.0
2000-07-13T00:00:00.000000000,21.75,21.9375,21.4375,21.8125,247700.0
2000-07-14T00:00:00.000000000,21.875,22.0,21.6875,21.875,197900.0
2000-07-17T00:00:00.000000000,21.5,21.5625,21.25,21.4375,370300.0
2000-07-18T00:00:00.000000000,21.25,21.5625,21.0,21.25,454800.0
2000-07-19T00:00:00.000000000,21.3125,21.34375,20.875,20.875,290500.0
2000-07-20T00:00:00.000000000,20.8125,21.0625,20.6875,20.8125,301800.0
2000-07-21T00:00:00.000000000,20.75,20.9375,20.5625,20.625,567400.0
2000-07-24T00:00:00.000000000,20.875,21.375,20.875,21.0625,315000.0
2000-07-25T00:00:00.000000000,21.4375,21.5,20.625,20.75,703300.0
2000-07-26T00:00:00.000000000,20.625,21.0625,20.625,20.8125,477100.0
2000-07-27T00:00:00.000000000,20.5625,20.875,20.375,20.5,717700.0
2000-07-28T00:00:00.000000000,20.25,20.5,20.0625,20.125,345900.0
2000-07-31T00:00:00.000000000,20.5625,20.625,20.0,20.0625,674800.0
2000-08-01T00:00:00.000000000,20.25,20.5,20.0625,20.3125,433500.0
2000-08-02T00:00:00.000000000,20.5,20.5625,20.25,20.5,424100.0
2000-08-03T00:00:00.000000000,20.5,20.75,20.3125,20.3125,557300.0
2000-08-04T00:00:00.000000000,20.25,20.75,20.1875,20.5,543100.0
2000-08-07T00:00:00.000000000,20.6875,20.6875,20.375,20.5625,472500.0
2000-08-08T00:00:00.000000000,20.6875,21.125,20.5625,20.9375,461400.0
2000-08-09T00:00:00.000000000,20.8125,21.0,20.75,20.8125,289100.0
2000-08-10T00:00:00.000000000,20.9375,21.1875,20.875,21.0,342900.0
2000-08-11T00:00:00.000000000,21.0625,21.8125,21.0625,21.5625,556200.0
2000-08-14T00:00:00.000000000,21.6875,21.9375,21.5,21.8125,573500.0
2000-08-15T00:00:00.000000000,21.75,21.8125,21.25,21.375,252400.0
2000-08-16T00:00:00.000000000,21.375,21.4375,20.8125,21.375,344500.0
2000-08-17T00:00:00.000000000,21.125,21.5,21.0625,21.4375,201700.0
2000-08-18T00:00:00.000000000,21.25,21.5,21.0625,21.1875,324500.0
2000-08-21T00:00:00.000000000,21.3125,21.5,21.0625,21.375,310400.0
2000-08-22T00:00:00.000000000,21.5625,21.6875,21.0,21.5,699700.0
2000-08-23T00:00:00.000000000,21.4375,21.4375,20.75,20.875,434400.0
2000-08-24T00:00:00.000000000,20.9375,21.25,20.9375,21.0,251000.0
2000-08-25T00:00:00.000000000,21.0,21.125,20.8125,20.875,585500.0
2000-08-28T00:00:00.000000000,20.875,21.0,20.75,20.8125,448300.0
2000-08-29T00:00:00.000000000,20.75,20.875,20.5,20.625,495500.0
2000-08-30T00:00:00.000000000,20.625,20.75,20.5,20.5625,390600.0
2000-08-31T00:00:00.000000000,20.625,20.75,20.5,20.5625,416900.0
2000-09-01T00:00:00.000000000,20.5625,20.75,20.3125,20.375,255800.0
2000-09-05T00:00:00.000000000,20.75,21.0,20.6875,20.875,888100.0
2000-09-06T00:00:00.000000000,20.8125,21.0625,20.75,21.0,636600.0
2000-09-07T00:00:00.000000000,21.1875,21.25,20.875,20.9375,327700.0
2000-09-08T00:00:00.000000000,21.0,21.125,20.5,20.6875,355900.0
2000-09-11T00:00:00.000000000,20.8125,21.0625,20.5625,20.9375,396100.0
2000-09-12T00:00:00.000000000,20.9375,21.125,20.5625,20.8125,410900.0
2000-09-13T00:00:00.000000000,20.5625,21.0625,20.4375,20.5625,414600.0
2000-09-14T00:00:00.000000000,20.4375,20.4375,20.0625,20.1875,501700.0
2000-09-15T00:00:00.000000000,20.375,20.4375,19.875,19.9375,875400.0
2000-09-18T00:00:00.000000000,19.875,19.875,19.5625,19.6875,727800.0
2000-09-19T00:00:00.000000000,19.5625,19.625,18.9375,19.25,703100.0
2000-09-20T00:00:00.000000000,19.125,19.25,18.875,18.9375,419300.0
2000-09-21T00:00:00.000000000,18.25,19.125,18.25,19.0625,849800.0
2000-09-22T00:00:00.000000000,19.125,19.1875,18.75,18.9375,484600.0
2000-09-25T00:00:00.000000000,18.9375,19.4375,18.6875,18.8125,413800.0
2000-09-26T00:00:00.000000000,19.0,19.5,18.625,18.625,341900.0
2000-09-27T00:00:00.000000000,18.8125,19.1875,18.75,19.125,226900.0
2000-09-28T00:00:00.000000000,19.125,19.375,18.75,19.125,339000.0
2000-09-29T00:00:00.000000000,19.1875,19.4375,18.9375,19.0625,553200.0
2000-10-02T00:00:00.000000000,19.25,19.375,18.9375,19.0,686400.0
2000-10-03T00:00:00.000000000,19.125,19.9375,19.0,19.625,550600.0
2000-10-04T00:00:00.000000000,19.6875,20.1875,19.625,19.625,290300.0
2000-10-05T00:00:00.000000000,19.5625,20.0625,19.5625,19.8125,212000.0
2000-10-06T00:00:00.000000000,20.0,20.0,19.4375,19.5625,419500.0
2000-10-09T00:00:00.000000000,19.75,19.9375,19.5625,19.6875,181300.0
2000-10-10T00:00:00.000000000,19.75,19.875,19.5625,19.625,240700.0
2000-10-11T00:00:00.000000000,19.5625,20.0625,19.5625,19.75,592300.0
2000-10-12T00:00:00.000000000,19.6875,19.9375,19.4375,19.625,634800.0
2000-10-13T00:00:00.000000000,19.5,19.75,19.5,19.5625,534000.0
2000-10-16T00:00:00.000000000,19.6875,19.75,19.4375,19.5625,300800.0
2000-10-17T00:00:00.000000000,19.625,19.9375,19.1875,19.375,283300.0
2000-10-18T00:00:00.000000000,19.1875,19.5,18.625,19.125,460100.0
2000-10-19T00:00:00.000000000,19.3125,20.0,19.0625,19.875,265400.0
2000-10-20T00:00:00.000000000,19.625,20.0,19.5,19.6875,312300.0
2000-10-23T00:00:00.000000000,19.875,19.9375,19.5,19.5,289000.0
2000-10-24T00:00:00.000000000,19.5625,19.8125,19.5,19.8125,284000.0
2000-10-25T00:00:00.000000000,19.625,19.75,19.5,19.625,268600.0
2000-10-26T00:00:00.000000000,19.5625,20.0625,19.5625,19.8125,222700.0
2000-10-27T00:00:00.000000000,19.9375,20.0,19.5625,19.75,470600.0
2000-10-30T00:00:00.000000000,19.8125,20.6875,19.625,20.3125,609300.0
2000-10-31T00:00:00.000000000,20.5,21.375,20.3125,21.3125,438300.0
2000-11-01T00:00:00.000000000,21.4375,21.4375,20.8125,21.0625,251500.0
2000-11-02T00:00:00.000000000,20.625,21.4375,20.625,20.9375,527000.0
2000-11-03T00:00:00.000000000,20.875,21.3125,20.5625,20.875,552500.0
2000-11-06T00:00:00.000000000,21.0,21.4375,20.8125,21.125,236200.0
2000-11-07T00:00:00.000000000,20.875,21.1875,20.8125,20.9375,274900.0
2000-11-08T00:00:00.000000000,20.8125,21.125,20.625,20.875,400900.0
2000-11-09T00:00:00.000000000,20.875,20.9375,20.3125,20.5625,353400.0
2000-11-10T00:00:00.000000000,20.3125,20.5625,19.3125,19.375,884300.0
2000-11-13T00:00:00.000000000,19.5625,20.0,19.4375,19.5625,472900.0
2000-11-14T00:00:00.000000000,19.75,19.75,19.5,19.625,397300.0
2000-11-15T00:00:00.000000000,19.8125,19.9375,19.625,19.75,301200.0
2000-11-16T00:00:00.000000000,19.5625,19.6875,19.3125,19.5,389000.0
2000-11-17T00:00:00.000000000,19.25,20.0,19.25,19.6875,438900.0
2000-11-20T00:00:00.000000000,19.625,19.9375,19.0625,19.25,497900.0
2000-11-21T00:00:00.000000000,19.3125,19.5,19.125,19.125,380200.0
2000-11-22T00:00:00.000000000,19.0,19.125,18.8125,18.875,358300.0
2000-11-24T00:00:00.000000000,19.0625,19.375,19.0625,19.375,146300.0
2000-11-27T00:00:00.000000000,19.625,19.875,19.5,19.6875,325500.0
2000-11-28T00:00:00.000000000,19.625,19.875,19.125,19.125,459100.0
2000-11-29T00:00:00.000000000,19.1875,19.625,19.1875,19.375,347800.0
2000-11-30T00:00:00.000000000,19.5625,19.75,19.0,19.1875,408400.0
2000-12-01T00:00:00.000000000,19.25,19.8125,19.25,19.5,253900.0
2000-12-04T00:00:00.000000000,19.6875,20.5,19.6875,20.3125,444100.0
2000-12-05T00:00:00.000000000,20.5,20.625,19.9375,20.1875,532600.0
2000-12-06T00:00:00.000000000,20.0625,20.0625,19.6875,19.875,671600.0
2000-12-07T00:00:00.000000000,19.875,20.25,19.875,20.0625,772500.0
2000-12-08T00:00:00.000000000,20.0,20.375,19.875,20.25,511600.0
2000-12-11T00:00:00.000000000,20.5,20.5625,20.125,20.4375,434600.0
2000-12-12T00:00:00.000000000,20.4375,21.25,20.4375,21.125,677100.0
2000-12-13T00:00:00.000000000,21.125,21.3125,21.0,21.0625,443500.0
2000-12-14T00:00:00.000000000,21.0,21.5,20.9375,21.0,486100.0
2000-12-15T00:00:00.000000000,21.0,21.25,20.9375,21.0,723700.0
2000-12-18T00:00:00.000000000,21.0,22.0,21.0,21.75,585900.0
2000-12-19T00:00:00.000000000,21.75,23.0,21.6875,22.5625,719300.0
2000-12-20T00:00:00.000000000,22.625,22.9375,22.125,22.5625,585600.0
2000-12-21T00:00:00.000000000,22.625,24.0,22.5,23.8125,615800.0
2000-12-22T00:00:00.000000000,24.25,25.0625,24.125,24.75,808100.0
2000-12-26T00:00:00.000000000,24.875,25.125,24.5,25.0,280700.0
2000-12-27T00:00:00.000000000,25.0,26.375,24.75,26.1875,344900.0
2000-12-28T00:00:00.000000000,26.0,26.25,25.4375,26.125,421000.0
2000-12-29T00:00:00.000000000,26.0,26.4375,25.875,26.1875,639500.0
2001-01-02T00:00:00.000000000,26.25,27.0,26.125,26.375,698400.0
2001-01-03T00:00:00.000000000,26.4375,27.25,25.4375,27.0,692700.0
2001-01-04T00:00:00.000000000,26.75,27.4375,26.1875,27.1875,1177200.0
2001-01-05T00:00:00.000000000,27.25,27.25,26.25,26.625,707100.0
2001-01-08T00:00:00.000000000,26.375,26.625,25.5,26.5625,450400.0
2001-01-09T00:00:00.000000000,26.25,26.9375,26.0625,26.6875,350200.0
2001-01-10T00:00:00.000000000,26.4375,26.625,25.5,26.375,572300.0
2001-01-11T00:00:00.000000000,26.1875,26.8125,25.3125,26.125,538300.0
2001-01-12T00:00:00.000000000,26.0,26.375,25.6875,26.3125,252100.0
2001-01-16T00:00:00.000000000,26.3125,26.375,25.75,26.125,445500.0
2001-01-17T00:00:00.000000000,26.125,26.4375,25.9375,26.0625,359900.0
2001-01-18T00:00:00.000000000,25.8125,25.9375,25.4375,25.5,619400.0
2001-01-19T00:00:00.000000000,25.625,25.75,24.875,25.625,438300.0
2001-01-22T00:00:00.000000000,25.3125,25.5625,24.8125,25.5,397200.0
2001-01-23T00:00:00.000000000,25.625,25.625,24.75,24.875,440500.0
2001-01-24T00:00:00.000000000,24.75,25.3125,24.625,25.125,416800.0
2001-01-25T00:00:00.000000000,25.0,25.4375,24.625,25.125,405800.0
2001-01-26T00:00:00.000000000,25.1875,25.1875,24.625,24.9375,480100.0
2001-01-29T00:00:00.000000000,24.700000762939453,24.959999084472656,24.549999237060547,24.75,284000.0
2001-01-30T00:00:00.000000000,24.799999237060547,25.0,24.270000457763672,25.0,366800.0
2001-01-31T00:00:00.000000000,25.0,25.479999542236328,24.899999618530273,25.360000610351562,564000.0
2001-02-01T00:00:00.000000000,25.610000610351562,25.610000610351562,25.200000762939453,25.290000915527344,383400.0
2001-02-02T00:00:00.000000000,25.450000762939453,25.549999237060547,25.100000381469727,25.31999969482422,608500.0
2001-02-05T00:00:00.000000000,25.5,25.860000610351562,25.43000030517578,25.579999923706055,399600.0
2001-02-06T00:00:00.000000000,25.579999923706055,26.0,25.56999969482422,25.8700008392334,387700.0
2001-02-07T00:00:00.000000000,26.399999618530273,26.399999618530273,26.059999465942383,26.25,547800.0
2001-02-08T00:00:00.000000000,26.260000228881836,26.850000381469727,26.149999618530273,26.3700008392334,990200.0
2001-02-09T00:00:00.000000000,26.600000381469727,26.600000381469727,26.1299991607666,26.209999084472656,351100.0
2001-02-12T00:00:00.000000000,26.200000762939453,26.549999237060547,26.149999618530273,26.43000030517578,376800.0
2001-02-13T00:00:00.000000000,26.5,26.8700008392334,26.350000381469727,26.770000457763672,228000.0
2001-02-14T00:00:00.000000000,26.649999618530273,27.0,26.479999542236328,26.690000534057617,371900.0
2001-02-15T00:00:00.000000000,26.56999969482422,27.350000381469727,26.520000457763672,27.15999984741211,316900.0
2001-02-16T00:00:00.000000000,27.049999237060547,27.399999618530273,27.049999237060547,27.299999237060547,331300.0
2001-02-20T00:00:00.000000000,27.049999237060547,28.1299991607666,27.049999237060547,28.059999465942383,620400.0
2001-02-21T00:00:00.000000000,27.860000610351562,28.450000762939453,27.860000610351562,28.100000381469727,455400.0
2001-02-22T00:00:00.000000000,28.100000381469727,28.100000381469727,27.049999237060547,27.479999542236328,357600.0
2001-02-23T00:00:00.000000000,27.68000030517578,27.920000076293945,26.65999984741211,26.969999313354492,426200.0
2001-02-26T00:00:00.000000000,27.100000381469727,27.6299991607666,27.049999237060547,27.450000762939453,348400.0
2001-02-27T00:00:00.000000000,27.450000762939453,27.709999084472656,27.149999618530273,27.190000534057617,451000.0
2001-02-28T00:00:00.000000000,27.290000915527344,27.450000762939453,26.850000381469727,26.959999084472656,382900.0
2001-03-01T00:00:00.000000000,26.709999084472656,27.100000381469727,26.5,26.8700008392334,370300.0
2001-03-02T00:00:00.000000000,26.700000762939453,27.770000457763672,26.700000762939453,27.0,706400.0
2001-03-05T00:00:00.000000000,27.200000762939453,27.549999237060547,26.850000381469727,27.329999923706055,637200.0
2001-03-06T00:00:00.000000000,27.579999923706055,27.639999389648438,27.18000030517578,27.360000610351562,458300.0
2001-03-07T00:00:00.000000000,27.200000762939453,27.350000381469727,27.0,27.170000076293945,369900.0
2001-03-08T00:00:00.000000000,27.399999618530273,27.450000762939453,27.0,27.299999237060547,412500.0
2001-03-09T00:00:00.000000000,27.549999237060547,27.600000381469727,26.799999237060547,26.93000030517578,317300.0
2001-03-12T00:00:00.000000000,27.0,27.25,26.6200008392334,26.6299991607666,422700.0
2001-03-13T00:00:00.000000000,26.6299991607666,26.6299991607666,26.149999618530273,26.489999771118164,281000.0
2001-03-14T00:00:00.000000000,26.5,26.59000015258789,25.5,25.649999618530273,318200.0
2001-03-15T00:00:00.000000000,25.799999237060547,26.09000015258789,25.600000381469727,26.0,221500.0
2001-03-16T00:00:00.000000000,25.450000762939453,25.950000762939453,25.270000457763672,25.280000686645508,484200.0
2001-03-19T00:00:00.000000000,25.510000228881836,25.959999084472656,25.40999984741211,25.690000534057617,242200.0
2001-03-20T00:00:00.000000000,25.690000534057617,26.5,25.649999618530273,25.649999618530273,336600.0
2001-03-21T00:00:00.000000000,25.649999618530273,25.65999984741211,24.809999465942383,24.81999969482422,231500.0
2001-03-22T00:00:00.000000000,24.200000762939453,26.0,23.90999984741211,24.600000381469727,541800.0
2001-03-23T00:00:00.000000000,24.809999465942383,24.809999465942383,24.190000534057617,24.260000228881836,607700.0
2001-03-26T00:00:00.000000000,24.989999771118164,25.489999771118164,24.899999618530273,25.389999389648438,271100.0
2001-03-27T00:00:00.000000000,25.600000381469727,25.719999313354492,25.139999389648438,25.559999465942383,438200.0
2001-03-28T00:00:00.000000000,25.559999465942383,25.899999618530273,25.200000762939453,25.75,440800.0
2001-03-29T00:00:00.000000000,25.75,25.899999618530273,25.350000381469727,25.469999313354492,348300.0
2001-03-30T00:00:00.000000000,25.479999542236328,26.25,25.149999618530273,25.90999984741211,355600.0
2001-04-02T00:00:00.000000000,26.350000381469727,26.75,25.899999618530273,26.110000610351562,378600.0
2001-04-03T00:00:00.000000000,26.299999237060547,26.350000381469727,25.280000686645508,25.389999389648438,283400.0
2001-04-04T00:00:00.000000000,25.600000381469727,26.3799991607666,25.600000381469727,26.1299991607666,288800.0
2001-04-05T00:00:00.000000000,26.399999618530273,27.049999237060547,26.200000762939453,27.020000457763672,396100.0
2001-04-06T00:00:00.000000000,27.020000457763672,27.020000457763672,26.5,26.75,348400.0
2001-04-09T00:00:00.000000000,26.899999618530273,27.34000015258789,26.899999618530273,27.059999465942383,194600.0
2001-04-10T00:00:00.000000000,27.309999465942383,27.899999618530273,27.0,27.610000610351562,244000.0
2001-04-11T00:00:00.000000000,27.600000381469727,27.600000381469727,26.799999237060547,26.959999084472656,220200.0
2001-04-12T00:00:00.000000000,26.799999237060547,27.520000457763672,26.75,27.270000457763672,230800.0
2001-04-16T00:00:00.000000000,27.049999237060547,27.6200008392334,27.049999237060547,27.6200008392334,197700.0
2001-04-17T00:00:00.000000000,27.3700008392334,27.799999237060547,27.229999542236328,27.579999923706055,358700.0
2001-04-18T00:00:00.000000000,27.34000015258789,28.75,27.280000686645508,28.5,470900.0
2001-04-19T00:00:00.000000000,28.5,28.5,27.6299991607666,28.0,382400.0
2001-04-20T00:00:00.000000000,27.799999237060547,28.0,27.5,27.799999237060547,196200.0
2001-04-23T00:00:00.000000000,27.950000762939453,27.950000762939453,27.579999923706055,27.75,248600.0
2001-04-24T00:00:00.000000000,27.950000762939453,27.950000762939453,27.0,27.170000076293945,635300.0
2001-04-25T00:00:00.000000000,27.200000762939453,27.25,26.899999618530273,26.959999084472656,593300.0
2001-04-26T00:00:00.000000000,26.899999618530273,27.200000762939453,26.899999618530273,27.030000686645508,468700.0
2001-04-27T00:00:00.000000000,27.280000686645508,27.350000381469727,26.950000762939453,27.0,286700.0
2001-04-30T00:00:00.000000000,27.0,27.350000381469727,26.739999771118164,27.0,422800.0
2001-05-01T00:00:00.000000000,27.200000762939453,27.299999237060547,26.950000762939453,27.0,559900.0
2001-05-02T00:00:00.000000000,26.950000762939453,27.100000381469727,26.899999618530273,27.020000457763672,379400.0
2001-05-03T00:00:00.000000000,26.950000762939453,27.0,26.649999618530273,26.75,739100.0
2001-05-04T00:00:00.000000000,26.68000030517578,26.850000381469727,26.600000381469727,26.75,302800.0
2001-05-07T00:00:00.000000000,26.799999237060547,27.200000762939453,26.799999237060547,27.010000228881836,246500.0
2001-05-08T00:00:00.000000000,27.260000228881836,27.299999237060547,26.850000381469727,27.239999771118164,282400.0
2001-05-09T00:00:00.000000000,27.200000762939453,27.200000762939453,26.950000762939453,26.979999542236328,163500.0
2001-05-10T00:00:00.000000000,26.979999542236328,27.219999313354492,26.899999618530273,27.100000381469727,187800.0
2001-05-11T00:00:00.000000000,27.0,27.200000762939453,26.950000762939453,27.010000228881836,167600.0
2001-05-14T00:00:00.000000000,27.0,27.1200008392334,27.0,27.100000381469727,189000.0
2001-05-15T00:00:00.000000000,27.100000381469727,27.479999542236328,27.100000381469727,27.309999465942383,175300.0
2001-05-16T00:00:00.000000000,27.700000762939453,28.360000610351562,27.399999618530273,28.309999465942383,402900.0
2001-05-17T00:00:00.000000000,28.299999237060547,28.600000381469727,28.149999618530273,28.25,301500.0
2001-05-18T00:00:00.000000000,28.350000381469727,28.350000381469727,28.100000381469727,28.25,364300.0
2001-05-21T00:00:00.000000000,28.149999618530273,28.190000534057617,27.5,28.079999923706055,434300.0
2001-05-22T00:00:00.000000000,28.079999923706055,28.25,28.030000686645508,28.030000686645508,174500.0
2001-05-23T00:00:00.000000000,28.0,28.149999618530273,27.950000762939453,28.0,331300.0
2001-05-24T00:00:00.000000000,28.0,28.25,27.979999542236328,28.149999618530273,205500.0
2001-05-25T00:00:00.000000000,28.299999237060547,28.5,28.020000457763672,28.139999389648438,215500.0
2001-05-29T00:00:00.000000000,28.049999237060547,28.5,28.0,28.280000686645508,239900.0
2001-05-30T00:00:00.000000000,28.350000381469727,28.5,28.200000762939453,28.299999237060547,275000.0
2001-05-31T00:00:00.000000000,28.350000381469727,28.860000610351562,28.260000228881836,28.56999969482422,292100.0
2001-06-01T00:00:00.000000000,28.68000030517578,28.709999084472656,28.299999237060547,28.459999084472656,247200.0
2001-06-04T00:00:00.000000000,28.649999618530273,28.75,28.350000381469727,28.649999618530273,242400.0
2001-06-05T00:00:00.000000000,28.649999618530273,29.360000610351562,28.649999618530273,29.239999771118164,332800.0
2001-06-06T00:00:00.000000000,28.93000030517578,29.239999771118164,28.670000076293945,28.979999542236328,388900.0
2001-06-07T00:00:00.000000000,28.979999542236328,29.350000381469727,28.81999969482422,29.1299991607666,291600.0
2001-06-08T00:00:00.000000000,29.0,29.1299991607666,28.829999923706055,29.06999969482422,187600.0
2001-06-11T00:00:00.000000000,29.06999969482422,29.06999969482422,28.809999465942383,28.920000076293945,193200.0
2001-06-12T00:00:00.000000000,28.979999542236328,28.979999542236328,28.350000381469727,28.899999618530273,258400.0
2001-06-13T00:00:00.000000000,28.799999237060547,28.90999984741211,28.700000762939453,28.850000381469727,188400.0
2001-06-14T00:00:00.000000000,28.860000610351562,28.899999618530273,28.530000686645508,28.81999969482422,306500.0
2001-06-15T00:00:00.000000000,28.81999969482422,28.989999771118164,28.700000762939453,28.84000015258789,439100.0
2001-06-18T00:00:00.000000000,28.84000015258789,29.6299991607666,28.799999237060547,29.170000076293945,272300.0
2001-06-19T00:00:00.000000000,29.25,29.360000610351562,28.989999771118164,29.200000762939453,258600.0
2001-06-20T00:00:00.000000000,28.899999618530273,29.559999465942383,28.8799991607666,29.469999313354492,304200.0
2001-06-21T00:00:00.000000000,29.549999237060547,29.989999771118164,29.459999084472656,29.979999542236328,271900.0
2001-06-22T00:00:00.000000000,29.979999542236328,30.25,29.75,29.899999618530273,248000.0
2001-06-25T00:00:00.000000000,29.799999237060547,30.0,29.6299991607666,29.899999618530273,218200.0
2001-06-26T00:00:00.000000000,29.850000381469727,30.309999465942383,29.5,30.049999237060547,443300.0
2001-06-27T00:00:00.000000000,30.0,30.649999618530273,29.950000762939453,30.25,395300.0
2001-06-28T00:00:00.000000000,30.260000228881836,31.450000762939453,30.260000228881836,31.309999465942383,558800.0
2001-06-29T00:00:00.000000000,31.309999465942383,31.5,31.100000381469727,31.5,363300.0
2001-07-02T00:00:00.000000000,31.350000381469727,32.099998474121094,31.209999084472656,31.790000915527344,557100.0
2001-07-03T00:00:00.000000000,31.850000381469727,32.25,31.700000762939453,32.0099983215332,330700.0
2001-07-05T00:00:00.000000000,32.0,32.650001525878906,31.940000534057617,32.369998931884766,591500.0
2001-07-06T00:00:00.000000000,32.31999969482422,32.47999954223633,32.09000015258789,32.119998931884766,362600.0
2001-07-09T00:00:00.000000000,32.119998931884766,32.59000015258789,31.850000381469727,32.13999938964844,599300.0
2001-07-10T00:00:00.000000000,32.130001068115234,32.349998474121094,31.729999542236328,31.899999618530273,671000.0
2001-07-11T00:00:00.000000000,31.899999618530273,33.40999984741211,31.739999771118164,33.150001525878906,817900.0
2001-07-12T00:00:00.000000000,33.150001525878906,34.560001373291016,33.04999923706055,34.11000061035156,660700.0
2001-07-13T00:00:00.000000000,33.70000076293945,34.119998931884766,32.95000076293945,33.88999938964844,323600.0
2001-07-16T00:00:00.000000000,33.970001220703125,33.97999954223633,33.54999923706055,33.83000183105469,353400.0
2001-07-17T00:00:00.000000000,33.45000076293945,34.47999954223633,33.400001525878906,34.290000915527344,504600.0
2001-07-18T00:00:00.000000000,34.349998474121094,34.45000076293945,33.599998474121094,33.9900016784668,370400.0
2001-07-19T00:00:00.000000000,33.9900016784668,33.9900016784668,33.20000076293945,33.790000915527344,396300.0
2001-07-20T00:00:00.000000000,33.849998474121094,33.849998474121094,33.16999816894531,33.56999969482422,284700.0
2001-07-23T00:00:00.000000000,33.31999969482422,33.380001068115234,32.45000076293945,32.779998779296875,376900.0
2001-07-24T00:00:00.000000000,32.279998779296875,32.849998474121094,32.18000030517578,32.369998931884766,254800.0
2001-07-25T00:00:00.000000000,32.18000030517578,32.79999923706055,31.56999969482422,32.70000076293945,574000.0
2001-07-26T00:00:00.000000000,32.45000076293945,33.400001525878906,31.969999313354492,33.150001525878906,567300.0
2001-07-27T00:00:00.000000000,33.150001525878906,33.209999084472656,32.54999923706055,32.63999938964844,226800.0
2001-07-30T00:00:00.000000000,32.599998474121094,32.77000045776367,32.40999984741211,32.7599983215332,277100.0
2001-07-31T00:00:00.000000000,32.68000030517578,33.11000061035156,32.400001525878906,32.91999816894531,203200.0
2001-08-01T00:00:00.000000000,32.95000076293945,33.349998474121094,32.83000183105469,33.310001373291016,276300.0
2001-08-02T00:00:00.000000000,33.5099983215332,33.599998474121094,32.619998931884766,32.900001525878906,156700.0
2001-08-03T00:00:00.000000000,32.900001525878906,33.20000076293945,32.70000076293945,33.189998626708984,195600.0
2001-08-06T00:00:00.000000000,33.279998779296875,33.290000915527344,33.0,33.099998474121094,186600.0
2001-08-07T00:00:00.000000000,33.0,33.15999984741211,32.849998474121094,33.09000015258789,114700.0
2001-08-08T00:00:00.000000000,33.09000015258789,33.29999923706055,32.95000076293945,33.02000045776367,433700.0
2001-08-09T00:00:00.000000000,33.029998779296875,33.099998474121094,32.20000076293945,32.86000061035156,291900.0
2001-08-10T00:00:00.000000000,33.0,33.25,32.79999923706055,33.25,160700.0
2001-08-13T00:00:00.000000000,33.400001525878906,33.400001525878906,32.619998931884766,32.849998474121094,257100.0
2001-08-14T00:00:00.000000000,32.900001525878906,33.09000015258789,32.63999938964844,33.0099983215332,160300.0
2001-08-15T00:00:00.000000000,33.20000076293945,33.20000076293945,32.56999969482422,32.70000076293945,142500.0
2001-08-16T00:00:00.000000000,32.54999923706055,33.22999954223633,32.310001373291016,33.209999084472656,189100.0
2001-08-17T00:00:00.000000000,33.099998474121094,33.11000061035156,31.799999237060547,31.8799991607666,352300.0
2001-08-20T00:00:00.000000000,31.75,31.850000381469727,31.149999618530273,31.790000915527344,360700.0
2001-08-21T00:00:00.000000000,31.299999237060547,32.04999923706055,31.299999237060547,31.860000610351562,252100.0
2001-08-22T00:00:00.000000000,31.649999618530273,31.950000762939453,31.25,31.579999923706055,222100.0
2001-08-23T00:00:00.000000000,31.75,32.0,31.280000686645508,32.0,219000.0
2001-08-24T00:00:00.000000000,32.0,32.0,31.3700008392334,31.649999618530273,218000.0
2001-08-27T00:00:00.000000000,31.850000381469727,31.950000762939453,31.239999771118164,31.270000457763672,246200.0
2001-08-28T00:00:00.000000000,31.5,31.5,30.989999771118164,31.0,281200.0
2001-08-29T00:00:00.000000000,31.100000381469727,31.149999618530273,30.579999923706055,30.600000381469727,329500.0
2001-08-30T00:00:00.000000000,30.600000381469727,31.239999771118164,30.399999618530273,30.809999465942383,300500.0
2001-08-31T00:00:00.000000000,30.850000381469727,30.979999542236328,30.600000381469727,30.760000228881836,313000.0
2001-09-04T00:00:00.000000000,31.0,31.979999542236328,30.799999237060547,31.540000915527344,266500.0
2001-09-05T00:00:00.000000000,31.15999984741211,31.350000381469727,30.799999237060547,31.260000228881836,241000.0
2001-09-06T00:00:00.000000000,31.110000610351562,31.350000381469727,30.709999084472656,31.100000381469727,232400.0
2001-09-07T00:00:00.000000000,31.5,31.510000228881836,30.6200008392334,30.790000915527344,439500.0
2001-09-10T00:00:00.000000000,30.899999618530273,30.899999618530273,30.25,30.549999237060547,340100.0
2001-09-17T00:00:00.000000000,30.350000381469727,30.350000381469727,27.989999771118164,28.950000762939453,670800.0
2001-09-18T00:00:00.000000000,28.899999618530273,29.219999313354492,28.190000534057617,28.329999923706055,402100.0
2001-09-19T00:00:00.000000000,28.700000762939453,29.290000915527344,26.93000030517578,27.489999771118164,424300.0
2001-09-20T00:00:00.000000000,27.600000381469727,28.260000228881836,27.479999542236328,28.09000015258789,588100.0
2001-09-21T00:00:00.000000000,27.5,28.700000762939453,27.5,28.049999237060547,609200.0
2001-09-24T00:00:00.000000000,28.75,29.760000228881836,28.75,29.600000381469727,353900.0
2001-09-25T00:00:00.000000000,30.100000381469727,31.5,29.899999618530273,30.299999237060547,817300.0
2001-09-26T00:00:00.000000000,30.360000610351562,30.75,29.93000030517578,30.75,385400.0
2001-09-27T00:00:00.000000000,30.850000381469727,31.0,30.549999237060547,30.979999542236328,458000.0
2001-09-28T00:00:00.000000000,31.0,32.15999984741211,31.0,31.860000610351562,553900.0
2001-10-01T00:00:00.000000000,31.860000610351562,33.150001525878906,31.850000381469727,32.900001525878906,562400.0
2001-10-02T00:00:00.000000000,33.20000076293945,33.7599983215332,32.880001068115234,33.599998474121094,506800.0
2001-10-03T00:00:00.000000000,33.0,33.88999938964844,33.0,33.720001220703125,597300.0
2001-10-04T00:00:00.000000000,33.75,33.88999938964844,33.31999969482422,33.619998931884766,733100.0
2001-10-05T00:00:00.000000000,33.72999954223633,34.20000076293945,33.5,34.150001525878906,433800.0
2001-10-08T00:00:00.000000000,34.0,34.400001525878906,33.77000045776367,34.040000915527344,317300.0
2001-10-09T00:00:00.000000000,33.29999923706055,33.970001220703125,33.29999923706055,33.45000076293945,328300.0
2001-10-10T00:00:00.000000000,33.459999084472656,34.029998779296875,33.459999084472656,33.939998626708984,685400.0
2001-10-11T00:00:00.000000000,34.45000076293945,35.0,34.099998474121094,34.61000061035156,783400.0
2001-10-12T00:00:00.000000000,34.650001525878906,34.75,33.540000915527344,34.5,352700.0
2001-10-15T00:00:00.000000000,34.25,34.97999954223633,33.95000076293945,34.970001220703125,335100.0
2001-10-16T00:00:00.000000000,34.95000076293945,35.209999084472656,34.70000076293945,35.150001525878906,236200.0
2001-10-17T00:00:00.000000000,35.150001525878906,35.2400016784668,33.54999923706055,33.869998931884766,581500.0
2001-10-18T00:00:00.000000000,33.869998931884766,34.099998474121094,33.349998474121094,34.02000045776367,559500.0
2001-10-19T00:00:00.000000000,34.0,34.16999816894531,33.5099983215332,33.900001525878906,169700.0
2001-10-22T00:00:00.000000000,33.75,34.45000076293945,33.400001525878906,34.38999938964844,295300.0
2001-10-23T00:00:00.000000000,34.25,34.72999954223633,33.83000183105469,34.04999923706055,279700.0
2001-10-24T00:00:00.000000000,34.04999923706055,34.099998474121094,33.400001525878906,33.81999969482422,223200.0
2001-10-25T00:00:00.000000000,33.099998474121094,33.79999923706055,32.849998474121094,33.790000915527344,308000.0
2001-10-26T00:00:00.000000000,33.75,34.529998779296875,33.70000076293945,34.36000061035156,293100.0
2001-10-29T00:00:00.000000000,34.560001373291016,34.560001373291016,33.279998779296875,33.29999923706055,366900.0
2001-10-30T00:00:00.000000000,33.20000076293945,33.349998474121094,32.70000076293945,32.869998931884766,283200.0
2001-10-31T00:00:00.000000000,33.119998931884766,33.209999084472656,32.41999816894531,32.5,356100.0
2001-11-01T00:00:00.000000000,33.0,33.20000076293945,32.70000076293945,33.09000015258789,457000.0
2001-11-02T00:00:00.000000000,33.150001525878906,34.08000183105469,33.04999923706055,34.040000915527344,185500.0
2001-11-05T00:00:00.000000000,34.13999938964844,35.0,34.040000915527344,34.25,353300.0
2001-11-06T00:00:00.000000000,34.29999923706055,34.790000915527344,34.0,34.33000183105469,385900.0
2001-11-07T00:00:00.000000000,34.400001525878906,34.65999984741211,34.04999923706055,34.5,304000.0
2001-11-08T00:00:00.000000000,34.599998474121094,35.099998474121094,34.20000076293945,34.27000045776367,234200.0
2001-11-09T00:00:00.000000000,34.099998474121094,34.38999938964844,33.93000030517578,34.150001525878906,243100.0
2001-11-12T00:00:00.000000000,33.900001525878906,33.900001525878906,33.369998931884766,33.5099983215332,245900.0
2001-11-13T00:00:00.000000000,34.099998474121094,34.150001525878906,33.4900016784668,33.849998474121094,372900.0
2001-11-14T00:00:00.000000000,33.900001525878906,34.41999816894531,33.900001525878906,34.150001525878906,328600.0
2001-11-15T00:00:00.000000000,34.20000076293945,34.849998474121094,34.15999984741211,34.720001220703125,382600.0
2001-11-16T00:00:00.000000000,34.72999954223633,34.7400016784668,33.5,33.63999938964844,392700.0
2001-11-19T00:00:00.000000000,33.70000076293945,34.31999969482422,33.70000076293945,34.31999969482422,369900.0
2001-11-20T00:00:00.000000000,34.310001373291016,34.310001373291016,33.79999923706055,33.93000030517578,188200.0
2001-11-21T00:00:00.000000000,33.959999084472656,34.0,33.220001220703125,33.45000076293945,153900.0
2001-11-23T00:00:00.000000000,33.45000076293945,33.900001525878906,33.34000015258789,33.689998626708984,186000.0
2001-11-26T00:00:00.000000000,33.72999954223633,34.400001525878906,33.68000030517578,34.400001525878906,447900.0
2001-11-27T00:00:00.000000000,34.29999923706055,34.380001068115234,33.709999084472656,33.95000076293945,297500.0
2001-11-28T00:00:00.000000000,33.959999084472656,34.220001220703125,33.83000183105469,33.970001220703125,302000.0
2001-11-29T00:00:00.000000000,33.97999954223633,34.9900016784668,33.45000076293945,33.79999923706055,321400.0
2001-11-30T00:00:00.000000000,33.79999923706055,34.34000015258789,33.63999938964844,33.70000076293945,305000.0
2001-12-03T00:00:00.000000000,33.900001525878906,33.900001525878906,33.0,33.650001525878906,235400.0
2001-12-04T00:00:00.000000000,33.75,33.900001525878906,33.400001525878906,33.75,283400.0
2001-12-05T00:00:00.000000000,34.0,35.060001373291016,33.79999923706055,34.959999084472656,755300.0
2001-12-06T00:00:00.000000000,35.099998474121094,36.900001525878906,35.099998474121094,36.02000045776367,901100.0
2001-12-07T00:00:00.000000000,36.29999923706055,36.7400016784668,35.95000076293945,36.18000030517578,450500.0
2001-12-10T00:00:00.000000000,36.18000030517578,36.189998626708984,35.31999969482422,35.31999969482422,433800.0
2001-12-11T00:00:00.000000000,35.54999923706055,35.66999816894531,35.099998474121094,35.31999969482422,214300.0
2001-12-12T00:00:00.000000000,35.5,35.81999969482422,34.86000061035156,35.349998474121094,403400.0
2001-12-13T00:00:00.000000000,35.25,35.66999816894531,35.11000061035156,35.2599983215332,305800.0
2001-12-14T00:00:00.000000000,35.5,35.560001373291016,35.0,35.54999923706055,327700.0
2001-12-17T00:00:00.000000000,35.72999954223633,36.45000076293945,35.70000076293945,36.29999923706055,273400.0
2001-12-18T00:00:00.000000000,36.599998474121094,36.849998474121094,36.45000076293945,36.68000030517578,264500.0
2001-12-19T00:00:00.000000000,36.63999938964844,36.63999938964844,35.9900016784668,36.29999923706055,267700.0
2001-12-20T00:00:00.000000000,36.400001525878906,36.5,35.79999923706055,36.45000076293945,263600.0
2001-12-21T00:00:00.000000000,36.45000076293945,36.68000030517578,35.599998474121094,36.650001525878906,504900.0
2001-12-24T00:00:00.000000000,36.70000076293945,37.0,36.689998626708984,36.959999084472656,156900.0
2001-12-26T00:00:00.000000000,37.0,37.709999084472656,37.0,37.439998626708984,371400.0
2001-12-27T00:00:00.000000000,37.150001525878906,37.939998626708984,36.560001373291016,36.95000076293945,375600.0
2001-12-28T00:00:00.000000000,36.900001525878906,37.150001525878906,36.400001525878906,36.68000030517578,248800.0
2001-12-31T00:00:00.000000000,36.70000076293945,37.0,36.61000061035156,36.70000076293945,273500.0
2002-01-02T00:00:00.000000000,36.5,36.5,35.400001525878906,36.09000015258789,495500.0
2002-01-03T00:00:00.000000000,36.150001525878906,36.29999923706055,35.75,35.900001525878906,728800.0
2002-01-04T00:00:00.000000000,35.95000076293945,36.20000076293945,35.5,35.599998474121094,603800.0
2002-01-07T00:00:00.000000000,35.650001525878906,35.900001525878906,35.04999923706055,35.83000183105469,558700.0
2002-01-08T00:00:00.000000000,35.75,36.099998474121094,35.650001525878906,36.0,277700.0
2002-01-09T00:00:00.000000000,36.0,36.29999923706055,35.95000076293945,36.20000076293945,414000.0
2002-01-10T00:00:00.000000000,36.099998474121094,36.11000061035156,34.400001525878906,35.04999923706055,496100.0
2002-01-11T00:00:00.000000000,35.45000076293945,35.900001525878906,34.95000076293945,35.5099983215332,369200.0
2002-01-14T00:00:00.000000000,35.54999923706055,35.849998474121094,34.84000015258789,34.849998474121094,368600.0
2002-01-15T00:00:00.000000000,34.599998474121094,35.470001220703125,34.5,34.790000915527344,220400.0
2002-01-16T00:00:00.000000000,34.79999923706055,35.25,34.0,34.25,310500.0
2002-01-17T00:00:00.000000000,34.20000076293945,34.599998474121094,34.20000076293945,34.529998779296875,186500.0
2002-01-18T00:00:00.000000000,34.529998779296875,34.619998931884766,34.150001525878906,34.310001373291016,311800.0
2002-01-22T00:00:00.000000000,34.5,35.08000183105469,34.41999816894531,34.79999923706055,285900.0
2002-01-23T00:00:00.000000000,34.849998474121094,34.88999938964844,33.91999816894531,34.68000030517578,252000.0
2002-01-24T00:00:00.000000000,34.70000076293945,34.81999969482422,34.25,34.54999923706055,255200.0
2002-01-25T00:00:00.000000000,34.5,34.790000915527344,34.20000076293945,34.7400016784668,303600.0
2002-01-28T00:00:00.000000000,34.939998626708984,35.47999954223633,34.91999816894531,35.40999984741211,306700.0
2002-01-29T00:00:00.000000000,35.54999923706055,35.63999938964844,34.75,35.119998931884766,331900.0
2002-01-30T00:00:00.000000000,34.900001525878906,35.70000076293945,34.529998779296875,35.130001068115234,391700.0
2002-01-31T00:00:00.000000000,35.25,35.720001220703125,34.79999923706055,35.52000045776367,627800.0
2002-02-01T00:00:00.000000000,35.75,36.04999923706055,35.22999954223633,35.2599983215332,560400.0
2002-02-04T00:00:00.000000000,35.29999923706055,35.90999984741211,34.9900016784668,35.06999969482422,270000.0
2002-02-05T00:00:00.000000000,35.06999969482422,35.150001525878906,34.25,34.529998779296875,344200.0
2002-02-06T00:00:00.000000000,34.54999923706055,34.72999954223633,34.20000076293945,34.31999969482422,989600.0
2002-02-07T00:00:00.000000000,34.349998474121094,34.36000061035156,33.400001525878906,33.91999816894531,443500.0
2002-02-08T00:00:00.000000000,34.0,34.4900016784668,33.77000045776367,34.45000076293945,427700.0
2002-02-11T00:00:00.000000000,34.47999954223633,34.75,34.31999969482422,34.560001373291016,418500.0
2002-02-12T00:00:00.000000000,34.5,34.689998626708984,34.150001525878906,34.310001373291016,384500.0
2002-02-13T00:00:00.000000000,34.5,34.599998474121094,34.22999954223633,34.54999923706055,446100.0
2002-02-14T00:00:00.000000000,34.650001525878906,34.70000076293945,34.29999923706055,34.439998626708984,308500.0
2002-02-15T00:00:00.000000000,34.54999923706055,34.70000076293945,34.25,34.58000183105469,326200.0
2002-02-19T00:00:00.000000000,34.72999954223633,34.72999954223633,34.099998474121094,34.119998931884766,207700.0
2002-02-20T00:00:00.000000000,34.150001525878906,34.72999954223633,33.91999816894531,34.619998931884766,246600.0
2002-02-21T00:00:00.000000000,34.72999954223633,35.400001525878906,34.650001525878906,34.959999084472656,317100.0
2002-02-22T00:00:00.000000000,34.79999923706055,35.70000076293945,34.70000076293945,35.290000915527344,308100.0
2002-02-25T00:00:00.000000000,35.400001525878906,36.380001068115234,35.400001525878906,36.220001220703125,371700.0
2002-02-26T00:00:00.000000000,36.400001525878906,36.9900016784668,36.400001525878906,36.720001220703125,515700.0
2002-02-27T00:00:00.000000000,36.849998474121094,36.95000076293945,36.5,36.68000030517578,397300.0
2002-02-28T00:00:00.000000000,36.68000030517578,36.849998474121094,36.349998474121094,36.529998779296875,205100.0
2002-03-01T00:00:00.000000000,36.630001068115234,36.880001068115234,36.369998931884766,36.720001220703125,355800.0
2002-03-04T00:00:00.000000000,36.70000076293945,37.5,36.68000030517578,37.38999938964844,534900.0
2002-03-05T00:00:00.000000000,37.38999938964844,37.5,36.900001525878906,37.349998474121094,324300.0
2002-03-06T00:00:00.000000000,37.0,37.61000061035156,36.959999084472656,37.29999923706055,350300.0
2002-03-07T00:00:00.000000000,37.0,37.220001220703125,36.529998779296875,37.16999816894531,335100.0
2002-03-08T00:00:00.000000000,37.29999923706055,37.4900016784668,37.0,37.099998474121094,255900.0
2002-03-11T00:00:00.000000000,36.900001525878906,37.349998474121094,36.56999969482422,37.06999969482422,141400.0
2002-03-12T00:00:00.000000000,36.5,37.310001373291016,36.4900016784668,37.2599983215332,273000.0
2002-03-13T00:00:00.000000000,37.2599983215332,37.29999923706055,36.970001220703125,37.0,492000.0
2002-03-14T00:00:00.000000000,36.849998474121094,37.20000076293945,36.709999084472656,37.099998474121094,277800.0
2002-03-15T00:00:00.000000000,37.20000076293945,37.459999084472656,37.060001373291016,37.31999969482422,381900.0
2002-03-18T00:00:00.000000000,37.0,37.599998474121094,37.0,37.5099983215332,332400.0
2002-03-19T00:00:00.000000000,37.72999954223633,38.29999923706055,37.459999084472656,38.08000183105469,414800.0
2002-03-20T00:00:00.000000000,38.0,38.0,37.29999923706055,37.61000061035156,449200.0
2002-03-21T00:00:00.000000000,37.599998474121094,37.599998474121094,36.65999984741211,36.88999938964844,399300.0
2002-03-22T00:00:00.000000000,36.849998474121094,37.16999816894531,36.25,36.689998626708984,256700.0
2002-03-25T00:00:00.000000000,36.599998474121094,36.75,35.65999984741211,35.689998626708984,271800.0
2002-03-26T00:00:00.000000000,35.70000076293945,36.59000015258789,35.61000061035156,35.810001373291016,365200.0
2002-03-27T00:00:00.000000000,36.5,37.06999969482422,36.36000061035156,36.9900016784668,349300.0
2002-03-28T00:00:00.000000000,36.900001525878906,37.08000183105469,36.619998931884766,36.77000045776367,212700.0
2002-04-01T00:00:00.000000000,36.599998474121094,36.900001525878906,36.040000915527344,36.63999938964844,215700.0
2002-04-02T00:00:00.000000000,36.400001525878906,36.70000076293945,36.290000915527344,36.41999816894531,294000.0
2002-04-03T00:00:00.000000000,36.529998779296875,36.540000915527344,35.720001220703125,36.0099983215332,219800.0
2002-04-04T00:00:00.000000000,36.099998474121094,36.81999969482422,36.099998474121094,36.79999923706055,174400.0
2002-04-05T00:00:00.000000000,36.900001525878906,37.20000076293945,36.79999923706055,36.95000076293945,193300.0
2002-04-08T00:00:00.000000000,36.900001525878906,37.25,36.619998931884766,37.029998779296875,159900.0
2002-04-09T00:00:00.000000000,37.029998779296875,37.72999954223633,36.900001525878906,37.70000076293945,174500.0
2002-04-10T00:00:00.000000000,37.599998474121094,38.79999923706055,37.59000015258789,37.79999923706055,473900.0
2002-04-11T00:00:00.000000000,37.650001525878906,37.97999954223633,37.13999938964844,37.31999969482422,242000.0
2002-04-12T00:00:00.000000000,37.380001068115234,37.380001068115234,36.20000076293945,36.810001373291016,346100.0
2002-04-15T00:00:00.000000000,36.810001373291016,36.810001373291016,36.349998474121094,36.5,210600.0
2002-04-16T00:00:00.000000000,36.54999923706055,36.810001373291016,35.959999084472656,36.779998779296875,462800.0
2002-04-17T00:00:00.000000000,36.75,36.779998779296875,35.79999923706055,36.08000183105469,298800.0
2002-04-18T00:00:00.000000000,36.0,36.08000183105469,35.29999923706055,35.880001068115234,263200.0
2002-04-19T00:00:00.000000000,35.849998474121094,35.9900016784668,35.709999084472656,35.779998779296875,301600.0
2002-04-22T00:00:00.000000000,35.849998474121094,35.97999954223633,35.13999938964844,35.31999969482422,294900.0
2002-04-23T00:00:00.000000000,35.29999923706055,35.7400016784668,35.029998779296875,35.029998779296875,385600.0
2002-04-24T00:00:00.000000000,35.150001525878906,35.54999923706055,34.79999923706055,34.95000076293945,225500.0
2002-04-25T00:00:00.000000000,34.95000076293945,34.97999954223633,34.40999984741211,34.959999084472656,215800.0
2002-04-26T00:00:00.000000000,35.0,35.29999923706055,34.75,34.75,225000.0
2002-04-29T00:00:00.000000000,34.849998474121094,34.959999084472656,33.869998931884766,34.189998626708984,385500.0
2002-04-30T00:00:00.000000000,34.290000915527344,34.83000183105469,34.09000015258789,34.5099983215332,309800.0
2002-05-01T00:00:00.000000000,34.650001525878906,34.709999084472656,33.5,34.16999816894531,445900.0
2002-05-02T00:00:00.000000000,34.06999969482422,34.79999923706055,34.04999923706055,34.75,604800.0
2002-05-03T00:00:00.000000000,34.849998474121094,35.0,34.72999954223633,34.91999816894531,285000.0
2002-05-06T00:00:00.000000000,34.79999923706055,34.95000076293945,34.52000045776367,34.56999969482422,436500.0
2002-05-07T00:00:00.000000000,34.81999969482422,34.95000076293945,34.619998931884766,34.86000061035156,741900.0
2002-05-08T00:00:00.000000000,34.97999954223633,35.459999084472656,34.7599983215332,35.310001373291016,283300.0
2002-05-09T00:00:00.000000000,35.060001373291016,35.439998626708984,34.81999969482422,34.97999954223633,218900.0
2002-05-10T00:00:00.000000000,35.099998474121094,35.209999084472656,34.560001373291016,34.720001220703125,297200.0
2002-05-13T00:00:00.000000000,34.900001525878906,34.970001220703125,34.400001525878906,34.5,263500.0
2002-05-14T00:00:00.000000000,34.75,35.29999923706055,34.52000045776367,35.29999923706055,195400.0
2002-05-15T00:00:00.000000000,35.400001525878906,36.20000076293945,35.34000015258789,36.06999969482422,364500.0
2002-05-16T00:00:00.000000000,36.29999923706055,36.47999954223633,36.02000045776367,36.27000045776367,216600.0
2002-05-17T00:00:00.000000000,36.349998474121094,36.689998626708984,36.29999923706055,36.5,241100.0
2002-05-20T00:00:00.000000000,36.5,36.63999938964844,35.970001220703125,36.220001220703125,159900.0
2002-05-21T00:00:00.000000000,36.22999954223633,36.810001373291016,35.5,35.810001373291016,527200.0
2002-05-22T00:00:00.000000000,35.599998474121094,36.54999923706055,35.52000045776367,36.36000061035156,178700.0
2002-05-23T00:00:00.000000000,36.25,36.689998626708984,35.75,36.68000030517578,200400.0
2002-05-24T00:00:00.000000000,36.68000030517578,36.7599983215332,36.09000015258789,36.25,277100.0
2002-05-28T00:00:00.000000000,36.25,36.369998931884766,35.75,36.29999923706055,277700.0
2002-05-29T00:00:00.000000000,36.29999923706055,36.45000076293945,36.150001525878906,36.310001373291016,343600.0
2002-05-30T00:00:00.000000000,36.099998474121094,36.310001373291016,35.650001525878906,36.02000045776367,391200.0
2002-05-31T00:00:00.000000000,36.040000915527344,36.68000030517578,36.0,36.54999923706055,252300.0
2002-06-03T00:00:00.000000000,36.349998474121094,36.5099983215332,35.84000015258789,36.02000045776367,379500.0
2002-06-04T00:00:00.000000000,36.0,36.099998474121094,35.29999923706055,35.7400016784668,520700.0
2002-06-05T00:00:00.000000000,35.5,36.29999923706055,35.25,36.029998779296875,455600.0
2002-06-06T00:00:00.000000000,36.029998779296875,36.400001525878906,35.650001525878906,36.16999816894531,426500.0
2002-06-07T00:00:00.000000000,36.16999816894531,36.34000015258789,35.849998474121094,36.22999954223633,461200.0
2002-06-10T00:00:00.000000000,36.20000076293945,36.31999969482422,35.79999923706055,36.13999938964844,325900.0
2002-06-11T00:00:00.000000000,36.650001525878906,36.939998626708984,35.83000183105469,36.0,340000.0
2002-06-12T00:00:00.000000000,35.849998474121094,36.5,35.79999923706055,36.150001525878906,784100.0
2002-06-13T00:00:00.000000000,36.0,36.29999923706055,35.869998931884766,36.0099983215332,345500.0
2002-06-14T00:00:00.000000000,35.900001525878906,36.0,34.619998931884766,35.099998474121094,445700.0
2002-06-17T00:00:00.000000000,35.0,36.2599983215332,34.93000030517578,36.20000076293945,374200.0
2002-06-18T00:00:00.000000000,36.20000076293945,36.5,36.099998474121094,36.310001373291016,347900.0
2002-06-19T00:00:00.000000000,36.310001373291016,36.689998626708984,36.029998779296875,36.119998931884766,360200.0
2002-06-20T00:00:00.000000000,36.119998931884766,36.22999954223633,35.709999084472656,35.970001220703125,438400.0
2002-06-21T00:00:00.000000000,35.599998474121094,35.970001220703125,35.54999923706055,35.900001525878906,635700.0
2002-06-24T00:00:00.000000000,36.0,36.099998474121094,34.52000045776367,35.45000076293945,530200.0
2002-06-25T00:00:00.000000000,35.54999923706055,35.900001525878906,35.31999969482422,35.5,432900.0
2002-06-26T00:00:00.000000000,35.25,35.34000015258789,34.630001068115234,35.2599983215332,655600.0
2002-06-27T00:00:00.000000000,35.33000183105469,35.58000183105469,35.189998626708984,35.459999084472656,520300.0
2002-06-28T00:00:00.000000000,35.209999084472656,35.400001525878906,34.869998931884766,34.869998931884766,562000.0
2002-07-01T00:00:00.000000000,34.79999923706055,34.900001525878906,33.439998626708984,33.630001068115234,916400.0
2002-07-02T00:00:00.000000000,33.79999923706055,33.810001373291016,32.650001525878906,33.0,552900.0
2002-07-03T00:00:00.000000000,32.9900016784668,33.290000915527344,31.540000915527344,32.400001525878906,515300.0
2002-07-05T00:00:00.000000000,32.29999923706055,33.54999923706055,32.29999923706055,33.529998779296875,254000.0
2002-07-08T00:00:00.000000000,33.279998779296875,33.5,32.290000915527344,32.38999938964844,641600.0
2002-07-09T00:00:00.000000000,32.13999938964844,32.5,31.5,31.5,460100.0
2002-07-10T00:00:00.000000000,31.649999618530273,31.700000762939453,30.639999389648438,30.700000762939453,496800.0
2002-07-11T00:00:00.000000000,30.450000762939453,30.709999084472656,28.989999771118164,30.399999618530273,1007900.0
2002-07-12T00:00:00.000000000,30.299999237060547,30.520000457763672,29.799999237060547,30.010000228881836,497200.0
2002-07-15T00:00:00.000000000,30.0,30.700000762939453,29.770000457763672,30.690000534057617,742900.0
2002-07-16T00:00:00.000000000,30.75,30.959999084472656,29.8700008392334,30.260000228881836,729500.0
2002-07-17T00:00:00.000000000,30.43000030517578,31.270000457763672,30.0,30.270000457763672,467500.0
2002-07-18T00:00:00.000000000,30.5,30.899999618530273,30.010000228881836,30.049999237060547,397200.0
2002-07-19T00:00:00.000000000,30.0,30.049999237060547,28.809999465942383,28.860000610351562,684500.0
2002-07-22T00:00:00.000000000,28.979999542236328,29.40999984741211,27.579999923706055,28.030000686645508,666400.0
2002-07-23T00:00:00.000000000,27.829999923706055,28.5,27.399999618530273,27.639999389648438,487500.0
2002-07-24T00:00:00.000000000,27.399999618530273,28.75,27.100000381469727,28.479999542236328,886500.0
2002-07-25T00:00:00.000000000,28.5,29.229999542236328,27.700000762939453,29.18000030517578,862400.0
2002-07-26T00:00:00.000000000,29.100000381469727,29.200000762939453,28.549999237060547,29.149999618530273,362300.0
2002-07-29T00:00:00.000000000,30.0,30.90999984741211,29.850000381469727,30.81999969482422,422900.0
2002-07-30T00:00:00.000000000,30.600000381469727,30.81999969482422,29.700000762939453,30.209999084472656,514200.0
2002-07-31T00:00:00.000000000,30.299999237060547,30.770000457763672,29.610000610351562,30.709999084472656,465400.0
2002-08-01T00:00:00.000000000,30.65999984741211,31.239999771118164,30.190000534057617,30.90999984741211,535700.0
2002-08-02T00:00:00.000000000,30.799999237060547,30.860000610351562,29.299999237060547,29.719999313354492,473100.0
2002-08-05T00:00:00.000000000,29.799999237060547,30.149999618530273,29.100000381469727,29.18000030517578,681900.0
2002-08-06T00:00:00.000000000,29.0,30.6200008392334,29.0,30.100000381469727,762000.0
2002-08-07T00:00:00.000000000,30.350000381469727,30.780000686645508,29.389999389648438,30.739999771118164,303700.0
2002-08-08T00:00:00.000000000,31.149999618530273,31.43000030517578,30.0,31.329999923706055,379500.0
2002-08-09T00:00:00.000000000,31.329999923706055,31.850000381469727,30.899999618530273,31.780000686645508,320600.0
2002-08-12T00:00:00.000000000,31.579999923706055,31.739999771118164,30.84000015258789,31.450000762939453,231900.0
2002-08-13T00:00:00.000000000,31.450000762939453,31.459999084472656,30.59000015258789,30.600000381469727,360800.0
2002-08-14T00:00:00.000000000,30.399999618530273,31.510000228881836,30.1299991607666,31.469999313354492,563500.0
2002-08-15T00:00:00.000000000,31.3700008392334,32.220001220703125,31.049999237060547,31.860000610351562,433800.0
2002-08-16T00:00:00.000000000,31.950000762939453,31.950000762939453,31.18000030517578,31.56999969482422,335000.0
2002-08-19T00:00:00.000000000,31.399999618530273,32.20000076293945,31.350000381469727,32.040000915527344,300600.0
2002-08-20T00:00:00.000000000,31.989999771118164,32.0,31.309999465942383,31.719999313354492,224000.0
2002-08-21T00:00:00.000000000,31.700000762939453,32.08000183105469,31.350000381469727,32.04999923706055,302700.0
2002-08-22T00:00:00.000000000,32.04999923706055,32.61000061035156,31.81999969482422,32.439998626708984,400400.0
2002-08-23T00:00:00.000000000,32.439998626708984,32.47999954223633,31.899999618530273,32.08000183105469,220100.0
2002-08-26T00:00:00.000000000,32.0,32.099998474121094,31.329999923706055,31.979999542236328,516800.0
2002-08-27T00:00:00.000000000,31.950000762939453,32.7400016784668,31.950000762939453,32.650001525878906,545700.0
2002-08-28T00:00:00.000000000,32.650001525878906,33.38999938964844,32.54999923706055,33.13999938964844,613900.0
2002-08-29T00:00:00.000000000,33.0,33.47999954223633,32.54999923706055,33.290000915527344,601500.0
2002-08-30T00:00:00.000000000,33.04999923706055,33.54999923706055,32.939998626708984,33.25,320500.0
2002-09-03T00:00:00.000000000,33.099998474121094,33.099998474121094,31.950000762939453,32.25,491500.0
2002-09-04T00:00:00.000000000,32.0,32.16999816894531,31.299999237060547,32.08000183105469,565700.0
2002-09-05T00:00:00.000000000,32.08000183105469,32.09000015258789,31.399999618530273,32.02000045776367,366400.0
2002-09-06T00:00:00.000000000,32.45000076293945,32.599998474121094,31.790000915527344,32.29999923706055,414100.0
2002-09-09T00:00:00.000000000,32.29999923706055,32.56999969482422,31.950000762939453,32.5099983215332,346800.0
2002-09-10T00:00:00.000000000,32.5099983215332,32.7400016784668,32.099998474121094,32.59000015258789,162800.0
2002-09-11T00:00:00.000000000,32.70000076293945,33.0,32.349998474121094,32.459999084472656,281600.0
2002-09-12T00:00:00.000000000,32.36000061035156,32.5,32.02000045776367,32.31999969482422,385900.0
2002-09-13T00:00:00.000000000,32.20000076293945,32.29999923706055,31.649999618530273,32.189998626708984,257000.0
2002-09-16T00:00:00.000000000,32.0,32.189998626708984,31.690000534057617,32.099998474121094,266200.0
2002-09-17T00:00:00.000000000,32.349998474121094,32.630001068115234,31.0,31.309999465942383,221800.0
2002-09-18T00:00:00.000000000,31.059999465942383,31.34000015258789,30.25,31.219999313354492,338900.0
2002-09-19T00:00:00.000000000,31.049999237060547,31.219999313354492,30.440000534057617,30.5,279600.0
2002-09-20T00:00:00.000000000,30.600000381469727,31.149999618530273,30.5,31.020000457763672,535100.0
2002-09-23T00:00:00.000000000,30.649999618530273,30.65999984741211,30.010000228881836,30.31999969482422,283300.0
2002-09-24T00:00:00.000000000,30.06999969482422,30.239999771118164,29.540000915527344,30.0,473200.0
2002-09-25T00:00:00.000000000,30.350000381469727,31.200000762939453,29.969999313354492,31.020000457763672,407000.0
2002-09-26T00:00:00.000000000,31.0,31.959999084472656,30.549999237060547,31.959999084472656,360500.0
2002-09-27T00:00:00.000000000,31.959999084472656,32.220001220703125,30.8700008392334,30.920000076293945,300900.0
2002-09-30T00:00:00.000000000,30.799999237060547,30.899999618530273,29.799999237060547,30.639999389648438,314600.0
2002-10-01T00:00:00.000000000,30.639999389648438,31.940000534057617,30.149999618530273,31.709999084472656,340100.0
2002-10-02T00:00:00.000000000,31.809999465942383,31.81999969482422,31.0,31.0,497800.0
2002-10-03T00:00:00.000000000,31.25,31.399999618530273,30.860000610351562,31.110000610351562,363000.0
2002-10-04T00:00:00.000000000,31.110000610351562,31.450000762939453,29.809999465942383,30.440000534057617,259800.0
2002-10-07T00:00:00.000000000,30.0,30.049999237060547,29.079999923706055,29.56999969482422,568300.0
2002-10-08T00:00:00.000000000,30.100000381469727,30.860000610351562,29.450000762939453,30.709999084472656,614500.0
2002-10-09T00:00:00.000000000,30.459999084472656,30.459999084472656,29.40999984741211,29.600000381469727,475800.0
2002-10-10T00:00:00.000000000,29.559999465942383,30.600000381469727,29.139999389648438,30.3799991607666,319400.0
2002-10-11T00:00:00.000000000,30.6299991607666,32.02000045776367,30.450000762939453,31.670000076293945,429600.0
2002-10-14T00:00:00.000000000,31.670000076293945,32.02000045776367,30.5,30.760000228881836,409900.0
2002-10-15T00:00:00.000000000,31.0,31.899999618530273,30.8799991607666,31.899999618530273,489400.0
2002-10-16T00:00:00.000000000,32.0,32.349998474121094,31.219999313354492,31.489999771118164,289700.0
2002-10-17T00:00:00.000000000,31.5,32.29999923706055,31.270000457763672,31.540000915527344,595700.0
2002-10-18T00:00:00.000000000,31.690000534057617,32.11000061035156,31.170000076293945,31.389999389648438,330900.0
2002-10-21T00:00:00.000000000,31.200000762939453,31.389999389648438,30.780000686645508,31.290000915527344,433900.0
2002-10-22T00:00:00.000000000,31.280000686645508,31.280000686645508,30.25,30.389999389648438,488100.0
2002-10-23T00:00:00.000000000,30.40999984741211,30.739999771118164,29.799999237060547,30.489999771118164,521200.0
2002-10-24T00:00:00.000000000,30.59000015258789,30.59000015258789,29.780000686645508,29.93000030517578,302500.0
2002-10-25T00:00:00.000000000,29.93000030517578,30.389999389648438,29.75,30.290000915527344,290200.0
2002-10-28T00:00:00.000000000,30.290000915527344,30.389999389648438,29.549999237060547,29.649999618530273,348900.0
2002-10-29T00:00:00.000000000,29.510000228881836,29.93000030517578,29.020000457763672,29.59000015258789,349100.0
2002-10-30T00:00:00.000000000,29.700000762939453,30.06999969482422,29.43000030517578,29.84000015258789,354400.0
2002-10-31T00:00:00.000000000,29.850000381469727,30.100000381469727,29.3700008392334,29.540000915527344,483000.0
2002-11-01T00:00:00.000000000,29.290000915527344,29.799999237060547,28.899999618530273,29.690000534057617,586100.0
2002-11-04T00:00:00.000000000,29.799999237060547,30.309999465942383,29.5,29.600000381469727,381700.0
2002-11-05T00:00:00.000000000,29.5,29.799999237060547,29.450000762939453,29.75,462700.0
2002-11-06T00:00:00.000000000,29.899999618530273,30.299999237060547,29.610000610351562,30.1299991607666,357900.0
2002-11-07T00:00:00.000000000,30.1299991607666,30.1299991607666,29.399999618530273,29.559999465942383,362900.0
2002-11-08T00:00:00.000000000,29.709999084472656,30.200000762939453,29.510000228881836,29.709999084472656,358900.0
2002-11-11T00:00:00.000000000,30.100000381469727,30.100000381469727,29.399999618530273,29.479999542236328,424800.0
2002-11-12T00:00:00.000000000,29.489999771118164,29.969999313354492,29.350000381469727,29.75,394200.0
2002-11-13T00:00:00.000000000,29.549999237060547,30.09000015258789,29.139999389648438,29.670000076293945,332900.0
2002-11-14T00:00:00.000000000,30.100000381469727,30.690000534057617,29.920000076293945,30.059999465942383,473100.0
2002-11-15T00:00:00.000000000,30.030000686645508,30.309999465942383,29.850000381469727,30.170000076293945,547900.0
2002-11-18T00:00:00.000000000,30.25,30.600000381469727,30.149999618530273,30.34000015258789,385800.0
2002-11-19T00:00:00.000000000,30.25,31.010000228881836,30.18000030517578,30.530000686645508,343700.0
2002-11-20T00:00:00.000000000,30.399999618530273,31.06999969482422,30.3700008392334,31.030000686645508,506100.0
2002-11-21T00:00:00.000000000,31.030000686645508,31.75,30.8700008392334,31.690000534057617,411200.0
2002-11-22T00:00:00.000000000,31.600000381469727,31.729999542236328,31.389999389648438,31.489999771118164,396000.0
2002-11-25T00:00:00.000000000,31.700000762939453,32.04999923706055,31.459999084472656,31.850000381469727,430100.0
2002-11-26T00:00:00.000000000,31.399999618530273,31.450000762939453,31.059999465942383,31.100000381469727,562700.0
2002-11-27T00:00:00.000000000,31.100000381469727,31.799999237060547,30.790000915527344,31.639999389648438,617600.0
2002-11-29T00:00:00.000000000,31.549999237060547,31.969999313354492,31.399999618530273,31.790000915527344,151200.0
2002-12-02T00:00:00.000000000,31.969999313354492,32.189998626708984,31.3799991607666,32.0,549300.0
2002-12-03T00:00:00.000000000,31.75,31.829999923706055,31.010000228881836,31.110000610351562,382900.0
2002-12-04T00:00:00.000000000,30.649999618530273,30.709999084472656,30.299999237060547,30.450000762939453,437200.0
2002-12-05T00:00:00.000000000,30.450000762939453,30.5,29.739999771118164,30.059999465942383,327100.0
2002-12-06T00:00:00.000000000,30.0,30.139999389648438,29.899999618530273,30.09000015258789,485500.0
2002-12-09T00:00:00.000000000,29.950000762939453,29.989999771118164,29.399999618530273,29.5,667600.0
2002-12-10T00:00:00.000000000,29.5,29.93000030517578,29.309999465942383,29.93000030517578,624600.0
2002-12-11T00:00:00.000000000,29.979999542236328,30.399999618530273,29.700000762939453,30.280000686645508,455400.0
2002-12-12T00:00:00.000000000,30.280000686645508,30.68000030517578,30.010000228881836,30.549999237060547,404100.0
2002-12-13T00:00:00.000000000,30.5,30.690000534057617,30.110000610351562,30.25,390700.0
2002-12-16T00:00:00.000000000,30.149999618530273,31.100000381469727,30.149999618530273,31.09000015258789,391400.0
2002-12-17T00:00:00.000000000,31.09000015258789,31.200000762939453,30.889999389648438,31.100000381469727,490300.0
2002-12-18T00:00:00.000000000,31.0,31.110000610351562,30.549999237060547,30.889999389648438,439800.0
2002-12-19T00:00:00.000000000,30.700000762939453,31.25,30.520000457763672,30.59000015258789,526200.0
2002-12-20T00:00:00.000000000,30.549999237060547,31.170000076293945,30.549999237060547,31.030000686645508,433400.0
2002-12-23T00:00:00.000000000,31.149999618530273,31.239999771118164,30.8799991607666,31.239999771118164,272900.0
2002-12-24T00:00:00.000000000,31.239999771118164,31.239999771118164,30.899999618530273,31.010000228881836,152500.0
2002-12-26T00:00:00.000000000,30.75,31.670000076293945,30.75,31.010000228881836,231000.0
2002-12-27T00:00:00.000000000,30.899999618530273,31.040000915527344,30.690000534057617,30.770000457763672,247800.0
2002-12-30T00:00:00.000000000,30.600000381469727,30.850000381469727,30.420000076293945,30.68000030517578,350700.0
2002-12-31T00:00:00.000000000,30.600000381469727,31.020000457763672,30.5,30.799999237060547,368000.0
2003-01-02T00:00:00.000000000,30.940000534057617,31.709999084472656,30.81999969482422,31.610000610351562,391000.0
2003-01-03T00:00:00.000000000,31.5,31.65999984741211,31.280000686645508,31.5,284400.0
2003-01-06T00:00:00.000000000,31.75,32.13999938964844,31.600000381469727,31.8799991607666,410800.0
2003-01-07T00:00:00.000000000,31.8799991607666,31.8799991607666,31.25,31.450000762939453,426600.0
2003-01-08T00:00:00.000000000,31.479999542236328,31.479999542236328,30.920000076293945,31.040000915527344,428400.0
2003-01-09T00:00:00.000000000,31.040000915527344,31.780000686645508,31.040000915527344,31.780000686645508,338400.0
2003-01-10T00:00:00.000000000,31.549999237060547,31.799999237060547,31.280000686645508,31.469999313354492,367300.0
2003-01-13T00:00:00.000000000,31.549999237060547,31.75,31.299999237060547,31.5,408800.0
2003-01-14T00:00:00.000000000,31.5,31.700000762939453,31.260000228881836,31.540000915527344,478100.0
2003-01-15T00:00:00.000000000,31.530000686645508,31.530000686645508,30.899999618530273,30.920000076293945,368500.0
2003-01-16T00:00:00.000000000,30.920000076293945,31.200000762939453,30.81999969482422,30.81999969482422,721100.0
2003-01-17T00:00:00.000000000,30.81999969482422,31.0,30.510000228881836,30.850000381469727,612000.0
2003-01-21T00:00:00.000000000,30.75,30.829999923706055,30.389999389648438,30.469999313354492,744000.0
2003-01-22T00:00:00.000000000,30.479999542236328,30.479999542236328,29.899999618530273,30.040000915527344,610800.0
2003-01-23T00:00:00.000000000,30.040000915527344,30.75,30.0,30.540000915527344,601900.0
2003-01-24T00:00:00.000000000,30.540000915527344,30.540000915527344,29.920000076293945,30.239999771118164,573700.0
2003-01-27T00:00:00.000000000,30.100000381469727,30.329999923706055,29.6299991607666,29.690000534057617,446500.0
2003-01-28T00:00:00.000000000,29.690000534057617,29.899999618530273,29.459999084472656,29.770000457763672,694300.0
2003-01-29T00:00:00.000000000,29.700000762939453,30.030000686645508,29.25,29.899999618530273,719200.0
2003-01-30T00:00:00.000000000,30.100000381469727,30.25,29.200000762939453,29.299999237060547,326300.0
2003-01-31T00:00:00.000000000,29.309999465942383,29.799999237060547,29.309999465942383,29.5,533200.0
2003-02-03T00:00:00.000000000,29.549999237060547,29.889999389648438,29.5,29.719999313354492,573400.0
2003-02-04T00:00:00.000000000,29.5,29.530000686645508,29.110000610351562,29.389999389648438,590100.0
2003-02-05T00:00:00.000000000,29.440000534057617,29.540000915527344,29.1299991607666,29.18000030517578,508900.0
2003-02-06T00:00:00.000000000,29.200000762939453,29.299999237060547,29.0,29.149999618530273,443400.0
2003-02-07T00:00:00.000000000,29.399999618530273,29.559999465942383,28.75,28.799999237060547,377100.0
2003-02-10T00:00:00.000000000,28.809999465942383,29.049999237060547,28.610000610351562,29.0,461000.0
2003-02-11T00:00:00.000000000,29.0,29.280000686645508,28.90999984741211,28.959999084472656,544000.0
2003-02-12T00:00:00.000000000,28.969999313354492,29.1299991607666,28.540000915527344,28.540000915527344,436800.0
2003-02-13T00:00:00.000000000,28.540000915527344,28.540000915527344,27.829999923706055,28.170000076293945,449500.0
2003-02-14T00:00:00.000000000,28.270000457763672,29.06999969482422,28.270000457763672,28.75,547800.0
2003-02-18T00:00:00.000000000,29.25,29.5,28.979999542236328,29.200000762939453,543900.0
2003-02-19T00:00:00.000000000,29.299999237060547,29.299999237060547,28.860000610351562,28.93000030517578,345100.0
2003-02-20T00:00:00.000000000,28.959999084472656,29.100000381469727,28.440000534057617,28.670000076293945,521800.0
2003-02-21T00:00:00.000000000,28.700000762939453,28.950000762939453,28.360000610351562,28.729999542236328,478800.0
2003-02-24T00:00:00.000000000,28.799999237060547,28.860000610351562,28.5,28.549999237060547,393800.0
2003-02-25T00:00:00.000000000,28.399999618530273,28.780000686645508,28.15999984741211,28.700000762939453,566100.0
2003-02-26T00:00:00.000000000,28.850000381469727,28.899999618530273,28.31999969482422,28.3799991607666,622900.0
2003-02-27T00:00:00.000000000,28.549999237060547,29.100000381469727,28.450000762939453,28.920000076293945,399800.0
2003-02-28T00:00:00.000000000,28.989999771118164,29.299999237060547,28.709999084472656,28.799999237060547,398900.0
2003-03-03T00:00:00.000000000,29.0,29.450000762939453,29.0,29.0,697500.0
2003-03-04T00:00:00.000000000,29.0,29.010000228881836,28.360000610351562,28.5,578600.0
2003-03-05T00:00:00.000000000,28.059999465942383,28.40999984741211,27.979999542236328,28.15999984741211,421100.0
2003-03-06T00:00:00.000000000,27.90999984741211,28.049999237060547,27.649999618530273,27.760000228881836,317400.0
2003-03-07T00:00:00.000000000,27.549999237060547,28.450000762939453,27.280000686645508,28.200000762939453,415000.0
2003-03-10T00:00:00.000000000,28.0,28.0,27.520000457763672,27.579999923706055,338900.0
2003-03-11T00:00:00.000000000,27.579999923706055,27.969999313354492,27.280000686645508,27.43000030517578,403700.0
2003-03-12T00:00:00.000000000,27.329999923706055,27.700000762939453,27.200000762939453,27.700000762939453,548000.0
2003-03-13T00:00:00.000000000,27.899999618530273,28.5,27.649999618530273,28.5,424400.0
2003-03-14T00:00:00.000000000,28.56999969482422,29.139999389648438,28.3700008392334,28.549999237060547,864500.0
2003-03-17T00:00:00.000000000,28.549999237060547,29.350000381469727,28.0,29.350000381469727,578900.0
2003-03-18T00:00:00.000000000,29.899999618530273,29.899999618530273,29.34000015258789,29.56999969482422,634000.0
2003-03-19T00:00:00.000000000,29.81999969482422,29.899999618530273,29.40999984741211,29.760000228881836,522900.0
2003-03-20T00:00:00.000000000,29.850000381469727,30.1200008392334,29.440000534057617,30.100000381469727,679000.0
2003-03-21T00:00:00.000000000,30.299999237060547,31.0,30.239999771118164,31.0,562600.0
2003-03-24T00:00:00.000000000,31.010000228881836,31.010000228881836,30.030000686645508,30.18000030517578,513000.0
2003-03-25T00:00:00.000000000,30.43000030517578,30.719999313354492,30.030000686645508,30.700000762939453,363900.0
2003-03-26T00:00:00.000000000,30.700000762939453,30.75,30.40999984741211,30.510000228881836,464700.0
2003-03-27T00:00:00.000000000,30.399999618530273,30.6299991607666,30.100000381469727,30.440000534057617,288200.0
2003-03-28T00:00:00.000000000,30.299999237060547,30.350000381469727,29.920000076293945,30.190000534057617,365200.0
2003-03-31T00:00:00.000000000,30.0,30.93000030517578,29.889999389648438,30.510000228881836,758300.0
2003-04-01T00:00:00.000000000,30.600000381469727,30.799999237060547,30.280000686645508,30.700000762939453,725500.0
2003-04-02T00:00:00.000000000,31.299999237060547,31.979999542236328,31.239999771118164,31.770000457763672,457900.0
2003-04-03T00:00:00.000000000,31.850000381469727,31.8700008392334,31.3799991607666,31.6200008392334,490400.0
2003-04-04T00:00:00.000000000,31.6200008392334,32.15999984741211,31.450000762939453,31.84000015258789,437700.0
2003-04-07T00:00:00.000000000,32.400001525878906,32.75,32.16999816894531,32.25,488600.0
2003-04-08T00:00:00.000000000,32.25,32.25,31.799999237060547,32.06999969482422,335700.0
2003-04-09T00:00:00.000000000,32.189998626708984,32.349998474121094,31.729999542236328,31.729999542236328,320400.0
2003-04-10T00:00:00.000000000,31.739999771118164,31.799999237060547,31.440000534057617,31.639999389648438,400600.0
2003-04-11T00:00:00.000000000,31.649999618530273,31.649999618530273,31.200000762939453,31.360000610351562,398600.0
2003-04-14T00:00:00.000000000,31.360000610351562,31.940000534057617,31.350000381469727,31.93000030517578,407500.0
2003-04-15T00:00:00.000000000,31.93000030517578,32.0,31.399999618530273,31.940000534057617,363000.0
2003-04-16T00:00:00.000000000,31.989999771118164,32.0,31.3799991607666,31.459999084472656,482100.0
2003-04-17T00:00:00.000000000,31.329999923706055,31.6299991607666,31.110000610351562,31.350000381469727,615900.0
2003-04-21T00:00:00.000000000,31.399999618530273,31.459999084472656,31.1200008392334,31.239999771118164,365600.0
2003-04-22T00:00:00.000000000,31.010000228881836,31.899999618530273,30.649999618530273,31.729999542236328,497000.0
2003-04-23T00:00:00.000000000,32.0,32.04999923706055,31.559999465942383,31.940000534057617,488100.0
2003-04-24T00:00:00.000000000,31.5,31.75,31.399999618530273,31.549999237060547,470400.0
2003-04-25T00:00:00.000000000,31.549999237060547,31.6200008392334,31.110000610351562,31.270000457763672,333600.0
2003-04-28T00:00:00.000000000,31.270000457763672,32.09000015258789,31.149999618530273,31.989999771118164,365500.0
2003-04-29T00:00:00.000000000,32.04999923706055,32.08000183105469,31.56999969482422,32.0099983215332,337100.0
2003-04-30T00:00:00.000000000,31.799999237060547,32.09000015258789,31.40999984741211,31.969999313354492,522600.0
2003-05-01T00:00:00.000000000,31.850000381469727,31.850000381469727,31.0,31.639999389648438,365400.0
2003-05-02T00:00:00.000000000,31.639999389648438,32.540000915527344,31.420000076293945,32.5,571500.0
2003-05-05T00:00:00.000000000,32.45000076293945,32.70000076293945,32.029998779296875,32.369998931884766,400000.0
2003-05-06T00:00:00.000000000,32.20000076293945,32.689998626708984,32.16999816894531,32.63999938964844,409800.0
2003-05-07T00:00:00.000000000,32.63999938964844,33.040000915527344,32.34000015258789,33.0,583000.0
2003-05-08T00:00:00.000000000,32.79999923706055,33.0,32.380001068115234,32.66999816894531,360700.0
2003-05-09T00:00:00.000000000,32.66999816894531,33.06999969482422,32.349998474121094,33.0099983215332,268400.0
2003-05-12T00:00:00.000000000,33.04999923706055,33.5,32.709999084472656,33.33000183105469,333500.0
2003-05-13T00:00:00.000000000,33.099998474121094,33.41999816894531,33.099998474121094,33.279998779296875,348700.0
2003-05-14T00:00:00.000000000,33.20000076293945,33.27000045776367,32.70000076293945,32.939998626708984,290400.0
2003-05-15T00:00:00.000000000,33.189998626708984,33.56999969482422,32.900001525878906,33.56999969482422,460800.0
2003-05-16T00:00:00.000000000,33.56999969482422,33.65999984741211,32.91999816894531,33.65999984741211,789800.0
2003-05-19T00:00:00.000000000,33.5,33.5,32.939998626708984,32.939998626708984,515100.0
2003-05-20T00:00:00.000000000,32.959999084472656,33.029998779296875,32.5,32.900001525878906,467600.0
2003-05-21T00:00:00.000000000,32.900001525878906,32.90999984741211,32.58000183105469,32.720001220703125,424800.0
2003-05-22T00:00:00.000000000,32.79999923706055,33.040000915527344,32.61000061035156,32.880001068115234,310900.0
2003-05-23T00:00:00.000000000,32.880001068115234,32.939998626708984,32.66999816894531,32.88999938964844,280100.0
2003-05-27T00:00:00.000000000,32.88999938964844,33.130001068115234,32.880001068115234,33.02000045776367,1039900.0
2003-05-28T00:00:00.000000000,33.119998931884766,33.369998931884766,32.849998474121094,33.13999938964844,612300.0
2003-05-29T00:00:00.000000000,33.0,33.099998474121094,32.599998474121094,32.79999923706055,548800.0
2003-05-30T00:00:00.000000000,32.79999923706055,33.099998474121094,32.70000076293945,32.869998931884766,716400.0
2003-06-02T00:00:00.000000000,33.099998474121094,33.36000061035156,33.02000045776367,33.290000915527344,666200.0
2003-06-03T00:00:00.000000000,33.33000183105469,33.33000183105469,32.88999938964844,33.119998931884766,438900.0
2003-06-04T00:00:00.000000000,32.83000183105469,33.09000015258789,32.70000076293945,33.08000183105469,685200.0
2003-06-05T00:00:00.000000000,33.08000183105469,33.29999923706055,32.79999923706055,33.20000076293945,475800.0
2003-06-06T00:00:00.000000000,33.29999923706055,33.66999816894531,32.63999938964844,32.689998626708984,699500.0
2003-06-09T00:00:00.000000000,32.75,32.880001068115234,32.5099983215332,32.66999816894531,588500.0
2003-06-10T00:00:00.000000000,32.869998931884766,32.9900016784668,32.66999816894531,32.86000061035156,318800.0
2003-06-11T00:00:00.000000000,33.04999923706055,33.41999816894531,32.84000015258789,33.41999816894531,616800.0
2003-06-12T00:00:00.000000000,33.5,33.70000076293945,33.13999938964844,33.33000183105469,475800.0
2003-06-13T00:00:00.000000000,33.33000183105469,33.349998474121094,33.029998779296875,33.310001373291016,477300.0
2003-06-16T00:00:00.000000000,33.349998474121094,33.5,33.27000045776367,33.5,490000.0
2003-06-17T00:00:00.000000000,33.58000183105469,33.58000183105469,33.2400016784668,33.45000076293945,648700.0
2003-06-18T00:00:00.000000000,33.38999938964844,33.400001525878906,33.189998626708984,33.310001373291016,532800.0
2003-06-19T00:00:00.000000000,33.349998474121094,33.349998474121094,32.59000015258789,32.7400016784668,560500.0
2003-06-20T00:00:00.000000000,32.70000076293945,32.81999969482422,32.56999969482422,32.68000030517578,556100.0
2003-06-23T00:00:00.000000000,32.65999984741211,32.65999984741211,31.799999237060547,32.130001068115234,426500.0
2003-06-24T00:00:00.000000000,32.0,32.349998474121094,31.84000015258789,32.060001373291016,326500.0
2003-06-25T00:00:00.000000000,32.060001373291016,32.189998626708984,31.81999969482422,31.8700008392334,397100.0
2003-06-26T00:00:00.000000000,31.8700008392334,32.25,31.700000762939453,32.22999954223633,527200.0
2003-06-27T00:00:00.000000000,32.130001068115234,32.349998474121094,31.860000610351562,32.220001220703125,510200.0
2003-06-30T00:00:00.000000000,31.899999618530273,32.27000045776367,31.899999618530273,32.0099983215332,502300.0
2003-07-01T00:00:00.000000000,32.0099983215332,32.529998779296875,30.860000610351562,32.529998779296875,536600.0
2003-07-02T00:00:00.000000000,32.279998779296875,32.95000076293945,32.279998779296875,32.93000030517578,445100.0
2003-07-03T00:00:00.000000000,32.849998474121094,33.060001373291016,32.810001373291016,32.900001525878906,268400.0
2003-07-07T00:00:00.000000000,33.0,33.45000076293945,32.970001220703125,33.400001525878906,671100.0
2003-07-08T00:00:00.000000000,33.400001525878906,33.560001373291016,33.279998779296875,33.45000076293945,504500.0
2003-07-09T00:00:00.000000000,33.54999923706055,33.630001068115234,33.16999816894531,33.400001525878906,510200.0
2003-07-10T00:00:00.000000000,33.400001525878906,33.439998626708984,33.09000015258789,33.29999923706055,354300.0
2003-07-11T00:00:00.000000000,33.25,33.4900016784668,33.16999816894531,33.45000076293945,256700.0
2003-07-14T00:00:00.000000000,33.599998474121094,33.689998626708984,33.220001220703125,33.400001525878906,429100.0
2003-07-15T00:00:00.000000000,33.59000015258789,33.59000015258789,33.02000045776367,33.2599983215332,443100.0
2003-07-16T00:00:00.000000000,33.38999938964844,33.400001525878906,32.619998931884766,32.880001068115234,402700.0
2003-07-17T00:00:00.000000000,32.29999923706055,32.650001525878906,31.899999618530273,32.04999923706055,1298800.0
2003-07-18T00:00:00.000000000,32.150001525878906,32.150001525878906,31.170000076293945,31.700000762939453,889500.0
2003-07-21T00:00:00.000000000,31.459999084472656,31.549999237060547,30.6299991607666,31.020000457763672,763200.0
2003-07-22T00:00:00.000000000,31.100000381469727,31.3799991607666,30.760000228881836,31.200000762939453,598500.0
2003-07-23T00:00:00.000000000,31.299999237060547,31.299999237060547,30.639999389648438,31.06999969482422,560100.0
2003-07-24T00:00:00.000000000,31.06999969482422,31.15999984741211,30.84000015258789,30.850000381469727,450300.0
2003-07-25T00:00:00.000000000,30.700000762939453,31.34000015258789,30.649999618530273,31.290000915527344,483700.0
2003-07-28T00:00:00.000000000,31.280000686645508,31.280000686645508,30.790000915527344,30.889999389648438,494400.0
2003-07-29T00:00:00.000000000,31.0,31.100000381469727,30.450000762939453,30.809999465942383,449800.0
2003-07-30T00:00:00.000000000,30.920000076293945,30.989999771118164,30.739999771118164,30.93000030517578,292200.0
2003-07-31T00:00:00.000000000,31.100000381469727,31.360000610351562,30.84000015258789,30.940000534057617,361700.0
2003-08-01T00:00:00.000000000,30.93000030517578,31.0,30.649999618530273,30.799999237060547,397700.0
2003-08-04T00:00:00.000000000,30.799999237060547,30.850000381469727,30.290000915527344,30.75,447100.0
2003-08-05T00:00:00.000000000,30.450000762939453,30.700000762939453,30.149999618530273,30.209999084472656,380000.0
2003-08-06T00:00:00.000000000,30.229999542236328,30.350000381469727,29.829999923706055,30.030000686645508,493300.0
2003-08-07T00:00:00.000000000,30.030000686645508,30.139999389648438,29.889999389648438,30.030000686645508,538700.0
2003-08-08T00:00:00.000000000,30.040000915527344,30.350000381469727,30.010000228881836,30.270000457763672,341600.0
2003-08-11T00:00:00.000000000,30.5,30.6200008392334,30.299999237060547,30.459999084472656,316700.0
2003-08-12T00:00:00.000000000,30.559999465942383,30.75,30.40999984741211,30.75,443700.0
2003-08-13T00:00:00.000000000,30.850000381469727,30.950000762939453,30.600000381469727,30.700000762939453,302500.0
2003-08-14T00:00:00.000000000,30.799999237060547,31.059999465942383,30.520000457763672,31.0,380400.0
2003-08-15T00:00:00.000000000,31.149999618530273,31.290000915527344,31.0,31.149999618530273,176400.0
2003-08-18T00:00:00.000000000,31.25,31.260000228881836,31.110000610351562,31.15999984741211,345700.0
2003-08-19T00:00:00.000000000,31.15999984741211,31.450000762939453,31.15999984741211,31.450000762939453,394200.0
2003-08-20T00:00:00.000000000,31.450000762939453,31.520000457763672,31.280000686645508,31.420000076293945,219700.0
2003-08-21T00:00:00.000000000,31.459999084472656,31.8700008392334,31.43000030517578,31.6299991607666,334900.0
2003-08-22T00:00:00.000000000,31.700000762939453,31.850000381469727,31.270000457763672,31.389999389648438,483300.0
2003-08-25T00:00:00.000000000,31.190000534057617,31.600000381469727,31.170000076293945,31.350000381469727,327100.0
2003-08-26T00:00:00.000000000,31.309999465942383,31.350000381469727,31.1200008392334,31.270000457763672,604700.0
2003-08-27T00:00:00.000000000,31.270000457763672,31.350000381469727,31.100000381469727,31.25,282900.0
2003-08-28T00:00:00.000000000,31.299999237060547,31.5,31.020000457763672,31.479999542236328,314100.0
2003-08-29T00:00:00.000000000,31.3700008392334,32.060001373291016,31.31999969482422,32.02000045776367,329000.0
2003-09-02T00:00:00.000000000,32.099998474121094,32.7400016784668,32.099998474121094,32.599998474121094,788600.0
2003-09-03T00:00:00.000000000,32.5,33.15999984741211,32.47999954223633,33.099998474121094,745800.0
2003-09-04T00:00:00.000000000,33.20000076293945,33.29999923706055,33.0099983215332,33.150001525878906,686000.0
2003-09-05T00:00:00.000000000,33.099998474121094,33.20000076293945,32.900001525878906,33.130001068115234,488000.0
2003-09-08T00:00:00.000000000,33.060001373291016,33.33000183105469,33.02000045776367,33.29999923706055,354300.0
2003-09-09T00:00:00.000000000,33.290000915527344,33.290000915527344,33.04999923706055,33.130001068115234,606200.0
2003-09-10T00:00:00.000000000,33.18000030517578,33.189998626708984,32.959999084472656,33.02000045776367,437200.0
2003-09-11T00:00:00.000000000,33.0,33.130001068115234,32.959999084472656,33.130001068115234,583200.0
2003-09-12T00:00:00.000000000,33.130001068115234,33.130001068115234,32.93000030517578,33.119998931884766,506900.0
2003-09-15T00:00:00.000000000,33.150001525878906,33.150001525878906,32.95000076293945,33.04999923706055,353500.0
2003-09-16T00:00:00.000000000,33.09000015258789,33.119998931884766,33.0099983215332,33.11000061035156,419500.0
2003-09-17T00:00:00.000000000,33.150001525878906,33.150001525878906,32.93000030517578,32.959999084472656,269000.0
2003-09-18T00:00:00.000000000,33.0,33.0,32.849998474121094,32.9900016784668,310200.0
2003-09-19T00:00:00.000000000,32.9900016784668,32.9900016784668,32.79999923706055,32.939998626708984,326300.0
2003-09-22T00:00:00.000000000,32.70000076293945,32.779998779296875,32.400001525878906,32.70000076293945,274800.0
2003-09-23T00:00:00.000000000,32.70000076293945,32.720001220703125,32.540000915527344,32.540000915527344,313700.0
2003-09-24T00:00:00.000000000,32.540000915527344,32.540000915527344,31.84000015258789,32.11000061035156,366200.0
2003-09-25T00:00:00.000000000,32.11000061035156,32.209999084472656,31.799999237060547,32.09000015258789,462800.0
2003-09-26T00:00:00.000000000,32.0,32.029998779296875,31.600000381469727,31.770000457763672,414900.0
2003-09-29T00:00:00.000000000,31.799999237060547,32.099998474121094,31.780000686645508,32.04999923706055,559700.0
2003-09-30T00:00:00.000000000,32.04999923706055,32.04999923706055,31.65999984741211,31.979999542236328,434000.0
2003-10-01T00:00:00.000000000,32.0,32.130001068115234,31.850000381469727,32.04999923706055,735900.0
2003-10-02T00:00:00.000000000,32.060001373291016,32.060001373291016,31.799999237060547,32.0,347100.0
2003-10-03T00:00:00.000000000,32.150001525878906,32.7400016784668,32.04999923706055,32.33000183105469,416300.0
2003-10-06T00:00:00.000000000,32.380001068115234,32.52000045776367,32.220001220703125,32.52000045776367,370500.0
2003-10-07T00:00:00.000000000,32.52000045776367,32.619998931884766,32.34000015258789,32.5099983215332,315100.0
2003-10-08T00:00:00.000000000,32.52000045776367,32.599998474121094,32.380001068115234,32.470001220703125,239300.0
2003-10-09T00:00:00.000000000,32.54999923706055,32.79999923706055,32.5,32.68000030517578,470400.0
2003-10-10T00:00:00.000000000,32.65999984741211,32.81999969482422,32.599998474121094,32.66999816894531,659000.0
2003-10-13T00:00:00.000000000,32.70000076293945,32.900001525878906,32.459999084472656,32.59000015258789,255000.0
2003-10-14T00:00:00.000000000,32.599998474121094,32.709999084472656,32.310001373291016,32.47999954223633,428800.0
2003-10-15T00:00:00.000000000,32.4900016784668,32.5,32.29999923706055,32.400001525878906,314200.0
2003-10-16T00:00:00.000000000,32.150001525878906,32.47999954223633,32.150001525878906,32.400001525878906,379200.0
2003-10-17T00:00:00.000000000,32.400001525878906,32.400001525878906,32.119998931884766,32.22999954223633,424700.0
2003-10-20T00:00:00.000000000,32.22999954223633,32.2599983215332,31.799999237060547,32.0,368800.0
2003-10-21T00:00:00.000000000,32.0,32.189998626708984,31.899999618530273,32.040000915527344,560300.0
2003-10-22T00:00:00.000000000,32.040000915527344,32.040000915527344,31.139999389648438,31.799999237060547,346600.0
2003-10-23T00:00:00.000000000,31.739999771118164,31.829999923706055,31.489999771118164,31.790000915527344,357200.0
2003-10-24T00:00:00.000000000,31.770000457763672,32.0099983215332,31.639999389648438,31.899999618530273,303200.0
2003-10-27T00:00:00.000000000,31.860000610351562,32.060001373291016,31.860000610351562,32.02000045776367,411000.0
2003-10-28T00:00:00.000000000,32.0,32.099998474121094,31.90999984741211,32.099998474121094,309300.0
2003-10-29T00:00:00.000000000,32.060001373291016,32.099998474121094,31.90999984741211,32.060001373291016,295000.0
2003-10-30T00:00:00.000000000,32.099998474121094,32.130001068115234,31.809999465942383,31.899999618530273,399100.0
2003-10-31T00:00:00.000000000,31.979999542236328,32.0,31.809999465942383,31.81999969482422,452100.0
2003-11-03T00:00:00.000000000,31.809999465942383,32.279998779296875,31.809999465942383,32.099998474121094,375900.0
2003-11-04T00:00:00.000000000,31.90999984741211,32.380001068115234,31.90999984741211,32.369998931884766,539600.0
2003-11-05T00:00:00.000000000,32.25,32.47999954223633,32.029998779296875,32.279998779296875,238800.0
2003-11-06T00:00:00.000000000,32.119998931884766,32.15999984741211,31.90999984741211,32.11000061035156,286500.0
2003-11-07T00:00:00.000000000,32.040000915527344,32.18000030517578,31.93000030517578,31.969999313354492,300900.0
2003-11-10T00:00:00.000000000,31.989999771118164,32.0,31.25,31.3799991607666,375400.0
2003-11-11T00:00:00.000000000,31.299999237060547,31.540000915527344,31.209999084472656,31.280000686645508,186100.0
2003-11-12T00:00:00.000000000,31.25,31.700000762939453,31.200000762939453,31.700000762939453,373700.0
2003-11-13T00:00:00.000000000,31.5,31.530000686645508,31.31999969482422,31.459999084472656,401500.0
2003-11-14T00:00:00.000000000,31.399999618530273,31.579999923706055,31.219999313354492,31.299999237060547,241500.0
2003-11-17T00:00:00.000000000,31.299999237060547,31.299999237060547,30.600000381469727,31.100000381469727,358500.0
2003-11-18T00:00:00.000000000,31.010000228881836,31.06999969482422,30.709999084472656,30.790000915527344,434500.0
2003-11-19T00:00:00.000000000,30.81999969482422,31.030000686645508,30.780000686645508,30.940000534057617,373600.0
2003-11-20T00:00:00.000000000,30.790000915527344,30.950000762939453,30.510000228881836,30.780000686645508,432500.0
2003-11-21T00:00:00.000000000,30.950000762939453,31.110000610351562,30.65999984741211,31.06999969482422,312600.0
2003-11-24T00:00:00.000000000,31.149999618530273,31.56999969482422,31.100000381469727,31.549999237060547,305200.0
2003-11-25T00:00:00.000000000,31.559999465942383,31.899999618530273,31.510000228881836,31.700000762939453,493600.0
2003-11-26T00:00:00.000000000,31.700000762939453,31.799999237060547,31.420000076293945,31.739999771118164,328900.0
2003-11-28T00:00:00.000000000,31.739999771118164,31.760000228881836,31.479999542236328,31.479999542236328,198400.0
2003-12-01T00:00:00.000000000,31.479999542236328,31.850000381469727,31.43000030517578,31.75,481000.0
2003-12-02T00:00:00.000000000,31.809999465942383,32.18000030517578,31.510000228881836,32.130001068115234,567700.0
2003-12-03T00:00:00.000000000,32.08000183105469,32.349998474121094,31.899999618530273,32.060001373291016,400500.0
2003-12-04T00:00:00.000000000,32.099998474121094,32.13999938964844,31.850000381469727,32.06999969482422,338200.0
2003-12-05T00:00:00.000000000,32.04999923706055,32.400001525878906,32.0099983215332,32.150001525878906,493700.0
2003-12-08T00:00:00.000000000,32.02000045776367,32.58000183105469,32.0099983215332,32.58000183105469,325400.0
2003-12-09T00:00:00.000000000,32.68000030517578,32.75,32.38999938964844,32.47999954223633,343500.0
2003-12-10T00:00:00.000000000,32.29999923706055,32.61000061035156,32.189998626708984,32.349998474121094,356400.0
2003-12-11T00:00:00.000000000,32.45000076293945,32.91999816894531,32.310001373291016,32.83000183105469,318100.0
2003-12-12T00:00:00.000000000,32.959999084472656,33.209999084472656,32.75,33.130001068115234,379800.0
2003-12-15T00:00:00.000000000,33.45000076293945,33.59000015258789,33.04999923706055,33.08000183105469,424200.0
2003-12-16T00:00:00.000000000,33.09000015258789,33.189998626708984,32.61000061035156,33.0099983215332,377700.0
2003-12-17T00:00:00.000000000,32.97999954223633,32.9900016784668,32.779998779296875,32.79999923706055,731700.0
2003-12-18T00:00:00.000000000,32.84000015258789,33.209999084472656,32.79999923706055,33.15999984741211,546200.0
2003-12-19T00:00:00.000000000,33.20000076293945,33.20000076293945,33.0099983215332,33.119998931884766,503000.0
2003-12-22T00:00:00.000000000,33.150001525878906,33.29999923706055,33.09000015258789,33.189998626708984,402800.0
2003-12-23T00:00:00.000000000,33.150001525878906,33.25,32.9900016784668,33.15999984741211,346900.0
2003-12-24T00:00:00.000000000,33.15999984741211,33.15999984741211,32.849998474121094,33.0,135000.0
2003-12-26T00:00:00.000000000,33.04999923706055,33.22999954223633,32.95000076293945,33.02000045776367,140700.0
2003-12-29T00:00:00.000000000,33.0,33.75,32.939998626708984,33.09000015258789,385800.0
2003-12-30T00:00:00.000000000,33.0,33.06999969482422,32.93000030517578,33.040000915527344,351700.0
2003-12-31T00:00:00.000000000,33.099998474121094,33.25,33.0,33.20000076293945,522000.0
2004-01-02T00:00:00.000000000,33.150001525878906,33.310001373291016,32.900001525878906,33.029998779296875,471000.0
2004-01-05T00:00:00.000000000,33.150001525878906,33.470001220703125,33.150001525878906,33.470001220703125,540600.0
2004-01-06T00:00:00.000000000,33.400001525878906,33.45000076293945,33.209999084472656,33.349998474121094,331700.0
2004-01-07T00:00:00.000000000,33.29999923706055,33.380001068115234,33.16999816894531,33.34000015258789,468100.0
2004-01-08T00:00:00.000000000,33.27000045776367,33.400001525878906,33.06999969482422,33.400001525878906,338300.0
2004-01-09T00:00:00.000000000,33.29999923706055,33.349998474121094,33.0,33.04999923706055,328700.0
2004-01-12T00:00:00.000000000,33.04999923706055,33.06999969482422,32.880001068115234,32.900001525878906,354900.0
2004-01-13T00:00:00.000000000,32.95000076293945,32.95000076293945,32.400001525878906,32.59000015258789,570400.0
2004-01-14T00:00:00.000000000,32.75,32.849998474121094,32.59000015258789,32.75,504700.0
2004-01-15T00:00:00.000000000,32.810001373291016,32.810001373291016,32.54999923706055,32.630001068115234,421300.0
2004-01-16T00:00:00.000000000,32.720001220703125,32.7400016784668,32.41999816894531,32.650001525878906,384500.0
2004-01-20T00:00:00.000000000,32.68000030517578,32.70000076293945,32.099998474121094,32.130001068115234,450900.0
2004-01-21T00:00:00.000000000,32.20000076293945,32.599998474121094,32.029998779296875,32.540000915527344,1610300.0
2004-01-22T00:00:00.000000000,32.599998474121094,32.650001525878906,32.290000915527344,32.540000915527344,1058700.0
2004-01-23T00:00:00.000000000,32.599998474121094,32.689998626708984,32.29999923706055,32.41999816894531,442900.0
2004-01-26T00:00:00.000000000,32.45000076293945,33.310001373291016,32.31999969482422,33.2400016784668,906500.0
2004-01-27T00:00:00.000000000,33.2400016784668,33.2599983215332,32.970001220703125,33.18000030517578,734700.0
2004-01-28T00:00:00.000000000,33.150001525878906,33.79999923706055,33.150001525878906,33.33000183105469,854400.0
2004-01-29T00:00:00.000000000,33.29999923706055,33.400001525878906,32.849998474121094,33.099998474121094,614800.0
2004-01-30T00:00:00.000000000,33.08000183105469,33.08000183105469,32.70000076293945,32.959999084472656,836900.0
2004-02-02T00:00:00.000000000,32.900001525878906,33.20000076293945,32.68000030517578,32.9900016784668,615000.0
2004-02-03T00:00:00.000000000,32.9900016784668,33.29999923706055,32.79999923706055,33.20000076293945,511300.0
2004-02-04T00:00:00.000000000,33.150001525878906,33.20000076293945,32.959999084472656,33.11000061035156,594100.0
2004-02-05T00:00:00.000000000,33.0,33.18000030517578,32.86000061035156,32.9900016784668,429900.0
2004-02-06T00:00:00.000000000,33.04999923706055,33.70000076293945,33.04999923706055,33.619998931884766,711900.0
2004-02-09T00:00:00.000000000,33.63999938964844,33.83000183105469,33.5099983215332,33.77000045776367,421000.0
2004-02-10T00:00:00.000000000,33.61000061035156,34.0,33.400001525878906,33.93000030517578,495800.0
2004-02-11T00:00:00.000000000,34.0,34.15999984741211,33.599998474121094,33.91999816894531,842000.0
2004-02-12T00:00:00.000000000,33.849998474121094,34.029998779296875,33.380001068115234,33.900001525878906,488600.0
2004-02-13T00:00:00.000000000,33.75,34.099998474121094,33.599998474121094,33.90999984741211,389700.0
2004-02-17T00:00:00.000000000,34.900001525878906,34.900001525878906,34.20000076293945,34.34000015258789,563000.0
2004-02-18T00:00:00.000000000,34.34000015258789,34.599998474121094,34.130001068115234,34.470001220703125,411300.0
2004-02-19T00:00:00.000000000,34.54999923706055,35.060001373291016,34.400001525878906,34.61000061035156,783000.0
2004-02-20T00:00:00.000000000,34.75,34.84000015258789,34.40999984741211,34.5099983215332,375300.0
2004-02-23T00:00:00.000000000,34.65999984741211,34.7599983215332,34.220001220703125,34.70000076293945,524200.0
2004-02-24T00:00:00.000000000,34.599998474121094,34.939998626708984,34.349998474121094,34.77000045776367,449200.0
2004-02-25T00:00:00.000000000,34.75,34.83000183105469,34.599998474121094,34.619998931884766,504200.0
2004-02-26T00:00:00.000000000,34.54999923706055,34.77000045776367,34.29999923706055,34.5,578200.0
2004-02-27T00:00:00.000000000,34.5099983215332,34.880001068115234,34.47999954223633,34.72999954223633,829700.0
2004-03-01T00:00:00.000000000,34.75,35.0,34.65999984741211,34.95000076293945,460100.0
2004-03-02T00:00:00.000000000,34.95000076293945,35.040000915527344,34.86000061035156,34.95000076293945,471300.0
2004-03-03T00:00:00.000000000,34.79999923706055,34.900001525878906,34.47999954223633,34.56999969482422,480100.0
2004-03-04T00:00:00.000000000,34.70000076293945,34.75,34.400001525878906,34.58000183105469,357100.0
2004-03-05T00:00:00.000000000,34.5,34.70000076293945,34.220001220703125,34.630001068115234,485800.0
2004-03-08T00:00:00.000000000,34.54999923706055,34.66999816894531,34.27000045776367,34.369998931884766,403600.0
2004-03-09T00:00:00.000000000,34.29999923706055,34.40999984741211,34.099998474121094,34.29999923706055,304200.0
2004-03-10T00:00:00.000000000,34.189998626708984,34.40999984741211,33.619998931884766,33.720001220703125,289800.0
2004-03-11T00:00:00.000000000,33.599998474121094,33.81999969482422,33.189998626708984,33.2400016784668,340400.0
2004-03-12T00:00:00.000000000,33.27000045776367,33.599998474121094,33.099998474121094,33.599998474121094,276600.0
2004-03-15T00:00:00.000000000,33.54999923706055,33.63999938964844,33.0099983215332,33.119998931884766,290100.0
2004-03-16T00:00:00.000000000,33.33000183105469,33.5,33.060001373291016,33.34000015258789,273200.0
2004-03-17T00:00:00.000000000,33.400001525878906,33.849998474121094,33.400001525878906,33.75,270100.0
2004-03-18T00:00:00.000000000,33.79999923706055,33.79999923706055,33.08000183105469,33.29999923706055,830400.0
2004-03-19T00:00:00.000000000,33.25,33.36000061035156,33.099998474121094,33.15999984741211,390300.0
2004-03-22T00:00:00.000000000,33.0,33.099998474121094,32.5099983215332,32.95000076293945,398000.0
2004-03-23T00:00:00.000000000,32.95000076293945,33.11000061035156,32.77000045776367,32.79999923706055,319000.0
2004-03-24T00:00:00.000000000,32.810001373291016,32.97999954223633,32.599998474121094,32.75,415700.0
2004-03-25T00:00:00.000000000,33.0,33.099998474121094,32.70000076293945,32.900001525878906,582800.0
2004-03-26T00:00:00.000000000,32.900001525878906,32.939998626708984,32.689998626708984,32.689998626708984,711400.0
2004-03-29T00:00:00.000000000,32.75,32.900001525878906,32.720001220703125,32.79999923706055,1022600.0
2004-03-30T00:00:00.000000000,32.790000915527344,33.0,32.650001525878906,32.97999954223633,706100.0
2004-03-31T00:00:00.000000000,33.0,33.0,32.70000076293945,32.720001220703125,843400.0
2004-04-01T00:00:00.000000000,32.900001525878906,32.970001220703125,32.650001525878906,32.720001220703125,454200.0
2004-04-02T00:00:00.000000000,32.849998474121094,32.95000076293945,32.689998626708984,32.86000061035156,508300.0
2004-04-05T00:00:00.000000000,32.86000061035156,33.470001220703125,32.7599983215332,33.400001525878906,481600.0
2004-04-06T00:00:00.000000000,33.400001525878906,33.5,33.209999084472656,33.34000015258789,507200.0
2004-04-07T00:00:00.000000000,33.20000076293945,33.380001068115234,33.0,33.060001373291016,235800.0
2004-04-08T00:00:00.000000000,33.2599983215332,33.5,32.9900016784668,33.18000030517578,472600.0
2004-04-12T00:00:00.000000000,33.279998779296875,33.650001525878906,33.099998474121094,33.5,266000.0
2004-04-13T00:00:00.000000000,33.459999084472656,33.970001220703125,33.349998474121094,33.470001220703125,572800.0
2004-04-14T00:00:00.000000000,33.0,33.439998626708984,32.900001525878906,33.34000015258789,415600.0
2004-04-15T00:00:00.000000000,34.0,35.310001373291016,33.9900016784668,34.9900016784668,1392200.0
2004-04-16T00:00:00.000000000,35.45000076293945,36.09000015258789,35.099998474121094,35.97999954223633,1395400.0
2004-04-19T00:00:00.000000000,35.97999954223633,36.7400016784668,35.959999084472656,36.58000183105469,994700.0
2004-04-20T00:00:00.000000000,36.599998474121094,37.119998931884766,36.25,36.380001068115234,802800.0
2004-04-21T00:00:00.000000000,36.25,36.83000183105469,36.150001525878906,36.599998474121094,869200.0
2004-04-22T00:00:00.000000000,36.599998474121094,36.9900016784668,36.5,36.970001220703125,594000.0
2004-04-23T00:00:00.000000000,36.900001525878906,36.900001525878906,36.38999938964844,36.720001220703125,412800.0
2004-04-26T00:00:00.000000000,36.91999816894531,36.95000076293945,36.5,36.68000030517578,346900.0
2004-04-27T00:00:00.000000000,36.630001068115234,36.880001068115234,36.5,36.689998626708984,266000.0
2004-04-28T00:00:00.000000000,36.70000076293945,36.75,36.20000076293945,36.27000045776367,497200.0
2004-04-29T00:00:00.000000000,36.400001525878906,36.5,35.72999954223633,35.90999984741211,379600.0
2004-04-30T00:00:00.000000000,35.900001525878906,36.040000915527344,35.59000015258789,35.79999923706055,657700.0
2004-05-03T00:00:00.000000000,35.70000076293945,36.119998931884766,35.630001068115234,36.119998931884766,486500.0
2004-05-04T00:00:00.000000000,36.189998626708984,36.4900016784668,35.900001525878906,36.11000061035156,533700.0
2004-05-05T00:00:00.000000000,36.04999923706055,36.279998779296875,35.849998474121094,36.040000915527344,281400.0
2004-05-06T00:00:00.000000000,35.900001525878906,36.2599983215332,35.58000183105469,36.15999984741211,584300.0
2004-05-07T00:00:00.000000000,35.900001525878906,36.18000030517578,35.540000915527344,35.619998931884766,441500.0
2004-05-10T00:00:00.000000000,35.61000061035156,35.75,35.04999923706055,35.709999084472656,636200.0
2004-05-11T00:00:00.000000000,35.599998474121094,35.970001220703125,35.59000015258789,35.970001220703125,373300.0
2004-05-12T00:00:00.000000000,35.95000076293945,36.16999816894531,35.40999984741211,36.119998931884766,540100.0
2004-05-13T00:00:00.000000000,35.91999816894531,36.2599983215332,35.7599983215332,35.959999084472656,471200.0
2004-05-14T00:00:00.000000000,35.86000061035156,36.380001068115234,35.38999938964844,36.25,482800.0
2004-05-17T00:00:00.000000000,36.0,36.099998474121094,35.599998474121094,35.91999816894531,475400.0
2004-05-18T00:00:00.000000000,35.91999816894531,36.150001525878906,35.65999984741211,36.060001373291016,355400.0
2004-05-19T00:00:00.000000000,36.099998474121094,36.599998474121094,36.0,36.45000076293945,792300.0
2004-05-20T00:00:00.000000000,36.33000183105469,36.560001373291016,36.11000061035156,36.470001220703125,453200.0
2004-05-21T00:00:00.000000000,36.599998474121094,36.7599983215332,36.22999954223633,36.56999969482422,556900.0
2004-05-24T00:00:00.000000000,36.70000076293945,36.939998626708984,36.47999954223633,36.540000915527344,495800.0
2004-05-25T00:00:00.000000000,36.54999923706055,37.08000183105469,36.04999923706055,37.029998779296875,493600.0
2004-05-26T00:00:00.000000000,37.029998779296875,37.459999084472656,36.849998474121094,37.439998626708984,767300.0
2004-05-27T00:00:00.000000000,37.54999923706055,38.20000076293945,37.22999954223633,37.40999984741211,681200.0
2004-05-28T00:00:00.000000000,37.349998474121094,37.790000915527344,37.29999923706055,37.63999938964844,370900.0
2004-06-01T00:00:00.000000000,37.7400016784668,38.22999954223633,37.619998931884766,37.90999984741211,599300.0
2004-06-02T00:00:00.000000000,38.25,39.11000061035156,38.22999954223633,38.900001525878906,1076600.0
2004-06-03T00:00:00.000000000,39.400001525878906,39.5,39.099998474121094,39.25,1483000.0
2004-06-04T00:00:00.000000000,39.59000015258789,39.599998474121094,39.349998474121094,39.459999084472656,519700.0
2004-06-07T00:00:00.000000000,39.5,40.0,39.5,39.95000076293945,454000.0
2004-06-08T00:00:00.000000000,39.939998626708984,40.20000076293945,39.880001068115234,40.18000030517578,843300.0
2004-06-09T00:00:00.000000000,39.79999923706055,39.79999923706055,39.2599983215332,39.31999969482422,855700.0
2004-06-10T00:00:00.000000000,39.5,39.599998474121094,39.060001373291016,39.220001220703125,627000.0
2004-06-14T00:00:00.000000000,39.220001220703125,39.25,38.869998931884766,38.900001525878906,603200.0
2004-06-15T00:00:00.000000000,39.0,39.599998474121094,38.93000030517578,39.34000015258789,445200.0
2004-06-16T00:00:00.000000000,39.439998626708984,39.459999084472656,39.029998779296875,39.369998931884766,272700.0
2004-06-17T00:00:00.000000000,39.20000076293945,39.529998779296875,39.060001373291016,39.29999923706055,258100.0
2004-06-18T00:00:00.000000000,39.20000076293945,39.65999984741211,39.0,39.52000045776367,355100.0
2004-06-21T00:00:00.000000000,39.47999954223633,39.58000183105469,39.11000061035156,39.33000183105469,342200.0
2004-06-22T00:00:00.000000000,39.20000076293945,39.560001373291016,39.20000076293945,39.31999969482422,285300.0
2004-06-23T00:00:00.000000000,39.31999969482422,39.560001373291016,39.20000076293945,39.54999923706055,256200.0
2004-06-24T00:00:00.000000000,39.59000015258789,39.599998474121094,39.349998474121094,39.38999938964844,431100.0
2004-06-25T00:00:00.000000000,39.4900016784668,39.81999969482422,39.38999938964844,39.70000076293945,405900.0
2004-06-28T00:00:00.000000000,39.75,40.0,39.439998626708984,39.95000076293945,568200.0
2004-06-29T00:00:00.000000000,39.86000061035156,40.09000015258789,39.68000030517578,39.709999084472656,413000.0
2004-06-30T00:00:00.000000000,39.720001220703125,39.79999923706055,39.25,39.68000030517578,463200.0
2004-07-01T00:00:00.000000000,39.58000183105469,39.939998626708984,39.130001068115234,39.40999984741211,484400.0
2004-07-02T00:00:00.000000000,39.40999984741211,39.40999984741211,38.630001068115234,38.66999816894531,496600.0
2004-07-06T00:00:00.000000000,38.25,38.2599983215332,37.84000015258789,37.959999084472656,1208600.0
2004-07-07T00:00:00.000000000,38.0,38.20000076293945,37.810001373291016,37.869998931884766,467400.0
2004-07-08T00:00:00.000000000,37.869998931884766,37.869998931884766,37.380001068115234,37.38999938964844,839500.0
2004-07-09T00:00:00.000000000,37.38999938964844,37.91999816894531,37.099998474121094,37.91999816894531,476600.0
2004-07-12T00:00:00.000000000,37.70000076293945,37.93000030517578,37.59000015258789,37.79999923706055,379600.0
2004-07-13T00:00:00.000000000,37.900001525878906,38.04999923706055,37.7599983215332,37.81999969482422,181100.0
2004-07-14T00:00:00.000000000,37.81999969482422,38.150001525878906,37.70000076293945,37.849998474121094,507200.0
2004-07-15T00:00:00.000000000,37.79999923706055,38.349998474121094,37.79999923706055,37.900001525878906,576500.0
2004-07-16T00:00:00.000000000,38.150001525878906,38.2400016784668,37.38999938964844,37.4900016784668,331200.0
2004-07-19T00:00:00.000000000,37.650001525878906,37.84000015258789,37.400001525878906,37.5,255500.0
2004-07-20T00:00:00.000000000,37.599998474121094,37.88999938964844,37.36000061035156,37.7599983215332,214600.0
2004-07-21T00:00:00.000000000,38.150001525878906,38.369998931884766,37.41999816894531,37.41999816894531,332900.0
2004-07-22T00:00:00.000000000,37.400001525878906,37.650001525878906,37.060001373291016,37.31999969482422,342200.0
2004-07-23T00:00:00.000000000,37.34000015258789,37.650001525878906,37.08000183105469,37.5099983215332,276500.0
2004-07-26T00:00:00.000000000,37.45000076293945,37.790000915527344,37.13999938964844,37.27000045776367,349300.0
2004-07-27T00:00:00.000000000,37.400001525878906,37.47999954223633,37.18000030517578,37.38999938964844,262800.0
2004-07-28T00:00:00.000000000,37.439998626708984,37.7400016784668,37.04999923706055,37.68000030517578,348800.0
2004-07-29T00:00:00.000000000,37.83000183105469,37.9900016784668,37.529998779296875,37.79999923706055,243000.0
2004-07-30T00:00:00.000000000,37.849998474121094,37.97999954223633,37.47999954223633,37.72999954223633,272000.0
2004-08-02T00:00:00.000000000,37.72999954223633,38.290000915527344,37.4900016784668,38.18000030517578,235500.0
2004-08-03T00:00:00.000000000,38.349998474121094,38.41999816894531,37.59000015258789,37.79999923706055,383700.0
2004-08-04T00:00:00.000000000,37.790000915527344,37.900001525878906,37.279998779296875,37.65999984741211,479300.0
2004-08-05T00:00:00.000000000,38.060001373291016,38.060001373291016,37.0099983215332,37.060001373291016,533800.0
2004-08-06T00:00:00.000000000,36.70000076293945,37.02000045776367,36.099998474121094,36.279998779296875,633500.0
2004-08-09T00:00:00.000000000,36.380001068115234,36.84000015258789,36.380001068115234,36.619998931884766,320600.0
2004-08-10T00:00:00.000000000,36.79999923706055,37.2400016784668,36.70000076293945,37.18000030517578,188000.0
2004-08-11T00:00:00.000000000,37.099998474121094,37.31999969482422,36.52000045776367,37.31999969482422,306200.0
2004-08-12T00:00:00.000000000,37.20000076293945,37.20000076293945,36.79999923706055,37.189998626708984,468400.0
2004-08-13T00:00:00.000000000,37.15999984741211,37.16999816894531,36.54999923706055,36.810001373291016,302200.0
2004-08-16T00:00:00.000000000,36.90999984741211,37.5,36.880001068115234,37.4900016784668,252900.0
2004-08-17T00:00:00.000000000,37.599998474121094,38.119998931884766,37.599998474121094,37.95000076293945,660700.0
2004-08-18T00:00:00.000000000,37.939998626708984,38.11000061035156,37.0,38.0,807200.0
2004-08-19T00:00:00.000000000,37.900001525878906,37.95000076293945,37.41999816894531,37.68000030517578,460600.0
2004-08-20T00:00:00.000000000,37.68000030517578,38.29999923706055,37.40999984741211,38.09000015258789,579000.0
2004-08-23T00:00:00.000000000,38.119998931884766,38.380001068115234,37.93000030517578,38.0,507600.0
2004-08-24T00:00:00.000000000,38.04999923706055,38.20000076293945,38.0,38.099998474121094,857500.0
2004-08-25T00:00:00.000000000,38.0,38.54999923706055,37.91999816894531,38.400001525878906,585600.0
2004-08-26T00:00:00.000000000,38.220001220703125,38.470001220703125,38.119998931884766,38.130001068115234,540800.0
2004-08-27T00:00:00.000000000,38.2599983215332,38.43000030517578,38.040000915527344,38.13999938964844,314500.0
2004-08-30T00:00:00.000000000,38.20000076293945,38.2400016784668,37.90999984741211,37.97999954223633,316100.0
2004-08-31T00:00:00.000000000,38.0099983215332,38.25,37.84000015258789,37.90999984741211,675700.0
2004-09-01T00:00:00.000000000,38.0,38.20000076293945,37.7599983215332,37.88999938964844,395900.0
2004-09-02T00:00:00.000000000,37.93000030517578,38.13999938964844,37.900001525878906,37.970001220703125,1126200.0
2004-09-03T00:00:00.000000000,38.04999923706055,38.20000076293945,37.900001525878906,37.9900016784668,867700.0
2004-09-07T00:00:00.000000000,38.099998474121094,38.400001525878906,37.95000076293945,38.099998474121094,719700.0
2004-09-08T00:00:00.000000000,37.95000076293945,38.0,37.709999084472656,37.91999816894531,349700.0
2004-09-09T00:00:00.000000000,37.86000061035156,38.04999923706055,37.619998931884766,37.689998626708984,241800.0
2004-09-10T00:00:00.000000000,37.599998474121094,37.599998474121094,37.220001220703125,37.310001373291016,468700.0
2004-09-13T00:00:00.000000000,37.29999923706055,37.810001373291016,37.20000076293945,37.75,501200.0
2004-09-14T00:00:00.000000000,37.900001525878906,37.900001525878906,37.40999984741211,37.52000045776367,227500.0
2004-09-15T00:00:00.000000000,37.54999923706055,37.599998474121094,37.22999954223633,37.5,303600.0
2004-09-16T00:00:00.000000000,37.58000183105469,38.0,37.58000183105469,37.88999938964844,228800.0
2004-09-17T00:00:00.000000000,37.9900016784668,38.13999938964844,37.880001068115234,38.029998779296875,412000.0
2004-09-20T00:00:00.000000000,38.029998779296875,38.099998474121094,37.79999923706055,37.900001525878906,407000.0
2004-09-21T00:00:00.000000000,37.95000076293945,38.04999923706055,37.86000061035156,37.9900016784668,618200.0
2004-09-22T00:00:00.000000000,37.91999816894531,37.91999816894531,37.45000076293945,37.54999923706055,365700.0
2004-09-23T00:00:00.000000000,37.45000076293945,37.59000015258789,37.40999984741211,37.41999816894531,456100.0
2004-09-24T00:00:00.000000000,37.349998474121094,37.70000076293945,37.349998474121094,37.439998626708984,259400.0
2004-09-27T00:00:00.000000000,37.439998626708984,37.439998626708984,36.849998474121094,37.209999084472656,327800.0
2004-09-28T00:00:00.000000000,37.150001525878906,37.540000915527344,37.08000183105469,37.5,256400.0
2004-09-29T00:00:00.000000000,37.5099983215332,37.77000045776367,37.43000030517578,37.66999816894531,205200.0
2004-09-30T00:00:00.000000000,37.70000076293945,38.41999816894531,37.59000015258789,38.380001068115234,509700.0
2004-10-01T00:00:00.000000000,38.380001068115234,39.099998474121094,38.25,39.09000015258789,557000.0
2004-10-04T00:00:00.000000000,39.38999938964844,39.4900016784668,38.95000076293945,39.040000915527344,444400.0
2004-10-05T00:00:00.000000000,39.040000915527344,39.11000061035156,38.65999984741211,38.95000076293945,296500.0
2004-10-06T00:00:00.000000000,38.970001220703125,39.13999938964844,38.790000915527344,39.130001068115234,208800.0
2004-10-07T00:00:00.000000000,39.0,39.150001525878906,38.689998626708984,38.70000076293945,275800.0
2004-10-08T00:00:00.000000000,38.790000915527344,38.84000015258789,38.529998779296875,38.619998931884766,228100.0
2004-10-11T00:00:00.000000000,38.84000015258789,38.9900016784668,38.650001525878906,38.88999938964844,145900.0
2004-10-12T00:00:00.000000000,38.79999923706055,38.79999923706055,37.939998626708984,38.06999969482422,629100.0
2004-10-13T00:00:00.000000000,38.099998474121094,38.2400016784668,37.40999984741211,38.11000061035156,573800.0
2004-10-14T00:00:00.000000000,38.0,38.0099983215332,36.5099983215332,36.709999084472656,1320900.0
2004-10-15T00:00:00.000000000,37.25,40.08000183105469,37.22999954223633,39.79999923706055,1722300.0
2004-10-18T00:00:00.000000000,39.79999923706055,40.08000183105469,39.5,39.959999084472656,774200.0
2004-10-19T00:00:00.000000000,40.0,40.04999923706055,39.13999938964844,39.310001373291016,735500.0
2004-10-20T00:00:00.000000000,39.27000045776367,39.29999923706055,38.900001525878906,38.9900016784668,650800.0
2004-10-21T00:00:00.000000000,39.150001525878906,39.150001525878906,38.560001373291016,38.93000030517578,694300.0
2004-10-22T00:00:00.000000000,39.099998474121094,39.119998931884766,38.2400016784668,38.400001525878906,534800.0
2004-10-25T00:00:00.000000000,38.45000076293945,38.68000030517578,38.09000015258789,38.599998474121094,466400.0
2004-10-26T00:00:00.000000000,38.54999923706055,38.849998474121094,38.349998474121094,38.70000076293945,327800.0
2004-10-27T00:00:00.000000000,38.599998474121094,39.4900016784668,38.5099983215332,39.459999084472656,322300.0
2004-10-28T00:00:00.000000000,39.4900016784668,39.939998626708984,39.349998474121094,39.779998779296875,331300.0
2004-10-29T00:00:00.000000000,39.900001525878906,40.0,39.5099983215332,39.88999938964844,357200.0
2004-11-01T00:00:00.000000000,39.88999938964844,40.040000915527344,39.540000915527344,39.900001525878906,322600.0
2004-11-02T00:00:00.000000000,40.099998474121094,40.59000015258789,39.939998626708984,40.29999923706055,520200.0
2004-11-03T00:00:00.000000000,40.29999923706055,41.02000045776367,40.29999923706055,40.790000915527344,491800.0
2004-11-04T00:00:00.000000000,40.79999923706055,41.91999816894531,40.599998474121094,41.90999984741211,607800.0
2004-11-05T00:00:00.000000000,42.0,42.5,41.86000061035156,42.16999816894531,416400.0
2004-11-08T00:00:00.000000000,42.0,42.400001525878906,41.869998931884766,41.88999938964844,372100.0
2004-11-09T00:00:00.000000000,41.95000076293945,42.310001373291016,41.90999984741211,42.27000045776367,298000.0
2004-11-10T00:00:00.000000000,42.27000045776367,42.38999938964844,41.939998626708984,42.220001220703125,253400.0
2004-11-11T00:00:00.000000000,42.400001525878906,42.81999969482422,42.04999923706055,42.790000915527344,359300.0
2004-11-12T00:00:00.000000000,42.619998931884766,43.08000183105469,42.380001068115234,43.08000183105469,371300.0
2004-11-15T00:00:00.000000000,42.20000076293945,42.81999969482422,41.79999923706055,42.779998779296875,461600.0
2004-11-16T00:00:00.000000000,42.779998779296875,42.9900016784668,42.5099983215332,42.849998474121094,416100.0
2004-11-17T00:00:00.000000000,42.959999084472656,43.619998931884766,42.959999084472656,43.41999816894531,431300.0
2004-11-18T00:00:00.000000000,43.27000045776367,43.880001068115234,43.25,43.81999969482422,564100.0
2004-11-19T00:00:00.000000000,43.83000183105469,43.959999084472656,42.7599983215332,42.81999969482422,605200.0
2004-11-22T00:00:00.000000000,42.5,42.86000061035156,42.34000015258789,42.70000076293945,622800.0
2004-11-23T00:00:00.000000000,42.70000076293945,43.5,42.65999984741211,42.900001525878906,961100.0
2004-11-24T00:00:00.000000000,42.900001525878906,43.040000915527344,42.650001525878906,42.9900016784668,340300.0
2004-11-26T00:00:00.000000000,43.0,43.34000015258789,43.0,43.20000076293945,101200.0
2004-11-29T00:00:00.000000000,43.209999084472656,43.709999084472656,42.86000061035156,43.4900016784668,465100.0
2004-11-30T00:00:00.000000000,43.4900016784668,43.52000045776367,43.04999923706055,43.40999984741211,390400.0
2004-12-01T00:00:00.000000000,43.33000183105469,43.959999084472656,43.25,43.93000030517578,362200.0
2004-12-02T00:00:00.000000000,43.93000030517578,43.9900016784668,43.77000045776367,43.9900016784668,526100.0
2004-12-03T00:00:00.000000000,43.9900016784668,44.16999816894531,43.709999084472656,43.9900016784668,501700.0
2004-12-06T00:00:00.000000000,44.0,44.0,43.380001068115234,43.4900016784668,202500.0
2004-12-07T00:00:00.000000000,43.5,43.56999969482422,43.0099983215332,43.119998931884766,386400.0
2004-12-08T00:00:00.000000000,42.81999969482422,42.81999969482422,42.33000183105469,42.79999923706055,347600.0
2004-12-09T00:00:00.000000000,42.7599983215332,42.810001373291016,41.91999816894531,42.060001373291016,677900.0
2004-12-10T00:00:00.000000000,42.81999969482422,42.81999969482422,41.79999923706055,42.15999984741211,550400.0
2004-12-13T00:00:00.000000000,42.25,42.779998779296875,42.029998779296875,42.779998779296875,419400.0
2004-12-14T00:00:00.000000000,42.58000183105469,43.349998474121094,42.5,43.150001525878906,317800.0
2004-12-15T00:00:00.000000000,43.0,43.599998474121094,42.95000076293945,43.45000076293945,369300.0
2004-12-16T00:00:00.000000000,43.459999084472656,43.650001525878906,43.029998779296875,43.04999923706055,388200.0
2004-12-17T00:00:00.000000000,42.75,43.040000915527344,42.099998474121094,42.540000915527344,1125000.0
2004-12-20T00:00:00.000000000,42.650001525878906,43.16999816894531,42.54999923706055,43.0,305800.0
2004-12-21T00:00:00.000000000,42.88999938964844,43.41999816894531,42.61000061035156,43.34000015258789,270700.0
2004-12-22T00:00:00.000000000,43.349998474121094,43.869998931884766,43.31999969482422,43.63999938964844,326200.0
2004-12-23T00:00:00.000000000,43.560001373291016,43.900001525878906,43.5,43.81999969482422,214600.0
2004-12-27T00:00:00.000000000,43.869998931884766,43.869998931884766,43.33000183105469,43.43000030517578,214800.0
2004-12-28T00:00:00.000000000,43.400001525878906,43.9900016784668,43.11000061035156,43.970001220703125,277500.0
2004-12-29T00:00:00.000000000,43.77000045776367,43.95000076293945,43.7400016784668,43.88999938964844,245000.0
2004-12-30T00:00:00.000000000,43.95000076293945,44.11000061035156,43.79999923706055,44.060001373291016,265500.0
2004-12-31T00:00:00.000000000,44.0,44.31999969482422,43.849998474121094,44.060001373291016,266400.0
2005-01-03T00:00:00.000000000,43.97999954223633,44.290000915527344,43.54999923706055,43.619998931884766,494100.0
2005-01-04T00:00:00.000000000,43.91999816894531,43.91999816894531,42.88999938964844,43.220001220703125,346800.0
2005-01-05T00:00:00.000000000,43.369998931884766,43.369998931884766,42.650001525878906,42.7400016784668,278900.0
2005-01-06T00:00:00.000000000,42.630001068115234,43.0,42.5,42.84000015258789,374600.0
2005-01-07T00:00:00.000000000,42.9900016784668,42.9900016784668,42.400001525878906,42.54999923706055,316000.0
2005-01-10T00:00:00.000000000,42.599998474121094,43.08000183105469,42.22999954223633,42.959999084472656,456000.0
2005-01-11T00:00:00.000000000,42.959999084472656,42.959999084472656,42.63999938964844,42.7400016784668,257500.0
2005-01-12T00:00:00.000000000,42.75,42.939998626708984,42.29999923706055,42.880001068115234,311700.0
2005-01-13T00:00:00.000000000,42.70000076293945,42.869998931884766,42.34000015258789,42.439998626708984,264000.0
2005-01-14T00:00:00.000000000,42.45000076293945,43.130001068115234,42.45000076293945,43.0,265600.0
2005-01-18T00:00:00.000000000,43.0,43.380001068115234,42.29999923706055,43.34000015258789,303800.0
2005-01-19T00:00:00.000000000,43.130001068115234,43.130001068115234,42.66999816894531,42.7400016784668,288100.0
2005-01-20T00:00:00.000000000,42.63999938964844,42.63999938964844,42.2599983215332,42.560001373291016,316900.0
2005-01-21T00:00:00.000000000,42.560001373291016,42.790000915527344,42.220001220703125,42.34000015258789,285500.0
2005-01-24T00:00:00.000000000,42.34000015258789,42.459999084472656,41.970001220703125,42.11000061035156,288600.0
2005-01-25T00:00:00.000000000,42.11000061035156,42.29999923706055,42.04999923706055,42.20000076293945,370700.0
2005-01-26T00:00:00.000000000,42.279998779296875,42.5099983215332,42.20000076293945,42.38999938964844,376000.0
2005-01-27T00:00:00.000000000,42.31999969482422,42.45000076293945,41.7599983215332,42.06999969482422,401400.0
2005-01-28T00:00:00.000000000,42.06999969482422,42.13999938964844,41.650001525878906,42.09000015258789,363200.0
2005-01-31T00:00:00.000000000,42.20000076293945,42.439998626708984,41.939998626708984,42.33000183105469,396200.0
2005-02-01T00:00:00.000000000,42.43000030517578,42.869998931884766,42.36000061035156,42.70000076293945,268800.0
2005-02-02T00:00:00.000000000,42.75,43.43000030517578,42.7400016784668,43.43000030517578,401100.0
2005-02-03T00:00:00.000000000,43.279998779296875,43.83000183105469,43.08000183105469,43.83000183105469,355200.0
2005-02-04T00:00:00.000000000,43.880001068115234,44.630001068115234,43.75,44.630001068115234,462100.0
2005-02-07T00:00:00.000000000,44.43000030517578,44.77000045776367,44.349998474121094,44.560001373291016,290100.0
2005-02-08T00:00:00.000000000,44.40999984741211,44.75,44.349998474121094,44.70000076293945,188500.0
2005-02-09T00:00:00.000000000,44.54999923706055,44.58000183105469,44.06999969482422,44.130001068115234,319400.0
2005-02-10T00:00:00.000000000,44.130001068115234,44.2400016784668,43.939998626708984,44.08000183105469,351400.0
2005-02-11T00:00:00.000000000,44.20000076293945,44.209999084472656,43.650001525878906,43.650001525878906,435600.0
2005-02-14T00:00:00.000000000,43.75,44.0,43.7400016784668,43.939998626708984,281900.0
2005-02-15T00:00:00.000000000,43.900001525878906,44.0,43.779998779296875,43.90999984741211,495500.0
2005-02-16T00:00:00.000000000,43.90999984741211,44.119998931884766,43.61000061035156,44.119998931884766,317400.0
2005-02-17T00:00:00.000000000,44.2599983215332,44.5,43.52000045776367,44.130001068115234,530200.0
2005-02-18T00:00:00.000000000,44.150001525878906,44.5,44.02000045776367,44.2599983215332,395500.0
2005-02-22T00:00:00.000000000,44.27000045776367,44.36000061035156,42.900001525878906,42.9900016784668,502300.0
2005-02-23T00:00:00.000000000,43.189998626708984,44.09000015258789,43.099998474121094,44.04999923706055,464900.0
2005-02-24T00:00:00.000000000,43.95000076293945,44.5,43.70000076293945,44.5,459600.0
2005-02-25T00:00:00.000000000,44.099998474121094,44.13999938964844,42.5099983215332,42.90999984741211,893800.0
2005-02-28T00:00:00.000000000,42.90999984741211,43.41999816894531,42.75,43.279998779296875,502700.0
2005-03-01T00:00:00.000000000,43.279998779296875,43.59000015258789,43.2400016784668,43.47999954223633,599800.0
2005-03-02T00:00:00.000000000,43.099998474121094,43.77000045776367,42.900001525878906,43.68000030517578,466800.0
2005-03-03T00:00:00.000000000,43.599998474121094,43.90999984741211,43.43000030517578,43.83000183105469,376200.0
2005-03-04T00:00:00.000000000,43.810001373291016,43.88999938964844,43.599998474121094,43.88999938964844,419600.0
2005-03-07T00:00:00.000000000,43.7400016784668,43.779998779296875,43.380001068115234,43.77000045776367,506900.0
2005-03-08T00:00:00.000000000,43.79999923706055,43.939998626708984,43.619998931884766,43.79999923706055,397600.0
2005-03-09T00:00:00.000000000,43.470001220703125,43.47999954223633,43.02000045776367,43.189998626708984,444500.0
2005-03-10T00:00:00.000000000,43.25,43.70000076293945,43.13999938964844,43.70000076293945,310800.0
2005-03-11T00:00:00.000000000,43.75,43.75,43.25,43.41999816894531,233200.0
2005-03-14T00:00:00.000000000,43.27000045776367,43.970001220703125,43.27000045776367,43.93000030517578,363400.0
2005-03-15T00:00:00.000000000,43.900001525878906,43.959999084472656,43.59000015258789,43.68000030517578,217100.0
2005-03-16T00:00:00.000000000,43.43000030517578,43.439998626708984,43.04999923706055,43.279998779296875,566000.0
2005-03-17T00:00:00.000000000,43.47999954223633,43.52000045776367,42.9900016784668,43.27000045776367,385400.0
2005-03-18T00:00:00.000000000,43.16999816894531,43.25,41.90999984741211,42.38999938964844,1078400.0
2005-03-21T00:00:00.000000000,42.15999984741211,42.36000061035156,41.95000076293945,42.2400016784668,489400.0
2005-03-22T00:00:00.000000000,42.16999816894531,42.79999923706055,42.04999923706055,42.099998474121094,318000.0
2005-03-23T00:00:00.000000000,42.11000061035156,42.349998474121094,41.97999954223633,42.25,463600.0
2005-03-24T00:00:00.000000000,42.189998626708984,42.810001373291016,42.0,42.470001220703125,309800.0
2005-03-28T00:00:00.000000000,42.47999954223633,42.599998474121094,41.77000045776367,42.0099983215332,953400.0
2005-03-29T00:00:00.000000000,42.0099983215332,42.45000076293945,41.9900016784668,42.349998474121094,728400.0
2005-03-30T00:00:00.000000000,42.45000076293945,43.09000015258789,42.45000076293945,43.09000015258789,610200.0
2005-03-31T00:00:00.000000000,43.040000915527344,43.58000183105469,42.709999084472656,43.4900016784668,662800.0
2005-04-01T00:00:00.000000000,43.599998474121094,43.959999084472656,43.31999969482422,43.47999954223633,661400.0
2005-04-04T00:00:00.000000000,43.58000183105469,43.58000183105469,43.09000015258789,43.41999816894531,345400.0
2005-04-05T00:00:00.000000000,43.52000045776367,43.849998474121094,43.45000076293945,43.77000045776367,375400.0
2005-04-06T00:00:00.000000000,43.849998474121094,44.0,43.75,43.88999938964844,421000.0
2005-04-07T00:00:00.000000000,43.93000030517578,44.060001373291016,43.65999984741211,44.040000915527344,516200.0
2005-04-08T00:00:00.000000000,44.04999923706055,44.25,43.79999923706055,44.04999923706055,426300.0
2005-04-11T00:00:00.000000000,44.0,44.099998474121094,43.849998474121094,44.02000045776367,380100.0
2005-04-12T00:00:00.000000000,44.02000045776367,44.5,43.56999969482422,44.45000076293945,459600.0
2005-04-13T00:00:00.000000000,44.45000076293945,44.45000076293945,43.619998931884766,43.88999938964844,395200.0
2005-04-14T00:00:00.000000000,43.849998474121094,43.900001525878906,43.45000076293945,43.56999969482422,583600.0
2005-04-15T00:00:00.000000000,43.45000076293945,43.45000076293945,42.45000076293945,42.7599983215332,834800.0
2005-04-18T00:00:00.000000000,42.5,43.349998474121094,42.45000076293945,43.290000915527344,446600.0
2005-04-19T00:00:00.000000000,43.2599983215332,43.279998779296875,42.95000076293945,43.20000076293945,472200.0
2005-04-20T00:00:00.000000000,43.099998474121094,43.33000183105469,42.619998931884766,42.7400016784668,412400.0
2005-04-21T00:00:00.000000000,42.900001525878906,43.61000061035156,42.900001525878906,43.599998474121094,500000.0
2005-04-22T00:00:00.000000000,43.599998474121094,43.61000061035156,42.75,43.15999984741211,629600.0
2005-04-25T00:00:00.000000000,43.15999984741211,43.349998474121094,42.900001525878906,43.18000030517578,646000.0
2005-04-26T00:00:00.000000000,43.08000183105469,43.400001525878906,42.83000183105469,42.83000183105469,496800.0
2005-04-27T00:00:00.000000000,42.68000030517578,43.150001525878906,42.349998474121094,42.95000076293945,481800.0
2005-04-28T00:00:00.000000000,42.959999084472656,42.959999084472656,42.41999816894531,42.45000076293945,358600.0
2005-04-29T00:00:00.000000000,42.54999923706055,42.95000076293945,42.15999984741211,42.900001525878906,681400.0
2005-05-02T00:00:00.000000000,42.849998474121094,43.0,42.5099983215332,42.79999923706055,365600.0
2005-05-03T00:00:00.000000000,42.790000915527344,43.15999984741211,42.650001525878906,42.779998779296875,420400.0
2005-05-04T00:00:00.000000000,42.91999816894531,43.22999954223633,42.84000015258789,43.20000076293945,510800.0
2005-05-05T00:00:00.000000000,43.2400016784668,43.29999923706055,42.619998931884766,42.90999984741211,471200.0
2005-05-06T00:00:00.000000000,43.04999923706055,43.150001525878906,42.650001525878906,42.790000915527344,306200.0
2005-05-09T00:00:00.000000000,42.75,42.9900016784668,42.61000061035156,42.79999923706055,269000.0
2005-05-10T00:00:00.000000000,42.650001525878906,42.81999969482422,42.310001373291016,42.630001068115234,328600.0
2005-05-11T00:00:00.000000000,42.70000076293945,42.880001068115234,42.290000915527344,42.79999923706055,334600.0
2005-05-12T00:00:00.000000000,42.83000183105469,43.0099983215332,42.279998779296875,42.34000015258789,346800.0
2005-05-13T00:00:00.000000000,42.400001525878906,42.45000076293945,41.779998779296875,42.04999923706055,411900.0
2005-05-16T00:00:00.000000000,42.02000045776367,42.630001068115234,42.02000045776367,42.61000061035156,328000.0
2005-05-17T00:00:00.000000000,42.45000076293945,42.65999984741211,42.16999816894531,42.630001068115234,400500.0
2005-05-18T00:00:00.000000000,42.79999923706055,43.33000183105469,42.66999816894531,43.209999084472656,386800.0
2005-05-19T00:00:00.000000000,43.34000015258789,43.34000015258789,42.790000915527344,43.09000015258789,352900.0
2005-05-20T00:00:00.000000000,43.09000015258789,43.150001525878906,42.83000183105469,43.08000183105469,345600.0
2005-05-23T00:00:00.000000000,43.189998626708984,43.68000030517578,43.060001373291016,43.59000015258789,416700.0
2005-05-24T00:00:00.000000000,43.59000015258789,43.650001525878906,43.349998474121094,43.560001373291016,303700.0
2005-05-25T00:00:00.000000000,43.400001525878906,43.54999923706055,42.84000015258789,43.13999938964844,341000.0
2005-05-26T00:00:00.000000000,43.220001220703125,43.290000915527344,43.02000045776367,43.20000076293945,236700.0
2005-05-27T00:00:00.000000000,43.16999816894531,43.34000015258789,43.16999816894531,43.29999923706055,229500.0
2005-05-31T00:00:00.000000000,43.220001220703125,43.29999923706055,42.959999084472656,42.959999084472656,366000.0
2005-06-01T00:00:00.000000000,42.869998931884766,43.150001525878906,42.70000076293945,43.099998474121094,384200.0
2005-06-02T00:00:00.000000000,42.959999084472656,43.02000045776367,42.70000076293945,42.849998474121094,302700.0
2005-06-03T00:00:00.000000000,42.650001525878906,42.79999923706055,42.400001525878906,42.540000915527344,348500.0
2005-06-06T00:00:00.000000000,42.599998474121094,42.650001525878906,42.20000076293945,42.58000183105469,391200.0
2005-06-07T00:00:00.000000000,42.66999816894531,43.099998474121094,42.619998931884766,42.779998779296875,257100.0
2005-06-08T00:00:00.000000000,42.599998474121094,42.619998931884766,42.150001525878906,42.27000045776367,310400.0
2005-06-09T00:00:00.000000000,42.16999816894531,42.47999954223633,41.95000076293945,42.349998474121094,524700.0
2005-06-10T00:00:00.000000000,42.400001525878906,42.689998626708984,42.290000915527344,42.45000076293945,417700.0
2005-06-13T00:00:00.000000000,42.29999923706055,43.04999923706055,42.29999923706055,42.66999816894531,312400.0
2005-06-14T00:00:00.000000000,42.619998931884766,43.25,42.599998474121094,43.25,231900.0
2005-06-15T00:00:00.000000000,43.349998474121094,43.369998931884766,42.599998474121094,43.16999816894531,267000.0
2005-06-16T00:00:00.000000000,43.04999923706055,43.310001373291016,42.720001220703125,42.97999954223633,348500.0
2005-06-17T00:00:00.000000000,43.0,43.0,42.66999816894531,42.959999084472656,470900.0
2005-06-20T00:00:00.000000000,42.7599983215332,43.0,42.58000183105469,42.900001525878906,244100.0
2005-06-21T00:00:00.000000000,42.849998474121094,42.959999084472656,42.529998779296875,42.79999923706055,198600.0
2005-06-22T00:00:00.000000000,42.869998931884766,43.150001525878906,42.709999084472656,42.7599983215332,124300.0
2005-06-23T00:00:00.000000000,42.650001525878906,42.77000045776367,41.900001525878906,41.900001525878906,319700.0
2005-06-24T00:00:00.000000000,41.79999923706055,41.95000076293945,41.060001373291016,41.25,513100.0
2005-06-27T00:00:00.000000000,41.220001220703125,41.27000045776367,40.810001373291016,40.97999954223633,554100.0
2005-06-28T00:00:00.000000000,41.220001220703125,41.650001525878906,40.97999954223633,41.47999954223633,240000.0
2005-06-29T00:00:00.000000000,41.540000915527344,41.68000030517578,41.36000061035156,41.54999923706055,381300.0
2005-06-30T00:00:00.000000000,41.560001373291016,41.720001220703125,41.09000015258789,41.09000015258789,535400.0
2005-07-01T00:00:00.000000000,41.150001525878906,41.529998779296875,41.02000045776367,41.459999084472656,460700.0
2005-07-05T00:00:00.000000000,41.209999084472656,41.7400016784668,41.11000061035156,41.4900016784668,276700.0
2005-07-06T00:00:00.000000000,41.470001220703125,41.630001068115234,41.029998779296875,41.16999816894531,301400.0
2005-07-07T00:00:00.000000000,41.0,41.5,40.75,41.4900016784668,314400.0
2005-07-08T00:00:00.000000000,41.439998626708984,42.189998626708984,41.25,42.08000183105469,321200.0
2005-07-11T00:00:00.000000000,42.33000183105469,42.4900016784668,42.09000015258789,42.25,245500.0
2005-07-12T00:00:00.000000000,42.220001220703125,42.220001220703125,41.779998779296875,42.099998474121094,249000.0
2005-07-13T00:00:00.000000000,42.08000183105469,42.470001220703125,42.08000183105469,42.400001525878906,323200.0
2005-07-14T00:00:00.000000000,42.849998474121094,42.900001525878906,42.40999984741211,42.5099983215332,355400.0
2005-07-15T00:00:00.000000000,42.45000076293945,42.779998779296875,42.439998626708984,42.709999084472656,465000.0
2005-07-18T00:00:00.000000000,42.79999923706055,43.20000076293945,42.599998474121094,42.599998474121094,820300.0
2005-07-19T00:00:00.000000000,42.70000076293945,44.09000015258789,42.52000045776367,44.04999923706055,887700.0
2005-07-20T00:00:00.000000000,44.70000076293945,45.61000061035156,44.70000076293945,45.20000076293945,1141700.0
2005-07-21T00:00:00.000000000,45.20000076293945,45.47999954223633,44.810001373291016,45.2599983215332,624900.0
2005-07-22T00:00:00.000000000,45.2599983215332,46.0,45.2599983215332,45.7599983215332,451900.0
2005-07-25T00:00:00.000000000,45.560001373291016,46.29999923706055,45.560001373291016,45.650001525878906,434200.0
2005-07-26T00:00:00.000000000,45.849998474121094,46.400001525878906,45.77000045776367,46.22999954223633,393700.0
2005-07-27T00:00:00.000000000,46.290000915527344,46.380001068115234,45.65999984741211,45.95000076293945,442200.0
2005-07-28T00:00:00.000000000,45.959999084472656,46.2400016784668,45.630001068115234,46.08000183105469,253100.0
2005-07-29T00:00:00.000000000,46.0,46.220001220703125,45.790000915527344,45.790000915527344,260900.0
2005-08-01T00:00:00.000000000,45.84000015258789,46.31999969482422,45.84000015258789,46.20000076293945,345700.0
2005-08-02T00:00:00.000000000,46.22999954223633,46.59000015258789,46.099998474121094,46.5,302900.0
2005-08-03T00:00:00.000000000,46.349998474121094,46.63999938964844,46.060001373291016,46.47999954223633,350000.0
2005-08-04T00:00:00.000000000,46.310001373291016,46.310001373291016,45.959999084472656,45.970001220703125,211200.0
2005-08-05T00:00:00.000000000,45.869998931884766,45.900001525878906,45.2400016784668,45.470001220703125,310500.0
2005-08-08T00:00:00.000000000,45.54999923706055,45.75,45.20000076293945,45.38999938964844,240800.0
2005-08-09T00:00:00.000000000,45.560001373291016,45.810001373291016,45.45000076293945,45.72999954223633,260400.0
2005-08-10T00:00:00.000000000,45.84000015258789,46.27000045776367,45.400001525878906,45.59000015258789,244400.0
2005-08-11T00:00:00.000000000,45.459999084472656,45.75,45.220001220703125,45.689998626708984,208200.0
2005-08-12T00:00:00.000000000,45.630001068115234,45.630001068115234,45.06999969482422,45.20000076293945,212600.0
2005-08-15T00:00:00.000000000,45.0099983215332,45.400001525878906,44.81999969482422,45.33000183105469,192400.0
2005-08-16T00:00:00.000000000,45.18000030517578,45.27000045776367,44.560001373291016,44.560001373291016,266200.0
2005-08-17T00:00:00.000000000,44.43000030517578,44.880001068115234,44.22999954223633,44.619998931884766,291400.0
2005-08-18T00:00:00.000000000,44.540000915527344,44.720001220703125,44.22999954223633,44.52000045776367,272900.0
2005-08-19T00:00:00.000000000,44.540000915527344,44.7400016784668,44.40999984741211,44.560001373291016,319700.0
2005-08-22T00:00:00.000000000,44.810001373291016,44.959999084472656,44.40999984741211,44.7599983215332,281800.0
2005-08-23T00:00:00.000000000,44.81999969482422,45.11000061035156,44.560001373291016,44.65999984741211,258100.0
2005-08-24T00:00:00.000000000,44.599998474121094,45.0,44.2599983215332,44.349998474121094,197400.0
2005-08-25T00:00:00.000000000,44.41999816894531,45.099998474121094,44.40999984741211,44.939998626708984,239300.0
2005-08-26T00:00:00.000000000,44.7400016784668,44.810001373291016,44.36000061035156,44.5099983215332,443500.0
2005-08-29T00:00:00.000000000,44.400001525878906,45.20000076293945,44.16999816894531,45.060001373291016,328300.0
2005-08-30T00:00:00.000000000,44.849998474121094,44.95000076293945,44.279998779296875,44.66999816894531,318700.0
2005-08-31T00:00:00.000000000,44.79999923706055,45.81999969482422,44.54999923706055,45.81999969482422,662200.0
2005-09-01T00:00:00.000000000,45.849998474121094,45.849998474121094,45.18000030517578,45.45000076293945,420400.0
2005-09-02T00:00:00.000000000,45.5,45.75,45.06999969482422,45.119998931884766,193300.0
2005-09-06T00:00:00.000000000,45.290000915527344,46.20000076293945,45.15999984741211,46.18000030517578,334900.0
2005-09-07T00:00:00.000000000,45.7599983215332,45.83000183105469,45.36000061035156,45.4900016784668,353300.0
2005-09-08T00:00:00.000000000,45.34000015258789,45.56999969482422,45.130001068115234,45.22999954223633,256800.0
2005-09-09T00:00:00.000000000,45.380001068115234,45.689998626708984,45.09000015258789,45.619998931884766,252800.0
2005-09-12T00:00:00.000000000,45.45000076293945,45.95000076293945,45.33000183105469,45.880001068115234,155100.0
2005-09-13T00:00:00.000000000,45.939998626708984,46.2400016784668,45.68000030517578,45.779998779296875,260900.0
2005-09-14T00:00:00.000000000,45.83000183105469,45.97999954223633,45.130001068115234,45.29999923706055,260900.0
2005-09-15T00:00:00.000000000,45.400001525878906,45.59000015258789,45.11000061035156,45.349998474121094,206400.0
2005-09-16T00:00:00.000000000,45.5,45.880001068115234,45.09000015258789,45.209999084472656,601700.0
2005-09-19T00:00:00.000000000,45.20000076293945,45.20000076293945,44.20000076293945,44.29999923706055,362500.0
2005-09-20T00:00:00.000000000,44.41999816894531,44.79999923706055,43.5,43.689998626708984,560800.0
2005-09-21T00:00:00.000000000,43.29999923706055,43.400001525878906,42.849998474121094,42.97999954223633,455300.0
2005-09-22T00:00:00.000000000,42.75,43.25,42.70000076293945,43.040000915527344,421300.0
2005-09-23T00:00:00.000000000,42.959999084472656,43.349998474121094,42.95000076293945,43.040000915527344,263500.0
2005-09-26T00:00:00.000000000,43.18000030517578,43.29999923706055,42.47999954223633,42.81999969482422,506200.0
2005-09-27T00:00:00.000000000,43.029998779296875,43.22999954223633,42.45000076293945,42.95000076293945,273900.0
2005-09-28T00:00:00.000000000,43.20000076293945,43.540000915527344,42.5,42.68000030517578,415800.0
2005-09-29T00:00:00.000000000,42.599998474121094,42.81999969482422,42.29999923706055,42.720001220703125,452900.0
2005-09-30T00:00:00.000000000,42.59000015258789,43.0099983215332,42.279998779296875,42.900001525878906,282100.0
2005-10-03T00:00:00.000000000,43.349998474121094,43.650001525878906,42.849998474121094,43.0,324900.0
2005-10-04T00:00:00.000000000,43.25,43.54999923706055,42.779998779296875,42.81999969482422,442000.0
2005-10-05T00:00:00.000000000,43.029998779296875,43.25,42.09000015258789,42.099998474121094,404100.0
2005-10-06T00:00:00.000000000,42.099998474121094,42.470001220703125,41.52000045776367,41.97999954223633,369400.0
2005-10-07T00:00:00.000000000,42.0,42.189998626708984,41.810001373291016,42.15999984741211,252900.0
2005-10-10T00:00:00.000000000,42.060001373291016,42.060001373291016,41.47999954223633,41.790000915527344,496900.0
2005-10-11T00:00:00.000000000,41.79999923706055,42.150001525878906,41.630001068115234,41.849998474121094,307800.0
2005-10-12T00:00:00.000000000,41.599998474121094,41.970001220703125,41.400001525878906,41.83000183105469,507400.0
2005-10-13T00:00:00.000000000,41.630001068115234,42.060001373291016,41.54999923706055,41.880001068115234,469900.0
2005-10-14T00:00:00.000000000,42.04999923706055,42.27000045776367,41.66999816894531,41.970001220703125,370000.0
2005-10-17T00:00:00.000000000,42.029998779296875,42.099998474121094,41.5099983215332,41.79999923706055,353400.0
2005-10-18T00:00:00.000000000,42.29999923706055,42.70000076293945,41.91999816894531,41.939998626708984,663300.0
2005-10-19T00:00:00.000000000,41.70000076293945,42.29999923706055,41.56999969482422,42.29999923706055,472200.0
2005-10-20T00:00:00.000000000,42.38999938964844,43.20000076293945,42.11000061035156,42.25,534400.0
2005-10-21T00:00:00.000000000,42.310001373291016,42.63999938964844,41.810001373291016,42.599998474121094,522900.0
2005-10-24T00:00:00.000000000,42.79999923706055,43.720001220703125,42.779998779296875,43.52000045776367,422800.0
2005-10-25T00:00:00.000000000,43.349998474121094,43.68000030517578,42.849998474121094,43.16999816894531,311700.0
2005-10-26T00:00:00.000000000,43.06999969482422,43.4900016784668,42.86000061035156,42.939998626708984,386700.0
2005-10-27T00:00:00.000000000,42.93000030517578,43.0,42.310001373291016,42.38999938964844,349500.0
2005-10-28T00:00:00.000000000,42.779998779296875,43.47999954223633,42.689998626708984,43.47999954223633,653700.0
2005-10-31T00:00:00.000000000,43.4900016784668,44.43000030517578,43.45000076293945,44.369998931884766,396700.0
2005-11-01T00:00:00.000000000,44.0,44.81999969482422,43.959999084472656,44.52000045776367,444700.0
2005-11-02T00:00:00.000000000,44.4900016784668,45.0,44.290000915527344,44.68000030517578,526000.0
2005-11-03T00:00:00.000000000,44.93000030517578,45.099998474121094,44.5,44.650001525878906,369000.0
2005-11-04T00:00:00.000000000,44.77000045776367,45.0,44.31999969482422,44.5,228500.0
2005-11-07T00:00:00.000000000,44.5099983215332,44.939998626708984,44.41999816894531,44.939998626708984,245700.0
2005-11-08T00:00:00.000000000,44.79999923706055,44.81999969482422,44.439998626708984,44.58000183105469,226700.0
2005-11-09T00:00:00.000000000,44.5099983215332,44.880001068115234,44.15999984741211,44.70000076293945,313300.0
2005-11-10T00:00:00.000000000,44.70000076293945,45.560001373291016,44.06999969482422,45.4900016784668,341200.0
2005-11-11T00:00:00.000000000,45.5,45.70000076293945,44.959999084472656,45.2599983215332,240700.0
2005-11-14T00:00:00.000000000,45.2599983215332,45.2599983215332,44.68000030517578,44.77000045776367,329800.0
2005-11-15T00:00:00.000000000,44.720001220703125,44.900001525878906,44.279998779296875,44.349998474121094,327000.0
2005-11-16T00:00:00.000000000,44.369998931884766,44.5099983215332,44.119998931884766,44.29999923706055,210200.0
2005-11-17T00:00:00.000000000,44.349998474121094,44.540000915527344,44.0099983215332,44.52000045776367,274200.0
2005-11-18T00:00:00.000000000,44.790000915527344,44.79999923706055,44.22999954223633,44.709999084472656,290600.0
2005-11-21T00:00:00.000000000,44.7400016784668,44.93000030517578,44.310001373291016,44.689998626708984,234000.0
2005-11-22T00:00:00.000000000,44.83000183105469,45.16999816894531,44.70000076293945,45.0099983215332,376400.0
2005-11-23T00:00:00.000000000,44.900001525878906,44.95000076293945,44.58000183105469,44.63999938964844,311100.0
2005-11-25T00:00:00.000000000,44.84000015258789,44.849998474121094,44.45000076293945,44.52000045776367,129300.0
2005-11-28T00:00:00.000000000,44.599998474121094,44.7599983215332,44.25,44.34000015258789,245300.0
2005-11-29T00:00:00.000000000,44.650001525878906,44.939998626708984,44.40999984741211,44.45000076293945,467800.0
2005-11-30T00:00:00.000000000,44.54999923706055,44.54999923706055,44.209999084472656,44.310001373291016,838600.0
2005-12-01T00:00:00.000000000,44.41999816894531,44.650001525878906,44.27000045776367,44.5099983215332,586000.0
2005-12-02T00:00:00.000000000,44.349998474121094,44.58000183105469,44.25,44.470001220703125,253500.0
2005-12-05T00:00:00.000000000,44.52000045776367,44.61000061035156,43.91999816894531,44.130001068115234,415900.0
2005-12-06T00:00:00.000000000,44.29999923706055,44.439998626708984,43.970001220703125,44.0,287800.0
2005-12-07T00:00:00.000000000,43.810001373291016,43.869998931884766,43.369998931884766,43.689998626708984,405100.0
2005-12-08T00:00:00.000000000,43.68000030517578,43.91999816894531,43.369998931884766,43.619998931884766,346400.0
2005-12-09T00:00:00.000000000,43.720001220703125,44.02000045776367,43.540000915527344,43.75,267800.0
2005-12-12T00:00:00.000000000,43.91999816894531,44.0,43.58000183105469,43.59000015258789,717900.0
2005-12-13T00:00:00.000000000,43.59000015258789,43.97999954223633,43.5,43.79999923706055,284600.0
2005-12-14T00:00:00.000000000,43.75,44.279998779296875,43.650001525878906,43.970001220703125,293800.0
2005-12-15T00:00:00.000000000,44.060001373291016,44.13999938964844,43.599998474121094,43.70000076293945,307600.0
2005-12-16T00:00:00.000000000,43.849998474121094,44.25,43.720001220703125,43.81999969482422,478000.0
2005-12-19T00:00:00.000000000,43.810001373291016,43.9900016784668,43.400001525878906,43.68000030517578,490000.0
2005-12-20T00:00:00.000000000,43.70000076293945,43.7599983215332,43.47999954223633,43.54999923706055,290500.0
2005-12-21T00:00:00.000000000,43.599998474121094,44.02000045776367,43.58000183105469,43.70000076293945,240600.0
2005-12-22T00:00:00.000000000,43.77000045776367,44.029998779296875,43.52000045776367,44.029998779296875,239800.0
2005-12-23T00:00:00.000000000,44.099998474121094,44.34000015258789,43.93000030517578,44.02000045776367,119900.0
2005-12-27T00:00:00.000000000,44.150001525878906,44.459999084472656,43.75,43.779998779296875,239700.0
2005-12-28T00:00:00.000000000,43.849998474121094,44.220001220703125,43.720001220703125,44.06999969482422,190900.0
2005-12-29T00:00:00.000000000,44.150001525878906,44.5,44.040000915527344,44.130001068115234,233800.0
2005-12-30T00:00:00.000000000,44.0,44.040000915527344,43.75,43.91999816894531,218300.0
2006-01-03T00:00:00.000000000,44.060001373291016,44.25,43.779998779296875,44.209999084472656,1020900.0
2006-01-04T00:00:00.000000000,44.29999923706055,44.459999084472656,43.95000076293945,44.2599983215332,523000.0
2006-01-05T00:00:00.000000000,44.369998931884766,44.439998626708984,44.09000015258789,44.36000061035156,708700.0
2006-01-06T00:00:00.000000000,44.43000030517578,44.560001373291016,44.15999984741211,44.349998474121094,442400.0
2006-01-09T00:00:00.000000000,44.189998626708984,44.400001525878906,44.08000183105469,44.349998474121094,671900.0
2006-01-10T00:00:00.000000000,44.20000076293945,44.2400016784668,43.869998931884766,44.11000061035156,488400.0
2006-01-11T00:00:00.000000000,43.95000076293945,44.08000183105469,43.66999816894531,44.08000183105469,504500.0
2006-01-12T00:00:00.000000000,43.959999084472656,44.0,43.599998474121094,43.81999969482422,360400.0
2006-01-13T00:00:00.000000000,43.880001068115234,44.540000915527344,43.880001068115234,44.38999938964844,521500.0
2006-01-17T00:00:00.000000000,44.25,44.34000015258789,43.709999084472656,43.93000030517578,453300.0
2006-01-18T00:00:00.000000000,43.83000183105469,44.2599983215332,43.689998626708984,43.86000061035156,288300.0
2006-01-19T00:00:00.000000000,43.970001220703125,44.29999923706055,43.849998474121094,43.9900016784668,440100.0
2006-01-20T00:00:00.000000000,43.869998931884766,44.16999816894531,42.4900016784668,42.4900016784668,806800.0
2006-01-23T00:00:00.000000000,42.72999954223633,43.099998474121094,42.709999084472656,42.93000030517578,411800.0
2006-01-24T00:00:00.000000000,43.029998779296875,43.130001068115234,42.70000076293945,43.029998779296875,407300.0
2006-01-25T00:00:00.000000000,43.04999923706055,43.25,42.7599983215332,42.9900016784668,377600.0
2006-01-26T00:00:00.000000000,43.33000183105469,43.5099983215332,43.099998474121094,43.349998474121094,541200.0
2006-01-27T00:00:00.000000000,43.18000030517578,43.650001525878906,43.18000030517578,43.220001220703125,409800.0
2006-01-30T00:00:00.000000000,43.29999923706055,43.29999923706055,42.7599983215332,42.7599983215332,304000.0
2006-01-31T00:00:00.000000000,42.599998474121094,42.93000030517578,42.4900016784668,42.529998779296875,560500.0
2006-02-01T00:00:00.000000000,42.58000183105469,43.060001373291016,42.459999084472656,43.0,648400.0
2006-02-02T00:00:00.000000000,42.97999954223633,43.04999923706055,42.279998779296875,42.45000076293945,448000.0
2006-02-03T00:00:00.000000000,42.29999923706055,42.529998779296875,42.20000076293945,42.290000915527344,489900.0
2006-02-06T00:00:00.000000000,42.189998626708984,42.34000015258789,41.97999954223633,42.2400016784668,352100.0
2006-02-07T00:00:00.000000000,42.290000915527344,42.45000076293945,41.63999938964844,41.66999816894531,337400.0
2006-02-08T00:00:00.000000000,41.689998626708984,42.099998474121094,41.40999984741211,42.04999923706055,310800.0
2006-02-09T00:00:00.000000000,42.029998779296875,42.59000015258789,41.880001068115234,42.13999938964844,262000.0
2006-02-10T00:00:00.000000000,42.02000045776367,42.599998474121094,41.84000015258789,42.380001068115234,212200.0
2006-02-13T00:00:00.000000000,42.5,42.75,41.90999984741211,42.13999938964844,172900.0
2006-02-14T00:00:00.000000000,42.099998474121094,42.959999084472656,41.869998931884766,42.810001373291016,296600.0
2006-02-15T00:00:00.000000000,42.779998779296875,42.83000183105469,41.83000183105469,42.810001373291016,440500.0
2006-02-16T00:00:00.000000000,42.650001525878906,43.20000076293945,42.5,43.20000076293945,334300.0
2006-02-17T00:00:00.000000000,43.29999923706055,44.0,43.209999084472656,43.83000183105469,464600.0
2006-02-21T00:00:00.000000000,44.0,45.7400016784668,44.0,44.61000061035156,1296100.0
2006-02-22T00:00:00.000000000,44.5,45.0,44.40999984741211,44.77000045776367,709000.0
2006-02-23T00:00:00.000000000,44.720001220703125,45.150001525878906,44.5099983215332,44.7599983215332,434500.0
2006-02-24T00:00:00.000000000,44.720001220703125,44.90999984741211,44.52000045776367,44.810001373291016,431400.0
2006-02-27T00:00:00.000000000,44.959999084472656,45.2400016784668,44.630001068115234,44.630001068115234,434100.0
2006-02-28T00:00:00.000000000,44.40999984741211,44.79999923706055,44.369998931884766,44.52000045776367,601900.0
2006-03-01T00:00:00.000000000,44.63999938964844,44.68000030517578,44.22999954223633,44.650001525878906,633000.0
2006-03-02T00:00:00.000000000,44.529998779296875,44.650001525878906,43.93000030517578,44.310001373291016,314000.0
2006-03-03T00:00:00.000000000,43.9900016784668,44.34000015258789,43.900001525878906,44.02000045776367,492700.0
2006-03-06T00:00:00.000000000,44.119998931884766,44.15999984741211,43.619998931884766,43.7400016784668,482200.0
2006-03-07T00:00:00.000000000,43.79999923706055,45.040000915527344,43.79999923706055,44.79999923706055,880600.0
2006-03-08T00:00:00.000000000,44.439998626708984,44.45000076293945,43.869998931884766,44.18000030517578,451900.0
2006-03-09T00:00:00.000000000,44.279998779296875,44.52000045776367,44.099998474121094,44.310001373291016,403500.0
2006-03-10T00:00:00.000000000,44.310001373291016,44.790000915527344,44.25,44.75,429800.0
2006-03-13T00:00:00.000000000,44.849998474121094,44.9900016784668,44.150001525878906,44.209999084472656,225600.0
2006-03-14T00:00:00.000000000,44.13999938964844,44.709999084472656,43.97999954223633,44.58000183105469,369300.0
2006-03-15T00:00:00.000000000,44.540000915527344,44.88999938964844,44.459999084472656,44.599998474121094,377900.0
2006-03-16T00:00:00.000000000,44.869998931884766,45.290000915527344,44.709999084472656,45.16999816894531,330000.0
2006-03-17T00:00:00.000000000,45.38999938964844,45.47999954223633,44.939998626708984,45.16999816894531,490500.0
2006-03-20T00:00:00.000000000,45.41999816894531,45.439998626708984,44.95000076293945,45.18000030517578,336300.0
2006-03-21T00:00:00.000000000,45.099998474121094,45.310001373291016,44.7599983215332,44.83000183105469,334700.0
2006-03-22T00:00:00.000000000,44.91999816894531,45.150001525878906,44.689998626708984,44.959999084472656,378100.0
2006-03-23T00:00:00.000000000,44.77000045776367,44.91999816894531,44.310001373291016,44.5,404800.0
2006-03-24T00:00:00.000000000,44.400001525878906,44.5099983215332,44.04999923706055,44.40999984741211,363900.0
2006-03-27T00:00:00.000000000,44.29999923706055,44.29999923706055,44.0099983215332,44.20000076293945,351400.0
2006-03-28T00:00:00.000000000,44.099998474121094,44.29999923706055,43.560001373291016,43.810001373291016,513500.0
2006-03-29T00:00:00.000000000,43.959999084472656,44.2599983215332,43.83000183105469,44.04999923706055,244400.0
2006-03-30T00:00:00.000000000,43.91999816894531,44.060001373291016,43.66999816894531,43.79999923706055,301600.0
2006-03-31T00:00:00.000000000,43.86000061035156,44.119998931884766,43.650001525878906,43.83000183105469,463500.0
2006-04-03T00:00:00.000000000,43.70000076293945,44.16999816894531,43.619998931884766,43.70000076293945,518600.0
2006-04-04T00:00:00.000000000,43.900001525878906,44.04999923706055,43.599998474121094,43.88999938964844,521800.0
2006-04-05T00:00:00.000000000,45.599998474121094,46.15999984741211,45.22999954223633,46.040000915527344,1202900.0
2006-04-06T00:00:00.000000000,45.90999984741211,45.90999984741211,45.22999954223633,45.459999084472656,722400.0
2006-04-07T00:00:00.000000000,45.599998474121094,45.66999816894531,44.66999816894531,44.90999984741211,493900.0
2006-04-10T00:00:00.000000000,45.040000915527344,45.5,44.91999816894531,45.27000045776367,419100.0
2006-04-11T00:00:00.000000000,45.15999984741211,45.220001220703125,44.790000915527344,45.0099983215332,471600.0
2006-04-12T00:00:00.000000000,44.90999984741211,45.060001373291016,44.58000183105469,44.70000076293945,308100.0
2006-04-13T00:00:00.000000000,44.88999938964844,45.16999816894531,44.720001220703125,44.77000045776367,358800.0
2006-04-17T00:00:00.000000000,44.91999816894531,45.5,44.619998931884766,44.88999938964844,697200.0
2006-04-18T00:00:00.000000000,44.880001068115234,44.97999954223633,44.279998779296875,44.869998931884766,759300.0
2006-04-19T00:00:00.000000000,45.08000183105469,45.36000061035156,44.720001220703125,44.79999923706055,1467300.0
2006-04-20T00:00:00.000000000,45.0,45.33000183105469,44.66999816894531,44.79999923706055,486100.0
2006-04-21T00:00:00.000000000,45.099998474121094,45.150001525878906,44.4900016784668,44.4900016784668,577600.0
2006-04-24T00:00:00.000000000,44.45000076293945,44.5,44.09000015258789,44.2400016784668,355900.0
2006-04-25T00:00:00.000000000,44.36000061035156,44.36000061035156,43.04999923706055,43.91999816894531,679700.0
2006-04-26T00:00:00.000000000,44.15999984741211,44.349998474121094,43.84000015258789,43.939998626708984,378200.0
2006-04-27T00:00:00.000000000,43.79999923706055,44.27000045776367,43.599998474121094,43.95000076293945,474400.0
2006-04-28T00:00:00.000000000,43.900001525878906,44.04999923706055,43.63999938964844,43.650001525878906,385000.0
2006-05-01T00:00:00.000000000,44.04999923706055,44.36000061035156,43.22999954223633,43.5,492000.0
2006-05-02T00:00:00.000000000,43.68000030517578,43.68000030517578,43.15999984741211,43.400001525878906,380900.0
2006-05-03T00:00:00.000000000,43.45000076293945,43.779998779296875,43.27000045776367,43.61000061035156,470500.0
2006-05-04T00:00:00.000000000,43.84000015258789,44.08000183105469,43.459999084472656,43.869998931884766,453100.0
2006-05-05T00:00:00.000000000,43.86000061035156,44.02000045776367,43.75,43.83000183105469,365600.0
2006-05-08T00:00:00.000000000,43.91999816894531,44.09000015258789,43.66999816894531,43.81999969482422,509200.0
2006-05-09T00:00:00.000000000,43.83000183105469,43.88999938964844,43.5,43.79999923706055,320300.0
2006-05-10T00:00:00.000000000,43.68000030517578,43.93000030517578,43.54999923706055,43.77000045776367,380000.0
2006-05-11T00:00:00.000000000,43.709999084472656,43.869998931884766,43.439998626708984,43.529998779296875,581700.0
2006-05-12T00:00:00.000000000,43.47999954223633,43.59000015258789,43.16999816894531,43.36000061035156,624500.0
2006-05-15T00:00:00.000000000,43.189998626708984,43.54999923706055,43.15999984741211,43.5099983215332,468700.0
2006-05-16T00:00:00.000000000,43.529998779296875,43.630001068115234,43.15999984741211,43.2599983215332,268200.0
2006-05-17T00:00:00.000000000,42.849998474121094,43.08000183105469,42.560001373291016,42.959999084472656,700600.0
2006-05-18T00:00:00.000000000,42.900001525878906,43.2599983215332,42.529998779296875,42.630001068115234,752300.0
2006-05-19T00:00:00.000000000,42.83000183105469,43.130001068115234,42.38999938964844,42.869998931884766,423900.0
2006-05-22T00:00:00.000000000,42.619998931884766,43.33000183105469,42.470001220703125,43.09000015258789,644700.0
2006-05-23T00:00:00.000000000,43.29999923706055,43.45000076293945,43.06999969482422,43.11000061035156,509900.0
2006-05-24T00:00:00.000000000,43.02000045776367,43.40999984741211,42.77000045776367,43.099998474121094,580000.0
2006-05-25T00:00:00.000000000,43.31999969482422,43.75,43.20000076293945,43.75,504700.0
2006-05-26T00:00:00.000000000,43.79999923706055,44.02000045776367,43.720001220703125,43.959999084472656,296800.0
2006-05-30T00:00:00.000000000,43.849998474121094,43.849998474121094,42.9900016784668,43.0,613300.0
2006-05-31T00:00:00.000000000,43.060001373291016,43.400001525878906,42.58000183105469,43.060001373291016,964400.0
2006-06-01T00:00:00.000000000,43.11000061035156,43.68000030517578,43.060001373291016,43.63999938964844,335100.0
2006-06-02T00:00:00.000000000,43.52000045776367,43.56999969482422,42.97999954223633,43.2400016784668,332300.0
2006-06-05T00:00:00.000000000,43.0,43.0,42.52000045776367,42.52000045776367,550100.0
2006-06-06T00:00:00.000000000,42.54999923706055,42.650001525878906,41.7599983215332,42.130001068115234,578800.0
2006-06-07T00:00:00.000000000,41.900001525878906,42.04999923706055,41.47999954223633,41.5,585000.0
2006-06-08T00:00:00.000000000,41.5,41.9900016784668,40.959999084472656,41.91999816894531,666000.0
2006-06-09T00:00:00.000000000,41.849998474121094,42.0,41.439998626708984,41.529998779296875,352300.0
2006-06-12T00:00:00.000000000,41.529998779296875,41.599998474121094,41.09000015258789,41.09000015258789,476200.0
2006-06-13T00:00:00.000000000,41.09000015258789,41.38999938964844,40.66999816894531,40.720001220703125,643500.0
2006-06-14T00:00:00.000000000,40.54999923706055,40.849998474121094,40.0,40.79999923706055,540300.0
2006-06-15T00:00:00.000000000,40.709999084472656,41.16999816894531,40.599998474121094,40.79999923706055,1180700.0
2006-06-16T00:00:00.000000000,40.65999984741211,41.099998474121094,40.65999984741211,40.720001220703125,663200.0
2006-06-19T00:00:00.000000000,40.77000045776367,41.18000030517578,40.38999938964844,40.5099983215332,445700.0
2006-06-20T00:00:00.000000000,40.52000045776367,40.77000045776367,40.2599983215332,40.36000061035156,723500.0
2006-06-21T00:00:00.000000000,40.45000076293945,41.31999969482422,40.45000076293945,41.150001525878906,1239300.0
2006-06-22T00:00:00.000000000,41.150001525878906,41.290000915527344,40.880001068115234,41.13999938964844,416800.0
2006-06-23T00:00:00.000000000,41.06999969482422,41.529998779296875,40.93000030517578,41.16999816894531,419200.0
2006-06-26T00:00:00.000000000,41.20000076293945,41.5,41.11000061035156,41.41999816894531,418700.0
2006-06-27T00:00:00.000000000,41.349998474121094,41.4900016784668,41.04999923706055,41.15999984741211,746800.0
2006-06-28T00:00:00.000000000,41.18000030517578,41.400001525878906,41.040000915527344,41.209999084472656,446300.0
2006-06-29T00:00:00.000000000,41.08000183105469,41.599998474121094,40.810001373291016,41.59000015258789,1316500.0
2006-06-30T00:00:00.000000000,41.75,41.939998626708984,41.38999938964844,41.65999984741211,672300.0
2006-07-03T00:00:00.000000000,41.66999816894531,41.720001220703125,41.18000030517578,41.45000076293945,307300.0
2006-07-05T00:00:00.000000000,41.470001220703125,41.7400016784668,41.20000076293945,41.65999984741211,684500.0
2006-07-06T00:00:00.000000000,41.7599983215332,42.290000915527344,41.599998474121094,42.130001068115234,784300.0
2006-07-07T00:00:00.000000000,42.130001068115234,42.130001068115234,41.619998931884766,41.68000030517578,772800.0
2006-07-10T00:00:00.000000000,41.84000015258789,42.31999969482422,41.65999984741211,42.150001525878906,413200.0
2006-07-11T00:00:00.000000000,42.16999816894531,42.689998626708984,41.90999984741211,42.66999816894531,619600.0
2006-07-12T00:00:00.000000000,42.619998931884766,42.720001220703125,41.91999816894531,42.0099983215332,419800.0
2006-07-13T00:00:00.000000000,41.86000061035156,41.90999984741211,41.060001373291016,41.2400016784668,734100.0
2006-07-14T00:00:00.000000000,41.380001068115234,41.58000183105469,40.75,41.209999084472656,398900.0
2006-07-17T00:00:00.000000000,41.22999954223633,41.43000030517578,41.0,41.06999969482422,702900.0
2006-07-18T00:00:00.000000000,41.130001068115234,41.36000061035156,40.36000061035156,40.630001068115234,680100.0
2006-07-19T00:00:00.000000000,41.25,42.20000076293945,41.0,41.119998931884766,1733800.0
2006-07-20T00:00:00.000000000,41.20000076293945,41.560001373291016,41.09000015258789,41.13999938964844,693000.0
2006-07-21T00:00:00.000000000,41.31999969482422,41.77000045776367,41.04999923706055,41.15999984741211,1457200.0
2006-07-24T00:00:00.000000000,41.29999923706055,42.130001068115234,41.29999923706055,42.06999969482422,483800.0
2006-07-25T00:00:00.000000000,42.11000061035156,42.619998931884766,41.97999954223633,42.47999954223633,458200.0
2006-07-26T00:00:00.000000000,42.400001525878906,42.599998474121094,41.56999969482422,41.59000015258789,524100.0
2006-07-27T00:00:00.000000000,41.790000915527344,42.20000076293945,41.65999984741211,41.81999969482422,407100.0
2006-07-28T00:00:00.000000000,42.0,42.25,41.790000915527344,42.029998779296875,302700.0
2006-07-31T00:00:00.000000000,41.849998474121094,42.130001068115234,41.599998474121094,41.63999938964844,290400.0
2006-08-01T00:00:00.000000000,41.599998474121094,41.75,41.16999816894531,41.220001220703125,523900.0
2006-08-02T00:00:00.000000000,41.34000015258789,41.75,41.220001220703125,41.36000061035156,363600.0
2006-08-03T00:00:00.000000000,41.2400016784668,42.2599983215332,41.18000030517578,42.099998474121094,438200.0
2006-08-04T00:00:00.000000000,42.25,42.58000183105469,41.45000076293945,41.810001373291016,286000.0
2006-08-07T00:00:00.000000000,41.790000915527344,41.88999938964844,41.52000045776367,41.7599983215332,270800.0
2006-08-08T00:00:00.000000000,41.95000076293945,42.040000915527344,41.0,41.09000015258789,386600.0
2006-08-09T00:00:00.000000000,41.40999984741211,41.72999954223633,40.5,40.58000183105469,461900.0
2006-08-10T00:00:00.000000000,40.58000183105469,40.72999954223633,40.33000183105469,40.5099983215332,734600.0
2006-08-11T00:00:00.000000000,40.380001068115234,40.45000076293945,40.09000015258789,40.2599983215332,563400.0
2006-08-14T00:00:00.000000000,40.689998626708984,41.25,40.58000183105469,40.720001220703125,798000.0
2006-08-15T00:00:00.000000000,41.040000915527344,41.5,41.0,41.20000076293945,398200.0
2006-08-16T00:00:00.000000000,41.20000076293945,42.0,41.20000076293945,41.939998626708984,497100.0
2006-08-17T00:00:00.000000000,42.13999938964844,42.2400016784668,41.81999969482422,42.040000915527344,529600.0
2006-08-18T00:00:00.000000000,42.040000915527344,42.16999816894531,41.400001525878906,41.540000915527344,382300.0
2006-08-21T00:00:00.000000000,41.5,41.5,41.0,41.33000183105469,378400.0
2006-08-22T00:00:00.000000000,41.560001373291016,41.66999816894531,41.400001525878906,41.40999984741211,403800.0
2006-08-23T00:00:00.000000000,41.5,41.54999923706055,41.11000061035156,41.369998931884766,240100.0
2006-08-24T00:00:00.000000000,41.45000076293945,41.75,40.849998474121094,41.150001525878906,299500.0
2006-08-25T00:00:00.000000000,41.150001525878906,41.15999984741211,40.849998474121094,40.939998626708984,348600.0
2006-08-28T00:00:00.000000000,41.040000915527344,41.47999954223633,40.959999084472656,41.31999969482422,288800.0
2006-08-29T00:00:00.000000000,41.290000915527344,41.58000183105469,41.130001068115234,41.459999084472656,341300.0
2006-08-30T00:00:00.000000000,41.619998931884766,41.75,41.400001525878906,41.5,251400.0
2006-08-31T00:00:00.000000000,41.619998931884766,41.70000076293945,41.290000915527344,41.33000183105469,252300.0
2006-09-01T00:00:00.000000000,41.61000061035156,41.84000015258789,41.380001068115234,41.689998626708984,418100.0
2006-09-05T00:00:00.000000000,41.7599983215332,41.7599983215332,41.41999816894531,41.5099983215332,385800.0
2006-09-06T00:00:00.000000000,41.16999816894531,41.279998779296875,40.900001525878906,40.95000076293945,295300.0
2006-09-07T00:00:00.000000000,40.869998931884766,41.119998931884766,40.63999938964844,40.79999923706055,381500.0
2006-09-08T00:00:00.000000000,40.970001220703125,41.31999969482422,40.810001373291016,41.130001068115234,245000.0
2006-09-11T00:00:00.000000000,41.040000915527344,41.06999969482422,40.75,40.84000015258789,490300.0
2006-09-12T00:00:00.000000000,40.79999923706055,41.83000183105469,40.72999954223633,41.7400016784668,722700.0
2006-09-13T00:00:00.000000000,41.72999954223633,42.90999984741211,41.70000076293945,42.83000183105469,911600.0
2006-09-14T00:00:00.000000000,42.630001068115234,42.900001525878906,42.4900016784668,42.790000915527344,910000.0
2006-09-15T00:00:00.000000000,43.0,43.439998626708984,42.880001068115234,43.22999954223633,597900.0
2006-09-18T00:00:00.000000000,43.11000061035156,43.11000061035156,42.65999984741211,42.810001373291016,998600.0
2006-09-19T00:00:00.000000000,42.7599983215332,43.16999816894531,42.54999923706055,42.810001373291016,373500.0
2006-09-20T00:00:00.000000000,42.970001220703125,43.2599983215332,42.7400016784668,43.15999984741211,321900.0
2006-09-21T00:00:00.000000000,43.25,43.25,42.77000045776367,43.040000915527344,405500.0
2006-09-22T00:00:00.000000000,42.869998931884766,43.060001373291016,42.599998474121094,42.880001068115234,336300.0
2006-09-25T00:00:00.000000000,43.04999923706055,43.439998626708984,42.810001373291016,43.310001373291016,488300.0
2006-09-26T00:00:00.000000000,43.2400016784668,43.7400016784668,43.119998931884766,43.5,504300.0
2006-09-27T00:00:00.000000000,43.5,43.650001525878906,43.11000061035156,43.11000061035156,447700.0
2006-09-28T00:00:00.000000000,43.2400016784668,43.900001525878906,43.2400016784668,43.790000915527344,348900.0
2006-09-29T00:00:00.000000000,43.61000061035156,43.790000915527344,43.0099983215332,43.130001068115234,348600.0
2006-10-02T00:00:00.000000000,43.130001068115234,43.400001525878906,42.599998474121094,43.099998474121094,380500.0
2006-10-03T00:00:00.000000000,43.310001373291016,43.5099983215332,42.900001525878906,43.290000915527344,386700.0
2006-10-04T00:00:00.000000000,43.209999084472656,43.47999954223633,43.0,43.380001068115234,515900.0
2006-10-05T00:00:00.000000000,43.5,43.900001525878906,43.290000915527344,43.880001068115234,507500.0
2006-10-06T00:00:00.000000000,43.86000061035156,44.400001525878906,43.470001220703125,44.2599983215332,524200.0
2006-10-09T00:00:00.000000000,44.09000015258789,44.119998931884766,43.630001068115234,44.060001373291016,397600.0
2006-10-10T00:00:00.000000000,44.0099983215332,44.599998474121094,44.0099983215332,44.54999923706055,558500.0
2006-10-11T00:00:00.000000000,44.470001220703125,44.75,44.290000915527344,44.630001068115234,549800.0
2006-10-12T00:00:00.000000000,44.810001373291016,44.849998474121094,44.5,44.75,240000.0
2006-10-13T00:00:00.000000000,44.58000183105469,45.08000183105469,44.5,45.08000183105469,414900.0
2006-10-16T00:00:00.000000000,45.040000915527344,45.130001068115234,44.880001068115234,45.0099983215332,298900.0
2006-10-17T00:00:00.000000000,45.040000915527344,45.18000030517578,44.65999984741211,44.79999923706055,380900.0
2006-10-18T00:00:00.000000000,44.970001220703125,45.790000915527344,44.560001373291016,45.18000030517578,397200.0
2006-10-19T00:00:00.000000000,44.099998474121094,44.90999984741211,44.099998474121094,44.619998931884766,591000.0
2006-10-20T00:00:00.000000000,44.79999923706055,45.22999954223633,44.45000076293945,45.09000015258789,714900.0
2006-10-23T00:00:00.000000000,45.06999969482422,45.59000015258789,44.97999954223633,45.5,348300.0
2006-10-24T00:00:00.000000000,45.40999984741211,45.61000061035156,45.16999816894531,45.5,306100.0
2006-10-25T00:00:00.000000000,45.2599983215332,45.630001068115234,45.15999984741211,45.529998779296875,503400.0
2006-10-26T00:00:00.000000000,45.56999969482422,45.959999084472656,45.459999084472656,45.86000061035156,295700.0
2006-10-27T00:00:00.000000000,45.84000015258789,45.939998626708984,45.349998474121094,45.599998474121094,488400.0
2006-10-30T00:00:00.000000000,45.5,45.66999816894531,45.22999954223633,45.599998474121094,322300.0
2006-10-31T00:00:00.000000000,45.65999984741211,45.88999938964844,45.43000030517578,45.52000045776367,393600.0
2006-11-01T00:00:00.000000000,45.599998474121094,45.720001220703125,45.099998474121094,45.130001068115234,259000.0
2006-11-02T00:00:00.000000000,45.04999923706055,45.29999923706055,44.810001373291016,45.189998626708984,273800.0
2006-11-03T00:00:00.000000000,45.25,45.560001373291016,44.90999984741211,45.09000015258789,258900.0
2006-11-06T00:00:00.000000000,45.27000045776367,45.880001068115234,45.25,45.77000045776367,387100.0
2006-11-07T00:00:00.000000000,45.65999984741211,46.0,45.45000076293945,45.689998626708984,285500.0
2006-11-08T00:00:00.000000000,45.81999969482422,46.040000915527344,45.70000076293945,45.9900016784668,587500.0
2006-11-09T00:00:00.000000000,46.0,46.0,45.79999923706055,45.93000030517578,325800.0
2006-11-10T00:00:00.000000000,45.970001220703125,46.349998474121094,45.810001373291016,46.33000183105469,609000.0
2006-11-13T00:00:00.000000000,46.20000076293945,46.33000183105469,45.81999969482422,45.880001068115234,402000.0
2006-11-14T00:00:00.000000000,45.90999984741211,46.349998474121094,44.540000915527344,46.27000045776367,683100.0
2006-11-15T00:00:00.000000000,46.25,46.459999084472656,46.20000076293945,46.279998779296875,572400.0
2006-11-16T00:00:00.000000000,46.88999938964844,47.65999984741211,46.619998931884766,47.560001373291016,889000.0
2006-11-17T00:00:00.000000000,47.47999954223633,47.560001373291016,47.08000183105469,47.470001220703125,664000.0
2006-11-20T00:00:00.000000000,47.349998474121094,47.459999084472656,47.060001373291016,47.29999923706055,444100.0
2006-11-21T00:00:00.000000000,47.2400016784668,47.439998626708984,47.130001068115234,47.34000015258789,297300.0
2006-11-22T00:00:00.000000000,47.279998779296875,47.52000045776367,47.119998931884766,47.45000076293945,251400.0
2006-11-24T00:00:00.000000000,47.310001373291016,47.470001220703125,47.040000915527344,47.20000076293945,91000.0
2006-11-27T00:00:00.000000000,47.20000076293945,47.22999954223633,46.72999954223633,46.779998779296875,376100.0
2006-11-28T00:00:00.000000000,46.619998931884766,46.70000076293945,46.290000915527344,46.529998779296875,431000.0
2006-11-29T00:00:00.000000000,46.56999969482422,46.9900016784668,46.380001068115234,46.939998626708984,293300.0
2006-11-30T00:00:00.000000000,46.779998779296875,47.04999923706055,46.65999984741211,46.88999938964844,376600.0
2006-12-01T00:00:00.000000000,46.95000076293945,47.13999938964844,46.290000915527344,46.61000061035156,460900.0
2006-12-04T00:00:00.000000000,46.7400016784668,47.209999084472656,46.63999938964844,47.099998474121094,380300.0
2006-12-05T00:00:00.000000000,47.099998474121094,47.75,47.02000045776367,47.7400016784668,336000.0
2006-12-06T00:00:00.000000000,47.560001373291016,47.869998931884766,47.13999938964844,47.75,590500.0
2006-12-07T00:00:00.000000000,47.90999984741211,48.08000183105469,47.060001373291016,47.310001373291016,430200.0
2006-12-08T00:00:00.000000000,47.33000183105469,47.63999938964844,47.22999954223633,47.45000076293945,231200.0
2006-12-11T00:00:00.000000000,47.5,47.650001525878906,47.31999969482422,47.5,167800.0
2006-12-12T00:00:00.000000000,47.380001068115234,47.689998626708984,47.20000076293945,47.630001068115234,314700.0
2006-12-13T00:00:00.000000000,47.83000183105469,47.83000183105469,47.25,47.470001220703125,312600.0
2006-12-14T00:00:00.000000000,47.56999969482422,47.93000030517578,47.40999984741211,47.790000915527344,291900.0
2006-12-15T00:00:00.000000000,47.72999954223633,47.95000076293945,46.97999954223633,47.25,646400.0
2006-12-18T00:00:00.000000000,47.36000061035156,47.529998779296875,46.900001525878906,47.08000183105469,277800.0
2006-12-19T00:00:00.000000000,46.9900016784668,47.459999084472656,46.72999954223633,47.31999969482422,316400.0
2006-12-20T00:00:00.000000000,47.2400016784668,47.68000030517578,47.22999954223633,47.540000915527344,277600.0
2006-12-21T00:00:00.000000000,47.709999084472656,47.90999984741211,47.2599983215332,47.529998779296875,237500.0
2006-12-22T00:00:00.000000000,47.459999084472656,47.5,47.06999969482422,47.15999984741211,179000.0
2006-12-26T00:00:00.000000000,47.02000045776367,47.470001220703125,46.91999816894531,47.38999938964844,207600.0
2006-12-27T00:00:00.000000000,47.63999938964844,48.09000015258789,47.63999938964844,48.02000045776367,259300.0
2006-12-28T00:00:00.000000000,48.0,48.34000015258789,47.79999923706055,47.869998931884766,223600.0
2006-12-29T00:00:00.000000000,47.77000045776367,47.9900016784668,47.38999938964844,47.43000030517578,154500.0
2007-01-03T00:00:00.000000000,47.470001220703125,48.119998931884766,47.25,47.54999923706055,443400.0
2007-01-04T00:00:00.000000000,47.689998626708984,47.849998474121094,47.09000015258789,47.369998931884766,451200.0
2007-01-05T00:00:00.000000000,47.349998474121094,47.369998931884766,46.77000045776367,46.86000061035156,384400.0
2007-01-08T00:00:00.000000000,46.81999969482422,46.88999938964844,46.45000076293945,46.75,508100.0
2007-01-09T00:00:00.000000000,46.95000076293945,47.20000076293945,46.630001068115234,47.150001525878906,397700.0
2007-01-10T00:00:00.000000000,47.04999923706055,47.380001068115234,46.91999816894531,47.290000915527344,451100.0
2007-01-11T00:00:00.000000000,47.38999938964844,47.65999984741211,47.279998779296875,47.56999969482422,432200.0
2007-01-12T00:00:00.000000000,47.7400016784668,48.130001068115234,47.599998474121094,47.95000076293945,347700.0
2007-01-16T00:00:00.000000000,48.04999923706055,48.599998474121094,47.97999954223633,48.380001068115234,356300.0
2007-01-17T00:00:00.000000000,48.400001525878906,48.58000183105469,48.20000076293945,48.25,365900.0
2007-01-18T00:00:00.000000000,48.40999984741211,48.470001220703125,47.86000061035156,47.900001525878906,589900.0
2007-01-19T00:00:00.000000000,48.0,48.04999923706055,47.29999923706055,47.5,655100.0
2007-01-22T00:00:00.000000000,47.540000915527344,47.72999954223633,47.36000061035156,47.47999954223633,599400.0
2007-01-23T00:00:00.000000000,47.47999954223633,47.650001525878906,47.34000015258789,47.369998931884766,471800.0
2007-01-24T00:00:00.000000000,47.29999923706055,47.529998779296875,47.2599983215332,47.4900016784668,383800.0
2007-01-25T00:00:00.000000000,47.349998474121094,47.439998626708984,46.599998474121094,46.68000030517578,485700.0
2007-01-26T00:00:00.000000000,46.68000030517578,46.790000915527344,46.2599983215332,46.369998931884766,502800.0
2007-01-29T00:00:00.000000000,46.43000030517578,46.72999954223633,46.189998626708984,46.439998626708984,550400.0
2007-01-30T00:00:00.000000000,46.59000015258789,46.779998779296875,46.43000030517578,46.70000076293945,229000.0
2007-01-31T00:00:00.000000000,46.709999084472656,47.52000045776367,46.650001525878906,47.52000045776367,525300.0
2007-02-01T00:00:00.000000000,47.529998779296875,48.439998626708984,47.459999084472656,48.09000015258789,632400.0
2007-02-02T00:00:00.000000000,48.099998474121094,48.369998931884766,48.0099983215332,48.189998626708984,464600.0
2007-02-05T00:00:00.000000000,48.20000076293945,48.4900016784668,48.0099983215332,48.25,422900.0
2007-02-06T00:00:00.000000000,48.27000045776367,48.70000076293945,48.25,48.650001525878906,513600.0
2007-02-07T00:00:00.000000000,48.65999984741211,49.20000076293945,48.650001525878906,49.13999938964844,581700.0
2007-02-08T00:00:00.000000000,49.150001525878906,49.349998474121094,48.75,48.869998931884766,419300.0
2007-02-09T00:00:00.000000000,49.0,49.41999816894531,48.900001525878906,48.959999084472656,479800.0
2007-02-12T00:00:00.000000000,49.0099983215332,49.13999938964844,48.779998779296875,48.81999969482422,396400.0
2007-02-13T00:00:00.000000000,48.849998474121094,49.20000076293945,48.849998474121094,49.20000076293945,508200.0
2007-02-14T00:00:00.000000000,49.20000076293945,49.63999938964844,49.119998931884766,49.459999084472656,513400.0
2007-02-15T00:00:00.000000000,49.529998779296875,49.650001525878906,49.349998474121094,49.5099983215332,390800.0
2007-02-16T00:00:00.000000000,49.31999969482422,49.88999938964844,49.20000076293945,49.77000045776367,519300.0
2007-02-20T00:00:00.000000000,49.88999938964844,50.040000915527344,49.41999816894531,49.75,610400.0
2007-02-21T00:00:00.000000000,49.72999954223633,50.150001525878906,49.65999984741211,50.09000015258789,898800.0
2007-02-22T00:00:00.000000000,50.279998779296875,50.75,50.18000030517578,50.439998626708984,579700.0
2007-02-23T00:00:00.000000000,50.20000076293945,50.7400016784668,49.900001525878906,50.560001373291016,555400.0
2007-02-26T00:00:00.000000000,50.61000061035156,50.63999938964844,49.90999984741211,50.16999816894531,417300.0
2007-02-27T00:00:00.000000000,49.939998626708984,49.970001220703125,48.20000076293945,48.33000183105469,849700.0
2007-02-28T00:00:00.000000000,48.45000076293945,49.22999954223633,48.310001373291016,48.72999954223633,1041000.0
2007-03-01T00:00:00.000000000,48.0,48.68000030517578,47.95000076293945,48.5099983215332,1023500.0
2007-03-02T00:00:00.000000000,48.45000076293945,48.72999954223633,48.13999938964844,48.209999084472656,652000.0
2007-03-05T00:00:00.000000000,47.91999816894531,48.619998931884766,47.5,48.04999923706055,533300.0
2007-03-06T00:00:00.000000000,48.2400016784668,48.63999938964844,47.81999969482422,48.459999084472656,530800.0
2007-03-07T00:00:00.000000000,48.11000061035156,48.380001068115234,47.939998626708984,48.25,675400.0
2007-03-08T00:00:00.000000000,48.58000183105469,48.7599983215332,48.400001525878906,48.630001068115234,534200.0
2007-03-09T00:00:00.000000000,48.79999923706055,48.95000076293945,48.41999816894531,48.66999816894531,278300.0
2007-03-12T00:00:00.000000000,48.63999938964844,48.959999084472656,48.5,48.810001373291016,263700.0
2007-03-13T00:00:00.000000000,48.61000061035156,48.7599983215332,48.11000061035156,48.22999954223633,616900.0
2007-03-14T00:00:00.000000000,48.220001220703125,48.560001373291016,47.86000061035156,48.529998779296875,776000.0
2007-03-15T00:00:00.000000000,48.45000076293945,48.779998779296875,48.400001525878906,48.720001220703125,394000.0
2007-03-16T00:00:00.000000000,48.63999938964844,48.849998474121094,48.150001525878906,48.41999816894531,665700.0
2007-03-19T00:00:00.000000000,48.790000915527344,49.09000015258789,48.56999969482422,49.060001373291016,329700.0
2007-03-20T00:00:00.000000000,49.08000183105469,49.52000045776367,48.95000076293945,49.52000045776367,311400.0
2007-03-21T00:00:00.000000000,49.5,49.900001525878906,48.900001525878906,49.900001525878906,388100.0
2007-03-22T00:00:00.000000000,49.81999969482422,49.9900016784668,49.4900016784668,49.560001373291016,305200.0
2007-03-23T00:00:00.000000000,49.599998474121094,49.7599983215332,49.29999923706055,49.68000030517578,414200.0
2007-03-26T00:00:00.000000000,49.68000030517578,49.72999954223633,49.15999984741211,49.68000030517578,386700.0
2007-03-27T00:00:00.000000000,49.45000076293945,49.529998779296875,49.0,49.15999984741211,268700.0
2007-03-28T00:00:00.000000000,49.09000015258789,49.09000015258789,48.5,48.59000015258789,334000.0
2007-03-29T00:00:00.000000000,48.779998779296875,48.84000015258789,48.5,48.75,336500.0
2007-03-30T00:00:00.000000000,48.79999923706055,49.040000915527344,48.470001220703125,49.0,469000.0
2007-04-02T00:00:00.000000000,48.939998626708984,49.36000061035156,48.90999984741211,49.290000915527344,395800.0
2007-04-03T00:00:00.000000000,49.470001220703125,50.0,49.470001220703125,49.88999938964844,330800.0
2007-04-04T00:00:00.000000000,49.9900016784668,50.25,49.400001525878906,49.68000030517578,404400.0
2007-04-05T00:00:00.000000000,49.68000030517578,49.689998626708984,49.4900016784668,49.619998931884766,253200.0
2007-04-09T00:00:00.000000000,49.779998779296875,50.0,49.380001068115234,49.810001373291016,308500.0
2007-04-10T00:00:00.000000000,49.650001525878906,49.869998931884766,49.58000183105469,49.81999969482422,206600.0
2007-04-11T00:00:00.000000000,49.75,49.75,49.02000045776367,49.06999969482422,341200.0
2007-04-12T00:00:00.000000000,49.06999969482422,49.310001373291016,48.81999969482422,49.25,398800.0
2007-04-13T00:00:00.000000000,49.209999084472656,49.25,48.93000030517578,49.150001525878906,430900.0
2007-04-16T00:00:00.000000000,49.380001068115234,50.060001373291016,49.33000183105469,50.0,353700.0
2007-04-17T00:00:00.000000000,50.0099983215332,50.0099983215332,49.61000061035156,49.79999923706055,249200.0
2007-04-18T00:00:00.000000000,49.79999923706055,50.02000045776367,49.38999938964844,49.88999938964844,375500.0
2007-04-19T00:00:00.000000000,50.83000183105469,51.29999923706055,48.38999938964844,49.439998626708984,464100.0
2007-04-20T00:00:00.000000000,49.95000076293945,49.95000076293945,49.31999969482422,49.86000061035156,851300.0
2007-04-23T00:00:00.000000000,49.900001525878906,50.119998931884766,49.79999923706055,49.91999816894531,483100.0
2007-04-24T00:00:00.000000000,49.90999984741211,50.09000015258789,49.470001220703125,49.880001068115234,585100.0
2007-04-25T00:00:00.000000000,50.79999923706055,51.630001068115234,49.79999923706055,50.29999923706055,503300.0
2007-04-26T00:00:00.000000000,50.150001525878906,50.34000015258789,49.869998931884766,50.29999923706055,283000.0
2007-04-27T00:00:00.000000000,50.25,50.310001373291016,49.880001068115234,49.959999084472656,246400.0
2007-04-30T00:00:00.000000000,50.040000915527344,50.15999984741211,49.369998931884766,49.40999984741211,431400.0
2007-05-01T00:00:00.000000000,49.40999984741211,49.650001525878906,49.0,49.599998474121094,530000.0
2007-05-02T00:00:00.000000000,49.56999969482422,49.88999938964844,49.5,49.880001068115234,394200.0
2007-05-03T00:00:00.000000000,49.790000915527344,49.880001068115234,49.599998474121094,49.869998931884766,353400.0
2007-05-04T00:00:00.000000000,49.630001068115234,49.91999816894531,48.88999938964844,49.27000045776367,1033100.0
2007-05-07T00:00:00.000000000,49.209999084472656,49.540000915527344,49.099998474121094,49.45000076293945,557200.0
2007-05-08T00:00:00.000000000,49.36000061035156,49.459999084472656,49.06999969482422,49.400001525878906,326300.0
2007-05-09T00:00:00.000000000,49.189998626708984,49.86000061035156,49.06999969482422,49.779998779296875,361700.0
2007-05-10T00:00:00.000000000,49.54999923706055,49.560001373291016,49.189998626708984,49.29999923706055,412700.0
2007-05-11T00:00:00.000000000,49.36000061035156,49.5,49.099998474121094,49.38999938964844,390000.0
2007-05-14T00:00:00.000000000,49.5,49.5,49.04999923706055,49.279998779296875,451000.0
2007-05-15T00:00:00.000000000,49.29999923706055,49.779998779296875,49.150001525878906,49.20000076293945,561200.0
2007-05-16T00:00:00.000000000,49.29999923706055,49.61000061035156,49.119998931884766,49.59000015258789,397200.0
2007-05-17T00:00:00.000000000,49.5,49.86000061035156,49.380001068115234,49.7400016784668,406200.0
2007-05-18T00:00:00.000000000,49.83000183105469,50.06999969482422,49.72999954223633,50.06999969482422,479600.0
2007-05-21T00:00:00.000000000,50.0,50.45000076293945,49.88999938964844,50.369998931884766,392000.0
2007-05-22T00:00:00.000000000,50.2400016784668,50.939998626708984,50.220001220703125,50.650001525878906,501800.0
2007-05-23T00:00:00.000000000,50.66999816894531,50.91999816894531,49.88999938964844,50.0,539700.0
2007-05-24T00:00:00.000000000,50.0,50.2599983215332,49.529998779296875,49.599998474121094,432900.0
2007-05-25T00:00:00.000000000,49.849998474121094,50.0,49.560001373291016,49.970001220703125,287800.0
2007-05-29T00:00:00.000000000,50.08000183105469,51.16999816894531,50.08000183105469,50.779998779296875,591000.0
2007-05-30T00:00:00.000000000,50.56999969482422,51.380001068115234,50.22999954223633,51.290000915527344,847200.0
2007-05-31T00:00:00.000000000,50.72999954223633,51.45000076293945,50.72999954223633,51.31999969482422,644400.0
2007-06-01T00:00:00.000000000,51.5,51.650001525878906,50.459999084472656,50.88999938964844,687200.0
2007-06-04T00:00:00.000000000,50.650001525878906,51.459999084472656,50.54999923706055,51.43000030517578,425800.0
2007-06-05T00:00:00.000000000,51.349998474121094,51.59000015258789,50.33000183105469,50.560001373291016,419200.0
2007-06-06T00:00:00.000000000,50.18000030517578,50.18000030517578,49.66999816894531,49.75,399100.0
2007-06-07T00:00:00.000000000,49.709999084472656,49.72999954223633,49.09000015258789,49.09000015258789,616400.0
2007-06-08T00:00:00.000000000,49.08000183105469,49.869998931884766,48.939998626708984,49.83000183105469,436200.0
2007-06-11T00:00:00.000000000,49.16999816894531,50.13999938964844,49.16999816894531,49.84000015258789,359100.0
2007-06-12T00:00:00.000000000,49.72999954223633,50.209999084472656,49.279998779296875,49.380001068115234,620400.0
2007-06-13T00:00:00.000000000,49.61000061035156,50.08000183105469,49.43000030517578,50.08000183105469,562000.0
2007-06-14T00:00:00.000000000,50.119998931884766,50.40999984741211,49.7599983215332,49.88999938964844,487200.0
2007-06-15T00:00:00.000000000,50.22999954223633,50.369998931884766,49.54999923706055,49.869998931884766,772700.0
2007-06-18T00:00:00.000000000,50.02000045776367,50.11000061035156,49.689998626708984,49.880001068115234,386500.0
2007-06-19T00:00:00.000000000,49.75,50.119998931884766,49.5,50.0099983215332,313100.0
2007-06-20T00:00:00.000000000,50.099998474121094,50.38999938964844,49.70000076293945,49.70000076293945,329100.0
2007-06-21T00:00:00.000000000,49.70000076293945,50.18000030517578,49.400001525878906,50.16999816894531,445000.0
2007-06-22T00:00:00.000000000,50.130001068115234,50.130001068115234,49.20000076293945,49.369998931884766,793800.0
2007-06-25T00:00:00.000000000,49.400001525878906,50.119998931884766,49.33000183105469,49.459999084472656,526800.0
2007-06-26T00:00:00.000000000,49.77000045776367,49.91999816894531,49.33000183105469,49.45000076293945,525300.0
2007-06-27T00:00:00.000000000,49.209999084472656,49.869998931884766,49.13999938964844,49.83000183105469,376200.0
2007-06-28T00:00:00.000000000,49.709999084472656,49.970001220703125,49.5,49.84000015258789,373500.0
2007-06-29T00:00:00.000000000,49.90999984741211,50.150001525878906,49.27000045776367,49.599998474121094,628300.0
2007-07-02T00:00:00.000000000,49.95000076293945,50.29999923706055,49.81999969482422,50.29999923706055,444700.0
2007-07-03T00:00:00.000000000,50.5,50.709999084472656,50.31999969482422,50.47999954223633,243300.0
2007-07-05T00:00:00.000000000,50.47999954223633,50.61000061035156,50.08000183105469,50.119998931884766,493000.0
2007-07-06T00:00:00.000000000,50.13999938964844,50.47999954223633,49.79999923706055,50.33000183105469,497900.0
2007-07-09T00:00:00.000000000,50.5099983215332,50.5099983215332,49.7400016784668,49.970001220703125,428400.0
2007-07-10T00:00:00.000000000,49.869998931884766,49.95000076293945,48.9900016784668,48.9900016784668,600700.0
2007-07-11T00:00:00.000000000,48.9900016784668,49.34000015258789,48.83000183105469,49.33000183105469,486100.0
2007-07-12T00:00:00.000000000,49.630001068115234,50.209999084472656,49.33000183105469,50.209999084472656,531800.0
2007-07-13T00:00:00.000000000,50.220001220703125,50.4900016784668,49.849998474121094,50.40999984741211,298200.0
2007-07-16T00:00:00.000000000,50.40999984741211,50.79999923706055,50.09000015258789,50.459999084472656,511000.0
2007-07-17T00:00:00.000000000,50.470001220703125,51.0099983215332,50.45000076293945,50.5,387800.0
2007-07-18T00:00:00.000000000,50.25,50.70000076293945,49.91999816894531,50.59000015258789,646900.0
2007-07-19T00:00:00.000000000,50.599998474121094,51.27000045776367,50.27000045776367,51.189998626708984,669400.0
2007-07-20T00:00:00.000000000,51.040000915527344,51.040000915527344,49.029998779296875,49.06999969482422,1016600.0
2007-07-23T00:00:00.000000000,49.439998626708984,49.79999923706055,49.15999984741211,49.54999923706055,918600.0
2007-07-24T00:00:00.000000000,49.33000183105469,50.529998779296875,49.13999938964844,49.959999084472656,1081400.0
2007-07-25T00:00:00.000000000,50.150001525878906,50.689998626708984,49.959999084472656,50.08000183105469,1290900.0
2007-07-26T00:00:00.000000000,49.779998779296875,50.04999923706055,48.43000030517578,49.06999969482422,1067900.0
2007-07-27T00:00:00.000000000,49.060001373291016,49.060001373291016,47.52000045776367,47.52000045776367,1379800.0
2007-07-30T00:00:00.000000000,47.369998931884766,48.400001525878906,46.79999923706055,48.290000915527344,1181800.0
2007-07-31T00:00:00.000000000,48.5,48.61000061035156,47.58000183105469,47.58000183105469,988600.0
2007-08-01T00:00:00.000000000,47.400001525878906,48.36000061035156,47.22999954223633,48.130001068115234,1147500.0
2007-08-02T00:00:00.000000000,48.25,48.709999084472656,48.029998779296875,48.65999984741211,1133700.0
2007-08-03T00:00:00.000000000,48.70000076293945,48.880001068115234,47.59000015258789,47.59000015258789,1004600.0
2007-08-06T00:00:00.000000000,47.83000183105469,49.029998779296875,47.65999984741211,48.91999816894531,1294300.0
2007-08-07T00:00:00.000000000,48.61000061035156,49.4900016784668,48.529998779296875,49.09000015258789,1140700.0
2007-08-08T00:00:00.000000000,48.22999954223633,50.20000076293945,48.22999954223633,50.04999923706055,1161400.0
2007-08-09T00:00:00.000000000,49.630001068115234,50.0099983215332,48.58000183105469,48.630001068115234,1349400.0
2007-08-10T00:00:00.000000000,48.400001525878906,48.630001068115234,47.27000045776367,48.11000061035156,1060200.0
2007-08-13T00:00:00.000000000,48.43000030517578,49.70000076293945,48.15999984741211,49.189998626708984,925600.0
2007-08-14T00:00:00.000000000,49.380001068115234,49.58000183105469,48.06999969482422,48.06999969482422,769600.0
2007-08-15T00:00:00.000000000,47.869998931884766,48.61000061035156,47.06999969482422,47.15999984741211,848000.0
2007-08-16T00:00:00.000000000,46.459999084472656,48.5099983215332,46.0,48.209999084472656,1477000.0
2007-08-17T00:00:00.000000000,49.630001068115234,50.33000183105469,48.349998474121094,49.06999969482422,902800.0
2007-08-20T00:00:00.000000000,48.75,49.38999938964844,48.2599983215332,48.63999938964844,954800.0
2007-08-21T00:00:00.000000000,48.65999984741211,48.66999816894531,47.88999938964844,48.220001220703125,786900.0
2007-08-22T00:00:00.000000000,48.5,48.63999938964844,47.689998626708984,48.470001220703125,976900.0
2007-08-23T00:00:00.000000000,48.70000076293945,48.84000015258789,48.13999938964844,48.2599983215332,950600.0
2007-08-24T00:00:00.000000000,48.15999984741211,48.47999954223633,48.0,48.45000076293945,700500.0
2007-08-27T00:00:00.000000000,48.220001220703125,48.720001220703125,48.0099983215332,48.33000183105469,602800.0
2007-08-28T00:00:00.000000000,47.95000076293945,48.27000045776367,47.52000045776367,47.599998474121094,1012400.0
2007-08-29T00:00:00.000000000,47.849998474121094,48.90999984741211,47.41999816894531,48.900001525878906,755700.0
2007-08-30T00:00:00.000000000,48.66999816894531,49.54999923706055,48.349998474121094,49.36000061035156,1107400.0
2007-08-31T00:00:00.000000000,49.900001525878906,50.150001525878906,49.2400016784668,49.68000030517578,727300.0
2007-09-04T00:00:00.000000000,49.68000030517578,49.869998931884766,49.0,49.15999984741211,654200.0
2007-09-05T00:00:00.000000000,47.83000183105469,48.41999816894531,47.790000915527344,48.02000045776367,1240700.0
2007-09-06T00:00:00.000000000,48.04999923706055,48.66999816894531,47.83000183105469,48.63999938964844,862300.0
2007-09-07T00:00:00.000000000,48.15999984741211,48.61000061035156,47.75,48.31999969482422,1117800.0
2007-09-10T00:00:00.000000000,48.54999923706055,48.68000030517578,47.70000076293945,48.029998779296875,603800.0
2007-09-11T00:00:00.000000000,48.130001068115234,48.65999984741211,47.939998626708984,48.58000183105469,490100.0
2007-09-12T00:00:00.000000000,48.400001525878906,48.70000076293945,48.22999954223633,48.400001525878906,516500.0
2007-09-13T00:00:00.000000000,48.79999923706055,49.09000015258789,48.33000183105469,48.560001373291016,434500.0
2007-09-14T00:00:00.000000000,48.36000061035156,48.79999923706055,48.0099983215332,48.560001373291016,592600.0
2007-09-17T00:00:00.000000000,48.31999969482422,49.060001373291016,48.25,48.709999084472656,692900.0
2007-09-18T00:00:00.000000000,48.86000061035156,50.4900016784668,48.63999938964844,50.47999954223633,753800.0
2007-09-19T00:00:00.000000000,50.790000915527344,51.68000030517578,50.77000045776367,50.90999984741211,876500.0
2007-09-20T00:00:00.000000000,50.75,51.13999938964844,50.40999984741211,50.79999923706055,613100.0
2007-09-21T00:00:00.000000000,51.400001525878906,51.400001525878906,50.47999954223633,50.54999923706055,834200.0
2007-09-24T00:00:00.000000000,50.27000045776367,50.9900016784668,50.16999816894531,50.58000183105469,729200.0
2007-09-25T00:00:00.000000000,50.61000061035156,51.369998931884766,50.20000076293945,50.52000045776367,595700.0
2007-09-26T00:00:00.000000000,50.9900016784668,51.13999938964844,50.650001525878906,50.90999984741211,714000.0
2007-09-27T00:00:00.000000000,51.04999923706055,51.470001220703125,50.41999816894531,50.439998626708984,529700.0
2007-09-28T00:00:00.000000000,50.34000015258789,50.66999816894531,49.79999923706055,50.0,721800.0
2007-10-01T00:00:00.000000000,49.95000076293945,50.83000183105469,49.95000076293945,50.65999984741211,784600.0
2007-10-02T00:00:00.000000000,50.959999084472656,50.970001220703125,50.36000061035156,50.54999923706055,458800.0
2007-10-03T00:00:00.000000000,50.400001525878906,50.47999954223633,49.869998931884766,49.959999084472656,759000.0
2007-10-04T00:00:00.000000000,49.81999969482422,50.220001220703125,49.650001525878906,49.869998931884766,513400.0
2007-10-05T00:00:00.000000000,49.119998931884766,50.310001373291016,48.97999954223633,50.15999984741211,658500.0
2007-10-08T00:00:00.000000000,50.11000061035156,50.13999938964844,49.560001373291016,49.68000030517578,372400.0
2007-10-09T00:00:00.000000000,49.630001068115234,49.9900016784668,49.279998779296875,49.83000183105469,643300.0
2007-10-10T00:00:00.000000000,49.81999969482422,50.04999923706055,49.40999984741211,49.63999938964844,412300.0
2007-10-11T00:00:00.000000000,49.720001220703125,49.970001220703125,49.040000915527344,49.18000030517578,611300.0
2007-10-12T00:00:00.000000000,49.0,49.650001525878906,49.0,49.58000183105469,417900.0
2007-10-15T00:00:00.000000000,49.540000915527344,49.70000076293945,48.63999938964844,48.83000183105469,890100.0
2007-10-16T00:00:00.000000000,48.900001525878906,49.060001373291016,48.5,48.630001068115234,535400.0
2007-10-17T00:00:00.000000000,48.93000030517578,49.0099983215332,48.040000915527344,48.619998931884766,427900.0
2007-10-18T00:00:00.000000000,48.45000076293945,49.9900016784668,48.09000015258789,48.470001220703125,985900.0
2007-10-19T00:00:00.000000000,48.220001220703125,48.22999954223633,47.09000015258789,47.09000015258789,1025100.0
2007-10-22T00:00:00.000000000,46.93000030517578,48.09000015258789,46.720001220703125,47.880001068115234,856800.0
2007-10-23T00:00:00.000000000,48.08000183105469,48.400001525878906,47.650001525878906,48.29999923706055,497700.0
2007-10-24T00:00:00.000000000,48.150001525878906,48.86000061035156,47.88999938964844,48.81999969482422,797900.0
2007-10-25T00:00:00.000000000,49.04999923706055,49.290000915527344,48.38999938964844,48.77000045776367,789900.0
2007-10-26T00:00:00.000000000,49.13999938964844,49.22999954223633,48.65999984741211,49.13999938964844,525000.0
2007-10-29T00:00:00.000000000,49.25,49.34000015258789,48.619998931884766,48.7599983215332,495900.0
2007-10-30T00:00:00.000000000,48.65999984741211,49.029998779296875,48.52000045776367,48.66999816894531,370800.0
2007-10-31T00:00:00.000000000,49.0,49.29999923706055,48.470001220703125,49.06999969482422,590400.0
2007-11-01T00:00:00.000000000,48.79999923706055,49.58000183105469,48.529998779296875,48.529998779296875,696900.0
2007-11-02T00:00:00.000000000,48.66999816894531,49.2400016784668,48.5,49.02000045776367,600500.0
2007-11-05T00:00:00.000000000,48.65999984741211,49.61000061035156,48.560001373291016,49.20000076293945,627100.0
2007-11-06T00:00:00.000000000,49.290000915527344,49.380001068115234,48.58000183105469,49.380001068115234,596400.0
2007-11-07T00:00:00.000000000,48.5,48.970001220703125,48.25,48.25,836600.0
2007-11-08T00:00:00.000000000,48.29999923706055,49.33000183105469,48.0,49.18000030517578,1080600.0
2007-11-09T00:00:00.000000000,48.5099983215332,49.099998474121094,48.38999938964844,48.470001220703125,602200.0
2007-11-12T00:00:00.000000000,48.290000915527344,49.599998474121094,48.290000915527344,48.939998626708984,629900.0
2007-11-13T00:00:00.000000000,49.22999954223633,49.849998474121094,48.689998626708984,49.849998474121094,669300.0
2007-11-14T00:00:00.000000000,50.04999923706055,50.04999923706055,48.220001220703125,48.220001220703125,864500.0
2007-11-15T00:00:00.000000000,48.150001525878906,48.630001068115234,47.900001525878906,48.29999923706055,807000.0
2007-11-16T00:00:00.000000000,48.779998779296875,48.779998779296875,47.5,47.869998931884766,1017200.0
2007-11-19T00:00:00.000000000,47.709999084472656,47.7599983215332,46.95000076293945,47.15999984741211,972300.0
2007-11-20T00:00:00.000000000,47.06999969482422,47.939998626708984,46.810001373291016,47.529998779296875,1051000.0
2007-11-21T00:00:00.000000000,47.2599983215332,47.869998931884766,47.0,47.16999816894531,570600.0
2007-11-23T00:00:00.000000000,47.38999938964844,47.720001220703125,47.119998931884766,47.720001220703125,213200.0
2007-11-26T00:00:00.000000000,47.599998474121094,47.83000183105469,46.66999816894531,46.66999816894531,672100.0
2007-11-27T00:00:00.000000000,46.81999969482422,47.650001525878906,46.790000915527344,47.54999923706055,926700.0
2007-11-28T00:00:00.000000000,48.04999923706055,48.849998474121094,47.65999984741211,48.849998474121094,828300.0
2007-11-29T00:00:00.000000000,48.599998474121094,48.61000061035156,47.93000030517578,48.11000061035156,797500.0
2007-11-30T00:00:00.000000000,48.599998474121094,48.63999938964844,47.72999954223633,48.04999923706055,849900.0
2007-12-03T00:00:00.000000000,48.13999938964844,48.619998931884766,47.90999984741211,47.9900016784668,601500.0
2007-12-04T00:00:00.000000000,47.65999984741211,48.290000915527344,47.5,48.0099983215332,552000.0
2007-12-05T00:00:00.000000000,48.0099983215332,48.41999816894531,47.77000045776367,48.34000015258789,711800.0
2007-12-06T00:00:00.000000000,48.31999969482422,49.130001068115234,48.099998474121094,49.029998779296875,574900.0
2007-12-07T00:00:00.000000000,49.02000045776367,49.369998931884766,49.02000045776367,49.18000030517578,391500.0
2007-12-10T00:00:00.000000000,49.41999816894531,49.41999816894531,48.95000076293945,49.36000061035156,387100.0
2007-12-11T00:00:00.000000000,49.31999969482422,49.5099983215332,47.88999938964844,47.91999816894531,556500.0
2007-12-12T00:00:00.000000000,49.0099983215332,49.4900016784668,47.709999084472656,48.2400016784668,791100.0
2007-12-13T00:00:00.000000000,48.099998474121094,48.31999969482422,47.58000183105469,48.31999969482422,761100.0
2007-12-14T00:00:00.000000000,48.349998474121094,48.349998474121094,47.529998779296875,47.560001373291016,551000.0
2007-12-17T00:00:00.000000000,47.52000045776367,47.779998779296875,47.11000061035156,47.11000061035156,737400.0
2007-12-18T00:00:00.000000000,47.45000076293945,47.72999954223633,47.02000045776367,47.45000076293945,790400.0
2007-12-19T00:00:00.000000000,47.45000076293945,47.7599983215332,46.7599983215332,47.09000015258789,607300.0
2007-12-20T00:00:00.000000000,47.54999923706055,47.65999984741211,46.91999816894531,47.20000076293945,575300.0
2007-12-21T00:00:00.000000000,47.650001525878906,48.68000030517578,47.380001068115234,48.66999816894531,1198200.0
2007-12-24T00:00:00.000000000,48.75,49.06999969482422,48.63999938964844,48.90999984741211,159600.0
2007-12-26T00:00:00.000000000,48.79999923706055,48.79999923706055,48.459999084472656,48.56999969482422,460000.0
2007-12-27T00:00:00.000000000,48.36000061035156,48.5099983215332,47.400001525878906,47.43000030517578,896500.0
2007-12-28T00:00:00.000000000,47.79999923706055,47.79999923706055,47.0,47.04999923706055,524000.0
2007-12-31T00:00:00.000000000,46.75,47.08000183105469,46.29999923706055,46.29999923706055,801000.0
2008-01-02T00:00:00.000000000,46.13999938964844,46.279998779296875,45.02000045776367,45.040000915527344,1192700.0
2008-01-03T00:00:00.000000000,45.29999923706055,45.599998474121094,44.93000030517578,44.97999954223633,854500.0
2008-01-04T00:00:00.000000000,44.63999938964844,44.70000076293945,43.36000061035156,43.36000061035156,1125000.0
2008-01-07T00:00:00.000000000,43.540000915527344,44.130001068115234,43.38999938964844,43.70000076293945,1176100.0
2008-01-08T00:00:00.000000000,44.0,44.0,42.2599983215332,42.310001373291016,952100.0
2008-01-09T00:00:00.000000000,42.2400016784668,43.400001525878906,42.2400016784668,43.400001525878906,1055500.0
2008-01-10T00:00:00.000000000,43.15999984741211,43.369998931884766,42.529998779296875,42.970001220703125,1178000.0
2008-01-11T00:00:00.000000000,42.5,42.79999923706055,42.20000076293945,42.279998779296875,1042300.0
2008-01-14T00:00:00.000000000,42.66999816894531,43.20000076293945,42.54999923706055,43.16999816894531,652700.0
2008-01-15T00:00:00.000000000,42.72999954223633,42.79999923706055,41.970001220703125,41.970001220703125,1086500.0
2008-01-16T00:00:00.000000000,41.59000015258789,42.29999923706055,41.59000015258789,41.779998779296875,1235100.0
2008-01-17T00:00:00.000000000,41.75,42.220001220703125,40.939998626708984,41.040000915527344,1623600.0
2008-01-18T00:00:00.000000000,41.2400016784668,41.86000061035156,40.060001373291016,40.290000915527344,2086900.0
2008-01-22T00:00:00.000000000,38.5099983215332,40.720001220703125,38.459999084472656,40.27000045776367,1843200.0
2008-01-23T00:00:00.000000000,39.279998779296875,40.779998779296875,38.75,40.63999938964844,2779000.0
2008-01-24T00:00:00.000000000,40.779998779296875,40.939998626708984,39.779998779296875,40.209999084472656,1512400.0
2008-01-25T00:00:00.000000000,40.439998626708984,40.900001525878906,40.06999969482422,40.7400016784668,1531300.0
2008-01-28T00:00:00.000000000,40.880001068115234,41.65999984741211,40.41999816894531,41.56999969482422,1037500.0
2008-01-29T00:00:00.000000000,41.68000030517578,42.31999969482422,41.45000076293945,42.31999969482422,1191500.0
2008-01-30T00:00:00.000000000,42.220001220703125,43.970001220703125,42.220001220703125,43.08000183105469,1753800.0
2008-01-31T00:00:00.000000000,42.599998474121094,44.189998626708984,42.209999084472656,43.93000030517578,1885000.0
2008-02-01T00:00:00.000000000,44.0,45.2400016784668,43.959999084472656,45.20000076293945,1646600.0
2008-02-04T00:00:00.000000000,45.209999084472656,45.209999084472656,44.22999954223633,44.5,695000.0
2008-02-05T00:00:00.000000000,43.91999816894531,44.52000045776367,43.54999923706055,44.06999969482422,1272400.0
2008-02-06T00:00:00.000000000,44.459999084472656,45.0,44.0099983215332,44.619998931884766,1360000.0
2008-02-07T00:00:00.000000000,44.47999954223633,45.13999938964844,44.22999954223633,45.040000915527344,1504800.0
2008-02-08T00:00:00.000000000,44.869998931884766,44.97999954223633,44.20000076293945,44.529998779296875,1169300.0
2008-02-11T00:00:00.000000000,44.369998931884766,45.040000915527344,43.720001220703125,45.029998779296875,916600.0
2008-02-12T00:00:00.000000000,45.220001220703125,45.52000045776367,44.77000045776367,45.09000015258789,756000.0
2008-02-13T00:00:00.000000000,45.4900016784668,45.83000183105469,45.209999084472656,45.7599983215332,904200.0
2008-02-14T00:00:00.000000000,45.709999084472656,45.75,44.58000183105469,44.84000015258789,639300.0
2008-02-15T00:00:00.000000000,44.849998474121094,45.04999923706055,44.33000183105469,45.04999923706055,712300.0
2008-02-19T00:00:00.000000000,44.779998779296875,45.220001220703125,43.0,43.36000061035156,1611800.0
2008-02-20T00:00:00.000000000,43.06999969482422,43.58000183105469,42.650001525878906,43.2599983215332,1344000.0
2008-02-21T00:00:00.000000000,43.25,43.290000915527344,41.939998626708984,42.06999969482422,1287300.0
2008-02-22T00:00:00.000000000,42.119998931884766,42.29999923706055,41.72999954223633,42.290000915527344,1341200.0
2008-02-25T00:00:00.000000000,42.38999938964844,42.77000045776367,41.97999954223633,42.599998474121094,1489500.0
2008-02-26T00:00:00.000000000,42.5,42.790000915527344,42.11000061035156,42.5,1916000.0
2008-02-27T00:00:00.000000000,42.29999923706055,43.06999969482422,42.290000915527344,42.939998626708984,1335300.0
2008-02-28T00:00:00.000000000,42.720001220703125,43.02000045776367,42.34000015258789,42.720001220703125,1511400.0
2008-02-29T00:00:00.000000000,42.220001220703125,42.31999969482422,41.189998626708984,41.25,1653300.0
2008-03-03T00:00:00.000000000,41.279998779296875,41.47999954223633,40.939998626708984,41.470001220703125,1357900.0
2008-03-04T00:00:00.000000000,41.470001220703125,41.59000015258789,40.939998626708984,41.41999816894531,1239400.0
2008-03-05T00:00:00.000000000,41.119998931884766,41.54999923706055,40.25,40.75,1633700.0
2008-03-06T00:00:00.000000000,40.630001068115234,40.630001068115234,40.13999938964844,40.2599983215332,1085300.0
2008-03-07T00:00:00.000000000,40.0,40.58000183105469,39.79999923706055,40.16999816894531,1237800.0
2008-03-10T00:00:00.000000000,40.20000076293945,40.38999938964844,39.22999954223633,39.2599983215332,1480700.0
2008-03-11T00:00:00.000000000,40.08000183105469,40.08000183105469,39.25,39.91999816894531,1331300.0
2008-03-12T00:00:00.000000000,40.09000015258789,40.369998931884766,39.79999923706055,39.81999969482422,1282500.0
2008-03-13T00:00:00.000000000,39.36000061035156,39.84000015258789,39.06999969482422,39.45000076293945,1668100.0
2008-03-14T00:00:00.000000000,39.63999938964844,39.75,38.7400016784668,39.150001525878906,2043300.0
2008-03-17T00:00:00.000000000,38.29999923706055,39.70000076293945,38.29999923706055,39.25,1547400.0
2008-03-18T00:00:00.000000000,39.70000076293945,40.099998474121094,39.220001220703125,40.099998474121094,1530400.0
2008-03-19T00:00:00.000000000,40.22999954223633,40.79999923706055,40.029998779296875,40.029998779296875,1840600.0
2008-03-20T00:00:00.000000000,40.33000183105469,40.540000915527344,40.0,40.529998779296875,1478600.0
2008-03-24T00:00:00.000000000,40.61000061035156,41.279998779296875,40.61000061035156,41.15999984741211,842200.0
2008-03-25T00:00:00.000000000,41.0099983215332,41.08000183105469,40.54999923706055,40.849998474121094,1000200.0
2008-03-26T00:00:00.000000000,40.66999816894531,40.790000915527344,40.119998931884766,40.349998474121094,867400.0
2008-03-27T00:00:00.000000000,40.59000015258789,40.619998931884766,39.689998626708984,39.689998626708984,1124200.0
2008-03-28T00:00:00.000000000,39.810001373291016,40.08000183105469,39.75,39.810001373291016,981600.0
2008-03-31T00:00:00.000000000,39.720001220703125,40.369998931884766,39.5,40.220001220703125,1349000.0
2008-04-01T00:00:00.000000000,40.16999816894531,41.689998626708984,40.16999816894531,41.65999984741211,1483700.0
2008-04-02T00:00:00.000000000,41.970001220703125,42.209999084472656,41.36000061035156,41.4900016784668,1124900.0
2008-04-03T00:00:00.000000000,41.20000076293945,41.560001373291016,40.970001220703125,41.349998474121094,602600.0
2008-04-04T00:00:00.000000000,41.58000183105469,42.22999954223633,41.18000030517578,42.04999923706055,843800.0
2008-04-07T00:00:00.000000000,42.52000045776367,42.52000045776367,41.65999984741211,42.029998779296875,856700.0
2008-04-08T00:00:00.000000000,41.81999969482422,41.90999984741211,41.400001525878906,41.56999969482422,611600.0
2008-04-09T00:00:00.000000000,41.650001525878906,41.77000045776367,40.97999954223633,41.060001373291016,564600.0
2008-04-10T00:00:00.000000000,41.130001068115234,41.630001068115234,41.0,41.400001525878906,568400.0
2008-04-11T00:00:00.000000000,41.060001373291016,41.11000061035156,40.56999969482422,40.68000030517578,736100.0
2008-04-14T00:00:00.000000000,40.7400016784668,40.75,40.220001220703125,40.29999923706055,526700.0
2008-04-15T00:00:00.000000000,40.349998474121094,40.90999984741211,40.310001373291016,40.86000061035156,718800.0
2008-04-16T00:00:00.000000000,41.029998779296875,42.02000045776367,40.83000183105469,42.02000045776367,883100.0
2008-04-17T00:00:00.000000000,42.119998931884766,42.25,41.77000045776367,42.130001068115234,696000.0
2008-04-18T00:00:00.000000000,42.75,42.849998474121094,41.560001373291016,42.5,1337000.0
2008-04-21T00:00:00.000000000,42.119998931884766,42.41999816894531,41.130001068115234,41.72999954223633,1092600.0
2008-04-22T00:00:00.000000000,41.63999938964844,41.650001525878906,40.849998474121094,41.0099983215332,987600.0
2008-04-23T00:00:00.000000000,41.040000915527344,41.779998779296875,40.86000061035156,41.619998931884766,783200.0
2008-04-24T00:00:00.000000000,41.7599983215332,42.59000015258789,41.52000045776367,42.25,842400.0
2008-04-25T00:00:00.000000000,42.400001525878906,42.7599983215332,41.970001220703125,42.65999984741211,770500.0
2008-04-28T00:00:00.000000000,42.43000030517578,42.86000061035156,42.31999969482422,42.56999969482422,609000.0
2008-04-29T00:00:00.000000000,42.630001068115234,43.2599983215332,42.47999954223633,43.04999923706055,625800.0
2008-04-30T00:00:00.000000000,43.25,43.36000061035156,42.40999984741211,42.459999084472656,915200.0
2008-05-01T00:00:00.000000000,42.560001373291016,43.900001525878906,42.349998474121094,43.7400016784668,785200.0
2008-05-02T00:00:00.000000000,43.720001220703125,44.2599983215332,43.34000015258789,43.619998931884766,591600.0
2008-05-05T00:00:00.000000000,43.31999969482422,43.369998931884766,42.779998779296875,42.79999923706055,513600.0
2008-05-06T00:00:00.000000000,42.7400016784668,44.11000061035156,42.7400016784668,43.97999954223633,881800.0
2008-05-07T00:00:00.000000000,44.11000061035156,44.11000061035156,42.95000076293945,43.06999969482422,611000.0
2008-05-08T00:00:00.000000000,43.38999938964844,43.939998626708984,42.900001525878906,43.29999923706055,819400.0
2008-05-09T00:00:00.000000000,42.939998626708984,43.38999938964844,42.779998779296875,43.2599983215332,477500.0
2008-05-12T00:00:00.000000000,43.29999923706055,43.66999816894531,43.040000915527344,43.66999816894531,690400.0
2008-05-13T00:00:00.000000000,43.400001525878906,43.959999084472656,43.369998931884766,43.849998474121094,644000.0
2008-05-14T00:00:00.000000000,44.29999923706055,45.040000915527344,43.849998474121094,44.779998779296875,780700.0
2008-05-15T00:00:00.000000000,44.65999984741211,45.47999954223633,44.41999816894531,45.47999954223633,955500.0
2008-05-16T00:00:00.000000000,45.369998931884766,45.4900016784668,44.7400016784668,45.15999984741211,1005200.0
2008-05-19T00:00:00.000000000,45.08000183105469,45.83000183105469,44.86000061035156,45.40999984741211,894500.0
2008-05-20T00:00:00.000000000,45.5,45.5,44.58000183105469,44.9900016784668,801000.0
2008-05-21T00:00:00.000000000,45.119998931884766,45.5099983215332,44.400001525878906,44.68000030517578,659500.0
2008-05-22T00:00:00.000000000,44.630001068115234,45.15999984741211,44.52000045776367,44.86000061035156,549400.0
2008-05-23T00:00:00.000000000,44.7400016784668,44.7400016784668,43.790000915527344,43.95000076293945,717300.0
2008-05-27T00:00:00.000000000,43.88999938964844,44.61000061035156,43.689998626708984,44.2400016784668,892800.0
2008-05-28T00:00:00.000000000,44.16999816894531,44.38999938964844,43.63999938964844,43.849998474121094,696100.0
2008-05-29T00:00:00.000000000,43.790000915527344,44.33000183105469,43.65999984741211,44.18000030517578,704600.0
2008-05-30T00:00:00.000000000,44.20000076293945,44.22999954223633,43.70000076293945,44.0099983215332,849000.0
2008-06-02T00:00:00.000000000,44.0099983215332,44.119998931884766,43.099998474121094,43.529998779296875,647400.0
2008-06-03T00:00:00.000000000,43.709999084472656,43.75,43.09000015258789,43.560001373291016,839800.0
2008-06-04T00:00:00.000000000,43.13999938964844,43.709999084472656,43.040000915527344,43.31999969482422,591800.0
2008-06-05T00:00:00.000000000,43.560001373291016,43.59000015258789,43.11000061035156,43.36000061035156,867100.0
2008-06-06T00:00:00.000000000,43.06999969482422,43.06999969482422,41.880001068115234,41.880001068115234,1017600.0
2008-06-09T00:00:00.000000000,42.040000915527344,42.7599983215332,41.970001220703125,42.630001068115234,842200.0
2008-06-10T00:00:00.000000000,42.54999923706055,43.13999938964844,42.31999969482422,42.689998626708984,848700.0
2008-06-11T00:00:00.000000000,42.380001068115234,42.54999923706055,41.380001068115234,41.380001068115234,904200.0
2008-06-12T00:00:00.000000000,41.33000183105469,42.33000183105469,41.33000183105469,41.880001068115234,691200.0
2008-06-13T00:00:00.000000000,42.20000076293945,43.15999984741211,42.15999984741211,43.15999984741211,780300.0
2008-06-16T00:00:00.000000000,42.689998626708984,42.9900016784668,42.47999954223633,42.79999923706055,617900.0
2008-06-17T00:00:00.000000000,42.939998626708984,43.189998626708984,42.439998626708984,42.52000045776367,742600.0
2008-06-18T00:00:00.000000000,41.970001220703125,42.5,41.83000183105469,41.970001220703125,942100.0
2008-06-19T00:00:00.000000000,42.02000045776367,42.54999923706055,41.84000015258789,42.43000030517578,1321100.0
2008-06-20T00:00:00.000000000,42.04999923706055,42.2400016784668,41.47999954223633,41.560001373291016,1166900.0
2008-06-23T00:00:00.000000000,41.66999816894531,41.66999816894531,40.90999984741211,40.939998626708984,1042200.0
2008-06-24T00:00:00.000000000,40.86000061035156,41.40999984741211,40.689998626708984,40.869998931884766,966500.0
2008-06-25T00:00:00.000000000,41.150001525878906,41.720001220703125,40.900001525878906,41.0,1218300.0
2008-06-26T00:00:00.000000000,40.2599983215332,40.900001525878906,40.13999938964844,40.13999938964844,1027600.0
2008-06-27T00:00:00.000000000,40.0099983215332,40.310001373291016,39.790000915527344,39.91999816894531,1407900.0
2008-06-30T00:00:00.000000000,40.029998779296875,40.06999969482422,39.68000030517578,39.68000030517578,1234900.0
2008-07-01T00:00:00.000000000,39.08000183105469,39.84000015258789,39.040000915527344,39.70000076293945,1586200.0
2008-07-02T00:00:00.000000000,39.56999969482422,39.970001220703125,39.33000183105469,39.33000183105469,1506700.0
2008-07-03T00:00:00.000000000,39.59000015258789,39.97999954223633,39.34000015258789,39.459999084472656,670700.0
2008-07-07T00:00:00.000000000,39.70000076293945,40.0,38.95000076293945,39.310001373291016,1052100.0
2008-07-08T00:00:00.000000000,39.060001373291016,39.93000030517578,39.060001373291016,39.779998779296875,1430700.0
2008-07-09T00:00:00.000000000,39.66999816894531,39.93000030517578,38.939998626708984,38.939998626708984,1294700.0
2008-07-10T00:00:00.000000000,38.880001068115234,39.13999938964844,38.16999816894531,38.52000045776367,1472600.0
2008-07-11T00:00:00.000000000,38.029998779296875,38.34000015258789,37.43000030517578,37.869998931884766,1822800.0
2008-07-14T00:00:00.000000000,38.25,38.40999984741211,37.709999084472656,37.88999938964844,1209700.0
2008-07-15T00:00:00.000000000,37.47999954223633,38.61000061035156,36.939998626708984,38.11000061035156,1804200.0
2008-07-16T00:00:00.000000000,38.099998474121094,39.810001373291016,37.689998626708984,39.810001373291016,1614300.0
2008-07-17T00:00:00.000000000,41.58000183105469,41.58000183105469,38.810001373291016,40.310001373291016,2098600.0
2008-07-18T00:00:00.000000000,39.75,41.15999984741211,39.33000183105469,40.22999954223633,2105100.0
2008-07-21T00:00:00.000000000,40.29999923706055,40.400001525878906,39.97999954223633,40.22999954223633,1252600.0
2008-07-22T00:00:00.000000000,40.18000030517578,40.650001525878906,40.09000015258789,40.54999923706055,1434200.0
2008-07-23T00:00:00.000000000,40.900001525878906,41.189998626708984,40.369998931884766,40.81999969482422,1423500.0
2008-07-24T00:00:00.000000000,40.68000030517578,41.06999969482422,40.040000915527344,40.279998779296875,1399600.0
2008-07-25T00:00:00.000000000,40.20000076293945,40.75,40.08000183105469,40.189998626708984,962800.0
2008-07-28T00:00:00.000000000,40.13999938964844,40.13999938964844,39.38999938964844,39.560001373291016,874200.0
2008-07-29T00:00:00.000000000,39.439998626708984,40.34000015258789,39.439998626708984,40.22999954223633,1279300.0
2008-07-30T00:00:00.000000000,40.15999984741211,40.81999969482422,39.869998931884766,40.349998474121094,1131100.0
2008-07-31T00:00:00.000000000,40.25,40.630001068115234,39.900001525878906,40.11000061035156,1243200.0
2008-08-01T00:00:00.000000000,40.33000183105469,40.439998626708984,39.41999816894531,39.939998626708984,855600.0
2008-08-04T00:00:00.000000000,39.970001220703125,40.459999084472656,39.849998474121094,40.16999816894531,737600.0
2008-08-05T00:00:00.000000000,40.54999923706055,41.2599983215332,40.349998474121094,41.2599983215332,1233400.0
2008-08-06T00:00:00.000000000,41.0,41.619998931884766,40.790000915527344,41.56999969482422,856300.0
2008-08-07T00:00:00.000000000,41.119998931884766,41.13999938964844,40.45000076293945,40.459999084472656,1004200.0
2008-08-08T00:00:00.000000000,40.63999938964844,42.869998931884766,40.4900016784668,42.869998931884766,1169000.0
2008-08-11T00:00:00.000000000,42.61000061035156,43.90999984741211,42.290000915527344,43.189998626708984,986800.0
2008-08-12T00:00:00.000000000,43.02000045776367,43.45000076293945,42.650001525878906,42.790000915527344,585500.0
2008-08-13T00:00:00.000000000,42.709999084472656,42.86000061035156,41.779998779296875,42.47999954223633,650600.0
2008-08-14T00:00:00.000000000,41.86000061035156,43.25,41.86000061035156,42.86000061035156,717500.0
2008-08-15T00:00:00.000000000,43.060001373291016,43.52000045776367,42.689998626708984,42.849998474121094,1276400.0
2008-08-18T00:00:00.000000000,43.380001068115234,43.599998474121094,42.75,42.900001525878906,1045200.0
2008-08-19T00:00:00.000000000,42.709999084472656,42.900001525878906,42.18000030517578,42.25,1029700.0
2008-08-20T00:00:00.000000000,42.220001220703125,42.59000015258789,41.709999084472656,42.060001373291016,668600.0
2008-08-21T00:00:00.000000000,41.27000045776367,42.209999084472656,41.27000045776367,42.189998626708984,620400.0
2008-08-22T00:00:00.000000000,42.349998474121094,42.720001220703125,42.130001068115234,42.709999084472656,616800.0
2008-08-25T00:00:00.000000000,42.18000030517578,42.599998474121094,41.689998626708984,42.0099983215332,681900.0
2008-08-26T00:00:00.000000000,42.060001373291016,42.27000045776367,41.720001220703125,42.0099983215332,572900.0
2008-08-27T00:00:00.000000000,42.0,42.65999984741211,41.93000030517578,42.459999084472656,610400.0
2008-08-28T00:00:00.000000000,42.65999984741211,42.95000076293945,42.52000045776367,42.91999816894531,720200.0
2008-08-29T00:00:00.000000000,42.31999969482422,43.029998779296875,42.31999969482422,42.41999816894531,798500.0
2008-09-02T00:00:00.000000000,42.95000076293945,43.970001220703125,42.400001525878906,42.619998931884766,955600.0
2008-09-03T00:00:00.000000000,42.439998626708984,43.09000015258789,41.970001220703125,42.2400016784668,871500.0
2008-09-04T00:00:00.000000000,42.040000915527344,42.209999084472656,41.5,41.5,827200.0
2008-09-05T00:00:00.000000000,41.29999923706055,41.7400016784668,41.029998779296875,41.599998474121094,683800.0
2008-09-08T00:00:00.000000000,42.29999923706055,42.66999816894531,41.939998626708984,42.45000076293945,1034100.0
2008-09-09T00:00:00.000000000,42.47999954223633,42.959999084472656,41.9900016784668,42.04999923706055,1341200.0
2008-09-10T00:00:00.000000000,42.25,42.47999954223633,41.970001220703125,42.130001068115234,1139400.0
2008-09-11T00:00:00.000000000,41.529998779296875,42.47999954223633,41.349998474121094,42.38999938964844,727100.0
2008-09-12T00:00:00.000000000,41.970001220703125,42.41999816894531,41.709999084472656,42.189998626708984,756300.0
2008-09-15T00:00:00.000000000,41.54999923706055,42.54999923706055,41.0,41.7599983215332,1006300.0
2008-09-16T00:00:00.000000000,41.029998779296875,42.34000015258789,41.029998779296875,42.290000915527344,1203400.0
2008-09-17T00:00:00.000000000,41.65999984741211,41.65999984741211,40.939998626708984,40.95000076293945,1476400.0
2008-09-18T00:00:00.000000000,41.47999954223633,41.68000030517578,39.720001220703125,41.34000015258789,1544800.0
2008-09-19T00:00:00.000000000,41.5099983215332,44.20000076293945,41.5099983215332,42.189998626708984,1311500.0
2008-09-22T00:00:00.000000000,41.849998474121094,42.119998931884766,40.93000030517578,41.0,632200.0
2008-09-23T00:00:00.000000000,41.040000915527344,42.18000030517578,40.72999954223633,40.90999984741211,829000.0
2008-09-24T00:00:00.000000000,40.66999816894531,41.0,40.40999984741211,40.689998626708984,821900.0
2008-09-25T00:00:00.000000000,40.9900016784668,42.02000045776367,40.77000045776367,41.470001220703125,803300.0
2008-09-26T00:00:00.000000000,41.20000076293945,41.70000076293945,40.88999938964844,41.619998931884766,608600.0
2008-09-29T00:00:00.000000000,41.099998474121094,41.43000030517578,39.630001068115234,40.22999954223633,1240000.0
2008-09-30T00:00:00.000000000,40.939998626708984,40.970001220703125,39.34000015258789,40.209999084472656,1258000.0
2008-10-01T00:00:00.000000000,39.880001068115234,39.970001220703125,38.869998931884766,39.75,1047800.0
2008-10-02T00:00:00.000000000,39.75,39.79999923706055,37.29999923706055,37.29999923706055,1864500.0
2008-10-03T00:00:00.000000000,38.02000045776367,38.04999923706055,36.58000183105469,36.61000061035156,1952300.0
2008-10-06T00:00:00.000000000,35.95000076293945,36.22999954223633,34.880001068115234,35.790000915527344,2260500.0
2008-10-07T00:00:00.000000000,36.150001525878906,36.189998626708984,34.52000045776367,34.52000045776367,2078200.0
2008-10-08T00:00:00.000000000,34.439998626708984,36.4900016784668,33.9900016784668,35.599998474121094,2490800.0
2008-10-09T00:00:00.000000000,36.029998779296875,36.56999969482422,32.380001068115234,32.380001068115234,2274700.0
2008-10-10T00:00:00.000000000,31.68000030517578,34.279998779296875,30.5,32.91999816894531,2419000.0
2008-10-13T00:00:00.000000000,34.91999816894531,34.91999816894531,33.529998779296875,34.400001525878906,1513300.0
2008-10-14T00:00:00.000000000,35.40999984741211,35.9900016784668,32.68000030517578,33.290000915527344,2212500.0
2008-10-15T00:00:00.000000000,33.290000915527344,33.290000915527344,31.110000610351562,31.209999084472656,1621600.0
2008-10-16T00:00:00.000000000,31.139999389648438,33.400001525878906,29.920000076293945,33.33000183105469,3072200.0
2008-10-17T00:00:00.000000000,33.7599983215332,35.439998626708984,31.6200008392334,33.86000061035156,2892900.0
2008-10-20T00:00:00.000000000,34.5,35.31999969482422,34.02000045776367,35.31999969482422,1505500.0
2008-10-21T00:00:00.000000000,35.060001373291016,35.91999816894531,34.220001220703125,34.40999984741211,1384900.0
2008-10-22T00:00:00.000000000,33.63999938964844,34.61000061035156,32.65999984741211,34.540000915527344,2038500.0
2008-10-23T00:00:00.000000000,34.63999938964844,35.20000076293945,32.77000045776367,34.13999938964844,1971500.0
2008-10-24T00:00:00.000000000,32.75,33.83000183105469,32.150001525878906,33.150001525878906,1569100.0
2008-10-27T00:00:00.000000000,33.0,34.41999816894531,32.599998474121094,32.869998931884766,1557600.0
2008-10-28T00:00:00.000000000,33.599998474121094,36.20000076293945,32.650001525878906,36.20000076293945,1918700.0
2008-10-29T00:00:00.000000000,35.97999954223633,39.380001068115234,35.52000045776367,37.369998931884766,2417300.0
2008-10-30T00:00:00.000000000,38.20000076293945,38.68000030517578,37.2400016784668,37.77000045776367,1216400.0
2008-10-31T00:00:00.000000000,37.900001525878906,40.02000045776367,37.61000061035156,39.349998474121094,1685500.0
2008-11-03T00:00:00.000000000,39.54999923706055,40.619998931884766,39.470001220703125,39.790000915527344,1504900.0
2008-11-04T00:00:00.000000000,40.20000076293945,40.29999923706055,39.209999084472656,39.90999984741211,1476600.0
2008-11-05T00:00:00.000000000,39.20000076293945,39.45000076293945,38.36000061035156,38.38999938964844,1207300.0
2008-11-06T00:00:00.000000000,38.16999816894531,38.779998779296875,36.290000915527344,36.5099983215332,1542500.0
2008-11-07T00:00:00.000000000,36.83000183105469,37.7599983215332,36.630001068115234,37.400001525878906,1622900.0
2008-11-10T00:00:00.000000000,38.0,38.2400016784668,36.45000076293945,36.90999984741211,754900.0
2008-11-11T00:00:00.000000000,36.459999084472656,36.84000015258789,35.310001373291016,35.959999084472656,1491400.0
2008-11-12T00:00:00.000000000,35.09000015258789,36.77000045776367,35.0099983215332,36.0,1623100.0
2008-11-13T00:00:00.000000000,36.099998474121094,37.95000076293945,35.0,37.90999984741211,2155300.0
2008-11-14T00:00:00.000000000,37.5099983215332,37.70000076293945,35.86000061035156,35.95000076293945,1486200.0
2008-11-17T00:00:00.000000000,35.56999969482422,37.13999938964844,35.56999969482422,35.88999938964844,1083600.0
2008-11-18T00:00:00.000000000,35.790000915527344,37.61000061035156,35.68000030517578,36.86000061035156,1564900.0
2008-11-19T00:00:00.000000000,37.06999969482422,37.7400016784668,36.25,36.25,1458400.0
2008-11-20T00:00:00.000000000,35.90999984741211,38.599998474121094,35.66999816894531,35.880001068115234,2309300.0
2008-11-21T00:00:00.000000000,36.65999984741211,37.20000076293945,35.06999969482422,37.20000076293945,2492300.0
2008-11-24T00:00:00.000000000,37.45000076293945,39.91999816894531,36.86000061035156,39.029998779296875,2949400.0
2008-11-25T00:00:00.000000000,39.9900016784668,39.9900016784668,38.15999984741211,39.15999984741211,2476300.0
2008-11-26T00:00:00.000000000,38.349998474121094,40.02000045776367,37.380001068115234,39.65999984741211,1584100.0
2008-11-28T00:00:00.000000000,39.54999923706055,39.75,39.11000061035156,39.150001525878906,662700.0
2008-12-01T00:00:00.000000000,37.72999954223633,38.369998931884766,36.65999984741211,36.65999984741211,1921300.0
2008-12-02T00:00:00.000000000,37.189998626708984,37.63999938964844,35.900001525878906,36.75,1698300.0
2008-12-03T00:00:00.000000000,35.95000076293945,38.18000030517578,35.95000076293945,37.209999084472656,1693000.0
2008-12-04T00:00:00.000000000,36.79999923706055,38.11000061035156,36.31999969482422,36.93000030517578,1095300.0
2008-12-05T00:00:00.000000000,36.380001068115234,38.54999923706055,35.97999954223633,38.439998626708984,1367500.0
2008-12-08T00:00:00.000000000,39.189998626708984,40.5,38.959999084472656,39.959999084472656,1412700.0
2008-12-09T00:00:00.000000000,40.290000915527344,40.4900016784668,39.130001068115234,39.2599983215332,1232200.0
2008-12-10T00:00:00.000000000,39.43000030517578,39.810001373291016,39.06999969482422,39.650001525878906,1216500.0
2008-12-11T00:00:00.000000000,39.34000015258789,39.5,38.09000015258789,38.33000183105469,1117400.0
2008-12-12T00:00:00.000000000,36.7599983215332,38.79999923706055,36.72999954223633,38.540000915527344,1045100.0
2008-12-15T00:00:00.000000000,37.68000030517578,38.0,36.060001373291016,36.36000061035156,2165200.0
2008-12-16T00:00:00.000000000,36.75,37.2400016784668,36.22999954223633,37.20000076293945,2052700.0
2008-12-17T00:00:00.000000000,36.83000183105469,38.369998931884766,36.470001220703125,38.16999816894531,1663000.0
2008-12-18T00:00:00.000000000,38.59000015258789,38.779998779296875,37.08000183105469,37.459999084472656,1328300.0
2008-12-19T00:00:00.000000000,37.86000061035156,38.27000045776367,36.880001068115234,37.099998474121094,1872900.0
2008-12-22T00:00:00.000000000,37.11000061035156,37.11000061035156,35.720001220703125,36.279998779296875,1394100.0
2008-12-23T00:00:00.000000000,36.540000915527344,36.86000061035156,35.97999954223633,36.400001525878906,1037000.0
2008-12-24T00:00:00.000000000,36.63999938964844,36.91999816894531,36.119998931884766,36.349998474121094,608100.0
2008-12-26T00:00:00.000000000,36.36000061035156,36.70000076293945,35.900001525878906,36.13999938964844,617700.0
2008-12-29T00:00:00.000000000,36.150001525878906,36.54999923706055,35.310001373291016,35.61000061035156,1148100.0
2008-12-30T00:00:00.000000000,35.900001525878906,37.470001220703125,35.900001525878906,37.439998626708984,1217600.0
2008-12-31T00:00:00.000000000,37.0099983215332,38.279998779296875,36.849998474121094,37.86000061035156,1157200.0
2009-01-02T00:00:00.000000000,38.099998474121094,39.529998779296875,38.02000045776367,39.380001068115234,994400.0
2009-01-05T00:00:00.000000000,39.81999969482422,39.81999969482422,38.25,38.630001068115234,1023100.0
2009-01-06T00:00:00.000000000,38.900001525878906,38.9900016784668,37.72999954223633,38.0,1368200.0
2009-01-07T00:00:00.000000000,37.349998474121094,37.81999969482422,36.650001525878906,36.77000045776367,1451400.0
2009-01-08T00:00:00.000000000,36.790000915527344,37.369998931884766,36.52000045776367,37.369998931884766,987900.0
2009-01-09T00:00:00.000000000,37.290000915527344,37.959999084472656,36.2400016784668,37.63999938964844,1522600.0
2009-01-12T00:00:00.000000000,37.16999816894531,37.470001220703125,36.279998779296875,36.56999969482422,1206800.0
2009-01-13T00:00:00.000000000,36.56999969482422,36.77000045776367,36.0,36.40999984741211,944100.0
2009-01-14T00:00:00.000000000,35.900001525878906,36.77000045776367,35.65999984741211,36.400001525878906,1510800.0
2009-01-15T00:00:00.000000000,36.290000915527344,36.97999954223633,35.43000030517578,36.54999923706055,1524800.0
2009-01-16T00:00:00.000000000,37.16999816894531,37.470001220703125,36.2400016784668,36.91999816894531,1130100.0
2009-01-20T00:00:00.000000000,36.880001068115234,37.150001525878906,35.380001068115234,35.61000061035156,1417700.0
2009-01-21T00:00:00.000000000,35.88999938964844,36.310001373291016,34.13999938964844,34.810001373291016,2764100.0
2009-01-22T00:00:00.000000000,33.97999954223633,34.5099983215332,33.4900016784668,34.060001373291016,2029000.0
2009-01-23T00:00:00.000000000,33.279998779296875,33.279998779296875,31.610000610351562,32.16999816894531,3137500.0
2009-01-26T00:00:00.000000000,31.780000686645508,32.45000076293945,31.149999618530273,31.420000076293945,2194300.0
2009-01-27T00:00:00.000000000,31.350000381469727,32.25,31.209999084472656,31.639999389648438,1922200.0
2009-01-28T00:00:00.000000000,32.79999923706055,33.38999938964844,32.5,33.11000061035156,2245700.0
2009-01-29T00:00:00.000000000,33.150001525878906,33.290000915527344,32.16999816894531,32.310001373291016,1226100.0
2009-01-30T00:00:00.000000000,32.720001220703125,33.029998779296875,31.799999237060547,32.02000045776367,1779700.0
2009-02-02T00:00:00.000000000,31.520000457763672,32.54999923706055,31.149999618530273,31.75,2362700.0
2009-02-03T00:00:00.000000000,32.11000061035156,32.72999954223633,31.6299991607666,32.619998931884766,1582800.0
2009-02-04T00:00:00.000000000,32.779998779296875,33.79999923706055,32.4900016784668,32.75,1922600.0
2009-02-05T00:00:00.000000000,32.79999923706055,33.7400016784668,32.5,33.41999816894531,2034300.0
2009-02-06T00:00:00.000000000,33.45000076293945,34.0099983215332,33.310001373291016,33.650001525878906,2196400.0
2009-02-09T00:00:00.000000000,33.560001373291016,34.5099983215332,33.560001373291016,34.31999969482422,1352500.0
2009-02-10T00:00:00.000000000,33.77000045776367,34.939998626708984,33.66999816894531,34.040000915527344,2193100.0
2009-02-11T00:00:00.000000000,34.18000030517578,34.18000030517578,33.0,33.150001525878906,1352700.0
2009-02-12T00:00:00.000000000,33.04999923706055,33.41999816894531,32.29999923706055,33.41999816894531,1444400.0
2009-02-13T00:00:00.000000000,33.2599983215332,33.83000183105469,33.08000183105469,33.150001525878906,1228300.0
2009-02-17T00:00:00.000000000,32.349998474121094,32.349998474121094,30.600000381469727,31.65999984741211,3184600.0
2009-02-18T00:00:00.000000000,30.829999923706055,31.399999618530273,29.700000762939453,30.0,3421100.0
2009-02-19T00:00:00.000000000,30.459999084472656,30.5,29.3799991607666,29.540000915527344,1945400.0
2009-02-20T00:00:00.000000000,29.239999771118164,29.270000457763672,28.56999969482422,28.860000610351562,2491000.0
2009-02-23T00:00:00.000000000,29.079999923706055,29.34000015258789,28.049999237060547,28.149999618530273,1661000.0
2009-02-24T00:00:00.000000000,27.440000534057617,29.31999969482422,27.440000534057617,29.0,2500700.0
2009-02-25T00:00:00.000000000,29.0,29.889999389648438,28.8799991607666,29.239999771118164,2500200.0
2009-02-26T00:00:00.000000000,29.40999984741211,29.520000457763672,28.190000534057617,28.200000762939453,1648300.0
2009-02-27T00:00:00.000000000,27.979999542236328,28.600000381469727,27.729999542236328,28.139999389648438,2094600.0
2009-03-02T00:00:00.000000000,27.809999465942383,27.90999984741211,26.8700008392334,26.959999084472656,2029700.0
2009-03-03T00:00:00.000000000,27.360000610351562,27.90999984741211,27.229999542236328,27.5,2518800.0
2009-03-04T00:00:00.000000000,27.610000610351562,27.610000610351562,26.670000076293945,27.049999237060547,2188400.0
2009-03-05T00:00:00.000000000,26.75,26.899999618530273,25.68000030517578,25.889999389648438,2057700.0
2009-03-06T00:00:00.000000000,26.18000030517578,26.3799991607666,25.0,25.549999237060547,1776600.0
2009-03-09T00:00:00.000000000,25.260000228881836,25.59000015258789,24.93000030517578,25.059999465942383,1297400.0
2009-03-10T00:00:00.000000000,25.139999389648438,26.489999771118164,25.139999389648438,26.450000762939453,1689700.0
2009-03-11T00:00:00.000000000,26.530000686645508,27.09000015258789,26.209999084472656,26.6299991607666,1659100.0
2009-03-12T00:00:00.000000000,26.540000915527344,27.010000228881836,26.15999984741211,26.959999084472656,1524300.0
2009-03-13T00:00:00.000000000,27.18000030517578,27.75,26.719999313354492,27.600000381469727,1501500.0
2009-03-16T00:00:00.000000000,27.889999389648438,28.290000915527344,27.450000762939453,27.610000610351562,1714600.0
2009-03-17T00:00:00.000000000,27.5,28.440000534057617,27.270000457763672,28.440000534057617,1617700.0
2009-03-18T00:00:00.000000000,28.31999969482422,29.489999771118164,28.09000015258789,29.06999969482422,1637200.0
2009-03-19T00:00:00.000000000,29.25,29.489999771118164,28.540000915527344,28.600000381469727,1214900.0
2009-03-20T00:00:00.000000000,28.739999771118164,28.93000030517578,27.75,27.809999465942383,1600200.0
2009-03-23T00:00:00.000000000,28.290000915527344,29.790000915527344,27.950000762939453,29.790000915527344,1544300.0
2009-03-24T00:00:00.000000000,29.40999984741211,30.81999969482422,29.40999984741211,30.260000228881836,2040900.0
2009-03-25T00:00:00.000000000,30.239999771118164,31.25,29.68000030517578,30.290000915527344,1784100.0
2009-03-26T00:00:00.000000000,30.600000381469727,31.469999313354492,30.520000457763672,31.3700008392334,1298900.0
2009-03-27T00:00:00.000000000,31.0,31.360000610351562,30.469999313354492,30.59000015258789,1130300.0
2009-03-30T00:00:00.000000000,30.200000762939453,30.290000915527344,29.260000228881836,29.719999313354492,1162000.0
2009-03-31T00:00:00.000000000,30.190000534057617,30.34000015258789,29.290000915527344,29.860000610351562,1402900.0
2009-04-01T00:00:00.000000000,29.389999389648438,30.469999313354492,29.18000030517578,30.40999984741211,1178100.0
2009-04-02T00:00:00.000000000,30.93000030517578,32.34000015258789,30.6299991607666,32.04999923706055,1931600.0
2009-04-03T00:00:00.000000000,31.979999542236328,32.290000915527344,31.8700008392334,32.220001220703125,1270600.0
2009-04-06T00:00:00.000000000,31.950000762939453,32.08000183105469,31.34000015258789,31.90999984741211,975100.0
2009-04-07T00:00:00.000000000,31.559999465942383,31.559999465942383,30.510000228881836,30.770000457763672,1034900.0
2009-04-08T00:00:00.000000000,30.600000381469727,31.3799991607666,30.399999618530273,30.770000457763672,1352300.0
2009-04-09T00:00:00.000000000,32.400001525878906,32.400001525878906,31.149999618530273,32.099998474121094,1321700.0
2009-04-13T00:00:00.000000000,31.790000915527344,31.8700008392334,30.540000915527344,30.889999389648438,1468500.0
2009-04-14T00:00:00.000000000,30.579999923706055,30.81999969482422,30.1299991607666,30.59000015258789,1328300.0
2009-04-15T00:00:00.000000000,30.309999465942383,31.469999313354492,30.18000030517578,31.450000762939453,1268300.0
2009-04-16T00:00:00.000000000,32.0,34.84000015258789,31.850000381469727,34.5,3152800.0
2009-04-17T00:00:00.000000000,34.68000030517578,34.72999954223633,33.65999984741211,34.36000061035156,1592300.0
2009-04-20T00:00:00.000000000,33.91999816894531,34.349998474121094,33.77000045776367,34.13999938964844,1727500.0
2009-04-21T00:00:00.000000000,34.08000183105469,35.150001525878906,33.900001525878906,35.0,1803200.0
2009-04-22T00:00:00.000000000,34.58000183105469,35.15999984741211,34.310001373291016,34.43000030517578,1557200.0
2009-04-23T00:00:00.000000000,34.43000030517578,34.709999084472656,33.650001525878906,34.209999084472656,1170600.0
2009-04-24T00:00:00.000000000,34.2599983215332,35.22999954223633,34.25,34.90999984741211,938500.0
2009-04-27T00:00:00.000000000,34.59000015258789,35.25,34.130001068115234,34.61000061035156,925600.0
2009-04-28T00:00:00.000000000,34.2400016784668,34.93000030517578,34.0,34.04999923706055,915200.0
2009-04-29T00:00:00.000000000,34.41999816894531,34.95000076293945,34.0099983215332,34.22999954223633,1612000.0
2009-04-30T00:00:00.000000000,34.40999984741211,35.0,33.869998931884766,33.959999084472656,1384100.0
2009-05-01T00:00:00.000000000,34.029998779296875,34.08000183105469,33.060001373291016,33.540000915527344,978100.0
2009-05-04T00:00:00.000000000,33.86000061035156,33.90999984741211,33.34000015258789,33.630001068115234,1119200.0
2009-05-05T00:00:00.000000000,33.599998474121094,33.869998931884766,33.310001373291016,33.5,774100.0
2009-05-06T00:00:00.000000000,33.7599983215332,33.95000076293945,32.959999084472656,33.59000015258789,845200.0
2009-05-07T00:00:00.000000000,33.599998474121094,33.959999084472656,32.970001220703125,33.220001220703125,966100.0
2009-05-08T00:00:00.000000000,33.619998931884766,33.790000915527344,32.97999954223633,33.529998779296875,1097300.0
2009-05-11T00:00:00.000000000,33.060001373291016,33.68000030517578,32.810001373291016,33.380001068115234,1215500.0
2009-05-12T00:00:00.000000000,33.4900016784668,33.529998779296875,32.529998779296875,33.04999923706055,1180200.0
2009-05-13T00:00:00.000000000,32.630001068115234,32.650001525878906,31.959999084472656,31.969999313354492,1096900.0
2009-05-14T00:00:00.000000000,32.040000915527344,33.11000061035156,32.040000915527344,32.400001525878906,1153400.0
2009-05-15T00:00:00.000000000,32.31999969482422,32.689998626708984,31.770000457763672,32.06999969482422,722500.0
2009-05-18T00:00:00.000000000,32.40999984741211,33.369998931884766,32.349998474121094,33.31999969482422,586700.0
2009-05-19T00:00:00.000000000,33.16999816894531,33.59000015258789,32.97999954223633,33.33000183105469,699300.0
2009-05-20T00:00:00.000000000,33.36000061035156,33.86000061035156,32.52000045776367,32.619998931884766,1030900.0
2009-05-21T00:00:00.000000000,32.220001220703125,32.36000061035156,31.399999618530273,31.739999771118164,1055300.0
2009-05-22T00:00:00.000000000,31.75,32.59000015258789,31.31999969482422,32.22999954223633,767400.0
2009-05-26T00:00:00.000000000,31.75,33.36000061035156,31.75,33.36000061035156,731800.0
2009-05-27T00:00:00.000000000,33.099998474121094,33.619998931884766,32.68000030517578,32.7400016784668,876800.0
2009-05-28T00:00:00.000000000,32.9900016784668,33.11000061035156,32.150001525878906,32.900001525878906,895500.0
2009-05-29T00:00:00.000000000,32.9900016784668,33.47999954223633,32.709999084472656,33.47999954223633,973700.0
2009-06-01T00:00:00.000000000,33.93000030517578,35.31999969482422,33.93000030517578,35.18000030517578,1356800.0
2009-06-02T00:00:00.000000000,36.09000015258789,36.18000030517578,35.4900016784668,35.86000061035156,1687500.0
2009-06-03T00:00:00.000000000,35.41999816894531,35.630001068115234,35.040000915527344,35.279998779296875,1132700.0
2009-06-04T00:00:00.000000000,35.290000915527344,35.380001068115234,34.40999984741211,34.849998474121094,757300.0
2009-06-05T00:00:00.000000000,35.09000015258789,35.279998779296875,34.20000076293945,34.31999969482422,1069200.0
2009-06-08T00:00:00.000000000,33.959999084472656,34.34000015258789,33.790000915527344,34.08000183105469,1470000.0
2009-06-09T00:00:00.000000000,34.130001068115234,34.279998779296875,33.869998931884766,34.04999923706055,1154900.0
2009-06-10T00:00:00.000000000,34.209999084472656,34.31999969482422,33.540000915527344,34.040000915527344,1091800.0
2009-06-11T00:00:00.000000000,34.029998779296875,34.439998626708984,33.83000183105469,33.86000061035156,1000600.0
2009-06-12T00:00:00.000000000,33.75,33.970001220703125,33.43000030517578,33.790000915527344,717800.0
2009-06-15T00:00:00.000000000,33.40999984741211,33.40999984741211,32.90999984741211,33.209999084472656,864600.0
2009-06-16T00:00:00.000000000,33.25,33.41999816894531,32.83000183105469,33.09000015258789,1028500.0
2009-06-17T00:00:00.000000000,33.11000061035156,33.630001068115234,33.0,33.29999923706055,956500.0
2009-06-18T00:00:00.000000000,33.310001373291016,33.47999954223633,33.0,33.27000045776367,811800.0
2009-06-19T00:00:00.000000000,33.58000183105469,33.66999816894531,33.0,33.06999969482422,1106600.0
2009-06-22T00:00:00.000000000,32.880001068115234,33.060001373291016,32.56999969482422,32.56999969482422,892600.0
2009-06-23T00:00:00.000000000,32.619998931884766,32.81999969482422,32.0,32.029998779296875,805800.0
2009-06-24T00:00:00.000000000,32.25,32.91999816894531,32.18000030517578,32.41999816894531,714700.0
2009-06-25T00:00:00.000000000,32.36000061035156,33.400001525878906,32.2599983215332,33.209999084472656,891100.0
2009-06-26T00:00:00.000000000,33.31999969482422,33.36000061035156,32.95000076293945,33.040000915527344,929200.0
2009-06-29T00:00:00.000000000,33.099998474121094,33.65999984741211,32.84000015258789,33.529998779296875,597100.0
2009-06-30T00:00:00.000000000,33.59000015258789,33.689998626708984,33.0,33.560001373291016,1798200.0
2009-07-01T00:00:00.000000000,33.66999816894531,33.810001373291016,33.31999969482422,33.38999938964844,833400.0
2009-07-02T00:00:00.000000000,33.099998474121094,33.349998474121094,32.720001220703125,33.060001373291016,1313400.0
2009-07-06T00:00:00.000000000,32.900001525878906,33.279998779296875,32.70000076293945,33.060001373291016,570300.0
2009-07-07T00:00:00.000000000,33.04999923706055,33.04999923706055,32.529998779296875,32.619998931884766,739100.0
2009-07-08T00:00:00.000000000,32.70000076293945,32.849998474121094,32.400001525878906,32.599998474121094,763000.0
2009-07-09T00:00:00.000000000,32.709999084472656,32.77000045776367,32.369998931884766,32.560001373291016,602900.0
2009-07-10T00:00:00.000000000,32.560001373291016,32.900001525878906,32.36000061035156,32.66999816894531,602400.0
2009-07-13T00:00:00.000000000,32.529998779296875,33.209999084472656,32.38999938964844,33.15999984741211,741500.0
2009-07-14T00:00:00.000000000,33.150001525878906,33.369998931884766,32.97999954223633,33.34000015258789,777500.0
2009-07-15T00:00:00.000000000,33.72999954223633,34.40999984741211,33.5,34.400001525878906,1331400.0
2009-07-16T00:00:00.000000000,34.349998474121094,34.560001373291016,33.25,34.2400016784668,2159900.0
2009-07-17T00:00:00.000000000,34.25,34.849998474121094,34.16999816894531,34.72999954223633,1314600.0
2009-07-20T00:00:00.000000000,35.04999923706055,35.22999954223633,34.779998779296875,35.0099983215332,977100.0
2009-07-21T00:00:00.000000000,35.130001068115234,35.25,34.41999816894531,34.599998474121094,871500.0
2009-07-22T00:00:00.000000000,34.27000045776367,35.130001068115234,34.27000045776367,34.849998474121094,826800.0
2009-07-23T00:00:00.000000000,34.970001220703125,35.54999923706055,34.650001525878906,35.27000045776367,941500.0
2009-07-24T00:00:00.000000000,35.20000076293945,35.36000061035156,34.91999816894531,35.099998474121094,636900.0
2009-07-27T00:00:00.000000000,35.130001068115234,35.209999084472656,34.7400016784668,35.18000030517578,884100.0
2009-07-28T00:00:00.000000000,35.11000061035156,35.439998626708984,34.810001373291016,35.369998931884766,859200.0
2009-07-29T00:00:00.000000000,35.09000015258789,35.68000030517578,34.9900016784668,35.29999923706055,735100.0
2009-07-30T00:00:00.000000000,35.689998626708984,36.0,35.40999984741211,35.470001220703125,764400.0
2009-07-31T00:00:00.000000000,35.45000076293945,35.970001220703125,35.38999938964844,35.41999816894531,789300.0
2009-08-03T00:00:00.000000000,35.849998474121094,35.849998474121094,35.06999969482422,35.47999954223633,806600.0
2009-08-04T00:00:00.000000000,35.279998779296875,35.689998626708984,35.279998779296875,35.65999984741211,1115100.0
2009-08-05T00:00:00.000000000,35.650001525878906,35.83000183105469,35.0,35.310001373291016,623900.0
2009-08-06T00:00:00.000000000,35.400001525878906,35.400001525878906,34.88999938964844,34.9900016784668,749600.0
2009-08-07T00:00:00.000000000,35.34000015258789,36.02000045776367,35.09000015258789,35.970001220703125,662500.0
2009-08-10T00:00:00.000000000,35.869998931884766,36.45000076293945,35.58000183105469,36.310001373291016,1454800.0
2009-08-11T00:00:00.000000000,36.18000030517578,36.45000076293945,36.040000915527344,36.34000015258789,844500.0
2009-08-12T00:00:00.000000000,36.369998931884766,37.81999969482422,36.369998931884766,37.13999938964844,1681800.0
2009-08-13T00:00:00.000000000,37.34000015258789,37.61000061035156,37.04999923706055,37.45000076293945,734100.0
2009-08-14T00:00:00.000000000,37.47999954223633,37.81999969482422,37.060001373291016,37.529998779296875,994800.0
2009-08-17T00:00:00.000000000,37.43000030517578,37.70000076293945,36.790000915527344,37.16999816894531,879700.0
2009-08-18T00:00:00.000000000,37.279998779296875,37.959999084472656,37.18000030517578,37.83000183105469,908400.0
2009-08-19T00:00:00.000000000,37.27000045776367,38.150001525878906,37.27000045776367,37.900001525878906,611000.0
2009-08-20T00:00:00.000000000,37.939998626708984,38.119998931884766,37.720001220703125,37.849998474121094,758600.0
2009-08-21T00:00:00.000000000,38.40999984741211,38.88999938964844,37.9900016784668,38.84000015258789,740900.0
2009-08-24T00:00:00.000000000,38.84000015258789,38.86000061035156,38.119998931884766,38.150001525878906,846800.0
2009-08-25T00:00:00.000000000,38.29999923706055,38.790000915527344,38.060001373291016,38.709999084472656,1007600.0
2009-08-26T00:00:00.000000000,38.709999084472656,38.709999084472656,37.790000915527344,37.93000030517578,803000.0
2009-08-27T00:00:00.000000000,37.810001373291016,37.88999938964844,37.5,37.7400016784668,750200.0
2009-08-28T00:00:00.000000000,37.88999938964844,38.119998931884766,37.36000061035156,37.5099983215332,602600.0
2009-08-31T00:00:00.000000000,37.33000183105469,37.459999084472656,36.869998931884766,37.040000915527344,999500.0
2009-09-01T00:00:00.000000000,36.939998626708984,37.119998931884766,35.54999923706055,35.630001068115234,1878400.0
2009-09-02T00:00:00.000000000,35.400001525878906,35.560001373291016,35.060001373291016,35.279998779296875,1226500.0
2009-09-03T00:00:00.000000000,35.150001525878906,35.7599983215332,35.150001525878906,35.720001220703125,783400.0
2009-09-04T00:00:00.000000000,35.810001373291016,36.04999923706055,35.47999954223633,35.849998474121094,545600.0
2009-09-08T00:00:00.000000000,36.15999984741211,36.310001373291016,35.79999923706055,36.040000915527344,647400.0
2009-09-09T00:00:00.000000000,36.08000183105469,36.400001525878906,35.689998626708984,36.20000076293945,725000.0
2009-09-10T00:00:00.000000000,36.310001373291016,36.33000183105469,35.15999984741211,35.59000015258789,1294100.0
2009-09-11T00:00:00.000000000,35.58000183105469,35.79999923706055,35.2599983215332,35.59000015258789,608100.0
2009-09-14T00:00:00.000000000,35.439998626708984,35.779998779296875,35.209999084472656,35.599998474121094,563300.0
2009-09-15T00:00:00.000000000,35.5099983215332,36.06999969482422,35.5099983215332,35.9900016784668,1220600.0
2009-09-16T00:00:00.000000000,36.08000183105469,36.7599983215332,35.939998626708984,36.720001220703125,672900.0
2009-09-17T00:00:00.000000000,36.79999923706055,37.08000183105469,36.54999923706055,36.939998626708984,1192300.0
2009-09-18T00:00:00.000000000,37.2599983215332,37.68000030517578,36.959999084472656,37.63999938964844,1400100.0
2009-09-21T00:00:00.000000000,37.310001373291016,39.08000183105469,37.04999923706055,38.97999954223633,1669500.0
2009-09-22T00:00:00.000000000,39.119998931884766,39.75,38.68000030517578,39.150001525878906,1524100.0
2009-09-23T00:00:00.000000000,38.7400016784668,39.130001068115234,38.029998779296875,38.029998779296875,1330900.0
2009-09-24T00:00:00.000000000,38.189998626708984,38.310001373291016,37.310001373291016,37.40999984741211,814600.0
2009-09-25T00:00:00.000000000,37.4900016784668,37.4900016784668,36.650001525878906,36.66999816894531,818600.0
2009-09-28T00:00:00.000000000,36.83000183105469,37.689998626708984,36.59000015258789,37.68000030517578,798100.0
2009-09-29T00:00:00.000000000,37.029998779296875,37.90999984741211,37.029998779296875,37.599998474121094,837000.0
2009-09-30T00:00:00.000000000,37.54999923706055,38.400001525878906,37.27000045776367,38.060001373291016,2034600.0
2009-10-01T00:00:00.000000000,37.68000030517578,37.83000183105469,36.91999816894531,37.22999954223633,1297500.0
2009-10-02T00:00:00.000000000,37.13999938964844,37.25,36.650001525878906,36.869998931884766,1144800.0
2009-10-05T00:00:00.000000000,36.939998626708984,37.33000183105469,36.880001068115234,37.290000915527344,952800.0
2009-10-06T00:00:00.000000000,37.369998931884766,37.79999923706055,37.27000045776367,37.560001373291016,546200.0
2009-10-07T00:00:00.000000000,37.369998931884766,37.470001220703125,36.63999938964844,37.290000915527344,714300.0
2009-10-08T00:00:00.000000000,37.54999923706055,38.060001373291016,37.400001525878906,37.959999084472656,551600.0
2009-10-09T00:00:00.000000000,37.91999816894531,38.36000061035156,37.86000061035156,38.36000061035156,449200.0
2009-10-12T00:00:00.000000000,38.400001525878906,38.650001525878906,38.150001525878906,38.41999816894531,404000.0
2009-10-13T00:00:00.000000000,38.279998779296875,38.560001373291016,38.2599983215332,38.41999816894531,530700.0
2009-10-14T00:00:00.000000000,38.81999969482422,38.95000076293945,38.2400016784668,38.439998626708984,592200.0
2009-10-15T00:00:00.000000000,38.33000183105469,39.0,38.16999816894531,38.959999084472656,998800.0
2009-10-16T00:00:00.000000000,38.52000045776367,38.52000045776367,37.209999084472656,38.29999923706055,1715200.0
2009-10-19T00:00:00.000000000,38.220001220703125,38.41999816894531,37.7599983215332,37.959999084472656,918800.0
2009-10-20T00:00:00.000000000,37.7400016784668,37.86000061035156,37.099998474121094,37.459999084472656,1368900.0
2009-10-21T00:00:00.000000000,37.43000030517578,37.939998626708984,37.209999084472656,37.2599983215332,816900.0
2009-10-22T00:00:00.000000000,37.2400016784668,38.02000045776367,37.0,37.81999969482422,760100.0
2009-10-23T00:00:00.000000000,37.83000183105469,38.09000015258789,37.2400016784668,37.470001220703125,589600.0
2009-10-26T00:00:00.000000000,37.4900016784668,37.720001220703125,36.83000183105469,36.90999984741211,650600.0
2009-10-27T00:00:00.000000000,36.66999816894531,37.11000061035156,35.95000076293945,36.25,1236000.0
2009-10-28T00:00:00.000000000,36.220001220703125,36.439998626708984,35.7599983215332,35.810001373291016,943700.0
2009-10-29T00:00:00.000000000,36.16999816894531,36.439998626708984,35.54999923706055,35.63999938964844,1384700.0
2009-10-30T00:00:00.000000000,35.58000183105469,35.849998474121094,34.90999984741211,34.9900016784668,1422300.0
2009-11-02T00:00:00.000000000,35.029998779296875,35.790000915527344,35.0,35.61000061035156,995900.0
2009-11-03T00:00:00.000000000,35.470001220703125,35.93000030517578,35.29999923706055,35.63999938964844,1249500.0
2009-11-04T00:00:00.000000000,35.7599983215332,36.18000030517578,35.540000915527344,35.599998474121094,700900.0
2009-11-05T00:00:00.000000000,35.90999984741211,36.45000076293945,35.63999938964844,36.439998626708984,547600.0
2009-11-06T00:00:00.000000000,36.34000015258789,36.459999084472656,35.9900016784668,36.18000030517578,509800.0
2009-11-09T00:00:00.000000000,36.439998626708984,37.02000045776367,36.349998474121094,37.0,890900.0
2009-11-10T00:00:00.000000000,37.0099983215332,37.20000076293945,36.63999938964844,36.75,728500.0
2009-11-11T00:00:00.000000000,37.04999923706055,37.2599983215332,36.650001525878906,36.93000030517578,564700.0
2009-11-12T00:00:00.000000000,36.81999969482422,37.0,36.2400016784668,36.27000045776367,723300.0
2009-11-13T00:00:00.000000000,36.45000076293945,36.68000030517578,36.220001220703125,36.63999938964844,832500.0
2009-11-16T00:00:00.000000000,36.779998779296875,37.36000061035156,36.70000076293945,37.15999984741211,649300.0
2009-11-17T00:00:00.000000000,37.150001525878906,37.15999984741211,36.810001373291016,37.11000061035156,533500.0
2009-11-18T00:00:00.000000000,37.13999938964844,37.18000030517578,36.689998626708984,36.83000183105469,522700.0
2009-11-19T00:00:00.000000000,36.709999084472656,36.81999969482422,36.20000076293945,36.400001525878906,486500.0
2009-11-20T00:00:00.000000000,36.29999923706055,36.58000183105469,36.279998779296875,36.400001525878906,564700.0
2009-11-23T00:00:00.000000000,36.459999084472656,37.150001525878906,36.459999084472656,36.779998779296875,502500.0
2009-11-24T00:00:00.000000000,36.61000061035156,36.779998779296875,36.18000030517578,36.47999954223633,644000.0
2009-11-25T00:00:00.000000000,36.5,36.540000915527344,36.20000076293945,36.47999954223633,731200.0
2009-11-27T00:00:00.000000000,35.86000061035156,36.38999938964844,35.5,36.130001068115234,296100.0
2009-11-30T00:00:00.000000000,36.150001525878906,36.66999816894531,35.41999816894531,35.83000183105469,1240300.0
2009-12-01T00:00:00.000000000,36.099998474121094,36.72999954223633,36.099998474121094,36.66999816894531,922600.0
2009-12-02T00:00:00.000000000,36.34000015258789,36.54999923706055,36.2599983215332,36.529998779296875,609300.0
2009-12-03T00:00:00.000000000,36.529998779296875,37.36000061035156,36.47999954223633,36.93000030517578,1587800.0
2009-12-04T00:00:00.000000000,37.41999816894531,37.630001068115234,36.88999938964844,37.33000183105469,858700.0
2009-12-07T00:00:00.000000000,37.36000061035156,37.58000183105469,37.16999816894531,37.529998779296875,1137700.0
2009-12-08T00:00:00.000000000,37.36000061035156,37.650001525878906,37.0099983215332,37.5,907600.0
2009-12-09T00:00:00.000000000,37.61000061035156,37.70000076293945,37.279998779296875,37.529998779296875,630000.0
2009-12-10T00:00:00.000000000,37.7400016784668,37.9900016784668,37.59000015258789,37.83000183105469,586300.0
2009-12-11T00:00:00.000000000,37.90999984741211,38.38999938964844,37.83000183105469,38.29999923706055,650100.0
2009-12-14T00:00:00.000000000,38.41999816894531,38.630001068115234,38.27000045776367,38.4900016784668,561400.0
2009-12-15T00:00:00.000000000,38.279998779296875,38.47999954223633,38.02000045776367,38.2599983215332,745300.0
2009-12-16T00:00:00.000000000,38.5,38.810001373291016,38.349998474121094,38.4900016784668,671200.0
2009-12-17T00:00:00.000000000,38.43000030517578,38.47999954223633,37.900001525878906,38.060001373291016,678900.0
2009-12-18T00:00:00.000000000,38.130001068115234,38.36000061035156,37.849998474121094,37.97999954223633,1439200.0
2009-12-21T00:00:00.000000000,38.130001068115234,38.45000076293945,38.11000061035156,38.16999816894531,804400.0
2009-12-22T00:00:00.000000000,38.29999923706055,38.459999084472656,38.099998474121094,38.45000076293945,722100.0
2009-12-23T00:00:00.000000000,38.45000076293945,38.70000076293945,38.189998626708984,38.459999084472656,472500.0
2009-12-24T00:00:00.000000000,38.599998474121094,38.77000045776367,38.36000061035156,38.63999938964844,236100.0
2009-12-28T00:00:00.000000000,38.81999969482422,38.849998474121094,38.43000030517578,38.619998931884766,471600.0
2009-12-29T00:00:00.000000000,38.599998474121094,38.83000183105469,38.599998474121094,38.66999816894531,476400.0
2009-12-30T00:00:00.000000000,38.4900016784668,38.599998474121094,38.34000015258789,38.439998626708984,627400.0
2009-12-31T00:00:00.000000000,38.33000183105469,38.56999969482422,37.959999084472656,37.959999084472656,484800.0
2010-01-04T00:00:00.000000000,38.29999923706055,38.38999938964844,38.029998779296875,38.130001068115234,836900.0
2010-01-05T00:00:00.000000000,37.959999084472656,38.150001525878906,37.54999923706055,38.09000015258789,942800.0
2010-01-06T00:00:00.000000000,38.099998474121094,38.25,37.93000030517578,38.02000045776367,656600.0
2010-01-07T00:00:00.000000000,38.04999923706055,38.290000915527344,37.88999938964844,38.22999954223633,753300.0
2010-01-08T00:00:00.000000000,38.0,38.290000915527344,37.93000030517578,38.2400016784668,789700.0
2010-01-11T00:00:00.000000000,38.400001525878906,38.68000030517578,38.130001068115234,38.66999816894531,514500.0
2010-01-12T00:00:00.000000000,38.529998779296875,38.790000915527344,38.380001068115234,38.5099983215332,664300.0
2010-01-13T00:00:00.000000000,38.650001525878906,38.93000030517578,38.380001068115234,38.70000076293945,949400.0
2010-01-14T00:00:00.000000000,38.65999984741211,38.9900016784668,38.43000030517578,38.959999084472656,700300.0
2010-01-15T00:00:00.000000000,38.900001525878906,38.9900016784668,38.779998779296875,38.790000915527344,1082200.0
2010-01-19T00:00:00.000000000,38.84000015258789,39.2400016784668,38.61000061035156,39.099998474121094,1018600.0
2010-01-20T00:00:00.000000000,38.939998626708984,38.970001220703125,38.34000015258789,38.38999938964844,988700.0
2010-01-21T00:00:00.000000000,38.47999954223633,38.86000061035156,38.099998474121094,38.150001525878906,904600.0
2010-01-22T00:00:00.000000000,38.18000030517578,38.5099983215332,38.08000183105469,38.11000061035156,904700.0
2010-01-25T00:00:00.000000000,38.0,38.81999969482422,38.0,38.29999923706055,873600.0
2010-01-26T00:00:00.000000000,38.27000045776367,38.459999084472656,38.11000061035156,38.27000045776367,588100.0
2010-01-27T00:00:00.000000000,38.310001373291016,38.43000030517578,37.779998779296875,38.060001373291016,764200.0
2010-01-28T00:00:00.000000000,38.13999938964844,38.13999938964844,37.75,37.959999084472656,882800.0
2010-01-29T00:00:00.000000000,38.06999969482422,38.189998626708984,37.65999984741211,37.68000030517578,1033400.0
2010-02-01T00:00:00.000000000,37.849998474121094,38.11000061035156,37.720001220703125,38.06999969482422,680300.0
2010-02-02T00:00:00.000000000,38.20000076293945,39.150001525878906,38.06999969482422,39.13999938964844,1003700.0
2010-02-03T00:00:00.000000000,39.029998779296875,39.349998474121094,38.790000915527344,38.810001373291016,814500.0
2010-02-04T00:00:00.000000000,38.52000045776367,38.66999816894531,37.849998474121094,37.849998474121094,814000.0
2010-02-05T00:00:00.000000000,37.779998779296875,38.029998779296875,37.09000015258789,37.70000076293945,701500.0
2010-02-08T00:00:00.000000000,37.7400016784668,37.779998779296875,36.939998626708984,36.959999084472656,702200.0
2010-02-09T00:00:00.000000000,37.09000015258789,37.7599983215332,37.09000015258789,37.56999969482422,614600.0
2010-02-10T00:00:00.000000000,37.56999969482422,37.77000045776367,37.220001220703125,37.5099983215332,501800.0
2010-02-11T00:00:00.000000000,37.38999938964844,37.959999084472656,37.130001068115234,37.90999984741211,547300.0
2010-02-12T00:00:00.000000000,37.529998779296875,38.2400016784668,37.349998474121094,38.189998626708984,806900.0
2010-02-16T00:00:00.000000000,42.20000076293945,42.20000076293945,39.20000076293945,40.75,2264000.0
2010-02-17T00:00:00.000000000,40.70000076293945,41.099998474121094,40.52000045776367,40.70000076293945,1068500.0
2010-02-18T00:00:00.000000000,40.52000045776367,40.65999984741211,40.209999084472656,40.630001068115234,750700.0
2010-02-19T00:00:00.000000000,40.439998626708984,41.06999969482422,40.33000183105469,41.029998779296875,771700.0
2010-02-22T00:00:00.000000000,41.11000061035156,41.11000061035156,40.5,40.68000030517578,523400.0
2010-02-23T00:00:00.000000000,40.65999984741211,40.849998474121094,39.83000183105469,39.88999938964844,921500.0
2010-02-24T00:00:00.000000000,40.0099983215332,40.38999938964844,40.0,40.380001068115234,656900.0
2010-02-25T00:00:00.000000000,40.04999923706055,40.380001068115234,39.75,40.29999923706055,880800.0
2010-02-26T00:00:00.000000000,40.380001068115234,40.4900016784668,40.040000915527344,40.36000061035156,507900.0
2010-03-01T00:00:00.000000000,40.47999954223633,40.970001220703125,40.15999984741211,40.810001373291016,542900.0
2010-03-02T00:00:00.000000000,41.02000045776367,41.08000183105469,40.619998931884766,40.939998626708984,772800.0
2010-03-03T00:00:00.000000000,40.77000045776367,40.84000015258789,40.2599983215332,40.310001373291016,603000.0
2010-03-04T00:00:00.000000000,40.43000030517578,40.61000061035156,39.939998626708984,40.209999084472656,754000.0
2010-03-05T00:00:00.000000000,40.470001220703125,40.560001373291016,40.11000061035156,40.400001525878906,612900.0
2010-03-08T00:00:00.000000000,40.540000915527344,40.68000030517578,40.25,40.47999954223633,533300.0
2010-03-09T00:00:00.000000000,40.47999954223633,40.709999084472656,40.380001068115234,40.560001373291016,424700.0
2010-03-10T00:00:00.000000000,40.5,40.75,40.41999816894531,40.58000183105469,528200.0
2010-03-11T00:00:00.000000000,40.59000015258789,40.91999816894531,40.34000015258789,40.900001525878906,600700.0
2010-03-12T00:00:00.000000000,40.93000030517578,40.93000030517578,40.43000030517578,40.7599983215332,472800.0
2010-03-15T00:00:00.000000000,40.79999923706055,40.90999984741211,40.36000061035156,40.5,607300.0
2010-03-16T00:00:00.000000000,40.47999954223633,40.970001220703125,40.43000030517578,40.959999084472656,587300.0
2010-03-17T00:00:00.000000000,41.0099983215332,41.43000030517578,40.93000030517578,41.2599983215332,523700.0
2010-03-18T00:00:00.000000000,41.380001068115234,41.63999938964844,41.119998931884766,41.41999816894531,557200.0
2010-03-19T00:00:00.000000000,41.599998474121094,41.790000915527344,41.33000183105469,41.599998474121094,1111000.0
2010-03-22T00:00:00.000000000,43.08000183105469,43.630001068115234,42.7599983215332,42.869998931884766,1437000.0
2010-03-23T00:00:00.000000000,43.13999938964844,43.13999938964844,42.630001068115234,43.08000183105469,784400.0
2010-03-24T00:00:00.000000000,42.959999084472656,42.97999954223633,42.25,42.380001068115234,644300.0
2010-03-25T00:00:00.000000000,42.72999954223633,42.75,42.25,42.29999923706055,667100.0
2010-03-26T00:00:00.000000000,42.470001220703125,42.5,41.779998779296875,41.880001068115234,623000.0
2010-03-29T00:00:00.000000000,41.9900016784668,42.18000030517578,41.83000183105469,42.060001373291016,529100.0
2010-03-30T00:00:00.000000000,42.04999923706055,42.619998931884766,42.029998779296875,42.56999969482422,665400.0
2010-03-31T00:00:00.000000000,42.38999938964844,42.599998474121094,42.20000076293945,42.2400016784668,682200.0
2010-04-01T00:00:00.000000000,42.36000061035156,42.86000061035156,42.279998779296875,42.65999984741211,654800.0
2010-04-05T00:00:00.000000000,42.66999816894531,43.119998931884766,42.560001373291016,43.04999923706055,502400.0
2010-04-06T00:00:00.000000000,42.779998779296875,42.9900016784668,42.63999938964844,42.88999938964844,604700.0
2010-04-07T00:00:00.000000000,42.849998474121094,43.279998779296875,42.70000076293945,42.95000076293945,695200.0
2010-04-08T00:00:00.000000000,42.91999816894531,43.04999923706055,42.68000030517578,42.9900016784668,554000.0
2010-04-09T00:00:00.000000000,43.0,43.40999984741211,42.849998474121094,43.25,617600.0
2010-04-12T00:00:00.000000000,43.38999938964844,43.4900016784668,43.119998931884766,43.220001220703125,647400.0
2010-04-13T00:00:00.000000000,43.20000076293945,43.27000045776367,42.939998626708984,43.22999954223633,983400.0
2010-04-14T00:00:00.000000000,43.40999984741211,44.779998779296875,43.27000045776367,44.630001068115234,1798500.0
2010-04-15T00:00:00.000000000,44.540000915527344,45.41999816894531,44.119998931884766,45.41999816894531,1989800.0
2010-04-16T00:00:00.000000000,45.27000045776367,45.31999969482422,42.599998474121094,42.68000030517578,2559200.0
2010-04-19T00:00:00.000000000,42.56999969482422,43.029998779296875,42.209999084472656,42.91999816894531,1103800.0
2010-04-20T00:00:00.000000000,43.150001525878906,43.2599983215332,42.84000015258789,43.060001373291016,895400.0
2010-04-21T00:00:00.000000000,42.97999954223633,43.13999938964844,42.709999084472656,43.099998474121094,738400.0
2010-04-22T00:00:00.000000000,42.849998474121094,43.060001373291016,42.33000183105469,42.97999954223633,1399300.0
2010-04-23T00:00:00.000000000,42.97999954223633,43.279998779296875,42.630001068115234,43.27000045776367,722500.0
2010-04-26T00:00:00.000000000,43.400001525878906,43.7599983215332,43.15999984741211,43.15999984741211,682000.0
2010-04-27T00:00:00.000000000,42.88999938964844,43.029998779296875,42.06999969482422,42.150001525878906,1002200.0
2010-04-28T00:00:00.000000000,42.349998474121094,42.84000015258789,42.06999969482422,42.619998931884766,1210900.0
2010-04-29T00:00:00.000000000,43.220001220703125,43.45000076293945,42.83000183105469,43.2400016784668,1108900.0
2010-04-30T00:00:00.000000000,43.29999923706055,43.43000030517578,42.79999923706055,42.79999923706055,1157000.0
2010-05-03T00:00:00.000000000,43.18000030517578,43.70000076293945,42.880001068115234,43.540000915527344,836400.0
2010-05-04T00:00:00.000000000,42.95000076293945,42.95000076293945,41.95000076293945,42.18000030517578,903300.0
2010-05-05T00:00:00.000000000,41.939998626708984,42.29999923706055,41.45000076293945,41.75,1153700.0
2010-05-06T00:00:00.000000000,41.630001068115234,41.959999084472656,38.0,40.31999969482422,2043300.0
2010-05-07T00:00:00.000000000,40.27000045776367,40.4900016784668,39.13999938964844,39.689998626708984,2201300.0
2010-05-10T00:00:00.000000000,41.09000015258789,42.56999969482422,41.09000015258789,42.540000915527344,1509100.0
2010-05-11T00:00:00.000000000,42.029998779296875,43.040000915527344,42.029998779296875,42.52000045776367,1422900.0
2010-05-12T00:00:00.000000000,42.75,42.849998474121094,42.25,42.810001373291016,844400.0
2010-05-13T00:00:00.000000000,42.7400016784668,42.779998779296875,41.900001525878906,42.0,638000.0
2010-05-14T00:00:00.000000000,41.66999816894531,41.9900016784668,40.86000061035156,41.25,1169400.0
2010-05-17T00:00:00.000000000,41.27000045776367,41.4900016784668,40.5099983215332,41.310001373291016,888300.0
2010-05-18T00:00:00.000000000,41.61000061035156,41.880001068115234,40.77000045776367,40.939998626708984,857400.0
2010-05-19T00:00:00.000000000,40.790000915527344,40.97999954223633,40.08000183105469,40.779998779296875,1089200.0
2010-05-20T00:00:00.000000000,39.849998474121094,40.29999923706055,39.38999938964844,39.45000076293945,1407900.0
2010-05-21T00:00:00.000000000,38.63999938964844,39.83000183105469,38.529998779296875,39.34000015258789,3300700.0
2010-05-24T00:00:00.000000000,39.20000076293945,39.56999969482422,39.02000045776367,39.15999984741211,964300.0
2010-05-25T00:00:00.000000000,38.36000061035156,39.81999969482422,38.040000915527344,39.7599983215332,1704300.0
2010-05-26T00:00:00.000000000,40.040000915527344,40.540000915527344,39.619998931884766,39.849998474121094,1239700.0
2010-05-27T00:00:00.000000000,40.540000915527344,40.939998626708984,40.2599983215332,40.939998626708984,708000.0
2010-05-28T00:00:00.000000000,40.939998626708984,41.040000915527344,40.369998931884766,40.61000061035156,993200.0
2010-06-01T00:00:00.000000000,40.189998626708984,41.0099983215332,39.93000030517578,39.939998626708984,911700.0
2010-06-02T00:00:00.000000000,40.20000076293945,41.04999923706055,39.77000045776367,41.04999923706055,721900.0
2010-06-03T00:00:00.000000000,40.7599983215332,41.189998626708984,39.90999984741211,40.470001220703125,1342200.0
2010-06-04T00:00:00.000000000,39.790000915527344,40.04999923706055,39.369998931884766,39.5099983215332,1413300.0
2010-06-07T00:00:00.000000000,39.540000915527344,39.689998626708984,38.970001220703125,38.97999954223633,1057600.0
2010-06-08T00:00:00.000000000,39.11000061035156,39.58000183105469,38.65999984741211,39.4900016784668,1141900.0
2010-06-09T00:00:00.000000000,39.09000015258789,39.75,38.970001220703125,39.20000076293945,947500.0
2010-06-10T00:00:00.000000000,39.75,40.400001525878906,39.7400016784668,40.349998474121094,863600.0
2010-06-11T00:00:00.000000000,40.0099983215332,40.849998474121094,39.970001220703125,40.779998779296875,772800.0
2010-06-14T00:00:00.000000000,41.25,41.439998626708984,40.7400016784668,40.79999923706055,594900.0
2010-06-15T00:00:00.000000000,41.0,41.59000015258789,40.81999969482422,41.540000915527344,812200.0
2010-06-16T00:00:00.000000000,41.29999923706055,41.61000061035156,40.939998626708984,41.400001525878906,748800.0
2010-06-17T00:00:00.000000000,41.470001220703125,41.70000076293945,40.93000030517578,41.56999969482422,591700.0
2010-06-18T00:00:00.000000000,41.66999816894531,41.900001525878906,41.560001373291016,41.68000030517578,742400.0
2010-06-21T00:00:00.000000000,42.15999984741211,42.25,41.369998931884766,41.650001525878906,519500.0
2010-06-22T00:00:00.000000000,41.689998626708984,42.0,40.619998931884766,40.689998626708984,597000.0
2010-06-23T00:00:00.000000000,40.65999984741211,41.04999923706055,40.189998626708984,40.79999923706055,657100.0
2010-06-24T00:00:00.000000000,40.45000076293945,40.599998474121094,39.959999084472656,40.119998931884766,583900.0
2010-06-25T00:00:00.000000000,40.119998931884766,40.54999923706055,39.900001525878906,40.36000061035156,934600.0
2010-06-28T00:00:00.000000000,40.5099983215332,40.95000076293945,40.22999954223633,40.650001525878906,644900.0
2010-06-29T00:00:00.000000000,40.130001068115234,40.20000076293945,39.43000030517578,39.88999938964844,1080700.0
2010-06-30T00:00:00.000000000,39.75,40.25,39.29999923706055,39.45000076293945,944100.0
2010-07-01T00:00:00.000000000,39.970001220703125,39.970001220703125,38.810001373291016,39.86000061035156,1507900.0
2010-07-02T00:00:00.000000000,39.939998626708984,40.150001525878906,39.41999816894531,39.54999923706055,766900.0
2010-07-06T00:00:00.000000000,39.93000030517578,40.15999984741211,39.06999969482422,39.439998626708984,935100.0
2010-07-07T00:00:00.000000000,39.459999084472656,40.25,39.29999923706055,40.189998626708984,1081200.0
2010-07-08T00:00:00.000000000,40.41999816894531,40.91999816894531,40.380001068115234,40.880001068115234,1147100.0
2010-07-09T00:00:00.000000000,40.939998626708984,41.279998779296875,40.779998779296875,41.119998931884766,708500.0
2010-07-12T00:00:00.000000000,40.310001373291016,40.880001068115234,40.25,40.79999923706055,733600.0
2010-07-13T00:00:00.000000000,41.08000183105469,42.29999923706055,41.02000045776367,41.779998779296875,1126800.0
2010-07-14T00:00:00.000000000,41.7400016784668,42.06999969482422,41.41999816894531,41.88999938964844,875800.0
2010-07-15T00:00:00.000000000,41.810001373291016,42.31999969482422,41.31999969482422,42.150001525878906,1164000.0
2010-07-16T00:00:00.000000000,42.529998779296875,43.439998626708984,42.08000183105469,43.22999954223633,2746200.0
2010-07-19T00:00:00.000000000,43.29999923706055,43.65999984741211,42.459999084472656,42.7599983215332,1473600.0
2010-07-20T00:00:00.000000000,42.11000061035156,43.279998779296875,42.11000061035156,43.279998779296875,885300.0
2010-07-21T00:00:00.000000000,43.52000045776367,43.54999923706055,42.2599983215332,42.470001220703125,1197500.0
2010-07-22T00:00:00.000000000,42.77000045776367,43.5099983215332,42.41999816894531,42.650001525878906,1739100.0
2010-07-23T00:00:00.000000000,42.54999923706055,43.16999816894531,42.25,43.099998474121094,1331800.0
2010-07-26T00:00:00.000000000,43.20000076293945,43.83000183105469,43.08000183105469,43.59000015258789,1170900.0
2010-07-27T00:00:00.000000000,43.709999084472656,43.97999954223633,43.029998779296875,43.09000015258789,876000.0
2010-07-28T00:00:00.000000000,43.08000183105469,43.380001068115234,42.86000061035156,42.95000076293945,814600.0
2010-07-29T00:00:00.000000000,43.290000915527344,43.75,42.349998474121094,42.689998626708984,1049400.0
2010-07-30T00:00:00.000000000,42.22999954223633,42.9900016784668,42.08000183105469,42.83000183105469,809400.0
2010-08-02T00:00:00.000000000,43.31999969482422,43.959999084472656,43.099998474121094,43.7599983215332,829500.0
2010-08-03T00:00:00.000000000,43.54999923706055,43.939998626708984,43.2400016784668,43.810001373291016,1037400.0
2010-08-04T00:00:00.000000000,43.7599983215332,44.189998626708984,43.709999084472656,44.040000915527344,1069600.0
2010-08-05T00:00:00.000000000,43.779998779296875,44.119998931884766,43.54999923706055,44.119998931884766,802800.0
2010-08-06T00:00:00.000000000,43.779998779296875,44.04999923706055,43.25,43.959999084472656,751800.0
2010-08-09T00:00:00.000000000,44.2599983215332,44.52000045776367,44.20000076293945,44.47999954223633,752600.0
2010-08-10T00:00:00.000000000,44.060001373291016,44.130001068115234,43.54999923706055,43.959999084472656,747300.0
2010-08-11T00:00:00.000000000,43.40999984741211,43.40999984741211,42.59000015258789,42.939998626708984,1235900.0
2010-08-12T00:00:00.000000000,42.18000030517578,42.900001525878906,42.08000183105469,42.56999969482422,1187700.0
2010-08-13T00:00:00.000000000,42.029998779296875,42.29999923706055,41.66999816894531,42.0099983215332,952900.0
2010-08-16T00:00:00.000000000,41.7599983215332,42.279998779296875,41.599998474121094,42.209999084472656,642300.0
2010-08-17T00:00:00.000000000,42.45000076293945,43.349998474121094,42.25,43.06999969482422,907100.0
2010-08-18T00:00:00.000000000,42.95000076293945,43.91999816894531,42.75,43.619998931884766,786100.0
2010-08-19T00:00:00.000000000,43.400001525878906,43.619998931884766,42.529998779296875,42.869998931884766,694600.0
2010-08-20T00:00:00.000000000,42.5,43.06999969482422,42.5,42.959999084472656,962200.0
2010-08-23T00:00:00.000000000,42.13999938964844,43.349998474121094,42.029998779296875,42.709999084472656,1035400.0
2010-08-24T00:00:00.000000000,42.349998474121094,42.86000061035156,41.93000030517578,42.58000183105469,1279500.0
2010-08-25T00:00:00.000000000,42.43000030517578,42.83000183105469,41.88999938964844,42.709999084472656,2184600.0
2010-08-26T00:00:00.000000000,42.83000183105469,43.09000015258789,42.279998779296875,42.400001525878906,862100.0
2010-08-27T00:00:00.000000000,42.63999938964844,43.02000045776367,42.08000183105469,42.93000030517578,732500.0
2010-08-30T00:00:00.000000000,42.86000061035156,42.95000076293945,42.20000076293945,42.220001220703125,505000.0
2010-08-31T00:00:00.000000000,42.130001068115234,42.40999984741211,41.83000183105469,41.93000030517578,1302100.0
2010-09-01T00:00:00.000000000,42.47999954223633,43.349998474121094,42.349998474121094,43.290000915527344,1039200.0
2010-09-02T00:00:00.000000000,43.189998626708984,43.90999984741211,43.189998626708984,43.7400016784668,581600.0
2010-09-03T00:00:00.000000000,44.25,44.54999923706055,43.54999923706055,43.939998626708984,925800.0
2010-09-07T00:00:00.000000000,43.66999816894531,43.70000076293945,42.58000183105469,42.72999954223633,1135400.0
2010-09-08T00:00:00.000000000,42.630001068115234,42.630001068115234,41.97999954223633,42.2400016784668,1311400.0
2010-09-09T00:00:00.000000000,42.72999954223633,42.79999923706055,42.27000045776367,42.619998931884766,1016500.0
2010-09-10T00:00:00.000000000,42.720001220703125,42.79999923706055,42.52000045776367,42.65999984741211,554100.0
2010-09-13T00:00:00.000000000,43.029998779296875,43.5,42.880001068115234,43.439998626708984,789600.0
2010-09-14T00:00:00.000000000,43.5099983215332,43.59000015258789,43.099998474121094,43.18000030517578,986400.0
2010-09-15T00:00:00.000000000,43.02000045776367,43.56999969482422,42.93000030517578,43.5,648600.0
2010-09-16T00:00:00.000000000,43.34000015258789,43.650001525878906,43.0099983215332,43.310001373291016,633700.0
2010-09-17T00:00:00.000000000,44.029998779296875,44.029998779296875,43.34000015258789,43.47999954223633,952500.0
2010-09-20T00:00:00.000000000,43.70000076293945,44.36000061035156,43.58000183105469,44.29999923706055,511300.0
2010-09-21T00:00:00.000000000,44.41999816894531,44.56999969482422,44.04999923706055,44.369998931884766,700300.0
2010-09-22T00:00:00.000000000,44.470001220703125,44.849998474121094,44.11000061035156,44.189998626708984,505600.0
2010-09-23T00:00:00.000000000,43.9900016784668,44.40999984741211,43.810001373291016,43.93000030517578,485600.0
2010-09-24T00:00:00.000000000,44.400001525878906,44.939998626708984,44.27000045776367,44.880001068115234,477900.0
2010-09-27T00:00:00.000000000,44.97999954223633,44.97999954223633,44.52000045776367,44.61000061035156,511800.0
2010-09-28T00:00:00.000000000,44.709999084472656,45.2599983215332,44.15999984741211,45.209999084472656,575900.0
2010-09-29T00:00:00.000000000,44.97999954223633,45.08000183105469,44.349998474121094,44.91999816894531,736600.0
2010-09-30T00:00:00.000000000,44.97999954223633,45.31999969482422,44.380001068115234,44.59000015258789,856100.0
2010-10-01T00:00:00.000000000,44.93000030517578,44.93000030517578,44.25,44.54999923706055,693500.0
2010-10-04T00:00:00.000000000,44.529998779296875,44.70000076293945,44.130001068115234,44.43000030517578,742800.0
2010-10-05T00:00:00.000000000,44.720001220703125,44.86000061035156,44.459999084472656,44.68000030517578,1311500.0
2010-10-06T00:00:00.000000000,44.68000030517578,44.849998474121094,44.5099983215332,44.720001220703125,804400.0
2010-10-07T00:00:00.000000000,44.79999923706055,44.959999084472656,44.459999084472656,44.68000030517578,555200.0
2010-10-08T00:00:00.000000000,44.810001373291016,45.099998474121094,44.599998474121094,45.02000045776367,610200.0
2010-10-11T00:00:00.000000000,45.09000015258789,45.34000015258789,44.900001525878906,45.060001373291016,901400.0
2010-10-12T00:00:00.000000000,44.97999954223633,45.34000015258789,44.54999923706055,45.22999954223633,1063700.0
2010-10-13T00:00:00.000000000,45.52000045776367,45.90999984741211,45.2400016784668,45.689998626708984,1282800.0
2010-10-14T00:00:00.000000000,45.619998931884766,45.790000915527344,45.2400016784668,45.540000915527344,926500.0
2010-10-15T00:00:00.000000000,46.36000061035156,48.43000030517578,46.349998474121094,47.70000076293945,4579900.0
2010-10-18T00:00:00.000000000,48.0,48.209999084472656,47.08000183105469,47.959999084472656,1466900.0
2010-10-19T00:00:00.000000000,47.189998626708984,47.86000061035156,46.939998626708984,47.2400016784668,1263700.0
2010-10-20T00:00:00.000000000,47.290000915527344,47.86000061035156,47.130001068115234,47.619998931884766,962000.0
2010-10-21T00:00:00.000000000,47.849998474121094,48.08000183105469,47.09000015258789,47.58000183105469,743200.0
2010-10-22T00:00:00.000000000,47.58000183105469,47.81999969482422,47.22999954223633,47.4900016784668,585000.0
2010-10-25T00:00:00.000000000,47.869998931884766,48.06999969482422,47.529998779296875,47.66999816894531,972400.0
2010-10-26T00:00:00.000000000,47.54999923706055,47.81999969482422,47.310001373291016,47.459999084472656,608200.0
2010-10-27T00:00:00.000000000,47.2599983215332,47.2599983215332,46.709999084472656,47.20000076293945,529600.0
2010-10-28T00:00:00.000000000,47.459999084472656,47.66999816894531,47.33000183105469,47.599998474121094,831900.0
2010-10-29T00:00:00.000000000,47.63999938964844,48.13999938964844,47.400001525878906,47.86000061035156,1021500.0
2010-11-01T00:00:00.000000000,48.150001525878906,48.38999938964844,47.209999084472656,47.439998626708984,741000.0
2010-11-02T00:00:00.000000000,47.810001373291016,48.15999984741211,47.68000030517578,47.790000915527344,925900.0
2010-11-03T00:00:00.000000000,47.72999954223633,47.959999084472656,47.189998626708984,47.630001068115234,816400.0
2010-11-04T00:00:00.000000000,48.15999984741211,48.52000045776367,46.7400016784668,47.599998474121094,1803200.0
2010-11-05T00:00:00.000000000,47.61000061035156,48.33000183105469,47.61000061035156,48.2400016784668,683300.0
2010-11-08T00:00:00.000000000,48.13999938964844,48.290000915527344,47.7599983215332,48.119998931884766,570500.0
2010-11-09T00:00:00.000000000,48.20000076293945,48.220001220703125,47.189998626708984,47.470001220703125,761800.0
2010-11-10T00:00:00.000000000,47.38999938964844,47.5099983215332,46.83000183105469,47.5,629500.0
2010-11-11T00:00:00.000000000,47.119998931884766,47.650001525878906,47.0,47.599998474121094,537500.0
2010-11-12T00:00:00.000000000,47.38999938964844,47.45000076293945,46.95000076293945,47.099998474121094,624000.0
2010-11-15T00:00:00.000000000,47.189998626708984,47.939998626708984,47.189998626708984,47.470001220703125,742400.0
2010-11-16T00:00:00.000000000,47.16999816894531,47.5099983215332,46.619998931884766,46.88999938964844,813900.0
2010-11-17T00:00:00.000000000,46.90999984741211,47.209999084472656,46.720001220703125,47.119998931884766,622600.0
2010-11-18T00:00:00.000000000,47.56999969482422,47.81999969482422,47.15999984741211,47.5,606600.0
2010-11-19T00:00:00.000000000,47.5099983215332,47.630001068115234,47.310001373291016,47.599998474121094,711600.0
2010-11-22T00:00:00.000000000,47.47999954223633,48.099998474121094,47.290000915527344,47.95000076293945,824100.0
2010-11-23T00:00:00.000000000,47.459999084472656,47.66999816894531,47.02000045776367,47.58000183105469,828500.0
2010-11-24T00:00:00.000000000,47.970001220703125,48.84000015258789,47.869998931884766,48.84000015258789,903500.0
2010-11-26T00:00:00.000000000,48.560001373291016,48.65999984741211,48.060001373291016,48.529998779296875,341400.0
2010-11-29T00:00:00.000000000,48.2400016784668,48.5,47.68000030517578,48.31999969482422,612600.0
2010-11-30T00:00:00.000000000,47.95000076293945,48.43000030517578,47.619998931884766,48.13999938964844,1390400.0
2010-12-01T00:00:00.000000000,48.75,48.75,48.09000015258789,48.5099983215332,1378700.0
2010-12-02T00:00:00.000000000,48.52000045776367,49.7400016784668,48.2400016784668,49.599998474121094,1833300.0
2010-12-03T00:00:00.000000000,49.400001525878906,50.189998626708984,49.400001525878906,50.060001373291016,1124500.0
2010-12-06T00:00:00.000000000,50.0,50.63999938964844,49.88999938964844,50.529998779296875,1006500.0
2010-12-07T00:00:00.000000000,51.04999923706055,51.439998626708984,50.619998931884766,50.900001525878906,3006700.0
2010-12-08T00:00:00.000000000,50.81999969482422,51.060001373291016,50.349998474121094,50.93000030517578,1488000.0
2010-12-09T00:00:00.000000000,51.15999984741211,51.15999984741211,50.31999969482422,50.380001068115234,1018900.0
2010-12-10T00:00:00.000000000,50.540000915527344,50.90999984741211,50.470001220703125,50.54999923706055,892000.0
2010-12-13T00:00:00.000000000,50.81999969482422,51.08000183105469,50.459999084472656,50.849998474121094,738000.0
2010-12-14T00:00:00.000000000,50.810001373291016,51.150001525878906,50.689998626708984,50.75,695500.0
2010-12-15T00:00:00.000000000,50.68000030517578,51.11000061035156,50.619998931884766,50.79999923706055,647800.0
2010-12-16T00:00:00.000000000,50.93000030517578,51.25,50.75,51.220001220703125,653000.0
2010-12-17T00:00:00.000000000,51.290000915527344,51.38999938964844,51.060001373291016,51.119998931884766,1426700.0
2010-12-20T00:00:00.000000000,51.20000076293945,51.27000045776367,50.84000015258789,51.04999923706055,603300.0
2010-12-21T00:00:00.000000000,51.310001373291016,51.54999923706055,51.0099983215332,51.40999984741211,554800.0
2010-12-22T00:00:00.000000000,51.34000015258789,51.61000061035156,51.189998626708984,51.5,374700.0
2010-12-23T00:00:00.000000000,51.470001220703125,51.52000045776367,51.0,51.040000915527344,399900.0
2010-12-27T00:00:00.000000000,51.0,51.400001525878906,50.720001220703125,51.349998474121094,420200.0
2010-12-28T00:00:00.000000000,51.310001373291016,51.47999954223633,50.97999954223633,51.290000915527344,380900.0
2010-12-29T00:00:00.000000000,51.349998474121094,51.56999969482422,51.22999954223633,51.31999969482422,328000.0
2010-12-30T00:00:00.000000000,51.34000015258789,51.59000015258789,51.209999084472656,51.369998931884766,422000.0
2010-12-31T00:00:00.000000000,51.25,51.4900016784668,51.130001068115234,51.34000015258789,381200.0
2011-01-03T00:00:00.000000000,51.810001373291016,52.380001068115234,51.77000045776367,52.290000915527344,841100.0
2011-01-04T00:00:00.000000000,52.400001525878906,52.400001525878906,51.279998779296875,51.599998474121094,1336700.0
2011-01-05T00:00:00.000000000,51.369998931884766,51.7400016784668,51.13999938964844,51.47999954223633,708100.0
2011-01-06T00:00:00.000000000,51.31999969482422,51.52000045776367,50.86000061035156,50.88999938964844,669200.0
2011-01-07T00:00:00.000000000,51.0,51.4900016784668,50.72999954223633,50.97999954223633,743500.0
2011-01-10T00:00:00.000000000,50.65999984741211,51.91999816894531,50.619998931884766,51.7599983215332,864900.0
2011-01-11T00:00:00.000000000,51.90999984741211,52.0,51.2400016784668,51.52000045776367,816200.0
2011-01-12T00:00:00.000000000,51.86000061035156,52.029998779296875,51.36000061035156,51.52000045776367,522200.0
2011-01-13T00:00:00.000000000,51.189998626708984,51.61000061035156,50.90999984741211,51.04999923706055,625500.0
2011-01-14T00:00:00.000000000,51.09000015258789,51.290000915527344,50.93000030517578,51.150001525878906,537800.0
2011-01-18T00:00:00.000000000,51.04999923706055,51.209999084472656,50.65999984741211,51.040000915527344,952200.0
2011-01-19T00:00:00.000000000,50.88999938964844,51.119998931884766,50.619998931884766,50.90999984741211,781400.0
2011-01-20T00:00:00.000000000,50.7400016784668,51.33000183105469,50.459999084472656,50.52000045776367,714700.0
2011-01-21T00:00:00.000000000,50.720001220703125,50.72999954223633,50.279998779296875,50.4900016784668,548400.0
2011-01-24T00:00:00.000000000,50.52000045776367,51.310001373291016,50.5,51.16999816894531,757900.0
2011-01-25T00:00:00.000000000,51.189998626708984,51.349998474121094,50.779998779296875,51.150001525878906,484000.0
2011-01-26T00:00:00.000000000,51.15999984741211,51.79999923706055,51.08000183105469,51.41999816894531,648100.0
2011-01-27T00:00:00.000000000,51.439998626708984,52.130001068115234,51.290000915527344,51.880001068115234,822900.0
2011-01-28T00:00:00.000000000,52.0,52.58000183105469,51.2599983215332,51.43000030517578,1282000.0
2011-01-31T00:00:00.000000000,51.56999969482422,52.2400016784668,51.45000076293945,51.75,1289100.0
2011-02-01T00:00:00.000000000,52.0099983215332,53.20000076293945,52.0099983215332,52.83000183105469,842500.0
2011-02-02T00:00:00.000000000,52.68000030517578,52.79999923706055,51.849998474121094,51.880001068115234,688100.0
2011-02-03T00:00:00.000000000,51.75,52.029998779296875,51.5,51.939998626708984,607500.0
2011-02-04T00:00:00.000000000,51.869998931884766,52.61000061035156,51.81999969482422,52.56999969482422,491300.0
2011-02-07T00:00:00.000000000,52.560001373291016,53.119998931884766,52.54999923706055,53.11000061035156,615500.0
2011-02-08T00:00:00.000000000,53.20000076293945,53.709999084472656,53.099998474121094,53.709999084472656,657300.0
2011-02-09T00:00:00.000000000,53.4900016784668,53.75,53.20000076293945,53.41999816894531,608200.0
2011-02-10T00:00:00.000000000,53.22999954223633,53.720001220703125,52.93000030517578,53.720001220703125,633700.0
2011-02-11T00:00:00.000000000,53.43000030517578,54.06999969482422,53.279998779296875,54.040000915527344,615900.0
2011-02-14T00:00:00.000000000,54.130001068115234,54.290000915527344,53.20000076293945,53.84000015258789,655700.0
2011-02-15T00:00:00.000000000,53.63999938964844,53.810001373291016,53.15999984741211,53.810001373291016,770200.0
2011-02-16T00:00:00.000000000,53.970001220703125,54.2400016784668,53.7599983215332,53.9900016784668,549000.0
2011-02-17T00:00:00.000000000,53.81999969482422,54.31999969482422,53.58000183105469,54.130001068115234,483100.0
2011-02-18T00:00:00.000000000,54.29999923706055,55.279998779296875,54.290000915527344,55.25,1272400.0
2011-02-22T00:00:00.000000000,55.68000030517578,55.70000076293945,51.70000076293945,52.58000183105469,2457800.0
2011-02-23T00:00:00.000000000,52.650001525878906,52.939998626708984,51.41999816894531,51.83000183105469,1127500.0
2011-02-24T00:00:00.000000000,51.61000061035156,52.220001220703125,51.220001220703125,51.779998779296875,1326500.0
2011-02-25T00:00:00.000000000,52.0,52.59000015258789,51.880001068115234,52.33000183105469,800000.0
2011-02-28T00:00:00.000000000,52.61000061035156,53.189998626708984,52.529998779296875,52.689998626708984,781200.0
2011-03-01T00:00:00.000000000,52.959999084472656,53.68000030517578,52.119998931884766,52.130001068115234,1198100.0
2011-03-02T00:00:00.000000000,52.189998626708984,53.33000183105469,52.150001525878906,52.79999923706055,988700.0
2011-03-03T00:00:00.000000000,53.20000076293945,54.060001373291016,53.20000076293945,53.88999938964844,835300.0
2011-03-04T00:00:00.000000000,53.84000015258789,53.84000015258789,52.22999954223633,52.72999954223633,1038400.0
2011-03-07T00:00:00.000000000,52.9900016784668,52.9900016784668,51.75,52.09000015258789,1230000.0
2011-03-08T00:00:00.000000000,52.15999984741211,53.33000183105469,52.099998474121094,53.060001373291016,710400.0
2011-03-09T00:00:00.000000000,52.7599983215332,53.04999923706055,52.31999969482422,52.75,572100.0
2011-03-10T00:00:00.000000000,52.33000183105469,52.41999816894531,51.90999984741211,52.099998474121094,681900.0
2011-03-11T00:00:00.000000000,51.84000015258789,52.34000015258789,51.380001068115234,51.97999954223633,847100.0
2011-03-14T00:00:00.000000000,51.709999084472656,52.06999969482422,51.08000183105469,51.58000183105469,1047700.0
2011-03-15T00:00:00.000000000,50.380001068115234,51.720001220703125,49.86000061035156,51.459999084472656,980900.0
2011-03-16T00:00:00.000000000,51.31999969482422,51.720001220703125,50.630001068115234,50.75,1011100.0
2011-03-17T00:00:00.000000000,51.54999923706055,51.779998779296875,51.0,51.209999084472656,674700.0
2011-03-18T00:00:00.000000000,51.97999954223633,52.06999969482422,51.5099983215332,51.77000045776367,983200.0
2011-03-21T00:00:00.000000000,52.41999816894531,53.0,52.290000915527344,52.7400016784668,612500.0
2011-03-22T00:00:00.000000000,52.790000915527344,52.86000061035156,52.15999984741211,52.29999923706055,568200.0
2011-03-23T00:00:00.000000000,52.13999938964844,52.4900016784668,51.650001525878906,52.369998931884766,527100.0
2011-03-24T00:00:00.000000000,52.599998474121094,52.790000915527344,52.2599983215332,52.619998931884766,591500.0
2011-03-25T00:00:00.000000000,52.81999969482422,53.369998931884766,52.650001525878906,52.779998779296875,418600.0
2011-03-28T00:00:00.000000000,52.86000061035156,53.189998626708984,52.439998626708984,52.470001220703125,544300.0
2011-03-29T00:00:00.000000000,52.349998474121094,52.93000030517578,52.189998626708984,52.869998931884766,743300.0
2011-03-30T00:00:00.000000000,53.20000076293945,53.65999984741211,53.16999816894531,53.52000045776367,879800.0
2011-03-31T00:00:00.000000000,53.54999923706055,53.7400016784668,53.29999923706055,53.63999938964844,704100.0
2011-04-01T00:00:00.000000000,53.880001068115234,54.45000076293945,53.099998474121094,54.09000015258789,595500.0
2011-04-04T00:00:00.000000000,54.119998931884766,54.5,53.709999084472656,54.5,726400.0
2011-04-05T00:00:00.000000000,54.40999984741211,54.58000183105469,54.040000915527344,54.099998474121094,843800.0
2011-04-06T00:00:00.000000000,54.459999084472656,54.7400016784668,53.970001220703125,54.029998779296875,646800.0
2011-04-07T00:00:00.000000000,53.90999984741211,54.369998931884766,53.470001220703125,53.880001068115234,505000.0
2011-04-08T00:00:00.000000000,54.09000015258789,54.09000015258789,53.0099983215332,53.2599983215332,543600.0
2011-04-11T00:00:00.000000000,53.380001068115234,54.25,53.369998931884766,54.2400016784668,750500.0
2011-04-12T00:00:00.000000000,53.939998626708984,54.349998474121094,53.7599983215332,53.939998626708984,862200.0
2011-04-13T00:00:00.000000000,53.939998626708984,54.20000076293945,53.45000076293945,53.650001525878906,906700.0
2011-04-14T00:00:00.000000000,53.33000183105469,54.04999923706055,53.22999954223633,54.0099983215332,1020700.0
2011-04-15T00:00:00.000000000,53.709999084472656,53.720001220703125,51.599998474121094,52.13999938964844,3144400.0
2011-04-18T00:00:00.000000000,51.709999084472656,52.029998779296875,51.16999816894531,51.81999969482422,1603000.0
2011-04-19T00:00:00.000000000,51.869998931884766,52.209999084472656,51.58000183105469,51.720001220703125,733200.0
2011-04-20T00:00:00.000000000,52.29999923706055,53.0,52.22999954223633,52.86000061035156,786200.0
2011-04-21T00:00:00.000000000,51.959999084472656,52.58000183105469,51.369998931884766,52.290000915527344,1104200.0
2011-04-25T00:00:00.000000000,52.220001220703125,52.38999938964844,51.939998626708984,52.08000183105469,718000.0
2011-04-26T00:00:00.000000000,52.31999969482422,52.95000076293945,52.310001373291016,52.66999816894531,585200.0
2011-04-27T00:00:00.000000000,52.83000183105469,53.099998474121094,52.68000030517578,53.04999923706055,553000.0
2011-04-28T00:00:00.000000000,53.0,53.7599983215332,52.95000076293945,53.7400016784668,776900.0
2011-04-29T00:00:00.000000000,53.93000030517578,53.97999954223633,53.56999969482422,53.70000076293945,655000.0
2011-05-02T00:00:00.000000000,54.0099983215332,54.2400016784668,53.560001373291016,53.83000183105469,665200.0
2011-05-03T00:00:00.000000000,53.66999816894531,53.75,53.18000030517578,53.43000030517578,893100.0
2011-05-04T00:00:00.000000000,53.5,53.70000076293945,52.970001220703125,53.15999984741211,1531000.0
2011-05-05T00:00:00.000000000,53.09000015258789,53.54999923706055,52.650001525878906,53.08000183105469,768500.0
2011-05-06T00:00:00.000000000,53.66999816894531,54.04999923706055,53.33000183105469,53.61000061035156,711500.0
2011-05-09T00:00:00.000000000,53.619998931884766,54.380001068115234,53.34000015258789,54.36000061035156,845600.0
2011-05-10T00:00:00.000000000,54.5,55.29999923706055,54.36000061035156,55.220001220703125,698400.0
2011-05-11T00:00:00.000000000,55.130001068115234,55.27000045776367,54.720001220703125,55.15999984741211,822100.0
2011-05-12T00:00:00.000000000,55.099998474121094,55.939998626708984,54.869998931884766,55.900001525878906,761000.0
2011-05-13T00:00:00.000000000,55.9900016784668,55.9900016784668,55.31999969482422,55.47999954223633,541900.0
2011-05-16T00:00:00.000000000,55.45000076293945,55.459999084472656,55.06999969482422,55.2400016784668,692400.0
2011-05-17T00:00:00.000000000,55.0099983215332,55.5,54.59000015258789,54.970001220703125,661200.0
2011-05-18T00:00:00.000000000,55.04999923706055,55.4900016784668,54.779998779296875,55.380001068115234,751400.0
2011-05-19T00:00:00.000000000,55.380001068115234,55.470001220703125,54.459999084472656,55.2599983215332,1553000.0
2011-05-20T00:00:00.000000000,55.310001373291016,55.310001373291016,54.22999954223633,54.41999816894531,1055800.0
2011-05-23T00:00:00.000000000,53.540000915527344,54.06999969482422,53.439998626708984,53.900001525878906,1090800.0
2011-05-24T00:00:00.000000000,54.09000015258789,54.09000015258789,53.59000015258789,53.869998931884766,832200.0
2011-05-25T00:00:00.000000000,53.68000030517578,53.849998474121094,53.13999938964844,53.56999969482422,1052100.0
2011-05-26T00:00:00.000000000,53.45000076293945,53.81999969482422,53.119998931884766,53.689998626708984,930500.0
2011-05-27T00:00:00.000000000,53.90999984741211,54.09000015258789,53.689998626708984,53.86000061035156,438000.0
2011-05-31T00:00:00.000000000,54.189998626708984,54.810001373291016,54.13999938964844,54.79999923706055,1094200.0
2011-06-01T00:00:00.000000000,54.599998474121094,54.72999954223633,52.650001525878906,52.65999984741211,1271800.0
2011-06-02T00:00:00.000000000,52.75,52.869998931884766,52.0,52.25,1240700.0
2011-06-03T00:00:00.000000000,51.599998474121094,52.08000183105469,51.33000183105469,51.66999816894531,1010200.0
2011-06-06T00:00:00.000000000,51.5,51.849998474121094,51.29999923706055,51.52000045776367,881700.0
2011-06-07T00:00:00.000000000,51.77000045776367,51.83000183105469,51.02000045776367,51.09000015258789,1201900.0
2011-06-08T00:00:00.000000000,50.83000183105469,50.84000015258789,50.33000183105469,50.5,1030200.0
2011-06-09T00:00:00.000000000,50.68000030517578,50.959999084472656,50.439998626708984,50.77000045776367,720500.0
2011-06-10T00:00:00.000000000,50.5099983215332,50.61000061035156,49.7400016784668,49.81999969482422,1157700.0
2011-06-13T00:00:00.000000000,49.91999816894531,50.130001068115234,49.91999816894531,50.040000915527344,912600.0
2011-06-14T00:00:00.000000000,50.619998931884766,51.25,50.529998779296875,50.97999954223633,874700.0
2011-06-15T00:00:00.000000000,50.5099983215332,50.9900016784668,50.27000045776367,50.5,758300.0
2011-06-16T00:00:00.000000000,50.54999923706055,50.88999938964844,50.27000045776367,50.7599983215332,849700.0
2011-06-17T00:00:00.000000000,51.150001525878906,51.66999816894531,51.0099983215332,51.2400016784668,874200.0
2011-06-20T00:00:00.000000000,51.0099983215332,51.900001525878906,51.0099983215332,51.790000915527344,1263000.0
2011-06-21T00:00:00.000000000,52.04999923706055,52.630001068115234,51.84000015258789,52.47999954223633,1155500.0
2011-06-22T00:00:00.000000000,52.2599983215332,52.619998931884766,52.119998931884766,52.150001525878906,589100.0
2011-06-23T00:00:00.000000000,51.529998779296875,52.59000015258789,51.43000030517578,52.52000045776367,663000.0
2011-06-24T00:00:00.000000000,52.560001373291016,52.68000030517578,52.0,52.20000076293945,1041700.0
2011-06-27T00:00:00.000000000,52.060001373291016,53.040000915527344,52.060001373291016,52.84000015258789,673300.0
2011-06-28T00:00:00.000000000,52.709999084472656,53.7400016784668,52.689998626708984,53.689998626708984,551600.0
2011-06-29T00:00:00.000000000,53.970001220703125,54.349998474121094,53.599998474121094,53.849998474121094,713200.0
2011-06-30T00:00:00.000000000,54.040000915527344,54.4900016784668,53.81999969482422,54.400001525878906,870200.0
2011-07-01T00:00:00.000000000,54.52000045776367,55.5,54.349998474121094,55.459999084472656,546400.0
2011-07-05T00:00:00.000000000,55.540000915527344,55.75,55.16999816894531,55.58000183105469,688100.0
2011-07-06T00:00:00.000000000,55.869998931884766,57.060001373291016,55.63999938964844,57.0099983215332,1477900.0
2011-07-07T00:00:00.000000000,57.439998626708984,57.65999984741211,56.939998626708984,57.369998931884766,1341100.0
2011-07-08T00:00:00.000000000,56.66999816894531,57.310001373291016,56.310001373291016,57.25,1064300.0
2011-07-11T00:00:00.000000000,56.81999969482422,56.93000030517578,55.349998474121094,55.5099983215332,1502000.0
2011-07-12T00:00:00.000000000,55.4900016784668,55.70000076293945,55.18000030517578,55.369998931884766,1211100.0
2011-07-13T00:00:00.000000000,55.65999984741211,55.75,54.939998626708984,55.08000183105469,1007900.0
2011-07-14T00:00:00.000000000,55.34000015258789,55.79999923706055,54.7400016784668,55.119998931884766,884500.0
2011-07-15T00:00:00.000000000,57.29999923706055,57.619998931884766,56.52000045776367,57.099998474121094,2116500.0
2011-07-18T00:00:00.000000000,56.81999969482422,56.900001525878906,55.95000076293945,56.209999084472656,971800.0
2011-07-19T00:00:00.000000000,56.529998779296875,57.220001220703125,56.45000076293945,57.06999969482422,1047900.0
2011-07-20T00:00:00.000000000,57.2400016784668,57.2400016784668,56.0,56.45000076293945,1056400.0
2011-07-21T00:00:00.000000000,56.849998474121094,56.869998931884766,56.279998779296875,56.400001525878906,1059500.0
2011-07-22T00:00:00.000000000,56.54999923706055,56.68000030517578,56.02000045776367,56.34000015258789,752400.0
2011-07-25T00:00:00.000000000,55.88999938964844,56.41999816894531,55.66999816894531,56.18000030517578,520000.0
2011-07-26T00:00:00.000000000,56.27000045776367,56.27000045776367,54.33000183105469,54.47999954223633,1343700.0
2011-07-27T00:00:00.000000000,54.380001068115234,54.459999084472656,53.2400016784668,53.33000183105469,1183400.0
2011-07-28T00:00:00.000000000,53.47999954223633,53.689998626708984,53.0,53.310001373291016,1439100.0
2011-07-29T00:00:00.000000000,52.88999938964844,53.689998626708984,52.61000061035156,53.15999984741211,1010400.0
2011-08-01T00:00:00.000000000,53.68000030517578,53.720001220703125,52.220001220703125,52.54999923706055,1582000.0
2011-08-02T00:00:00.000000000,52.209999084472656,52.54999923706055,50.93000030517578,50.970001220703125,1447500.0
2011-08-03T00:00:00.000000000,51.15999984741211,51.43000030517578,50.43000030517578,51.119998931884766,2875500.0
2011-08-04T00:00:00.000000000,50.43000030517578,50.7400016784668,49.220001220703125,49.36000061035156,2448800.0
2011-08-05T00:00:00.000000000,49.97999954223633,50.209999084472656,48.18000030517578,49.709999084472656,2384300.0
2011-08-08T00:00:00.000000000,48.689998626708984,49.34000015258789,46.72999954223633,46.72999954223633,2047400.0
2011-08-09T00:00:00.000000000,47.40999984741211,49.25,46.099998474121094,49.220001220703125,2438100.0
2011-08-10T00:00:00.000000000,48.209999084472656,48.68000030517578,46.90999984741211,47.0099983215332,2188400.0
2011-08-11T00:00:00.000000000,47.43000030517578,49.93000030517578,47.2400016784668,49.29999923706055,1745200.0
2011-08-12T00:00:00.000000000,49.790000915527344,50.369998931884766,49.209999084472656,50.119998931884766,1053600.0
2011-08-15T00:00:00.000000000,50.400001525878906,50.83000183105469,49.75,50.790000915527344,1002500.0
2011-08-16T00:00:00.000000000,50.33000183105469,50.880001068115234,49.88999938964844,50.470001220703125,928100.0
2011-08-17T00:00:00.000000000,50.88999938964844,51.150001525878906,50.45000076293945,50.90999984741211,1517000.0
2011-08-18T00:00:00.000000000,49.54999923706055,49.83000183105469,48.810001373291016,49.349998474121094,1971700.0
2011-08-19T00:00:00.000000000,48.709999084472656,49.970001220703125,48.709999084472656,48.790000915527344,1314300.0
2011-08-22T00:00:00.000000000,49.709999084472656,50.65999984741211,49.36000061035156,50.150001525878906,1654900.0
2011-08-23T00:00:00.000000000,50.2599983215332,52.11000061035156,50.0,52.11000061035156,1499800.0
2011-08-24T00:00:00.000000000,51.91999816894531,52.72999954223633,51.77000045776367,52.34000015258789,1688900.0
2011-08-25T00:00:00.000000000,52.5,52.709999084472656,51.459999084472656,51.61000061035156,2869500.0
2011-08-26T00:00:00.000000000,51.029998779296875,52.84000015258789,50.56999969482422,52.790000915527344,3241000.0
2011-08-29T00:00:00.000000000,53.150001525878906,54.54999923706055,51.900001525878906,54.310001373291016,3528100.0
2011-08-30T00:00:00.000000000,54.130001068115234,54.900001525878906,53.7400016784668,54.560001373291016,1221400.0
2011-08-31T00:00:00.000000000,54.93000030517578,55.689998626708984,54.61000061035156,55.02000045776367,1079900.0
2011-09-01T00:00:00.000000000,55.189998626708984,55.77000045776367,54.900001525878906,55.400001525878906,1749200.0
2011-09-02T00:00:00.000000000,54.29999923706055,54.41999816894531,53.22999954223633,53.43000030517578,1186200.0
2011-09-06T00:00:00.000000000,52.0099983215332,53.0099983215332,51.61000061035156,52.790000915527344,1226700.0
2011-09-07T00:00:00.000000000,53.09000015258789,54.06999969482422,52.88999938964844,53.959999084472656,1056100.0
2011-09-08T00:00:00.000000000,53.63999938964844,54.470001220703125,53.369998931884766,53.4900016784668,1897500.0
2011-09-09T00:00:00.000000000,53.0,53.08000183105469,51.709999084472656,52.11000061035156,1351200.0
2011-09-12T00:00:00.000000000,51.65999984741211,52.47999954223633,51.15999984741211,52.40999984741211,1068700.0
2011-09-13T00:00:00.000000000,52.5,53.54999923706055,52.119998931884766,53.380001068115234,1011700.0
2011-09-14T00:00:00.000000000,53.70000076293945,54.54999923706055,52.880001068115234,53.95000076293945,1105800.0
2011-09-15T00:00:00.000000000,53.77000045776367,54.4900016784668,53.11000061035156,54.38999938964844,1496500.0
2011-09-16T00:00:00.000000000,54.29999923706055,54.68000030517578,52.060001373291016,52.869998931884766,3204400.0
2011-09-19T00:00:00.000000000,51.709999084472656,53.15999984741211,51.63999938964844,52.83000183105469,1443600.0
2011-09-20T00:00:00.000000000,52.779998779296875,53.08000183105469,52.08000183105469,52.18000030517578,1594700.0
2011-09-21T00:00:00.000000000,52.09000015258789,52.33000183105469,50.150001525878906,50.150001525878906,1339300.0
2011-09-22T00:00:00.000000000,48.849998474121094,49.529998779296875,48.18000030517578,48.70000076293945,2071000.0
2011-09-23T00:00:00.000000000,48.52000045776367,49.720001220703125,48.47999954223633,49.40999984741211,1103400.0
2011-09-26T00:00:00.000000000,49.880001068115234,50.900001525878906,49.290000915527344,50.81999969482422,1563400.0
2011-09-27T00:00:00.000000000,51.880001068115234,52.880001068115234,51.43000030517578,51.720001220703125,1395400.0
2011-09-28T00:00:00.000000000,51.5099983215332,52.119998931884766,51.08000183105469,51.11000061035156,1323600.0
2011-09-29T00:00:00.000000000,52.04999923706055,52.7599983215332,51.52000045776367,52.38999938964844,1518200.0
2011-09-30T00:00:00.000000000,51.619998931884766,52.29999923706055,50.779998779296875,50.79999923706055,1392500.0
2011-10-03T00:00:00.000000000,50.650001525878906,51.4900016784668,49.11000061035156,49.31999969482422,1604200.0
2011-10-04T00:00:00.000000000,48.70000076293945,50.70000076293945,48.529998779296875,50.630001068115234,2100000.0
2011-10-05T00:00:00.000000000,50.59000015258789,51.58000183105469,49.720001220703125,51.43000030517578,1168300.0
2011-10-06T00:00:00.000000000,51.36000061035156,52.5099983215332,50.79999923706055,52.4900016784668,1064700.0
2011-10-07T00:00:00.000000000,52.900001525878906,53.119998931884766,51.630001068115234,52.0,953000.0
2011-10-10T00:00:00.000000000,52.959999084472656,54.290000915527344,52.709999084472656,54.290000915527344,907900.0
2011-10-11T00:00:00.000000000,53.810001373291016,54.75,53.560001373291016,54.58000183105469,846300.0
2011-10-12T00:00:00.000000000,55.119998931884766,55.310001373291016,54.66999816894531,54.83000183105469,1051300.0
2011-10-13T00:00:00.000000000,54.34000015258789,54.790000915527344,53.709999084472656,54.36000061035156,784900.0
2011-10-14T00:00:00.000000000,55.189998626708984,55.529998779296875,54.439998626708984,55.380001068115234,835300.0
2011-10-17T00:00:00.000000000,54.9900016784668,55.29999923706055,54.119998931884766,54.209999084472656,923300.0
2011-10-18T00:00:00.000000000,54.400001525878906,56.88999938964844,53.599998474121094,56.31999969482422,1561700.0
2011-10-19T00:00:00.000000000,56.369998931884766,57.2400016784668,55.66999816894531,55.779998779296875,1351200.0
2011-10-20T00:00:00.000000000,55.779998779296875,56.2400016784668,55.040000915527344,55.630001068115234,1854600.0
2011-10-21T00:00:00.000000000,56.220001220703125,57.54999923706055,56.150001525878906,57.52000045776367,1378600.0
2011-10-24T00:00:00.000000000,57.77000045776367,58.779998779296875,57.41999816894531,58.20000076293945,1202600.0
2011-10-25T00:00:00.000000000,57.810001373291016,58.15999984741211,56.720001220703125,56.84000015258789,1429900.0
2011-10-26T00:00:00.000000000,57.619998931884766,57.63999938964844,56.47999954223633,56.900001525878906,1371500.0
2011-10-27T00:00:00.000000000,58.970001220703125,59.400001525878906,58.5,58.72999954223633,1296600.0
2011-10-28T00:00:00.000000000,58.66999816894531,58.93000030517578,57.900001525878906,58.40999984741211,804300.0
2011-10-31T00:00:00.000000000,57.91999816894531,58.56999969482422,57.38999938964844,57.43000030517578,917500.0
2011-11-01T00:00:00.000000000,56.06999969482422,57.02000045776367,55.709999084472656,55.9900016784668,972100.0
2011-11-02T00:00:00.000000000,56.939998626708984,57.560001373291016,56.70000076293945,57.439998626708984,964300.0
2011-11-03T00:00:00.000000000,57.91999816894531,59.0,57.5099983215332,58.90999984741211,927000.0
2011-11-04T00:00:00.000000000,58.54999923706055,58.720001220703125,57.86000061035156,58.380001068115234,937000.0
2011-11-07T00:00:00.000000000,58.290000915527344,58.529998779296875,57.2599983215332,58.119998931884766,806300.0
2011-11-08T00:00:00.000000000,58.2400016784668,58.75,57.619998931884766,58.66999816894531,1255700.0
2011-11-09T00:00:00.000000000,57.400001525878906,57.90999984741211,56.58000183105469,56.86000061035156,822000.0
2011-11-10T00:00:00.000000000,57.56999969482422,58.18000030517578,57.38999938964844,57.849998474121094,838300.0
2011-11-11T00:00:00.000000000,58.70000076293945,58.869998931884766,58.33000183105469,58.779998779296875,616200.0
2011-11-14T00:00:00.000000000,58.31999969482422,58.689998626708984,57.97999954223633,58.18000030517578,621600.0
2011-11-15T00:00:00.000000000,57.720001220703125,58.709999084472656,57.540000915527344,58.45000076293945,518100.0
2011-11-16T00:00:00.000000000,57.720001220703125,58.63999938964844,57.459999084472656,57.619998931884766,684300.0
2011-11-17T00:00:00.000000000,57.68000030517578,57.86000061035156,56.619998931884766,57.06999969482422,582700.0
2011-11-18T00:00:00.000000000,57.5,57.560001373291016,56.29999923706055,56.599998474121094,907900.0
2011-11-21T00:00:00.000000000,56.0,56.34000015258789,54.939998626708984,55.099998474121094,1452600.0
2011-11-22T00:00:00.000000000,55.16999816894531,55.86000061035156,54.90999984741211,55.5,1022300.0
2011-11-23T00:00:00.000000000,55.040000915527344,55.290000915527344,54.15999984741211,54.310001373291016,738400.0
2011-11-25T00:00:00.000000000,54.43000030517578,54.84000015258789,54.099998474121094,54.18000030517578,368500.0
2011-11-28T00:00:00.000000000,55.84000015258789,56.09000015258789,55.27000045776367,55.560001373291016,713100.0
2011-11-29T00:00:00.000000000,55.84000015258789,56.060001373291016,55.459999084472656,55.79999923706055,672200.0
2011-11-30T00:00:00.000000000,57.599998474121094,58.689998626708984,57.34000015258789,58.5,1235500.0
2011-12-01T00:00:00.000000000,58.15999984741211,59.63999938964844,58.060001373291016,59.04999923706055,1122400.0
2011-12-02T00:00:00.000000000,59.61000061035156,60.36000061035156,59.31999969482422,59.52000045776367,1004100.0
2011-12-05T00:00:00.000000000,60.40999984741211,60.849998474121094,60.099998474121094,60.529998779296875,1143400.0
2011-12-06T00:00:00.000000000,60.959999084472656,60.959999084472656,59.91999816894531,60.130001068115234,859300.0
2011-12-07T00:00:00.000000000,59.65999984741211,59.84000015258789,58.90999984741211,59.349998474121094,1100400.0
2011-12-08T00:00:00.000000000,59.040000915527344,59.47999954223633,58.06999969482422,58.25,990400.0
2011-12-09T00:00:00.000000000,58.650001525878906,59.2400016784668,58.36000061035156,58.81999969482422,735600.0
2011-12-12T00:00:00.000000000,58.439998626708984,58.810001373291016,57.939998626708984,58.75,691600.0
2011-12-13T00:00:00.000000000,59.09000015258789,59.209999084472656,57.68000030517578,57.9900016784668,866400.0
2011-12-14T00:00:00.000000000,57.7599983215332,57.939998626708984,57.08000183105469,57.18000030517578,714400.0
2011-12-15T00:00:00.000000000,57.58000183105469,57.869998931884766,57.27000045776367,57.560001373291016,677400.0
2011-12-16T00:00:00.000000000,57.97999954223633,58.38999938964844,57.70000076293945,58.20000076293945,1301700.0
2011-12-19T00:00:00.000000000,58.400001525878906,58.970001220703125,57.61000061035156,57.70000076293945,471700.0
2011-12-20T00:00:00.000000000,58.75,59.279998779296875,58.52000045776367,59.22999954223633,631000.0
2011-12-21T00:00:00.000000000,59.130001068115234,59.97999954223633,58.959999084472656,59.970001220703125,737100.0
2011-12-22T00:00:00.000000000,60.0,60.59000015258789,59.689998626708984,60.5,804400.0
2011-12-23T00:00:00.000000000,60.63999938964844,61.650001525878906,60.41999816894531,61.56999969482422,698900.0
2011-12-27T00:00:00.000000000,61.31999969482422,62.209999084472656,61.040000915527344,61.90999984741211,614600.0
2011-12-28T00:00:00.000000000,62.0,62.13999938964844,61.209999084472656,61.439998626708984,572600.0
2011-12-29T00:00:00.000000000,61.650001525878906,62.040000915527344,61.45000076293945,61.959999084472656,570200.0
2011-12-30T00:00:00.000000000,62.04999923706055,62.04999923706055,61.0,61.20000076293945,530800.0
2012-01-03T00:00:00.000000000,62.369998931884766,62.5099983215332,61.36000061035156,61.709999084472656,1040900.0
2012-01-04T00:00:00.000000000,61.650001525878906,62.09000015258789,61.43000030517578,61.72999954223633,951800.0
2012-01-05T00:00:00.000000000,61.15999984741211,62.15999984741211,61.02000045776367,62.0,1170200.0
2012-01-06T00:00:00.000000000,62.040000915527344,62.31999969482422,61.540000915527344,61.779998779296875,801100.0
2012-01-09T00:00:00.000000000,61.77000045776367,62.20000076293945,60.84000015258789,62.04999923706055,1356600.0
2012-01-10T00:00:00.000000000,62.630001068115234,63.310001373291016,62.58000183105469,62.810001373291016,961600.0
2012-01-11T00:00:00.000000000,62.59000015258789,63.119998931884766,62.54999923706055,62.869998931884766,435300.0
2012-01-12T00:00:00.000000000,62.86000061035156,63.029998779296875,62.15999984741211,62.95000076293945,592000.0
2012-01-13T00:00:00.000000000,62.70000076293945,63.0,62.13999938964844,62.70000076293945,947600.0
2012-01-17T00:00:00.000000000,63.47999954223633,63.650001525878906,62.81999969482422,62.900001525878906,536700.0
2012-01-18T00:00:00.000000000,62.9900016784668,64.0199966430664,62.599998474121094,64.0199966430664,776600.0
2012-01-19T00:00:00.000000000,64.16000366210938,65.37999725341797,64.13999938964844,64.87999725341797,1122100.0
2012-01-20T00:00:00.000000000,64.83999633789062,65.13999938964844,63.790000915527344,64.1500015258789,612400.0
2012-01-23T00:00:00.000000000,64.2699966430664,65.1500015258789,63.95000076293945,64.2699966430664,586300.0
2012-01-24T00:00:00.000000000,63.97999954223633,64.62999725341797,63.790000915527344,64.5999984741211,515400.0
2012-01-25T00:00:00.000000000,64.55000305175781,64.5999984741211,63.650001525878906,64.48999786376953,600800.0
2012-01-26T00:00:00.000000000,64.69999694824219,65.0199966430664,64.22000122070312,64.66000366210938,477900.0
2012-01-27T00:00:00.000000000,64.26000213623047,64.77999877929688,64.1500015258789,64.37000274658203,553200.0
2012-01-30T00:00:00.000000000,63.93000030517578,64.30000305175781,63.529998779296875,64.26000213623047,492400.0
2012-01-31T00:00:00.000000000,64.69000244140625,64.72000122070312,63.38999938964844,63.779998779296875,793800.0
2012-02-01T00:00:00.000000000,64.20999908447266,64.44000244140625,63.77000045776367,64.25,956200.0
2012-02-02T00:00:00.000000000,64.29000091552734,64.79000091552734,63.81999969482422,64.0,677300.0
2012-02-03T00:00:00.000000000,64.61000061035156,64.70999908447266,64.08999633789062,64.16999816894531,822700.0
2012-02-06T00:00:00.000000000,64.0,65.0,63.9900016784668,64.5,693700.0
2012-02-07T00:00:00.000000000,64.22000122070312,64.75,64.12000274658203,64.56999969482422,723200.0
2012-02-08T00:00:00.000000000,64.54000091552734,64.7699966430664,64.05999755859375,64.4800033569336,599000.0
2012-02-09T00:00:00.000000000,64.62000274658203,64.80999755859375,64.12000274658203,64.69000244140625,420200.0
2012-02-10T00:00:00.000000000,64.0999984741211,64.9000015258789,64.0999984741211,64.88999938964844,652200.0
2012-02-13T00:00:00.000000000,65.18000030517578,65.29000091552734,64.55999755859375,64.81999969482422,763700.0
2012-02-14T00:00:00.000000000,64.6500015258789,65.0999984741211,64.19000244140625,64.69999694824219,568900.0
2012-02-15T00:00:00.000000000,64.87999725341797,64.97000122070312,63.869998931884766,63.88999938964844,556200.0
2012-02-16T00:00:00.000000000,64.08999633789062,65.61000061035156,63.83000183105469,65.58999633789062,937200.0
2012-02-17T00:00:00.000000000,66.11000061035156,66.43000030517578,65.43000030517578,65.58000183105469,1249900.0
2012-02-21T00:00:00.000000000,66.26000213623047,66.43000030517578,62.70000076293945,63.810001373291016,1675700.0
2012-02-22T00:00:00.000000000,62.77000045776367,63.34000015258789,61.75,62.91999816894531,1511500.0
2012-02-23T00:00:00.000000000,62.7400016784668,62.900001525878906,61.66999816894531,62.27000045776367,1531900.0
2012-02-24T00:00:00.000000000,62.29999923706055,62.619998931884766,61.79999923706055,62.22999954223633,1066500.0
2012-02-27T00:00:00.000000000,62.0,62.58000183105469,61.7599983215332,62.209999084472656,989800.0
2012-02-28T00:00:00.000000000,62.09000015258789,62.68000030517578,61.90999984741211,62.599998474121094,1087400.0
2012-02-29T00:00:00.000000000,62.529998779296875,62.9900016784668,62.2599983215332,62.68000030517578,922200.0
2012-03-01T00:00:00.000000000,62.65999984741211,63.18000030517578,62.540000915527344,62.970001220703125,987700.0
2012-03-02T00:00:00.000000000,62.75,62.97999954223633,62.52000045776367,62.779998779296875,915000.0
2012-03-05T00:00:00.000000000,62.58000183105469,62.81999969482422,62.369998931884766,62.779998779296875,762600.0
2012-03-06T00:00:00.000000000,62.25,62.5,61.849998474121094,62.2599983215332,978100.0
2012-03-07T00:00:00.000000000,61.939998626708984,62.400001525878906,61.72999954223633,62.16999816894531,1075800.0
2012-03-08T00:00:00.000000000,62.5099983215332,63.08000183105469,62.459999084472656,62.959999084472656,894300.0
2012-03-09T00:00:00.000000000,62.93000030517578,63.209999084472656,62.66999816894531,62.88999938964844,692900.0
2012-03-12T00:00:00.000000000,63.0,63.0,62.369998931884766,62.650001525878906,758100.0
2012-03-13T00:00:00.000000000,62.95000076293945,63.61000061035156,62.36000061035156,63.560001373291016,982500.0
2012-03-14T00:00:00.000000000,63.650001525878906,63.880001068115234,63.439998626708984,63.7599983215332,628500.0
2012-03-15T00:00:00.000000000,63.75,63.86000061035156,63.060001373291016,63.459999084472656,776600.0
2012-03-16T00:00:00.000000000,63.459999084472656,63.459999084472656,62.810001373291016,62.95000076293945,1017100.0
2012-03-19T00:00:00.000000000,62.86000061035156,63.119998931884766,62.5099983215332,63.09000015258789,675100.0
2012-03-20T00:00:00.000000000,62.790000915527344,62.95000076293945,62.56999969482422,62.95000076293945,682100.0
2012-03-21T00:00:00.000000000,62.91999816894531,63.130001068115234,62.810001373291016,62.880001068115234,792300.0
2012-03-22T00:00:00.000000000,62.5099983215332,62.59000015258789,61.79999923706055,62.04999923706055,687400.0
2012-03-23T00:00:00.000000000,62.119998931884766,62.119998931884766,61.25,61.459999084472656,861900.0
2012-03-26T00:00:00.000000000,61.790000915527344,62.220001220703125,61.70000076293945,62.20000076293945,901800.0
2012-03-27T00:00:00.000000000,62.38999938964844,62.599998474121094,61.7400016784668,62.52000045776367,944200.0
2012-03-28T00:00:00.000000000,62.59000015258789,62.880001068115234,62.099998474121094,62.880001068115234,1245100.0
2012-03-29T00:00:00.000000000,62.619998931884766,62.790000915527344,61.84000015258789,62.4900016784668,821300.0
2012-03-30T00:00:00.000000000,62.70000076293945,62.970001220703125,62.380001068115234,62.75,1109200.0
2012-04-02T00:00:00.000000000,62.77000045776367,63.599998474121094,62.65999984741211,63.279998779296875,774500.0
2012-04-03T00:00:00.000000000,63.4900016784668,63.720001220703125,63.15999984741211,63.41999816894531,728300.0
2012-04-04T00:00:00.000000000,62.97999954223633,63.150001525878906,62.59000015258789,62.83000183105469,829300.0
2012-04-05T00:00:00.000000000,62.650001525878906,63.38999938964844,62.5,63.36000061035156,738400.0
2012-04-09T00:00:00.000000000,62.45000076293945,62.599998474121094,61.91999816894531,62.099998474121094,641400.0
2012-04-10T00:00:00.000000000,61.810001373291016,61.880001068115234,60.18000030517578,60.290000915527344,1007900.0
2012-04-11T00:00:00.000000000,61.0,61.93000030517578,60.86000061035156,61.900001525878906,892000.0
2012-04-12T00:00:00.000000000,61.939998626708984,63.029998779296875,61.849998474121094,62.97999954223633,901300.0
2012-04-13T00:00:00.000000000,62.93000030517578,63.36000061035156,62.709999084472656,62.939998626708984,863200.0
2012-04-16T00:00:00.000000000,63.150001525878906,63.709999084472656,63.0,63.40999984741211,940300.0
2012-04-17T00:00:00.000000000,64.06999969482422,64.41999816894531,63.66999816894531,64.27999877929688,801200.0
2012-04-18T00:00:00.000000000,64.06999969482422,64.80999755859375,63.91999816894531,64.55000305175781,1102600.0
2012-04-19T00:00:00.000000000,65.12000274658203,65.5999984741211,62.88999938964844,63.45000076293945,2435000.0
2012-04-20T00:00:00.000000000,63.599998474121094,64.29000091552734,63.529998779296875,63.77000045776367,1080400.0
2012-04-23T00:00:00.000000000,63.18000030517578,63.18000030517578,62.43000030517578,62.7400016784668,964400.0
2012-04-24T00:00:00.000000000,62.91999816894531,63.43000030517578,62.650001525878906,62.77000045776367,1419700.0
2012-04-25T00:00:00.000000000,63.15999984741211,63.81999969482422,62.790000915527344,63.810001373291016,1081400.0
2012-04-26T00:00:00.000000000,63.84000015258789,64.66999816894531,63.650001525878906,64.62000274658203,775900.0
2012-04-27T00:00:00.000000000,64.94999694824219,65.80000305175781,64.43000030517578,65.69000244140625,863700.0
2012-04-30T00:00:00.000000000,65.75,65.81999969482422,64.63999938964844,64.77999877929688,526600.0
2012-05-01T00:00:00.000000000,64.66999816894531,66.22000122070312,64.5999984741211,65.75,781900.0
2012-05-02T00:00:00.000000000,65.51000213623047,66.41999816894531,65.3499984741211,66.37999725341797,899600.0
2012-05-03T00:00:00.000000000,66.16999816894531,66.5,65.62999725341797,65.76000213623047,414100.0
2012-05-04T00:00:00.000000000,65.44999694824219,65.70999908447266,64.9000015258789,64.98999786376953,745800.0
2012-05-07T00:00:00.000000000,64.66999816894531,65.58999633789062,64.62000274658203,65.29000091552734,785900.0
2012-05-08T00:00:00.000000000,64.83999633789062,65.19000244140625,64.25,65.12999725341797,692000.0
2012-05-09T00:00:00.000000000,64.44000244140625,65.02999877929688,64.30000305175781,64.54000091552734,683100.0
2012-05-10T00:00:00.000000000,65.12999725341797,65.41000366210938,64.5,64.68000030517578,466100.0
2012-05-11T00:00:00.000000000,64.2300033569336,65.19000244140625,63.5,64.69999694824219,1128300.0
2012-05-14T00:00:00.000000000,64.25,64.38999938964844,63.40999984741211,63.7599983215332,674800.0
2012-05-15T00:00:00.000000000,63.810001373291016,63.849998474121094,63.040000915527344,63.31999969482422,708900.0
2012-05-16T00:00:00.000000000,63.84000015258789,64.04000091552734,63.560001373291016,63.709999084472656,652000.0
2012-05-17T00:00:00.000000000,63.54999923706055,63.54999923706055,60.810001373291016,60.810001373291016,1838800.0
2012-05-18T00:00:00.000000000,61.02000045776367,61.08000183105469,59.84000015258789,60.15999984741211,1072900.0
2012-05-21T00:00:00.000000000,60.15999984741211,61.61000061035156,60.040000915527344,61.52000045776367,770500.0
2012-05-22T00:00:00.000000000,61.77000045776367,62.04999923706055,61.150001525878906,61.93000030517578,820000.0
2012-05-23T00:00:00.000000000,61.619998931884766,62.439998626708984,61.040000915527344,62.310001373291016,599000.0
2012-05-24T00:00:00.000000000,62.5,62.5,61.33000183105469,61.959999084472656,1142200.0
2012-05-25T00:00:00.000000000,61.5099983215332,62.06999969482422,61.5,61.90999984741211,796100.0
2012-05-29T00:00:00.000000000,62.220001220703125,63.349998474121094,62.04999923706055,63.310001373291016,761000.0
2012-05-30T00:00:00.000000000,62.650001525878906,62.77000045776367,62.41999816894531,62.560001373291016,819700.0
2012-05-31T00:00:00.000000000,62.65999984741211,63.2599983215332,62.279998779296875,63.0,1029300.0
2012-06-01T00:00:00.000000000,62.279998779296875,62.279998779296875,60.95000076293945,61.08000183105469,1265200.0
2012-06-04T00:00:00.000000000,61.09000015258789,61.279998779296875,60.470001220703125,61.13999938964844,1056600.0
2012-06-05T00:00:00.000000000,60.7599983215332,60.880001068115234,59.380001068115234,60.15999984741211,2018700.0
2012-06-06T00:00:00.000000000,60.439998626708984,60.880001068115234,59.83000183105469,60.86000061035156,1187000.0
2012-06-07T00:00:00.000000000,61.33000183105469,61.72999954223633,60.72999954223633,60.75,1336400.0
2012-06-08T00:00:00.000000000,60.630001068115234,61.630001068115234,60.47999954223633,61.599998474121094,1094200.0
2012-06-11T00:00:00.000000000,62.15999984741211,62.15999984741211,60.75,60.84000015258789,856400.0
2012-06-12T00:00:00.000000000,61.06999969482422,61.560001373291016,60.47999954223633,61.47999954223633,668100.0
2012-06-13T00:00:00.000000000,61.15999984741211,61.650001525878906,60.5,60.7599983215332,568700.0
2012-06-14T00:00:00.000000000,61.0099983215332,61.52000045776367,60.5099983215332,60.779998779296875,847600.0
2012-06-15T00:00:00.000000000,61.060001373291016,61.61000061035156,60.95000076293945,61.45000076293945,900300.0
2012-06-18T00:00:00.000000000,61.2400016784668,62.0099983215332,60.9900016784668,61.84000015258789,574800.0
2012-06-19T00:00:00.000000000,61.88999938964844,62.95000076293945,61.66999816894531,62.54999923706055,803400.0
2012-06-20T00:00:00.000000000,62.41999816894531,62.79999923706055,61.900001525878906,62.459999084472656,604700.0
2012-06-21T00:00:00.000000000,62.630001068115234,62.70000076293945,60.939998626708984,61.0099983215332,713600.0
2012-06-22T00:00:00.000000000,61.40999984741211,61.65999984741211,60.7599983215332,61.65999984741211,2345900.0
2012-06-25T00:00:00.000000000,60.91999816894531,60.91999816894531,60.189998626708984,60.36000061035156,721900.0
2012-06-26T00:00:00.000000000,60.470001220703125,60.52000045776367,59.630001068115234,60.150001525878906,1090100.0
2012-06-27T00:00:00.000000000,56.4900016784668,58.77000045776367,55.58000183105469,58.529998779296875,2803200.0
2012-06-28T00:00:00.000000000,58.13999938964844,59.709999084472656,57.33000183105469,59.650001525878906,1425000.0
2012-06-29T00:00:00.000000000,60.70000076293945,60.70000076293945,59.810001373291016,60.25,1648500.0
2012-07-02T00:00:00.000000000,60.52000045776367,60.65999984741211,59.41999816894531,60.16999816894531,988200.0
2012-07-03T00:00:00.000000000,60.27000045776367,60.95000076293945,59.779998779296875,60.56999969482422,495700.0
2012-07-05T00:00:00.000000000,60.5,61.630001068115234,60.13999938964844,61.4900016784668,881100.0
2012-07-06T00:00:00.000000000,60.900001525878906,61.279998779296875,60.47999954223633,60.970001220703125,621200.0
2012-07-09T00:00:00.000000000,60.79999923706055,61.04999923706055,60.36000061035156,60.459999084472656,778400.0
2012-07-10T00:00:00.000000000,60.59000015258789,60.59000015258789,58.72999954223633,59.310001373291016,1408100.0
2012-07-11T00:00:00.000000000,59.2400016784668,59.72999954223633,58.91999816894531,59.45000076293945,1029300.0
2012-07-12T00:00:00.000000000,59.06999969482422,60.310001373291016,58.790000915527344,59.560001373291016,1550500.0
2012-07-13T00:00:00.000000000,59.81999969482422,61.38999938964844,59.720001220703125,61.290000915527344,1173100.0
2012-07-16T00:00:00.000000000,60.88999938964844,61.619998931884766,60.7400016784668,61.150001525878906,996600.0
2012-07-17T00:00:00.000000000,61.2599983215332,62.59000015258789,61.18000030517578,61.61000061035156,1407000.0
2012-07-18T00:00:00.000000000,61.5,64.0,61.310001373291016,62.849998474121094,1645800.0
2012-07-19T00:00:00.000000000,62.77000045776367,65.16000366210938,60.810001373291016,64.37000274658203,2834400.0
2012-07-20T00:00:00.000000000,64.01000213623047,65.1500015258789,63.459999084472656,63.849998474121094,1535400.0
2012-07-23T00:00:00.000000000,63.5099983215332,63.56999969482422,62.810001373291016,63.290000915527344,858000.0
2012-07-24T00:00:00.000000000,63.2599983215332,63.81999969482422,62.27000045776367,62.86000061035156,1279500.0
2012-07-25T00:00:00.000000000,63.08000183105469,63.310001373291016,62.22999954223633,62.7400016784668,674900.0
2012-07-26T00:00:00.000000000,63.790000915527344,63.880001068115234,62.81999969482422,63.58000183105469,610900.0
2012-07-27T00:00:00.000000000,64.08000183105469,64.80999755859375,63.83000183105469,64.58000183105469,716800.0
2012-07-30T00:00:00.000000000,64.44999694824219,64.83999633789062,64.02999877929688,64.33999633789062,497900.0
2012-07-31T00:00:00.000000000,64.19999694824219,64.6500015258789,63.95000076293945,64.02999877929688,497100.0
2012-08-01T00:00:00.000000000,64.19999694824219,64.30999755859375,63.18000030517578,63.2400016784668,488400.0
2012-08-02T00:00:00.000000000,62.86000061035156,63.380001068115234,62.599998474121094,63.31999969482422,452800.0
2012-08-03T00:00:00.000000000,64.31999969482422,64.9000015258789,64.2300033569336,64.83000183105469,590000.0
2012-08-06T00:00:00.000000000,64.83000183105469,65.18000030517578,64.19000244140625,64.2300033569336,515200.0
2012-08-07T00:00:00.000000000,64.6500015258789,64.98999786376953,64.45999908447266,64.72000122070312,795300.0
2012-08-08T00:00:00.000000000,64.48999786376953,64.95999908447266,64.31999969482422,64.7699966430664,493800.0
2012-08-09T00:00:00.000000000,64.4800033569336,64.7300033569336,63.77000045776367,64.23999786376953,407100.0
2012-08-10T00:00:00.000000000,64.16999816894531,64.33999633789062,63.59000015258789,64.12999725341797,557500.0
2012-08-13T00:00:00.000000000,64.19999694824219,64.27999877929688,63.310001373291016,64.06999969482422,641600.0
2012-08-14T00:00:00.000000000,64.52999877929688,64.83999633789062,63.18000030517578,63.36000061035156,722200.0
2012-08-15T00:00:00.000000000,63.13999938964844,63.5,63.13999938964844,63.45000076293945,422500.0
2012-08-16T00:00:00.000000000,63.400001525878906,64.22000122070312,63.099998474121094,64.0199966430664,426300.0
2012-08-17T00:00:00.000000000,64.19000244140625,64.94999694824219,63.7400016784668,64.88999938964844,746700.0
2012-08-20T00:00:00.000000000,64.80999755859375,64.80999755859375,64.0,64.45999908447266,518300.0
2012-08-21T00:00:00.000000000,64.61000061035156,64.61000061035156,63.91999816894531,64.12000274658203,668900.0
2012-08-22T00:00:00.000000000,64.11000061035156,64.2300033569336,63.709999084472656,63.83000183105469,492700.0
2012-08-23T00:00:00.000000000,63.84000015258789,64.0199966430664,63.5099983215332,63.66999816894531,486000.0
2012-08-24T00:00:00.000000000,63.599998474121094,64.26000213623047,63.38999938964844,63.709999084472656,470800.0
2012-08-27T00:00:00.000000000,63.86000061035156,63.970001220703125,63.33000183105469,63.38999938964844,681000.0
2012-08-28T00:00:00.000000000,63.400001525878906,63.88999938964844,63.2599983215332,63.5099983215332,435200.0
2012-08-29T00:00:00.000000000,63.52000045776367,63.63999938964844,62.939998626708984,63.02000045776367,736700.0
2012-08-30T00:00:00.000000000,62.81999969482422,63.529998779296875,62.630001068115234,63.310001373291016,561700.0
2012-08-31T00:00:00.000000000,63.790000915527344,63.790000915527344,62.86000061035156,63.15999984741211,629300.0
2012-09-04T00:00:00.000000000,62.84000015258789,62.869998931884766,61.4900016784668,61.97999954223633,1224600.0
2012-09-05T00:00:00.000000000,61.150001525878906,61.599998474121094,60.95000076293945,61.099998474121094,770900.0
2012-09-06T00:00:00.000000000,61.459999084472656,62.47999954223633,61.439998626708984,62.369998931884766,621600.0
2012-09-07T00:00:00.000000000,63.209999084472656,63.209999084472656,62.099998474121094,62.2400016784668,484200.0
2012-09-10T00:00:00.000000000,62.2599983215332,62.86000061035156,62.15999984741211,62.38999938964844,388200.0
2012-09-11T00:00:00.000000000,62.41999816894531,62.849998474121094,62.099998474121094,62.2400016784668,477700.0
2012-09-12T00:00:00.000000000,62.45000076293945,62.81999969482422,62.189998626708984,62.5,374300.0
2012-09-13T00:00:00.000000000,62.459999084472656,63.209999084472656,62.0,63.0099983215332,616100.0
2012-09-14T00:00:00.000000000,63.0,64.11000061035156,62.900001525878906,63.15999984741211,912200.0
2012-09-17T00:00:00.000000000,62.7599983215332,62.9900016784668,61.849998474121094,62.09000015258789,819900.0
2012-09-18T00:00:00.000000000,61.9900016784668,62.099998474121094,61.599998474121094,61.91999816894531,671300.0
2012-09-19T00:00:00.000000000,61.91999816894531,62.61000061035156,61.650001525878906,62.34000015258789,872900.0
2012-09-20T00:00:00.000000000,62.31999969482422,62.61000061035156,61.97999954223633,62.529998779296875,714900.0
2012-09-21T00:00:00.000000000,62.650001525878906,62.790000915527344,62.099998474121094,62.119998931884766,1071000.0
2012-09-24T00:00:00.000000000,62.0,62.529998779296875,61.810001373291016,62.34000015258789,842600.0
2012-09-25T00:00:00.000000000,62.540000915527344,62.58000183105469,61.81999969482422,61.880001068115234,541200.0
2012-09-26T00:00:00.000000000,61.959999084472656,62.119998931884766,61.369998931884766,61.470001220703125,602700.0
2012-09-27T00:00:00.000000000,61.77000045776367,61.77000045776367,60.75,60.9900016784668,797500.0
2012-09-28T00:00:00.000000000,60.75,61.119998931884766,60.38999938964844,61.029998779296875,989100.0
2012-10-01T00:00:00.000000000,61.099998474121094,61.18000030517578,60.58000183105469,60.810001373291016,938900.0
2012-10-02T00:00:00.000000000,61.0,61.04999923706055,60.75,60.9900016784668,475100.0
2012-10-03T00:00:00.000000000,61.13999938964844,61.40999984741211,60.959999084472656,61.0,758000.0
2012-10-04T00:00:00.000000000,61.20000076293945,63.02000045776367,61.0099983215332,62.560001373291016,997500.0
2012-10-05T00:00:00.000000000,62.849998474121094,63.18000030517578,62.4900016784668,62.56999969482422,925600.0
2012-10-08T00:00:00.000000000,62.400001525878906,63.0099983215332,62.2599983215332,62.41999816894531,397700.0
2012-10-09T00:00:00.000000000,62.38999938964844,62.61000061035156,61.70000076293945,61.84000015258789,507700.0
2012-10-10T00:00:00.000000000,61.77000045776367,61.88999938964844,61.150001525878906,61.31999969482422,545800.0
2012-10-11T00:00:00.000000000,61.77000045776367,62.20000076293945,61.34000015258789,61.34000015258789,570800.0
2012-10-12T00:00:00.000000000,61.439998626708984,62.11000061035156,61.2400016784668,61.290000915527344,439400.0
2012-10-15T00:00:00.000000000,61.41999816894531,61.59000015258789,60.79999923706055,61.36000061035156,627900.0
2012-10-16T00:00:00.000000000,61.529998779296875,62.150001525878906,61.369998931884766,61.970001220703125,784300.0
2012-10-17T00:00:00.000000000,62.18000030517578,62.310001373291016,61.4900016784668,62.060001373291016,979800.0
2012-10-18T00:00:00.000000000,64.0,64.58000183105469,59.529998779296875,61.869998931884766,3368200.0
2012-10-19T00:00:00.000000000,62.060001373291016,62.36000061035156,61.04999923706055,61.54999923706055,1211800.0
2012-10-22T00:00:00.000000000,60.9900016784668,61.36000061035156,60.38999938964844,60.939998626708984,1586400.0
2012-10-23T00:00:00.000000000,60.5,61.61000061035156,60.13999938964844,61.459999084472656,1260500.0
2012-10-24T00:00:00.000000000,61.709999084472656,61.790000915527344,60.5,60.59000015258789,640500.0
2012-10-25T00:00:00.000000000,61.04999923706055,61.459999084472656,60.619998931884766,60.880001068115234,758000.0
2012-10-26T00:00:00.000000000,60.779998779296875,61.540000915527344,60.529998779296875,61.2400016784668,692200.0
2012-10-31T00:00:00.000000000,61.25,62.65999984741211,60.970001220703125,62.58000183105469,682900.0
2012-11-01T00:00:00.000000000,62.5,64.33999633789062,62.310001373291016,63.599998474121094,1519800.0
2012-11-02T00:00:00.000000000,63.7599983215332,64.38999938964844,62.709999084472656,62.81999969482422,560200.0
2012-11-05T00:00:00.000000000,62.61000061035156,63.29999923706055,62.529998779296875,63.119998931884766,443600.0
2012-11-06T00:00:00.000000000,63.189998626708984,64.30000305175781,62.880001068115234,63.91999816894531,714500.0
2012-11-07T00:00:00.000000000,63.400001525878906,63.56999969482422,62.47999954223633,62.86000061035156,717600.0
2012-11-08T00:00:00.000000000,62.720001220703125,62.86000061035156,61.75,61.7599983215332,938100.0
2012-11-09T00:00:00.000000000,61.54999923706055,62.56999969482422,61.5099983215332,61.779998779296875,603800.0
2012-11-12T00:00:00.000000000,61.79999923706055,62.099998474121094,61.29999923706055,61.36000061035156,475200.0
2012-11-13T00:00:00.000000000,61.11000061035156,61.77000045776367,60.81999969482422,60.86000061035156,519900.0
2012-11-14T00:00:00.000000000,61.150001525878906,61.29999923706055,60.20000076293945,60.34000015258789,827700.0
2012-11-15T00:00:00.000000000,60.099998474121094,60.959999084472656,60.0099983215332,60.40999984741211,666400.0
2012-11-16T00:00:00.000000000,60.5,60.7599983215332,59.93000030517578,60.34000015258789,817100.0
2012-11-19T00:00:00.000000000,61.130001068115234,61.33000183105469,60.650001525878906,61.33000183105469,517300.0
2012-11-20T00:00:00.000000000,61.36000061035156,61.86000061035156,60.9900016784668,61.849998474121094,540600.0
2012-11-21T00:00:00.000000000,61.97999954223633,62.29999923706055,61.709999084472656,62.25,332800.0
2012-11-23T00:00:00.000000000,62.45000076293945,62.970001220703125,61.81999969482422,62.939998626708984,156400.0
2012-11-26T00:00:00.000000000,62.7400016784668,62.959999084472656,62.22999954223633,62.77000045776367,446200.0
2012-11-27T00:00:00.000000000,62.86000061035156,63.31999969482422,62.40999984741211,62.75,935300.0
2012-11-28T00:00:00.000000000,62.369998931884766,63.869998931884766,62.369998931884766,63.84000015258789,482900.0
2012-11-29T00:00:00.000000000,63.84000015258789,64.41000366210938,63.529998779296875,64.38999938964844,722500.0
2012-11-30T00:00:00.000000000,64.47000122070312,65.1500015258789,64.29000091552734,65.08999633789062,1042500.0
2012-12-03T00:00:00.000000000,65.55000305175781,66.9000015258789,64.38999938964844,64.6500015258789,1227600.0
2012-12-04T00:00:00.000000000,64.30000305175781,64.87999725341797,64.05999755859375,64.63999938964844,1106900.0
2012-12-05T00:00:00.000000000,64.5199966430664,64.5999984741211,63.52000045776367,64.2300033569336,829200.0
2012-12-06T00:00:00.000000000,64.20999908447266,64.29000091552734,63.68000030517578,63.9900016784668,459300.0
2012-12-07T00:00:00.000000000,64.04000091552734,64.22000122070312,63.65999984741211,64.05000305175781,531900.0
2012-12-10T00:00:00.000000000,63.95000076293945,64.23999786376953,63.4900016784668,63.650001525878906,618700.0
2012-12-11T00:00:00.000000000,64.04000091552734,64.04000091552734,63.349998474121094,63.47999954223633,609700.0
2012-12-12T00:00:00.000000000,63.790000915527344,64.22000122070312,62.9900016784668,63.150001525878906,771200.0
2012-12-13T00:00:00.000000000,63.189998626708984,63.599998474121094,62.900001525878906,63.0,632000.0
2012-12-14T00:00:00.000000000,62.869998931884766,63.220001220703125,62.459999084472656,62.5099983215332,891600.0
2012-12-17T00:00:00.000000000,62.9900016784668,63.599998474121094,62.630001068115234,63.31999969482422,827400.0
2012-12-18T00:00:00.000000000,63.38999938964844,63.84000015258789,63.27000045776367,63.65999984741211,967200.0
2012-12-19T00:00:00.000000000,63.72999954223633,64.2300033569336,63.58000183105469,64.0,531800.0
2012-12-20T00:00:00.000000000,64.0,64.69000244140625,63.68000030517578,64.66999816894531,584100.0
2012-12-21T00:00:00.000000000,63.68000030517578,64.93000030517578,63.68000030517578,64.11000061035156,1391200.0
2012-12-24T00:00:00.000000000,63.9900016784668,64.11000061035156,62.88999938964844,63.81999969482422,219600.0
2012-12-26T00:00:00.000000000,63.84000015258789,64.02999877929688,63.13999938964844,63.13999938964844,458900.0
2012-12-27T00:00:00.000000000,63.16999816894531,63.689998626708984,62.7599983215332,63.560001373291016,632200.0
2012-12-28T00:00:00.000000000,63.310001373291016,63.58000183105469,62.65999984741211,62.779998779296875,476300.0
2012-12-31T00:00:00.000000000,62.599998474121094,63.63999938964844,62.599998474121094,63.58000183105469,551700.0
2013-01-02T00:00:00.000000000,64.69999694824219,65.19000244140625,64.43000030517578,65.1500015258789,725700.0
2013-01-03T00:00:00.000000000,65.44999694824219,65.91999816894531,65.2699966430664,65.4000015258789,580900.0
2013-01-04T00:00:00.000000000,65.62000274658203,65.69999694824219,64.56999969482422,65.62999725341797,664300.0
2013-01-07T00:00:00.000000000,65.45999908447266,65.45999908447266,64.9800033569336,65.20999908447266,525500.0
2013-01-08T00:00:00.000000000,65.0,65.48999786376953,64.47000122070312,65.13999938964844,832300.0
2013-01-09T00:00:00.000000000,65.16000366210938,65.73999786376953,65.13999938964844,65.72000122070312,494200.0
2013-01-10T00:00:00.000000000,66.04000091552734,66.5,64.9800033569336,65.63999938964844,643700.0
2013-01-11T00:00:00.000000000,65.58000183105469,65.70999908447266,64.75,65.04000091552734,528600.0
2013-01-14T00:00:00.000000000,65.16000366210938,65.51000213623047,64.95999908447266,65.30000305175781,427500.0
2013-01-15T00:00:00.000000000,65.19000244140625,65.70999908447266,64.98999786376953,65.63999938964844,323500.0
2013-01-16T00:00:00.000000000,65.33000183105469,65.48999786376953,65.19000244140625,65.30999755859375,343000.0
2013-01-17T00:00:00.000000000,65.58999633789062,65.88999938964844,65.41999816894531,65.41999816894531,483600.0
2013-01-18T00:00:00.000000000,65.5999984741211,65.70999908447266,65.2300033569336,65.41999816894531,975000.0
2013-01-22T00:00:00.000000000,65.44000244140625,66.06999969482422,65.18000030517578,66.05999755859375,614200.0
2013-01-23T00:00:00.000000000,65.97000122070312,66.41000366210938,65.58999633789062,65.87999725341797,393100.0
2013-01-24T00:00:00.000000000,66.13999938964844,66.87999725341797,65.83000183105469,66.5999984741211,499300.0
2013-01-25T00:00:00.000000000,66.86000061035156,67.0,66.45999908447266,66.9800033569336,439400.0
2013-01-28T00:00:00.000000000,66.94000244140625,66.98999786376953,66.3499984741211,66.66000366210938,540000.0
2013-01-29T00:00:00.000000000,67.02999877929688,68.41999816894531,66.8499984741211,68.23999786376953,1319500.0
2013-01-30T00:00:00.000000000,68.30000305175781,68.41999816894531,67.52999877929688,67.5999984741211,659200.0
2013-01-31T00:00:00.000000000,67.5199966430664,68.13999938964844,67.11000061035156,68.02999877929688,1093500.0
2013-02-01T00:00:00.000000000,68.51000213623047,69.01000213623047,68.22000122070312,68.94000244140625,751200.0
2013-02-04T00:00:00.000000000,68.52999877929688,68.76000213623047,68.4000015258789,68.5999984741211,1055400.0
2013-02-05T00:00:00.000000000,68.88999938964844,69.47000122070312,68.63999938964844,69.19999694824219,601800.0
2013-02-06T00:00:00.000000000,69.19999694824219,69.41000366210938,68.86000061035156,69.41000366210938,485400.0
2013-02-07T00:00:00.000000000,69.69999694824219,70.06999969482422,69.16999816894531,69.5,802200.0
2013-02-08T00:00:00.000000000,69.56999969482422,69.98999786376953,69.56999969482422,69.91999816894531,533100.0
2013-02-11T00:00:00.000000000,69.91999816894531,70.11000061035156,69.47000122070312,69.88999938964844,417500.0
2013-02-12T00:00:00.000000000,69.87000274658203,70.2300033569336,69.83999633789062,70.19000244140625,659400.0
2013-02-13T00:00:00.000000000,70.19999694824219,70.62000274658203,69.88999938964844,70.54000091552734,600700.0
2013-02-14T00:00:00.000000000,70.55000305175781,70.87000274658203,70.36000061035156,70.79000091552734,581600.0
2013-02-15T00:00:00.000000000,70.91999816894531,71.44000244140625,70.83999633789062,71.44000244140625,837200.0
2013-02-19T00:00:00.000000000,70.91000366210938,70.91000366210938,68.29000091552734,68.75,2307900.0
2013-02-20T00:00:00.000000000,68.79000091552734,69.63999938964844,68.75,69.0,925300.0
2013-02-21T00:00:00.000000000,68.91999816894531,68.9800033569336,68.30000305175781,68.63999938964844,907500.0
2013-02-22T00:00:00.000000000,69.0,69.58000183105469,68.8499984741211,69.56999969482422,476100.0
2013-02-25T00:00:00.000000000,69.87000274658203,69.93000030517578,68.58999633789062,68.83999633789062,877600.0
2013-02-26T00:00:00.000000000,69.1500015258789,69.41999816894531,68.62000274658203,69.26000213623047,798100.0
2013-02-27T00:00:00.000000000,69.2300033569336,70.48999786376953,69.0,70.48999786376953,770900.0
2013-02-28T00:00:00.000000000,70.58000183105469,71.47000122070312,70.37000274658203,71.02999877929688,1765900.0
2013-03-01T00:00:00.000000000,70.80000305175781,71.16000366210938,70.43000030517578,71.0,1134900.0
2013-03-04T00:00:00.000000000,71.0,71.98999786376953,70.83999633789062,71.97000122070312,771600.0
2013-03-05T00:00:00.000000000,72.29000091552734,73.0199966430664,72.22000122070312,72.7699966430664,640100.0
2013-03-06T00:00:00.000000000,72.20999908447266,72.63999938964844,72.01000213623047,72.62000274658203,695500.0
2013-03-07T00:00:00.000000000,73.26000213623047,73.33999633789062,72.47000122070312,73.20999908447266,1556200.0
2013-03-08T00:00:00.000000000,73.5199966430664,74.72000122070312,73.22000122070312,73.93000030517578,2032100.0
2013-03-11T00:00:00.000000000,73.69000244140625,75.36000061035156,73.58000183105469,75.11000061035156,1319900.0
2013-03-12T00:00:00.000000000,75.08999633789062,75.5,75.0,75.44000244140625,670000.0
2013-03-13T00:00:00.000000000,75.62999725341797,75.80999755859375,75.25,75.75,869600.0
2013-03-14T00:00:00.000000000,75.87000274658203,76.55999755859375,75.6500015258789,76.55999755859375,1070300.0
2013-03-15T00:00:00.000000000,76.12000274658203,76.5999984741211,75.72000122070312,75.86000061035156,1050100.0
2013-03-18T00:00:00.000000000,75.19000244140625,76.13999938964844,75.0999984741211,75.72000122070312,570200.0
2013-03-19T00:00:00.000000000,75.75,76.0,74.9000015258789,75.69999694824219,699900.0
2013-03-20T00:00:00.000000000,76.16000366210938,76.73999786376953,76.12000274658203,76.6500015258789,487700.0
2013-03-21T00:00:00.000000000,76.33999633789062,77.3499984741211,76.2699966430664,77.20999908447266,1002800.0
2013-03-22T00:00:00.000000000,77.51000213623047,77.77999877929688,76.4800033569336,77.4000015258789,575500.0
2013-03-25T00:00:00.000000000,77.77999877929688,77.9800033569336,76.20999908447266,76.33999633789062,858900.0
2013-03-26T00:00:00.000000000,76.54000091552734,77.41000366210938,76.18000030517578,77.30000305175781,1751100.0
2013-03-27T00:00:00.000000000,76.83000183105469,77.41999816894531,76.77999877929688,77.36000061035156,491200.0
2013-03-28T00:00:00.000000000,77.33999633789062,78.12000274658203,77.0999984741211,78.0,556600.0
2013-04-01T00:00:00.000000000,77.37000274658203,77.62999725341797,76.6500015258789,77.12000274658203,527800.0
2013-04-02T00:00:00.000000000,77.68000030517578,78.22000122070312,77.29000091552734,78.01000213623047,751200.0
2013-04-03T00:00:00.000000000,78.2300033569336,78.2699966430664,76.25,76.62000274658203,898900.0
2013-04-04T00:00:00.000000000,76.83000183105469,77.52999877929688,76.69999694824219,77.5,372500.0
2013-04-05T00:00:00.000000000,76.7300033569336,77.4000015258789,76.5199966430664,77.05999755859375,611300.0
2013-04-08T00:00:00.000000000,77.05000305175781,77.87999725341797,77.04000091552734,77.87999725341797,461200.0
2013-04-09T00:00:00.000000000,78.0,78.0,76.83999633789062,77.44999694824219,764800.0
2013-04-10T00:00:00.000000000,77.63999938964844,78.25,77.30999755859375,78.0,1020400.0
2013-04-11T00:00:00.000000000,78.04000091552734,78.23999786376953,77.68000030517578,78.0,1256300.0
2013-04-12T00:00:00.000000000,77.68000030517578,78.05999755859375,77.2699966430664,77.73999786376953,794500.0
2013-04-15T00:00:00.000000000,77.29000091552734,77.44999694824219,75.41999816894531,75.48999786376953,1059500.0
2013-04-16T00:00:00.000000000,75.91000366210938,76.1500015258789,75.5,76.0199966430664,1315700.0
2013-04-17T00:00:00.000000000,75.69999694824219,75.80000305175781,74.1500015258789,75.29000091552734,1145200.0
2013-04-18T00:00:00.000000000,75.61000061035156,76.23999786376953,74.5199966430664,75.30000305175781,1027900.0
2013-04-19T00:00:00.000000000,73.43000030517578,74.81999969482422,71.87000274658203,73.66000366210938,2965500.0
2013-04-22T00:00:00.000000000,73.87999725341797,73.91000366210938,72.12000274658203,72.91000366210938,1295200.0
2013-04-23T00:00:00.000000000,73.25,74.3499984741211,73.25,74.16000366210938,910600.0
2013-04-24T00:00:00.000000000,74.37000274658203,74.73999786376953,73.75,74.19999694824219,810000.0
2013-04-25T00:00:00.000000000,74.55000305175781,76.1500015258789,74.19999694824219,75.5199966430664,771500.0
2013-04-26T00:00:00.000000000,75.55000305175781,75.7300033569336,74.8499984741211,75.04000091552734,446500.0
2013-04-29T00:00:00.000000000,75.36000061035156,75.5199966430664,74.93000030517578,75.18000030517578,405300.0
2013-04-30T00:00:00.000000000,75.18000030517578,76.3499984741211,74.41999816894531,76.33000183105469,1389800.0
2013-05-01T00:00:00.000000000,76.19000244140625,76.20999908447266,74.5199966430664,74.62000274658203,753900.0
2013-05-02T00:00:00.000000000,74.76000213623047,76.05000305175781,74.70999908447266,75.91999816894531,521000.0
2013-05-03T00:00:00.000000000,76.48999786376953,77.51000213623047,76.48999786376953,77.0999984741211,653100.0
2013-05-06T00:00:00.000000000,77.16000366210938,77.62999725341797,76.91000366210938,77.30999755859375,463300.0
2013-05-07T00:00:00.000000000,77.62000274658203,78.29000091552734,77.37000274658203,78.29000091552734,576200.0
2013-05-08T00:00:00.000000000,78.13999938964844,78.31999969482422,77.62999725341797,77.8499984741211,553100.0
2013-05-09T00:00:00.000000000,77.87000274658203,78.05000305175781,77.36000061035156,77.66000366210938,659000.0
2013-05-10T00:00:00.000000000,77.75,78.08000183105469,77.51000213623047,77.86000061035156,664700.0
2013-05-13T00:00:00.000000000,77.87999725341797,78.27999877929688,77.29000091552734,77.9000015258789,437100.0
2013-05-14T00:00:00.000000000,78.08999633789062,78.94000244140625,77.68000030517578,78.9000015258789,530300.0
2013-05-15T00:00:00.000000000,78.91000366210938,80.08000183105469,78.88999938964844,80.06999969482422,367800.0
2013-05-16T00:00:00.000000000,79.88999938964844,80.37999725341797,79.44999694824219,79.8499984741211,702900.0
2013-05-17T00:00:00.000000000,79.9800033569336,81.2699966430664,79.80999755859375,81.25,726300.0
2013-05-20T00:00:00.000000000,81.11000061035156,81.87000274658203,81.11000061035156,81.22000122070312,418800.0
2013-05-21T00:00:00.000000000,81.41000366210938,82.91000366210938,81.41000366210938,82.63999938964844,494600.0
2013-05-22T00:00:00.000000000,82.72000122070312,84.2699966430664,81.7300033569336,82.11000061035156,881700.0
2013-05-23T00:00:00.000000000,81.4000015258789,82.68000030517578,81.18000030517578,81.97000122070312,502500.0
2013-05-24T00:00:00.000000000,81.44999694824219,81.69999694824219,81.02999877929688,81.4000015258789,468600.0
2013-05-28T00:00:00.000000000,82.30999755859375,82.70999908447266,81.16000366210938,81.88999938964844,508000.0
2013-05-29T00:00:00.000000000,81.44000244140625,81.62000274658203,79.38999938964844,79.58999633789062,1080900.0
2013-05-30T00:00:00.000000000,79.83000183105469,80.16999816894531,78.33999633789062,78.52999877929688,1098000.0
2013-05-31T00:00:00.000000000,78.33000183105469,79.5,77.73999786376953,77.73999786376953,887600.0
2013-06-03T00:00:00.000000000,78.12999725341797,78.12999725341797,76.56999969482422,77.5,1069000.0
2013-06-04T00:00:00.000000000,77.54000091552734,78.08000183105469,76.5,76.80999755859375,875400.0
2013-06-05T00:00:00.000000000,76.41000366210938,76.69999694824219,75.13999938964844,75.33999633789062,680700.0
2013-06-06T00:00:00.000000000,75.55999755859375,76.0,75.12000274658203,75.9000015258789,653700.0
2013-06-07T00:00:00.000000000,76.79000091552734,77.55999755859375,76.2699966430664,77.47000122070312,618700.0
2013-06-10T00:00:00.000000000,77.7699966430664,78.12000274658203,77.30000305175781,77.93000030517578,606100.0
2013-06-11T00:00:00.000000000,76.97000122070312,77.80000305175781,76.93000030517578,77.30999755859375,341200.0
2013-06-12T00:00:00.000000000,79.13999938964844,79.13999938964844,77.26000213623047,77.44000244140625,569000.0
2013-06-13T00:00:00.000000000,77.56999969482422,78.69000244140625,77.30000305175781,78.62000274658203,411900.0
2013-06-14T00:00:00.000000000,78.45999908447266,79.11000061035156,78.01000213623047,78.63999938964844,398300.0
2013-06-17T00:00:00.000000000,79.04000091552734,79.48999786376953,78.55999755859375,78.97000122070312,373600.0
2013-06-18T00:00:00.000000000,79.12000274658203,79.69000244140625,78.51000213623047,79.63999938964844,430900.0
2013-06-19T00:00:00.000000000,79.63999938964844,79.77999877929688,78.51000213623047,78.51000213623047,351900.0
2013-06-20T00:00:00.000000000,77.94000244140625,78.0,76.33000183105469,76.47000122070312,752900.0
2013-06-21T00:00:00.000000000,77.08000183105469,77.4800033569336,75.58000183105469,76.30999755859375,851500.0
2013-06-24T00:00:00.000000000,75.56999969482422,76.80000305175781,75.13999938964844,75.95999908447266,608400.0
2013-06-25T00:00:00.000000000,76.66999816894531,77.44999694824219,76.18000030517578,77.30000305175781,400700.0
2013-06-26T00:00:00.000000000,77.97000122070312,78.0,76.61000061035156,76.69999694824219,798200.0
2013-06-27T00:00:00.000000000,77.11000061035156,77.6500015258789,76.86000061035156,77.3499984741211,465500.0
2013-06-28T00:00:00.000000000,77.26000213623047,78.4000015258789,76.87000274658203,78.06999969482422,1044100.0
2013-07-01T00:00:00.000000000,78.11000061035156,79.83000183105469,77.62000274658203,79.7699966430664,976800.0
2013-07-02T00:00:00.000000000,82.56999969482422,84.0,81.0199966430664,83.2300033569336,5767000.0
2013-07-03T00:00:00.000000000,84.0199966430664,84.25,82.75,82.86000061035156,1203100.0
2013-07-05T00:00:00.000000000,83.56999969482422,83.80999755859375,82.13999938964844,83.73999786376953,1040200.0
2013-07-08T00:00:00.000000000,84.75,85.2699966430664,83.16000366210938,83.68000030517578,1419000.0
2013-07-09T00:00:00.000000000,84.16000366210938,84.63999938964844,83.30000305175781,83.62999725341797,1396300.0
2013-07-10T00:00:00.000000000,83.62999725341797,83.7300033569336,82.77999877929688,83.5,1025300.0
2013-07-11T00:00:00.000000000,84.33000183105469,84.86000061035156,84.0,84.80000305175781,788000.0
2013-07-12T00:00:00.000000000,84.7300033569336,85.06999969482422,84.02999877929688,85.02999877929688,642300.0
2013-07-15T00:00:00.000000000,85.25,85.41000366210938,84.37999725341797,84.5199966430664,700100.0
2013-07-16T00:00:00.000000000,84.62000274658203,84.94999694824219,83.66999816894531,84.19000244140625,587800.0
2013-07-17T00:00:00.000000000,84.51000213623047,85.0,83.68000030517578,84.12999725341797,856800.0
2013-07-18T00:00:00.000000000,83.0,84.61000061035156,81.0999984741211,82.33999633789062,2099400.0
2013-07-19T00:00:00.000000000,82.20999908447266,82.76000213623047,81.33000183105469,82.4000015258789,1087900.0
2013-07-22T00:00:00.000000000,82.37999725341797,82.54000091552734,81.3499984741211,81.83999633789062,1130300.0
2013-07-23T00:00:00.000000000,82.16000366210938,82.52999877929688,81.58000183105469,81.68000030517578,1056400.0
2013-07-24T00:00:00.000000000,81.91999816894531,82.36000061035156,80.94999694824219,81.29000091552734,1046400.0
2013-07-25T00:00:00.000000000,81.06999969482422,81.93000030517578,80.81999969482422,81.91000366210938,917700.0
2013-07-26T00:00:00.000000000,81.45999908447266,82.11000061035156,81.26000213623047,82.0999984741211,385100.0
2013-07-29T00:00:00.000000000,82.05000305175781,82.56999969482422,81.45999908447266,81.54000091552734,472200.0
2013-07-30T00:00:00.000000000,82.02999877929688,82.54000091552734,81.80999755859375,81.83000183105469,374200.0
2013-07-31T00:00:00.000000000,82.0999984741211,82.73999786376953,81.87000274658203,81.98999786376953,530600.0
2013-08-01T00:00:00.000000000,82.66000366210938,84.04000091552734,82.52999877929688,83.97000122070312,488400.0
2013-08-02T00:00:00.000000000,83.93000030517578,84.58000183105469,83.33000183105469,84.56999969482422,642000.0
2013-08-05T00:00:00.000000000,84.30000305175781,84.66999816894531,83.63999938964844,84.37999725341797,472000.0
2013-08-06T00:00:00.000000000,84.1500015258789,84.5999984741211,83.02999877929688,83.33000183105469,697000.0
2013-08-07T00:00:00.000000000,83.25,83.33000183105469,82.23999786376953,82.68000030517578,827000.0
2013-08-08T00:00:00.000000000,83.29000091552734,83.4800033569336,82.2300033569336,82.4000015258789,776200.0
2013-08-09T00:00:00.000000000,82.47000122070312,83.19000244140625,82.26000213623047,82.58000183105469,846200.0
2013-08-12T00:00:00.000000000,82.23999786376953,82.69999694824219,81.4800033569336,81.6500015258789,824400.0
2013-08-13T00:00:00.000000000,81.93000030517578,82.05000305175781,81.19000244140625,81.56999969482422,635900.0
2013-08-14T00:00:00.000000000,81.6500015258789,81.6500015258789,80.52999877929688,80.62000274658203,580900.0
2013-08-15T00:00:00.000000000,80.16000366210938,80.16999816894531,78.69000244140625,78.75,864700.0
2013-08-16T00:00:00.000000000,78.27999877929688,78.73999786376953,77.80000305175781,77.83000183105469,2428300.0
2013-08-19T00:00:00.000000000,77.88999938964844,78.2300033569336,77.69999694824219,78.16000366210938,789700.0
2013-08-20T00:00:00.000000000,78.33000183105469,80.05000305175781,78.33000183105469,79.7300033569336,776100.0
2013-08-21T00:00:00.000000000,79.61000061035156,79.94000244140625,78.80999755859375,78.93000030517578,590800.0
2013-08-22T00:00:00.000000000,78.9800033569336,79.56999969482422,78.5199966430664,79.3499984741211,364600.0
2013-08-23T00:00:00.000000000,79.55000305175781,79.61000061035156,78.80999755859375,79.41999816894531,381600.0
2013-08-26T00:00:00.000000000,79.5,79.94000244140625,79.19000244140625,79.41999816894531,385800.0
2013-08-27T00:00:00.000000000,78.33000183105469,78.70999908447266,77.79000091552734,77.83999633789062,572000.0
2013-08-28T00:00:00.000000000,77.9000015258789,78.05000305175781,76.9000015258789,77.26000213623047,672600.0
2013-08-29T00:00:00.000000000,77.19999694824219,77.73999786376953,77.01000213623047,77.30000305175781,425600.0
2013-08-30T00:00:00.000000000,77.54000091552734,77.54000091552734,76.55000305175781,77.01000213623047,498700.0
2013-09-03T00:00:00.000000000,77.80000305175781,78.06999969482422,76.69999694824219,77.11000061035156,629900.0
2013-09-04T00:00:00.000000000,76.44000244140625,77.23999786376953,76.4000015258789,77.0999984741211,492900.0
2013-09-05T00:00:00.000000000,77.05999755859375,78.55999755859375,76.94000244140625,78.31999969482422,614500.0
2013-09-06T00:00:00.000000000,78.80999755859375,79.18000030517578,77.83000183105469,78.66000366210938,726500.0
2013-09-09T00:00:00.000000000,78.75,80.33999633789062,78.75,80.22000122070312,699300.0
2013-09-10T00:00:00.000000000,80.61000061035156,81.1500015258789,80.47000122070312,80.93000030517578,814700.0
2013-09-11T00:00:00.000000000,80.98999786376953,81.4000015258789,80.70999908447266,81.0199966430664,461900.0
2013-09-12T00:00:00.000000000,80.91000366210938,81.22000122070312,80.01000213623047,80.2300033569336,551600.0
2013-09-13T00:00:00.000000000,80.48999786376953,80.58999633789062,79.44999694824219,79.80000305175781,793100.0
2013-09-16T00:00:00.000000000,80.80000305175781,80.83999633789062,79.69000244140625,79.88999938964844,625700.0
2013-09-17T00:00:00.000000000,79.88999938964844,80.36000061035156,79.83000183105469,80.36000061035156,282000.0
2013-09-18T00:00:00.000000000,80.38999938964844,81.80000305175781,79.5999984741211,81.58000183105469,492500.0
2013-09-19T00:00:00.000000000,81.94000244140625,82.41999816894531,81.43000030517578,81.75,337000.0
2013-09-20T00:00:00.000000000,81.83999633789062,82.45999908447266,81.2699966430664,81.30999755859375,687300.0
2013-09-23T00:00:00.000000000,81.30000305175781,81.5,80.29000091552734,81.06999969482422,427400.0
2013-09-24T00:00:00.000000000,81.12000274658203,81.41999816894531,80.55999755859375,80.83999633789062,506200.0
2013-09-25T00:00:00.000000000,81.0199966430664,81.52999877929688,80.58999633789062,80.94000244140625,519000.0
2013-09-26T00:00:00.000000000,80.98999786376953,81.5,80.31999969482422,80.69999694824219,463700.0
2013-09-27T00:00:00.000000000,80.2699966430664,80.48999786376953,80.08999633789062,80.38999938964844,453200.0
2013-09-30T00:00:00.000000000,79.83999633789062,80.9000015258789,79.69000244140625,80.88999938964844,744700.0
2013-10-01T00:00:00.000000000,80.73999786376953,81.29000091552734,80.12999725341797,81.19000244140625,725100.0
2013-10-02T00:00:00.000000000,80.83999633789062,81.26000213623047,79.9000015258789,81.2300033569336,438400.0
2013-10-03T00:00:00.000000000,81.36000061035156,81.43000030517578,79.27999877929688,79.3499984741211,895400.0
2013-10-04T00:00:00.000000000,79.26000213623047,80.66000366210938,79.08000183105469,80.6500015258789,522700.0
2013-10-07T00:00:00.000000000,79.93000030517578,80.61000061035156,79.47000122070312,79.48999786376953,492800.0
2013-10-08T00:00:00.000000000,79.55999755859375,79.7300033569336,78.25,78.27999877929688,486400.0
2013-10-09T00:00:00.000000000,78.44000244140625,78.62000274658203,77.66000366210938,78.2699966430664,451800.0
2013-10-10T00:00:00.000000000,79.2300033569336,80.72000122070312,78.95999908447266,80.55000305175781,670500.0
2013-10-11T00:00:00.000000000,80.37999725341797,80.62000274658203,79.97000122070312,80.61000061035156,578000.0
2013-10-14T00:00:00.000000000,79.69999694824219,80.05000305175781,79.41000366210938,79.91000366210938,674000.0
2013-10-15T00:00:00.000000000,79.83999633789062,79.83999633789062,78.5199966430664,78.91999816894531,908100.0
2013-10-16T00:00:00.000000000,79.22000122070312,80.54000091552734,79.1500015258789,79.73999786376953,1136100.0
2013-10-17T00:00:00.000000000,79.47000122070312,80.9000015258789,79.16000366210938,80.7699966430664,926800.0
2013-10-18T00:00:00.000000000,77.9800033569336,79.4800033569336,76.44999694824219,78.6500015258789,2957800.0
2013-10-21T00:00:00.000000000,78.68000030517578,78.69999694824219,77.13999938964844,78.08999633789062,992500.0
2013-10-22T00:00:00.000000000,78.29000091552734,78.72000122070312,77.69000244140625,78.19999694824219,704900.0
2013-10-23T00:00:00.000000000,78.08999633789062,78.58000183105469,77.73999786376953,78.4000015258789,653900.0
2013-10-24T00:00:00.000000000,78.69999694824219,79.05999755859375,78.37000274658203,78.83999633789062,602400.0
2013-10-25T00:00:00.000000000,79.12000274658203,79.12000274658203,76.26000213623047,79.08999633789062,570200.0
2013-10-28T00:00:00.000000000,79.20999908447266,79.45999908447266,78.87000274658203,79.08000183105469,519700.0
2013-10-29T00:00:00.000000000,79.3499984741211,79.52999877929688,78.6500015258789,79.48999786376953,586300.0
2013-10-30T00:00:00.000000000,79.58000183105469,80.0,78.48999786376953,79.0999984741211,642000.0
2013-10-31T00:00:00.000000000,78.93000030517578,79.33000183105469,78.37999725341797,78.83000183105469,675400.0
2013-11-01T00:00:00.000000000,79.0199966430664,79.30000305175781,78.33999633789062,78.98999786376953,393500.0
2013-11-04T00:00:00.000000000,79.61000061035156,80.55000305175781,79.12999725341797,80.52999877929688,782800.0
2013-11-05T00:00:00.000000000,79.91999816894531,80.61000061035156,79.31999969482422,80.20999908447266,730000.0
2013-11-06T00:00:00.000000000,80.5999984741211,81.1500015258789,80.12999725341797,80.95999908447266,502300.0
2013-11-07T00:00:00.000000000,81.25,81.30999755859375,79.4000015258789,79.4800033569336,716800.0
2013-11-08T00:00:00.000000000,79.41999816894531,80.77999877929688,79.18000030517578,80.69000244140625,591700.0
2013-11-11T00:00:00.000000000,80.55000305175781,81.47000122070312,80.51000213623047,81.44000244140625,425400.0
2013-11-12T00:00:00.000000000,81.06999969482422,81.51000213623047,80.80999755859375,81.4000015258789,536800.0
2013-11-13T00:00:00.000000000,80.98999786376953,82.08000183105469,80.86000061035156,81.76000213623047,820100.0
2013-11-14T00:00:00.000000000,81.94000244140625,82.66999816894531,81.55000305175781,82.62999725341797,958800.0
2013-11-15T00:00:00.000000000,82.62999725341797,82.87000274658203,82.01000213623047,82.75,1612300.0
2013-11-18T00:00:00.000000000,83.0,83.0,82.12000274658203,82.43000030517578,606200.0
2013-11-19T00:00:00.000000000,82.33999633789062,82.44999694824219,81.58000183105469,81.87999725341797,1533600.0
2013-11-20T00:00:00.000000000,82.27999877929688,82.44000244140625,81.04000091552734,81.25,876200.0
2013-11-21T00:00:00.000000000,81.4000015258789,81.81999969482422,81.12000274658203,81.6500015258789,1704000.0
2013-11-22T00:00:00.000000000,81.80000305175781,82.22000122070312,81.61000061035156,81.94999694824219,639300.0
2013-11-25T00:00:00.000000000,82.13999938964844,82.33000183105469,81.44999694824219,81.58999633789062,459300.0
2013-11-26T00:00:00.000000000,81.7699966430664,81.97000122070312,81.31999969482422,81.3499984741211,626700.0
2013-11-27T00:00:00.000000000,81.6500015258789,81.9000015258789,81.3499984741211,81.83999633789062,432800.0
2013-11-29T00:00:00.000000000,82.12999725341797,83.29000091552734,82.0,82.83999633789062,464200.0
2013-12-02T00:00:00.000000000,82.91000366210938,83.2300033569336,82.1500015258789,82.31999969482422,651000.0
2013-12-03T00:00:00.000000000,82.79000091552734,84.88999938964844,82.38999938964844,82.95999908447266,1770800.0
2013-12-04T00:00:00.000000000,81.9800033569336,82.62999725341797,80.80000305175781,81.45999908447266,896200.0
2013-12-05T00:00:00.000000000,81.33999633789062,81.38999938964844,80.25,80.33000183105469,1006200.0
2013-12-06T00:00:00.000000000,81.1500015258789,81.80999755859375,80.87000274658203,81.72000122070312,1118300.0
2013-12-09T00:00:00.000000000,81.73999786376953,82.5,81.66000366210938,82.41999816894531,675500.0
2013-12-10T00:00:00.000000000,82.29000091552734,83.04000091552734,82.2300033569336,82.77999877929688,562900.0
2013-12-11T00:00:00.000000000,82.69000244140625,82.7699966430664,81.4000015258789,81.62000274658203,853800.0
2013-12-12T00:00:00.000000000,81.43000030517578,81.68000030517578,81.0,81.08999633789062,544200.0
2013-12-13T00:00:00.000000000,81.37999725341797,81.6500015258789,80.72000122070312,81.12000274658203,540700.0
2013-12-16T00:00:00.000000000,81.44000244140625,81.69000244140625,80.94000244140625,80.94000244140625,1080600.0
2013-12-17T00:00:00.000000000,80.83999633789062,81.16000366210938,80.5,80.55999755859375,612200.0
2013-12-18T00:00:00.000000000,80.7699966430664,81.73999786376953,80.18000030517578,81.73999786376953,967700.0
2013-12-19T00:00:00.000000000,81.63999938964844,81.93000030517578,81.38999938964844,81.5999984741211,907400.0
2013-12-20T00:00:00.000000000,81.69000244140625,82.08000183105469,81.33000183105469,81.7699966430664,802500.0
2013-12-23T00:00:00.000000000,82.23999786376953,82.63999938964844,82.01000213623047,82.30000305175781,393200.0
2013-12-24T00:00:00.000000000,82.4800033569336,82.91000366210938,82.19999694824219,82.73999786376953,144400.0
2013-12-26T00:00:00.000000000,82.83999633789062,83.13999938964844,82.68000030517578,83.02999877929688,254600.0
2013-12-27T00:00:00.000000000,83.33000183105469,83.5,82.80000305175781,83.22000122070312,383100.0
2013-12-30T00:00:00.000000000,83.1500015258789,83.36000061035156,82.51000213623047,83.1500015258789,321900.0
2013-12-31T00:00:00.000000000,83.2699966430664,83.63999938964844,82.8499984741211,83.19000244140625,325000.0
2014-01-02T00:00:00.000000000,83.0999984741211,83.12999725341797,81.62999725341797,81.91999816894531,545100.0
2014-01-03T00:00:00.000000000,82.16999816894531,82.80000305175781,81.62000274658203,82.31999969482422,624900.0
2014-01-06T00:00:00.000000000,82.58000183105469,83.1500015258789,82.0,82.04000091552734,644900.0
2014-01-07T00:00:00.000000000,82.87999725341797,83.37999725341797,82.18000030517578,83.12999725341797,864200.0
2014-01-08T00:00:00.000000000,83.02999877929688,83.05999755859375,82.33999633789062,82.91000366210938,881900.0
2014-01-09T00:00:00.000000000,82.9800033569336,83.41999816894531,82.2300033569336,82.83000183105469,567500.0
2014-01-10T00:00:00.000000000,82.91000366210938,83.48999786376953,82.22000122070312,83.44999694824219,938600.0
2014-01-13T00:00:00.000000000,83.16999816894531,83.44999694824219,81.43000030517578,81.62999725341797,814600.0
2014-01-14T00:00:00.000000000,82.08999633789062,82.87000274658203,81.5,82.73999786376953,622600.0
2014-01-15T00:00:00.000000000,82.79000091552734,83.87000274658203,82.25,83.56999969482422,935800.0
2014-01-16T00:00:00.000000000,83.5199966430664,84.61000061035156,83.27999877929688,84.5999984741211,726300.0
2014-01-17T00:00:00.000000000,84.66999816894531,84.66999816894531,83.58000183105469,84.13999938964844,1359000.0
2014-01-21T00:00:00.000000000,84.1500015258789,84.43000030517578,83.55000305175781,84.23999786376953,856800.0
2014-01-22T00:00:00.000000000,84.62999725341797,84.80999755859375,83.77999877929688,84.75,877500.0
2014-01-23T00:00:00.000000000,84.02999877929688,84.16999816894531,83.5,84.05000305175781,674000.0
2014-01-24T00:00:00.000000000,83.30000305175781,83.5199966430664,82.33000183105469,82.33999633789062,848700.0
2014-01-27T00:00:00.000000000,82.63999938964844,83.47000122070312,82.13999938964844,82.91000366210938,840500.0
2014-01-28T00:00:00.000000000,83.4000015258789,83.68000030517578,82.91999816894531,83.20999908447266,1356000.0
2014-01-29T00:00:00.000000000,82.62999725341797,82.86000061035156,81.05999755859375,81.31999969482422,696400.0
2014-01-30T00:00:00.000000000,81.98999786376953,82.13999938964844,81.25,82.08000183105469,805800.0
2014-01-31T00:00:00.000000000,81.08000183105469,82.56999969482422,81.0199966430664,82.25,824000.0
2014-02-03T00:00:00.000000000,81.95999908447266,82.19999694824219,77.5,77.75,1524200.0
2014-02-04T00:00:00.000000000,77.4000015258789,78.43000030517578,76.5,78.0,1739100.0
2014-02-05T00:00:00.000000000,77.95999908447266,78.36000061035156,76.8499984741211,78.06999969482422,1058900.0
2014-02-06T00:00:00.000000000,78.54000091552734,80.88999938964844,78.26000213623047,80.5999984741211,1085600.0
2014-02-07T00:00:00.000000000,81.1500015258789,81.7300033569336,80.80000305175781,81.58999633789062,622500.0
2014-02-10T00:00:00.000000000,81.51000213623047,82.13999938964844,81.12000274658203,81.87999725341797,583600.0
2014-02-11T00:00:00.000000000,82.0,83.2300033569336,81.95999908447266,82.8499984741211,635800.0
2014-02-12T00:00:00.000000000,83.04000091552734,83.91000366210938,82.91999816894531,83.81999969482422,706300.0
2014-02-13T00:00:00.000000000,83.11000061035156,85.04000091552734,83.11000061035156,84.63999938964844,931800.0
2014-02-14T00:00:00.000000000,84.69999694824219,85.98999786376953,84.25,85.94999694824219,949300.0
2014-02-18T00:00:00.000000000,87.0,90.0,87.0,87.41000366210938,1923900.0
2014-02-19T00:00:00.000000000,87.36000061035156,87.36000061035156,86.18000030517578,86.45999908447266,1141300.0
2014-02-20T00:00:00.000000000,86.2699966430664,87.16999816894531,85.86000061035156,87.05000305175781,663400.0
2014-02-21T00:00:00.000000000,87.13999938964844,87.62999725341797,86.62999725341797,87.25,542000.0
2014-02-24T00:00:00.000000000,87.44999694824219,88.05000305175781,87.11000061035156,87.12000274658203,657800.0
2014-02-25T00:00:00.000000000,87.18000030517578,87.33000183105469,86.55000305175781,86.70999908447266,852000.0
2014-02-26T00:00:00.000000000,86.73999786376953,87.77999877929688,86.63999938964844,87.1500015258789,664100.0
2014-02-27T00:00:00.000000000,86.94000244140625,87.13999938964844,86.0999984741211,86.79000091552734,618700.0
2014-02-28T00:00:00.000000000,87.05000305175781,88.2699966430664,86.76000213623047,88.08999633789062,811400.0
2014-03-03T00:00:00.000000000,86.80000305175781,87.27999877929688,85.98999786376953,86.9800033569336,756100.0
2014-03-04T00:00:00.000000000,88.08999633789062,88.30999755859375,87.41000366210938,87.93000030517578,743300.0
2014-03-05T00:00:00.000000000,87.62000274658203,88.13999938964844,87.25,87.5999984741211,594400.0
2014-03-06T00:00:00.000000000,88.02999877929688,88.12000274658203,87.01000213623047,87.08999633789062,523200.0
2014-03-07T00:00:00.000000000,87.3499984741211,87.76000213623047,87.02999877929688,87.4800033569336,486400.0
2014-03-10T00:00:00.000000000,87.30000305175781,87.48999786376953,86.22000122070312,86.55000305175781,595800.0
2014-03-11T00:00:00.000000000,86.76000213623047,87.0999984741211,86.16000366210938,86.44000244140625,447700.0
2014-03-12T00:00:00.000000000,86.05999755859375,86.80000305175781,85.75,86.77999877929688,513900.0
2014-03-13T00:00:00.000000000,87.11000061035156,87.25,85.54000091552734,85.54000091552734,818500.0
2014-03-14T00:00:00.000000000,85.5,86.11000061035156,85.33000183105469,85.43000030517578,865400.0
2014-03-17T00:00:00.000000000,86.01000213623047,86.4000015258789,85.33000183105469,85.7699966430664,673200.0
2014-03-18T00:00:00.000000000,85.93000030517578,86.0999984741211,85.52999877929688,85.8499984741211,493100.0
2014-03-19T00:00:00.000000000,85.97000122070312,86.26000213623047,84.36000061035156,84.9000015258789,698400.0
2014-03-20T00:00:00.000000000,84.68000030517578,85.30000305175781,84.45999908447266,85.08000183105469,598400.0
2014-03-21T00:00:00.000000000,85.5,85.63999938964844,84.58999633789062,84.69000244140625,1192100.0
2014-03-24T00:00:00.000000000,84.91000366210938,85.31999969482422,83.91999816894531,84.19999694824219,572600.0
2014-03-25T00:00:00.000000000,84.95999908447266,85.05000305175781,84.11000061035156,84.45999908447266,683100.0
2014-03-26T00:00:00.000000000,84.7300033569336,85.08000183105469,83.97000122070312,84.23999786376953,604700.0
2014-03-27T00:00:00.000000000,84.05000305175781,84.16000366210938,83.51000213623047,83.95999908447266,444500.0
2014-03-28T00:00:00.000000000,84.37000274658203,85.37999725341797,84.05999755859375,85.2300033569336,464000.0
2014-03-31T00:00:00.000000000,85.73999786376953,86.88999938964844,85.36000061035156,86.8499984741211,739400.0
2014-04-01T00:00:00.000000000,86.7699966430664,86.93000030517578,86.0,86.80000305175781,770800.0
2014-04-02T00:00:00.000000000,87.0,87.48999786376953,86.52999877929688,87.0,883900.0
2014-04-03T00:00:00.000000000,87.70999908447266,87.94999694824219,87.16999816894531,87.61000061035156,690200.0
2014-04-04T00:00:00.000000000,88.08999633789062,88.18000030517578,86.0,86.30000305175781,545000.0
2014-04-07T00:00:00.000000000,85.9000015258789,86.29000091552734,84.19999694824219,84.68000030517578,621200.0
2014-04-08T00:00:00.000000000,84.55999755859375,86.2699966430664,84.3499984741211,86.18000030517578,647900.0
2014-04-09T00:00:00.000000000,86.5199966430664,87.16999816894531,85.88999938964844,87.05999755859375,657900.0
2014-04-10T00:00:00.000000000,87.02999877929688,87.31999969482422,85.44999694824219,85.45999908447266,655600.0
2014-04-11T00:00:00.000000000,84.7699966430664,85.4800033569336,84.44999694824219,84.55000305175781,518700.0
2014-04-14T00:00:00.000000000,85.37000274658203,85.44000244140625,84.08999633789062,84.87999725341797,442200.0
2014-04-15T00:00:00.000000000,85.08000183105469,85.36000061035156,83.72000122070312,85.19999694824219,440000.0
2014-04-16T00:00:00.000000000,86.95999908447266,87.5999984741211,86.75,87.41000366210938,1078900.0
2014-04-17T00:00:00.000000000,87.4000015258789,88.27999877929688,87.16000366210938,87.31999969482422,936100.0
2014-04-21T00:00:00.000000000,87.2699966430664,88.2300033569336,86.70999908447266,87.94999694824219,847100.0
2014-04-22T00:00:00.000000000,88.19000244140625,89.05000305175781,85.97000122070312,86.19000244140625,1502800.0
2014-04-23T00:00:00.000000000,86.20999908447266,86.91999816894531,85.33000183105469,86.63999938964844,1099500.0
2014-04-24T00:00:00.000000000,86.83999633789062,86.83999633789062,85.88999938964844,86.2300033569336,435900.0
2014-04-25T00:00:00.000000000,86.05999755859375,86.05999755859375,85.2699966430664,85.62999725341797,528300.0
2014-04-28T00:00:00.000000000,86.05999755859375,86.7300033569336,85.0,86.54000091552734,817300.0
2014-04-29T00:00:00.000000000,86.75,86.91000366210938,86.08999633789062,86.13999938964844,475000.0
2014-04-30T00:00:00.000000000,86.13999938964844,87.18000030517578,85.7699966430664,87.12000274658203,924100.0
2014-05-01T00:00:00.000000000,87.08000183105469,87.5,85.62999725341797,85.83999633789062,761900.0
2014-05-02T00:00:00.000000000,85.66000366210938,86.62000274658203,85.26000213623047,85.56999969482422,1039800.0
2014-05-05T00:00:00.000000000,85.29000091552734,85.36000061035156,84.48999786376953,84.7300033569336,892900.0
2014-05-06T00:00:00.000000000,84.55000305175781,84.87999725341797,83.95999908447266,84.2699966430664,726400.0
2014-05-07T00:00:00.000000000,84.52999877929688,84.83000183105469,83.83999633789062,84.76000213623047,717700.0
2014-05-08T00:00:00.000000000,84.77999877929688,85.68000030517578,84.62000274658203,85.0,551700.0
2014-05-09T00:00:00.000000000,84.95999908447266,85.13999938964844,84.31999969482422,85.13999938964844,528200.0
2014-05-12T00:00:00.000000000,85.36000061035156,86.19000244140625,85.16999816894531,86.1500015258789,419800.0
2014-05-13T00:00:00.000000000,86.19000244140625,86.43000030517578,85.62000274658203,85.83999633789062,429900.0
2014-05-14T00:00:00.000000000,85.87999725341797,85.87999725341797,85.19999694824219,85.30000305175781,345900.0
2014-05-15T00:00:00.000000000,85.0,85.16000366210938,83.95999908447266,84.54000091552734,545900.0
2014-05-16T00:00:00.000000000,84.58000183105469,85.3499984741211,84.27999877929688,85.30999755859375,452700.0
2014-05-19T00:00:00.000000000,84.91000366210938,85.1500015258789,84.62999725341797,84.9000015258789,676600.0
2014-05-20T00:00:00.000000000,84.69999694824219,84.69999694824219,83.43000030517578,83.7300033569336,568400.0
2014-05-21T00:00:00.000000000,84.16000366210938,84.86000061035156,84.12999725341797,84.77999877929688,450900.0
2014-05-22T00:00:00.000000000,84.87000274658203,85.5,84.69000244140625,85.04000091552734,284600.0
2014-05-23T00:00:00.000000000,85.05000305175781,85.5199966430664,84.91999816894531,85.38999938964844,281300.0
2014-05-27T00:00:00.000000000,85.70999908447266,86.18000030517578,85.43000030517578,85.80999755859375,407300.0
2014-05-28T00:00:00.000000000,85.86000061035156,86.37000274658203,85.41000366210938,86.16000366210938,291900.0
2014-05-29T00:00:00.000000000,86.2699966430664,86.2699966430664,85.5,85.76000213623047,448200.0
2014-05-30T00:00:00.000000000,85.70999908447266,86.37000274658203,85.5199966430664,86.33000183105469,449700.0
2014-06-02T00:00:00.000000000,86.37000274658203,86.9800033569336,85.93000030517578,86.77999877929688,504900.0
2014-06-03T00:00:00.000000000,86.19000244140625,86.44000244140625,85.08000183105469,85.61000061035156,1209400.0
2014-06-04T00:00:00.000000000,84.94999694824219,85.5199966430664,84.80999755859375,85.5,666800.0
2014-06-05T00:00:00.000000000,85.69999694824219,86.19000244140625,85.05000305175781,85.97000122070312,524700.0
2014-06-06T00:00:00.000000000,86.05999755859375,86.83999633789062,85.83999633789062,86.75,406000.0
2014-06-09T00:00:00.000000000,86.6500015258789,87.2699966430664,86.5,86.80999755859375,319400.0
2014-06-10T00:00:00.000000000,86.58999633789062,86.76000213623047,86.0199966430664,86.16999816894531,392100.0
2014-06-11T00:00:00.000000000,85.75,85.97000122070312,85.05000305175781,85.55999755859375,555400.0
2014-06-12T00:00:00.000000000,85.48999786376953,85.48999786376953,84.9800033569336,85.08999633789062,431300.0
2014-06-13T00:00:00.000000000,85.16999816894531,85.5999984741211,84.91999816894531,85.0999984741211,329600.0
2014-06-16T00:00:00.000000000,84.9800033569336,85.55999755859375,84.94999694824219,85.45999908447266,505700.0
2014-06-17T00:00:00.000000000,85.13999938964844,86.20999908447266,85.01000213623047,86.01000213623047,379500.0
2014-06-18T00:00:00.000000000,86.13999938964844,86.9000015258789,85.83000183105469,86.86000061035156,369900.0
2014-06-19T00:00:00.000000000,87.02999877929688,87.33999633789062,86.37000274658203,86.66000366210938,451700.0
2014-06-20T00:00:00.000000000,87.02999877929688,87.5,86.54000091552734,87.47000122070312,775100.0
2014-06-23T00:00:00.000000000,87.31999969482422,87.62999725341797,86.83000183105469,86.94000244140625,347800.0
2014-06-24T00:00:00.000000000,86.79000091552734,87.16999816894531,86.31999969482422,86.37999725341797,409300.0
2014-06-25T00:00:00.000000000,86.11000061035156,86.83999633789062,86.05000305175781,86.52999877929688,370100.0
2014-06-26T00:00:00.000000000,86.62000274658203,86.72000122070312,85.73999786376953,86.45999908447266,291900.0
2014-06-27T00:00:00.000000000,86.29000091552734,87.45999908447266,86.29000091552734,87.37999725341797,620600.0
2014-06-30T00:00:00.000000000,87.2699966430664,87.94000244140625,87.06999969482422,87.80000305175781,696100.0
2014-07-01T00:00:00.000000000,87.0,88.20999908447266,86.5999984741211,87.91000366210938,795000.0
2014-07-02T00:00:00.000000000,87.62000274658203,88.01000213623047,87.04000091552734,87.5999984741211,629800.0
2014-07-03T00:00:00.000000000,88.01000213623047,89.1500015258789,87.87999725341797,89.05000305175781,417700.0
2014-07-07T00:00:00.000000000,88.87999725341797,88.91000366210938,88.25,88.55000305175781,509400.0
2014-07-08T00:00:00.000000000,88.27999877929688,88.4000015258789,87.77999877929688,87.87999725341797,343700.0
2014-07-09T00:00:00.000000000,87.97000122070312,88.70999908447266,87.8499984741211,88.58999633789062,494300.0
2014-07-10T00:00:00.000000000,87.5999984741211,87.86000061035156,86.8499984741211,86.87999725341797,562000.0
2014-07-11T00:00:00.000000000,86.76000213623047,87.12999725341797,86.30999755859375,87.12000274658203,511300.0
2014-07-14T00:00:00.000000000,87.81999969482422,87.81999969482422,87.13999938964844,87.2699966430664,287300.0
2014-07-15T00:00:00.000000000,87.16000366210938,87.47000122070312,86.30000305175781,86.58000183105469,448600.0
2014-07-16T00:00:00.000000000,87.05000305175781,87.22000122070312,86.26000213623047,86.76000213623047,778200.0
2014-07-17T00:00:00.000000000,86.33999633789062,87.05000305175781,85.98999786376953,86.02999877929688,414500.0
2014-07-18T00:00:00.000000000,86.48999786376953,87.19999694824219,85.91999816894531,87.19000244140625,872500.0
2014-07-21T00:00:00.000000000,87.77999877929688,89.9000015258789,86.68000030517578,87.37999725341797,1336900.0
2014-07-22T00:00:00.000000000,87.8499984741211,87.91000366210938,85.73999786376953,85.9000015258789,984700.0
2014-07-23T00:00:00.000000000,85.87000274658203,86.05999755859375,85.2699966430664,85.30999755859375,642800.0
2014-07-24T00:00:00.000000000,85.7300033569336,85.91000366210938,85.23999786376953,85.45999908447266,520000.0
2014-07-25T00:00:00.000000000,85.11000061035156,85.5199966430664,84.94999694824219,85.30999755859375,326100.0
2014-07-28T00:00:00.000000000,85.29000091552734,85.3499984741211,84.63999938964844,84.83000183105469,436400.0
2014-07-29T00:00:00.000000000,84.76000213623047,85.06999969482422,84.23999786376953,84.23999786376953,416800.0
2014-07-30T00:00:00.000000000,84.5,85.05000305175781,84.19999694824219,84.91999816894531,761200.0
2014-07-31T00:00:00.000000000,84.2699966430664,84.55999755859375,82.81999969482422,82.81999969482422,1142600.0
2014-08-01T00:00:00.000000000,82.73999786376953,83.0199966430664,82.20999908447266,82.61000061035156,625700.0
2014-08-04T00:00:00.000000000,82.61000061035156,83.33000183105469,82.1500015258789,83.0999984741211,1176300.0
2014-08-05T00:00:00.000000000,82.7699966430664,83.58000183105469,82.4000015258789,82.87000274658203,739300.0
2014-08-06T00:00:00.000000000,82.6500015258789,83.45999908447266,82.5199966430664,82.9800033569336,387500.0
2014-08-07T00:00:00.000000000,83.41999816894531,83.66000366210938,82.16999816894531,82.3499984741211,463000.0
2014-08-08T00:00:00.000000000,82.68000030517578,84.29000091552734,82.68000030517578,84.23999786376953,608500.0
2014-08-11T00:00:00.000000000,84.41000366210938,84.5,83.91999816894531,84.08999633789062,365100.0
2014-08-12T00:00:00.000000000,84.06999969482422,84.16999816894531,83.5,83.87999725341797,272700.0
2014-08-13T00:00:00.000000000,84.06999969482422,84.44000244140625,83.58000183105469,84.16000366210938,425800.0
2014-08-14T00:00:00.000000000,84.70999908447266,85.62000274658203,84.4800033569336,85.55000305175781,642000.0
2014-08-15T00:00:00.000000000,85.77999877929688,85.8499984741211,84.3499984741211,85.12000274658203,609600.0
2014-08-18T00:00:00.000000000,85.70999908447266,86.22000122070312,85.62999725341797,86.13999938964844,488000.0
2014-08-19T00:00:00.000000000,86.36000061035156,86.86000061035156,86.16000366210938,86.55999755859375,354200.0
2014-08-20T00:00:00.000000000,86.2300033569336,87.1500015258789,86.04000091552734,87.12000274658203,434800.0
2014-08-21T00:00:00.000000000,87.55999755859375,88.36000061035156,86.98999786376953,87.69999694824219,559700.0
2014-08-22T00:00:00.000000000,87.55999755859375,88.12999725341797,87.22000122070312,87.8499984741211,633100.0
2014-08-25T00:00:00.000000000,88.19999694824219,88.41000366210938,87.87999725341797,88.27999877929688,391000.0
2014-08-26T00:00:00.000000000,88.27999877929688,88.45999908447266,87.77999877929688,87.81999969482422,324500.0
2014-08-27T00:00:00.000000000,87.8499984741211,88.01000213623047,87.45999908447266,87.80000305175781,307300.0
2014-08-28T00:00:00.000000000,86.41000366210938,87.55000305175781,86.41000366210938,87.44999694824219,429600.0
2014-08-29T00:00:00.000000000,87.75,87.77999877929688,87.0199966430664,87.73999786376953,398600.0
2014-09-02T00:00:00.000000000,87.94999694824219,88.54000091552734,87.47000122070312,87.98999786376953,449800.0
2014-09-03T00:00:00.000000000,87.8499984741211,87.87999725341797,87.3499984741211,87.4800033569336,422000.0
2014-09-04T00:00:00.000000000,87.5,88.44000244140625,87.4800033569336,87.86000061035156,356300.0
2014-09-05T00:00:00.000000000,87.63999938964844,88.3499984741211,87.30999755859375,88.23999786376953,516200.0
2014-09-08T00:00:00.000000000,88.01000213623047,88.18000030517578,87.4800033569336,87.76000213623047,287700.0
2014-09-09T00:00:00.000000000,87.47000122070312,87.56999969482422,86.83000183105469,86.98999786376953,354300.0
2014-09-10T00:00:00.000000000,87.05000305175781,87.54000091552734,86.4800033569336,87.54000091552734,378300.0
2014-09-11T00:00:00.000000000,87.11000061035156,87.5199966430664,86.9800033569336,87.2699966430664,344700.0
2014-09-12T00:00:00.000000000,88.16999816894531,88.70999908447266,87.87000274658203,88.62000274658203,658600.0
2014-09-15T00:00:00.000000000,88.76000213623047,88.83999633789062,88.19999694824219,88.4000015258789,430500.0
2014-09-16T00:00:00.000000000,88.4000015258789,89.29000091552734,88.01000213623047,89.08000183105469,577300.0
2014-09-17T00:00:00.000000000,89.41999816894531,89.55999755859375,88.33999633789062,88.9800033569336,563400.0
2014-09-18T00:00:00.000000000,89.16999816894531,89.48999786376953,88.7699966430664,89.44000244140625,340000.0
2014-09-19T00:00:00.000000000,90.0199966430664,90.19999694824219,88.88999938964844,89.2300033569336,716800.0
2014-09-22T00:00:00.000000000,88.88999938964844,89.16000366210938,88.37999725341797,88.69000244140625,444400.0
2014-09-23T00:00:00.000000000,88.52999877929688,88.66000366210938,87.69999694824219,87.72000122070312,479900.0
2014-09-24T00:00:00.000000000,87.63999938964844,88.93000030517578,87.63999938964844,88.72000122070312,441900.0
2014-09-25T00:00:00.000000000,88.31999969482422,88.44999694824219,87.30000305175781,87.41000366210938,359300.0
2014-09-26T00:00:00.000000000,87.70999908447266,88.41000366210938,87.2300033569336,88.16999816894531,399500.0
2014-09-29T00:00:00.000000000,87.2300033569336,88.2699966430664,87.2300033569336,88.06999969482422,463300.0
2014-09-30T00:00:00.000000000,87.9800033569336,88.26000213623047,87.51000213623047,87.70999908447266,763100.0
2014-10-01T00:00:00.000000000,86.0,87.30999755859375,86.0,86.58000183105469,859600.0
2014-10-02T00:00:00.000000000,86.47000122070312,87.3499984741211,86.16999816894531,87.08999633789062,510000.0
2014-10-03T00:00:00.000000000,87.72000122070312,88.8499984741211,87.69999694824219,88.22000122070312,858800.0
2014-10-06T00:00:00.000000000,88.56999969482422,88.80000305175781,87.56999969482422,87.83000183105469,332100.0
2014-10-07T00:00:00.000000000,87.33000183105469,87.52999877929688,86.47000122070312,86.5,421400.0
2014-10-08T00:00:00.000000000,86.62999725341797,88.30999755859375,86.38999938964844,88.29000091552734,552100.0
2014-10-09T00:00:00.000000000,88.08999633789062,88.19999694824219,86.37000274658203,86.5199966430664,596200.0
2014-10-10T00:00:00.000000000,87.58999633789062,88.2300033569336,86.9000015258789,87.11000061035156,602900.0
2014-10-13T00:00:00.000000000,87.0999984741211,87.75,85.86000061035156,85.9800033569336,637300.0
2014-10-14T00:00:00.000000000,86.22000122070312,87.87000274658203,86.22000122070312,86.88999938964844,651800.0
2014-10-15T00:00:00.000000000,85.7300033569336,87.70999908447266,84.98999786376953,87.25,1112100.0
2014-10-16T00:00:00.000000000,85.56999969482422,88.36000061035156,85.56999969482422,88.05000305175781,818000.0
2014-10-17T00:00:00.000000000,89.16999816894531,89.69000244140625,88.22000122070312,88.55000305175781,1141200.0
2014-10-20T00:00:00.000000000,87.95999908447266,89.5,87.05999755859375,89.44000244140625,900300.0
2014-10-21T00:00:00.000000000,90.2699966430664,92.94999694824219,89.7300033569336,92.72000122070312,1074300.0
2014-10-22T00:00:00.000000000,92.9000015258789,93.61000061035156,92.43000030517578,92.7300033569336,688300.0
2014-10-23T00:00:00.000000000,93.83999633789062,94.36000061035156,92.66000366210938,92.80000305175781,900900.0
2014-10-24T00:00:00.000000000,92.70999908447266,93.2699966430664,92.26000213623047,93.19000244140625,602100.0
2014-10-27T00:00:00.000000000,93.0199966430664,93.44999694824219,92.68000030517578,93.22000122070312,516500.0
2014-10-28T00:00:00.000000000,93.63999938964844,94.36000061035156,93.33000183105469,94.36000061035156,458100.0
2014-10-29T00:00:00.000000000,94.29000091552734,94.5199966430664,93.08000183105469,94.05999755859375,607800.0
2014-10-30T00:00:00.000000000,93.76000213623047,95.47000122070312,93.44000244140625,95.36000061035156,573000.0
2014-10-31T00:00:00.000000000,96.55000305175781,97.12999725341797,95.98999786376953,97.08000183105469,943700.0
2014-11-03T00:00:00.000000000,96.95999908447266,97.66999816894531,96.3499984741211,97.13999938964844,677900.0
2014-11-04T00:00:00.000000000,97.30000305175781,98.08999633789062,96.83000183105469,97.83000183105469,924400.0
2014-11-05T00:00:00.000000000,98.0199966430664,99.44000244140625,98.0199966430664,98.79000091552734,987700.0
2014-11-06T00:00:00.000000000,98.37999725341797,99.0,97.83999633789062,98.58999633789062,999400.0
2014-11-07T00:00:00.000000000,98.62999725341797,99.12999725341797,98.29000091552734,99.12999725341797,521300.0
2014-11-10T00:00:00.000000000,99.3499984741211,100.12000274658203,99.05999755859375,99.58999633789062,533900.0
2014-11-11T00:00:00.000000000,99.80000305175781,100.25,99.2699966430664,99.66000366210938,437300.0
2014-11-12T00:00:00.000000000,99.30000305175781,100.69000244140625,99.05999755859375,100.58999633789062,562900.0
2014-11-13T00:00:00.000000000,100.58999633789062,101.06999969482422,100.25,100.54000091552734,818100.0
2014-11-14T00:00:00.000000000,100.25,100.47000122070312,99.5,99.68000030517578,377300.0
2014-11-17T00:00:00.000000000,99.48999786376953,100.16999816894531,99.31999969482422,99.91999816894531,345500.0
2014-11-18T00:00:00.000000000,99.62999725341797,100.52999877929688,99.41000366210938,100.12000274658203,375600.0
2014-11-19T00:00:00.000000000,100.12000274658203,100.41000366210938,99.69999694824219,100.19999694824219,325900.0
2014-11-20T00:00:00.000000000,99.72000122070312,100.7699966430664,99.56999969482422,100.66000366210938,381100.0
2014-11-21T00:00:00.000000000,101.8499984741211,101.9000015258789,100.81999969482422,101.41999816894531,670100.0
2014-11-24T00:00:00.000000000,101.56999969482422,102.4000015258789,101.37999725341797,102.1500015258789,434200.0
2014-11-25T00:00:00.000000000,102.5199966430664,102.73999786376953,101.3499984741211,101.5199966430664,696400.0
2014-11-26T00:00:00.000000000,101.63999938964844,101.9800033569336,101.16999816894531,101.83999633789062,474600.0
2014-11-28T00:00:00.000000000,102.13999938964844,103.54000091552734,102.05999755859375,102.77999877929688,327200.0
2014-12-01T00:00:00.000000000,102.62000274658203,102.88999938964844,101.7300033569336,101.76000213623047,665700.0
2014-12-02T00:00:00.000000000,101.91999816894531,102.5199966430664,101.77999877929688,102.48999786376953,532100.0
2014-12-03T00:00:00.000000000,102.0999984741211,103.4800033569336,102.0999984741211,103.44999694824219,676300.0
2014-12-04T00:00:00.000000000,103.44000244140625,103.79000091552734,102.81999969482422,103.6500015258789,857700.0
2014-12-05T00:00:00.000000000,103.75,104.05999755859375,102.91999816894531,103.25,394800.0
2014-12-08T00:00:00.000000000,103.12999725341797,103.75,102.3499984741211,102.77999877929688,379100.0
2014-12-09T00:00:00.000000000,102.05999755859375,103.0,101.87999725341797,102.79000091552734,546500.0
2014-12-10T00:00:00.000000000,102.80000305175781,103.72000122070312,101.83999633789062,101.93000030517578,569100.0
2014-12-11T00:00:00.000000000,102.69999694824219,104.43000030517578,102.47000122070312,103.2699966430664,542200.0
2014-12-12T00:00:00.000000000,102.70999908447266,103.66999816894531,102.38999938964844,102.45999908447266,545100.0
2014-12-15T00:00:00.000000000,102.18000030517578,103.1500015258789,101.6500015258789,101.6500015258789,968100.0
2014-12-16T00:00:00.000000000,101.72000122070312,103.94999694824219,101.37999725341797,102.30999755859375,641300.0
2014-12-17T00:00:00.000000000,102.86000061035156,104.0999984741211,102.01000213623047,103.9000015258789,510900.0
2014-12-18T00:00:00.000000000,105.12000274658203,105.47000122070312,104.30999755859375,105.47000122070312,764300.0
2014-12-19T00:00:00.000000000,106.12000274658203,106.80000305175781,105.75,105.87999725341797,1030700.0
2014-12-22T00:00:00.000000000,106.23999786376953,106.75,105.75,106.45999908447266,384800.0
2014-12-23T00:00:00.000000000,106.75,108.02999877929688,106.61000061035156,107.83000183105469,402500.0
2014-12-24T00:00:00.000000000,107.94999694824219,108.11000061035156,107.30999755859375,107.62000274658203,187500.0
2014-12-26T00:00:00.000000000,107.88999938964844,108.5,107.73999786376953,107.86000061035156,244400.0
2014-12-29T00:00:00.000000000,107.62999725341797,109.0,107.22000122070312,108.30999755859375,435100.0
2014-12-30T00:00:00.000000000,107.88999938964844,108.29000091552734,107.4800033569336,107.75,399200.0
2014-12-31T00:00:00.000000000,107.7300033569336,108.5999984741211,106.56999969482422,106.56999969482422,592900.0
2015-01-02T00:00:00.000000000,107.4000015258789,108.06999969482422,105.51000213623047,106.5199966430664,580400.0
2015-01-05T00:00:00.000000000,106.33000183105469,106.7699966430664,105.44000244140625,105.83999633789062,1171600.0
2015-01-06T00:00:00.000000000,100.91000366210938,104.11000061035156,100.25,101.5,2292400.0
2015-01-07T00:00:00.000000000,102.5,103.2699966430664,102.11000061035156,103.05000305175781,1083800.0
2015-01-08T00:00:00.000000000,103.70999908447266,104.2300033569336,102.58000183105469,103.2699966430664,1218800.0
2015-01-09T00:00:00.000000000,103.20999908447266,103.22000122070312,100.9800033569336,101.37000274658203,1107000.0
2015-01-12T00:00:00.000000000,101.37000274658203,101.4000015258789,97.02999877929688,97.5199966430664,1815700.0
2015-01-13T00:00:00.000000000,98.51000213623047,99.4800033569336,96.4000015258789,97.08000183105469,1380500.0
2015-01-14T00:00:00.000000000,96.58000183105469,97.05999755859375,94.12000274658203,95.27999877929688,1542300.0
2015-01-15T00:00:00.000000000,95.5,95.97000122070312,94.91000366210938,95.08000183105469,1470800.0
2015-01-16T00:00:00.000000000,95.0999984741211,97.1500015258789,94.80000305175781,97.0999984741211,991600.0
2015-01-20T00:00:00.000000000,97.1500015258789,97.5199966430664,95.94999694824219,97.47000122070312,1150100.0
2015-01-21T00:00:00.000000000,97.16000366210938,98.02999877929688,96.62000274658203,97.76000213623047,799600.0
2015-01-22T00:00:00.000000000,98.23999786376953,99.01000213623047,97.30000305175781,98.58000183105469,777100.0
2015-01-23T00:00:00.000000000,98.72000122070312,98.91000366210938,97.87999725341797,98.4000015258789,993700.0
2015-01-26T00:00:00.000000000,98.56999969482422,99.02999877929688,97.87999725341797,98.6500015258789,870800.0
2015-01-27T00:00:00.000000000,97.62999725341797,98.19000244140625,96.95999908447266,97.5199966430664,783900.0
2015-01-28T00:00:00.000000000,98.0,98.0,95.2699966430664,95.41999816894531,1060600.0
2015-01-29T00:00:00.000000000,95.66999816894531,95.7699966430664,94.5199966430664,95.41999816894531,1363100.0
2015-01-30T00:00:00.000000000,94.33999633789062,94.62000274658203,92.83000183105469,92.94000244140625,2806000.0
2015-02-02T00:00:00.000000000,93.33999633789062,93.86000061035156,91.83999633789062,93.44000244140625,2076900.0
2015-02-03T00:00:00.000000000,93.41999816894531,98.36000061035156,92.94999694824219,97.91999816894531,6016300.0
2015-02-04T00:00:00.000000000,97.62999725341797,97.98999786376953,95.06999969482422,95.5,1573700.0
2015-02-05T00:00:00.000000000,95.97000122070312,97.0199966430664,95.30000305175781,95.94999694824219,1330300.0
2015-02-06T00:00:00.000000000,96.05000305175781,97.19999694824219,95.87999725341797,96.58999633789062,882600.0
2015-02-09T00:00:00.000000000,95.94000244140625,97.02999877929688,95.94000244140625,96.08000183105469,575100.0
2015-02-10T00:00:00.000000000,96.5199966430664,97.05999755859375,95.8499984741211,96.5199966430664,761400.0
2015-02-11T00:00:00.000000000,96.48999786376953,97.04000091552734,96.0,96.41999816894531,528700.0
2015-02-12T00:00:00.000000000,96.29000091552734,96.95999908447266,95.91999816894531,96.79000091552734,655800.0
2015-02-13T00:00:00.000000000,96.87999725341797,97.4800033569336,96.52999877929688,97.01000213623047,1088100.0
2015-02-17T00:00:00.000000000,98.0,98.4800033569336,96.16000366210938,96.61000061035156,1435800.0
2015-02-18T00:00:00.000000000,96.27999877929688,96.30999755859375,94.75,95.55000305175781,916800.0
2015-02-19T00:00:00.000000000,95.6500015258789,96.48999786376953,95.37000274658203,95.70999908447266,583100.0
2015-02-20T00:00:00.000000000,95.58999633789062,96.36000061035156,95.05999755859375,96.27999877929688,676500.0
2015-02-23T00:00:00.000000000,96.19000244140625,96.44000244140625,95.95999908447266,96.41999816894531,350600.0
2015-02-24T00:00:00.000000000,96.25,96.87000274658203,96.25,96.37999725341797,370600.0
2015-02-25T00:00:00.000000000,95.94000244140625,97.12999725341797,95.94000244140625,96.77999877929688,714200.0
2015-02-26T00:00:00.000000000,96.44000244140625,96.79000091552734,96.16000366210938,96.52999877929688,440200.0
2015-02-27T00:00:00.000000000,96.63999938964844,96.88999938964844,95.87000274658203,96.08000183105469,542200.0
2015-03-02T00:00:00.000000000,96.1500015258789,97.29000091552734,95.87999725341797,96.94000244140625,687900.0
2015-03-03T00:00:00.000000000,96.51000213623047,96.91000366210938,94.5,95.51000213623047,811600.0
2015-03-04T00:00:00.000000000,94.56999969482422,94.87000274658203,93.8499984741211,94.04000091552734,654900.0
2015-03-05T00:00:00.000000000,94.22000122070312,94.63999938964844,93.97000122070312,94.2300033569336,435300.0
2015-03-06T00:00:00.000000000,94.04000091552734,94.04000091552734,92.55000305175781,92.91000366210938,749300.0
2015-03-09T00:00:00.000000000,93.18000030517578,94.05000305175781,93.1500015258789,93.88999938964844,829700.0
2015-03-10T00:00:00.000000000,93.11000061035156,93.55000305175781,92.36000061035156,92.36000061035156,664000.0
2015-03-11T00:00:00.000000000,92.30000305175781,92.80000305175781,91.95999908447266,92.33000183105469,599200.0
2015-03-12T00:00:00.000000000,92.88999938964844,94.81999969482422,92.88999938964844,94.72000122070312,774100.0
2015-03-13T00:00:00.000000000,94.72000122070312,94.72000122070312,93.3499984741211,94.47000122070312,943800.0
2015-03-16T00:00:00.000000000,95.12999725341797,96.26000213623047,94.83000183105469,96.0,707900.0
2015-03-17T00:00:00.000000000,95.33000183105469,95.73999786376953,94.3499984741211,94.6500015258789,509900.0
2015-03-18T00:00:00.000000000,94.54000091552734,95.62000274658203,93.41000366210938,95.23999786376953,951300.0
2015-03-19T00:00:00.000000000,95.13999938964844,95.80999755859375,94.72000122070312,95.52999877929688,577300.0
2015-03-20T00:00:00.000000000,95.88999938964844,96.19000244140625,95.69999694824219,95.93000030517578,926700.0
2015-03-23T00:00:00.000000000,95.95999908447266,96.66000366210938,95.58999633789062,95.58999633789062,428300.0
2015-03-24T00:00:00.000000000,95.12999725341797,95.62000274658203,94.52999877929688,94.56999969482422,372900.0
2015-03-25T00:00:00.000000000,94.76000213623047,94.9000015258789,92.79000091552734,92.8499984741211,449400.0
2015-03-26T00:00:00.000000000,92.45999908447266,92.7300033569336,91.73999786376953,92.33000183105469,472900.0
2015-03-27T00:00:00.000000000,92.19999694824219,93.20999908447266,92.0,92.93000030517578,432600.0
2015-03-30T00:00:00.000000000,93.3499984741211,94.2699966430664,93.23999786376953,93.86000061035156,341400.0
2015-03-31T00:00:00.000000000,92.79000091552734,94.58000183105469,92.7699966430664,93.19000244140625,959500.0
2015-04-01T00:00:00.000000000,92.81999969482422,92.9800033569336,90.70999908447266,91.75,740600.0
2015-04-02T00:00:00.000000000,91.76000213623047,92.95999908447266,91.51000213623047,92.7300033569336,714600.0
2015-04-06T00:00:00.000000000,92.80000305175781,94.19000244140625,92.70999908447266,93.2699966430664,1054100.0
2015-04-07T00:00:00.000000000,93.16999816894531,93.5999984741211,92.83999633789062,93.31999969482422,618500.0
2015-04-08T00:00:00.000000000,93.55999755859375,93.5999984741211,92.30999755859375,92.8499984741211,896200.0
2015-04-09T00:00:00.000000000,92.91999816894531,93.30999755859375,92.41999816894531,92.91000366210938,353900.0
2015-04-10T00:00:00.000000000,92.77999877929688,93.5999984741211,92.77999877929688,93.2699966430664,397500.0
2015-04-13T00:00:00.000000000,93.3499984741211,93.63999938964844,92.80000305175781,92.83000183105469,599400.0
2015-04-14T00:00:00.000000000,92.68000030517578,93.12999725341797,92.0,92.66999816894531,650900.0
2015-04-15T00:00:00.000000000,92.9800033569336,93.58999633789062,92.5,92.54000091552734,600500.0
2015-04-16T00:00:00.000000000,92.47000122070312,92.66999816894531,91.6500015258789,92.11000061035156,355000.0
2015-04-17T00:00:00.000000000,91.37999725341797,92.08999633789062,90.81999969482422,91.66999816894531,673600.0
2015-04-20T00:00:00.000000000,92.26000213623047,92.93000030517578,92.25,92.56999969482422,780500.0
2015-04-21T00:00:00.000000000,92.75,94.41000366210938,91.7300033569336,92.44999694824219,1031100.0
2015-04-22T00:00:00.000000000,92.75,93.29000091552734,91.41999816894531,93.0199966430664,929300.0
2015-04-23T00:00:00.000000000,92.95999908447266,93.70999908447266,92.33999633789062,93.12999725341797,587400.0
2015-04-24T00:00:00.000000000,93.12000274658203,93.25,91.62000274658203,91.98999786376953,462400.0
2015-04-27T00:00:00.000000000,92.3499984741211,92.66000366210938,91.26000213623047,91.45999908447266,613400.0
2015-04-28T00:00:00.000000000,91.23999786376953,91.66999816894531,90.80999755859375,91.33999633789062,586400.0
2015-04-29T00:00:00.000000000,91.27999877929688,91.37999725341797,90.38999938964844,90.94000244140625,746200.0
2015-04-30T00:00:00.000000000,90.5999984741211,91.2300033569336,89.47000122070312,89.8499984741211,1054300.0
2015-05-01T00:00:00.000000000,90.58999633789062,91.55999755859375,90.11000061035156,91.47000122070312,692300.0
2015-05-04T00:00:00.000000000,92.56999969482422,92.9800033569336,92.22000122070312,92.83000183105469,720000.0
2015-05-05T00:00:00.000000000,92.69000244140625,93.16000366210938,91.72000122070312,91.80999755859375,508300.0
2015-05-06T00:00:00.000000000,92.02999877929688,92.31999969482422,91.0999984741211,91.63999938964844,404800.0
2015-05-07T00:00:00.000000000,92.0199966430664,92.9800033569336,91.73999786376953,92.58999633789062,454600.0
2015-05-08T00:00:00.000000000,93.47000122070312,94.30999755859375,93.22000122070312,94.08000183105469,764500.0
2015-05-11T00:00:00.000000000,93.83000183105469,94.73999786376953,93.52999877929688,94.20999908447266,1230900.0
2015-05-12T00:00:00.000000000,93.75,94.26000213623047,93.20999908447266,94.01000213623047,696400.0
2015-05-13T00:00:00.000000000,94.04000091552734,94.47000122070312,92.55000305175781,92.69000244140625,943600.0
2015-05-14T00:00:00.000000000,93.20999908447266,94.0999984741211,92.5,94.04000091552734,690300.0
2015-05-15T00:00:00.000000000,94.01000213623047,94.18000030517578,93.5,93.83999633789062,1251300.0
2015-05-18T00:00:00.000000000,93.77999877929688,94.36000061035156,93.36000061035156,93.76000213623047,387600.0
2015-05-19T00:00:00.000000000,93.94999694824219,94.20999908447266,93.36000061035156,93.69999694824219,389100.0
2015-05-20T00:00:00.000000000,93.91000366210938,94.18000030517578,93.04000091552734,93.73999786376953,562700.0
2015-05-21T00:00:00.000000000,93.41999816894531,93.81999969482422,92.98999786376953,93.56999969482422,420500.0
2015-05-22T00:00:00.000000000,93.6500015258789,94.05999755859375,93.20999908447266,93.54000091552734,407800.0
2015-05-26T00:00:00.000000000,93.16999816894531,93.75,92.30000305175781,92.58000183105469,630900.0
2015-05-27T00:00:00.000000000,92.9000015258789,93.05999755859375,92.12000274658203,92.87000274658203,413300.0
2015-05-28T00:00:00.000000000,92.94000244140625,93.0999984741211,91.94999694824219,92.41000366210938,398400.0
2015-05-29T00:00:00.000000000,92.22000122070312,92.22000122070312,90.30999755859375,90.47000122070312,1243300.0
2015-06-01T00:00:00.000000000,90.54000091552734,90.91000366210938,89.9000015258789,90.2300033569336,742300.0
2015-06-02T00:00:00.000000000,90.01000213623047,90.72000122070312,89.70999908447266,90.33999633789062,506200.0
2015-06-03T00:00:00.000000000,90.25,90.83999633789062,89.75,90.75,495700.0
2015-06-04T00:00:00.000000000,91.83999633789062,91.87000274658203,90.62999725341797,91.0,689300.0
2015-06-05T00:00:00.000000000,91.0199966430664,91.58999633789062,90.58999633789062,91.52999877929688,661300.0
2015-06-08T00:00:00.000000000,91.08999633789062,91.44000244140625,90.79000091552734,90.83999633789062,575600.0
2015-06-09T00:00:00.000000000,90.7300033569336,90.9800033569336,90.16000366210938,90.2300033569336,568000.0
2015-06-10T00:00:00.000000000,90.7699966430664,91.83999633789062,90.66000366210938,91.43000030517578,481900.0
2015-06-11T00:00:00.000000000,91.51000213623047,91.87999725341797,90.7300033569336,90.8499984741211,602300.0
2015-06-12T00:00:00.000000000,90.58000183105469,90.94000244140625,90.11000061035156,90.83999633789062,478200.0
2015-06-15T00:00:00.000000000,90.13999938964844,90.5999984741211,89.8499984741211,90.48999786376953,559100.0
2015-06-16T00:00:00.000000000,90.38999938964844,90.94000244140625,90.30000305175781,90.80999755859375,285800.0
2015-06-17T00:00:00.000000000,91.16999816894531,91.62000274658203,90.62999725341797,91.19000244140625,367900.0
2015-06-18T00:00:00.000000000,92.06999969482422,92.94999694824219,91.79000091552734,92.62999725341797,539100.0
2015-06-19T00:00:00.000000000,92.5,92.87000274658203,92.16999816894531,92.20999908447266,634400.0
2015-06-22T00:00:00.000000000,92.68000030517578,92.87000274658203,91.98999786376953,92.27999877929688,303100.0
2015-06-23T00:00:00.000000000,92.5199966430664,92.75,92.0999984741211,92.2699966430664,271600.0
2015-06-24T00:00:00.000000000,92.25,92.56999969482422,91.7300033569336,91.75,429600.0
2015-06-25T00:00:00.000000000,91.81999969482422,92.04000091552734,91.26000213623047,91.5999984741211,442300.0
2015-06-26T00:00:00.000000000,92.06999969482422,92.44999694824219,91.75,92.06999969482422,391500.0
2015-06-29T00:00:00.000000000,91.08000183105469,91.2300033569336,89.16999816894531,89.27999877929688,784500.0
2015-06-30T00:00:00.000000000,90.01000213623047,90.23999786376953,89.37999725341797,89.52999877929688,774400.0
2015-07-01T00:00:00.000000000,89.45999908447266,90.79000091552734,89.3499984741211,90.66000366210938,715200.0
2015-07-02T00:00:00.000000000,90.83000183105469,90.91000366210938,89.61000061035156,90.02999877929688,497200.0
2015-07-06T00:00:00.000000000,89.66999816894531,90.4000015258789,89.05999755859375,89.48999786376953,852300.0
2015-07-07T00:00:00.000000000,89.25,89.5,87.91000366210938,89.44000244140625,568700.0
2015-07-08T00:00:00.000000000,88.93000030517578,88.93000030517578,87.83000183105469,87.8499984741211,654300.0
2015-07-09T00:00:00.000000000,88.93000030517578,88.94999694824219,87.95999908447266,88.2699966430664,639800.0
2015-07-10T00:00:00.000000000,89.19999694824219,89.30000305175781,87.97000122070312,88.9800033569336,691000.0
2015-07-13T00:00:00.000000000,89.70999908447266,90.52999877929688,89.29000091552734,90.4800033569336,650300.0
2015-07-14T00:00:00.000000000,90.47000122070312,90.6500015258789,89.66999816894531,90.20999908447266,1319000.0
2015-07-15T00:00:00.000000000,90.05000305175781,90.56999969482422,89.5199966430664,90.48999786376953,673700.0
2015-07-16T00:00:00.000000000,90.97000122070312,91.0199966430664,90.58000183105469,90.87000274658203,428100.0
2015-07-17T00:00:00.000000000,90.38999938964844,90.87999725341797,89.94999694824219,90.63999938964844,690800.0
2015-07-20T00:00:00.000000000,89.33000183105469,89.77999877929688,87.05999755859375,88.80999755859375,1562400.0
2015-07-21T00:00:00.000000000,88.61000061035156,89.30999755859375,87.83000183105469,87.87000274658203,969700.0
2015-07-22T00:00:00.000000000,87.70999908447266,88.05999755859375,86.93000030517578,87.83999633789062,724900.0
2015-07-23T00:00:00.000000000,87.94000244140625,88.70999908447266,87.58999633789062,87.97000122070312,550700.0
2015-07-24T00:00:00.000000000,87.97000122070312,88.22000122070312,86.7699966430664,86.87999725341797,468900.0
2015-07-27T00:00:00.000000000,86.44000244140625,86.72000122070312,85.80000305175781,86.18000030517578,835100.0
2015-07-28T00:00:00.000000000,86.45999908447266,87.2300033569336,85.94999694824219,87.08999633789062,621100.0
2015-07-29T00:00:00.000000000,87.13999938964844,88.55000305175781,86.98999786376953,88.41000366210938,559700.0
2015-07-30T00:00:00.000000000,88.36000061035156,89.08000183105469,87.9000015258789,88.61000061035156,604600.0
2015-07-31T00:00:00.000000000,89.25,89.30999755859375,88.4800033569336,88.94999694824219,648600.0
2015-08-03T00:00:00.000000000,88.7699966430664,88.88999938964844,88.04000091552734,88.51000213623047,357800.0
2015-08-04T00:00:00.000000000,88.38999938964844,89.25,88.26000213623047,88.44999694824219,435900.0
2015-08-05T00:00:00.000000000,89.12000274658203,89.45999908447266,88.83999633789062,89.02999877929688,344500.0
2015-08-06T00:00:00.000000000,88.98999786376953,89.25,87.94999694824219,88.70999908447266,577500.0
2015-08-07T00:00:00.000000000,88.66999816894531,88.8499984741211,87.70999908447266,87.9800033569336,613000.0
2015-08-10T00:00:00.000000000,88.5999984741211,89.2300033569336,88.41999816894531,89.12999725341797,491800.0
2015-08-11T00:00:00.000000000,88.31999969482422,88.45999908447266,87.58000183105469,87.98999786376953,481600.0
2015-08-12T00:00:00.000000000,87.27999877929688,87.83999633789062,86.30000305175781,87.63999938964844,387000.0
2015-08-13T00:00:00.000000000,87.58000183105469,88.5,87.19000244140625,88.05999755859375,313900.0
2015-08-14T00:00:00.000000000,88.08000183105469,88.58000183105469,87.75,88.47000122070312,367400.0
2015-08-17T00:00:00.000000000,87.83999633789062,88.4000015258789,87.2300033569336,88.30999755859375,237200.0
2015-08-18T00:00:00.000000000,87.86000061035156,88.48999786376953,87.44999694824219,87.9000015258789,435000.0
2015-08-19T00:00:00.000000000,87.43000030517578,88.05000305175781,86.86000061035156,87.4000015258789,588100.0
2015-08-20T00:00:00.000000000,86.63999938964844,86.7300033569336,85.68000030517578,85.68000030517578,542800.0
2015-08-21T00:00:00.000000000,84.86000061035156,85.58000183105469,83.37000274658203,83.43000030517578,886200.0
2015-08-24T00:00:00.000000000,80.0999984741211,82.94999694824219,78.76000213623047,81.19000244140625,1352200.0
2015-08-25T00:00:00.000000000,83.54000091552734,83.68000030517578,79.47000122070312,79.52999877929688,849400.0
2015-08-26T00:00:00.000000000,81.12000274658203,81.43000030517578,79.27999877929688,81.05999755859375,1010700.0
2015-08-27T00:00:00.000000000,81.77999877929688,83.66999816894531,81.56999969482422,83.52999877929688,762900.0
2015-08-28T00:00:00.000000000,83.0,83.80000305175781,82.9800033569336,83.70999908447266,560600.0
2015-08-31T00:00:00.000000000,83.55000305175781,84.13999938964844,83.08999633789062,83.48999786376953,616000.0
2015-09-01T00:00:00.000000000,82.05999755859375,82.55999755859375,80.8499984741211,81.19999694824219,784600.0
2015-09-02T00:00:00.000000000,81.3499984741211,81.66000366210938,80.48999786376953,81.6500015258789,565100.0
2015-09-03T00:00:00.000000000,81.75,82.87000274658203,81.62000274658203,81.87000274658203,535400.0
2015-09-04T00:00:00.000000000,80.81999969482422,81.5199966430664,80.66000366210938,80.91999816894531,640000.0
2015-09-08T00:00:00.000000000,82.36000061035156,83.69000244140625,82.27999877929688,83.63999938964844,591000.0
2015-09-09T00:00:00.000000000,84.2300033569336,84.5,82.79000091552734,82.98999786376953,845100.0
2015-09-10T00:00:00.000000000,82.8499984741211,83.63999938964844,82.4000015258789,83.16999816894531,579200.0
2015-09-11T00:00:00.000000000,82.95999908447266,83.45999908447266,82.41000366210938,83.43000030517578,459800.0
2015-09-14T00:00:00.000000000,83.43000030517578,83.45999908447266,82.61000061035156,83.04000091552734,384500.0
2015-09-15T00:00:00.000000000,83.19999694824219,85.08000183105469,82.83999633789062,84.9000015258789,752500.0
2015-09-16T00:00:00.000000000,84.7699966430664,86.25,84.47000122070312,86.05999755859375,643000.0
2015-09-17T00:00:00.000000000,85.87000274658203,86.22000122070312,84.76000213623047,85.05999755859375,744500.0
2015-09-18T00:00:00.000000000,84.20999908447266,84.2300033569336,83.08999633789062,83.25,909600.0
2015-09-21T00:00:00.000000000,83.5,84.31999969482422,83.2699966430664,83.69999694824219,437300.0
2015-09-22T00:00:00.000000000,82.79000091552734,82.87000274658203,82.27999877929688,82.66000366210938,523200.0
2015-09-23T00:00:00.000000000,82.7300033569336,82.81999969482422,82.05999755859375,82.69000244140625,527600.0
2015-09-24T00:00:00.000000000,82.05999755859375,83.55999755859375,81.80999755859375,83.4000015258789,846200.0
2015-09-25T00:00:00.000000000,84.0,84.23999786376953,83.44999694824219,83.95999908447266,800400.0
2015-09-28T00:00:00.000000000,83.54000091552734,83.80000305175781,82.44000244140625,82.66000366210938,579300.0
2015-09-29T00:00:00.000000000,82.91000366210938,83.02999877929688,82.16999816894531,82.54000091552734,539500.0
2015-09-30T00:00:00.000000000,82.63999938964844,83.30000305175781,81.94000244140625,82.88999938964844,1065000.0
2015-10-01T00:00:00.000000000,82.55999755859375,82.87000274658203,80.25,81.4800033569336,1389600.0
2015-10-02T00:00:00.000000000,80.2300033569336,82.08000183105469,79.7699966430664,82.08000183105469,946200.0
2015-10-05T00:00:00.000000000,82.68000030517578,84.05999755859375,82.4000015258789,83.83000183105469,1041800.0
2015-10-06T00:00:00.000000000,83.86000061035156,83.91000366210938,82.80999755859375,82.87000274658203,762300.0
2015-10-07T00:00:00.000000000,83.45999908447266,84.54000091552734,83.0,84.48999786376953,932500.0
2015-10-08T00:00:00.000000000,84.31999969482422,86.26000213623047,84.31999969482422,85.95999908447266,577500.0
2015-10-09T00:00:00.000000000,86.08999633789062,86.5,85.55000305175781,85.56999969482422,486300.0
2015-10-12T00:00:00.000000000,85.45999908447266,85.58999633789062,85.02999877929688,85.20999908447266,405500.0
2015-10-13T00:00:00.000000000,84.9000015258789,85.26000213623047,84.2699966430664,84.37000274658203,399300.0
2015-10-14T00:00:00.000000000,84.08999633789062,84.48999786376953,83.13999938964844,83.33000183105469,749300.0
2015-10-15T00:00:00.000000000,83.61000061035156,83.83999633789062,82.25,83.72000122070312,750300.0
2015-10-16T00:00:00.000000000,83.91000366210938,84.16999816894531,82.5999984741211,83.27999877929688,1117000.0
2015-10-19T00:00:00.000000000,81.3499984741211,86.25,81.30999755859375,84.66000366210938,2955900.0
2015-10-20T00:00:00.000000000,84.69000244140625,87.1500015258789,84.62999725341797,85.68000030517578,1575100.0
2015-10-21T00:00:00.000000000,86.02999877929688,86.81999969482422,85.75,86.08000183105469,1016500.0
2015-10-22T00:00:00.000000000,86.9000015258789,88.83000183105469,86.69999694824219,88.33999633789062,1141800.0
2015-10-23T00:00:00.000000000,88.83000183105469,89.30000305175781,88.05999755859375,89.19000244140625,1143600.0
2015-10-26T00:00:00.000000000,89.2699966430664,90.08999633789062,89.13999938964844,89.91000366210938,919800.0
2015-10-27T00:00:00.000000000,89.4800033569336,89.98999786376953,88.41000366210938,88.5999984741211,835800.0
2015-10-28T00:00:00.000000000,88.83000183105469,90.12999725341797,88.5999984741211,90.0999984741211,542400.0
2015-10-29T00:00:00.000000000,90.05000305175781,90.31999969482422,89.22000122070312,90.20999908447266,620300.0
2015-10-30T00:00:00.000000000,90.23999786376953,91.37999725341797,90.11000061035156,90.76000213623047,908500.0
2015-11-02T00:00:00.000000000,90.76000213623047,91.93000030517578,90.5999984741211,91.8499984741211,565400.0
2015-11-03T00:00:00.000000000,91.62999725341797,92.16000366210938,91.22000122070312,91.58000183105469,499700.0
2015-11-04T00:00:00.000000000,91.79000091552734,92.04000091552734,91.08000183105469,91.31999969482422,642000.0
2015-11-05T00:00:00.000000000,91.4000015258789,92.31999969482422,91.08000183105469,91.94999694824219,813300.0
2015-11-06T00:00:00.000000000,91.52999877929688,91.69000244140625,89.02999877929688,89.5199966430664,1357400.0
2015-11-09T00:00:00.000000000,89.51000213623047,89.76000213623047,88.37000274658203,88.91000366210938,988500.0
2015-11-10T00:00:00.000000000,88.88999938964844,89.79000091552734,88.76000213623047,89.77999877929688,775800.0
2015-11-11T00:00:00.000000000,89.77999877929688,89.91999816894531,88.87999725341797,89.37999725341797,678200.0
2015-11-12T00:00:00.000000000,88.87999725341797,89.16000366210938,87.20999908447266,87.26000213623047,1124700.0
2015-11-13T00:00:00.000000000,87.0,87.29000091552734,85.72000122070312,85.83000183105469,809200.0
2015-11-16T00:00:00.000000000,85.9000015258789,87.91999816894531,85.70999908447266,87.80000305175781,808100.0
2015-11-17T00:00:00.000000000,85.9000015258789,88.69000244140625,85.9000015258789,88.05000305175781,757000.0
2015-11-18T00:00:00.000000000,88.1500015258789,88.51000213623047,87.12999725341797,88.41000366210938,690000.0
2015-11-19T00:00:00.000000000,88.6500015258789,89.62999725341797,88.12999725341797,89.01000213623047,774000.0
2015-11-20T00:00:00.000000000,89.4000015258789,90.33000183105469,89.27999877929688,90.23999786376953,798400.0
2015-11-23T00:00:00.000000000,90.37999725341797,91.11000061035156,90.05000305175781,90.44000244140625,590900.0
2015-11-24T00:00:00.000000000,89.81999969482422,90.06999969482422,89.2300033569336,89.66000366210938,780700.0
2015-11-25T00:00:00.000000000,89.62999725341797,90.88999938964844,89.5199966430664,90.58000183105469,577200.0
2015-11-27T00:00:00.000000000,90.69000244140625,90.98999786376953,90.19999694824219,90.87999725341797,191500.0
2015-11-30T00:00:00.000000000,91.05999755859375,91.11000061035156,90.05000305175781,90.62999725341797,637400.0
2015-12-01T00:00:00.000000000,91.02999877929688,91.41999816894531,90.30999755859375,90.61000061035156,499400.0
2015-12-02T00:00:00.000000000,89.87999725341797,90.2699966430664,88.45999908447266,88.66000366210938,498700.0
2015-12-03T00:00:00.000000000,88.63999938964844,88.7699966430664,87.4000015258789,88.12000274658203,957000.0
2015-12-04T00:00:00.000000000,88.36000061035156,89.30000305175781,88.13999938964844,89.05999755859375,649800.0
2015-12-07T00:00:00.000000000,88.68000030517578,89.16000366210938,88.37999725341797,89.0999984741211,484600.0
2015-12-08T00:00:00.000000000,88.0199966430664,89.12999725341797,87.62000274658203,88.66999816894531,538100.0
2015-12-09T00:00:00.000000000,87.93000030517578,89.5,86.95999908447266,87.2699966430664,782000.0
2015-12-10T00:00:00.000000000,87.30999755859375,87.93000030517578,86.98999786376953,87.56999969482422,526800.0
2015-12-11T00:00:00.000000000,86.56999969482422,86.61000061035156,84.98999786376953,85.25,789300.0
2015-12-14T00:00:00.000000000,85.61000061035156,86.62000274658203,85.2300033569336,86.1500015258789,732500.0
2015-12-15T00:00:00.000000000,86.62999725341797,86.87000274658203,85.41000366210938,86.0999984741211,753900.0
2015-12-16T00:00:00.000000000,86.7699966430664,87.20999908447266,85.54000091552734,87.13999938964844,505600.0
2015-12-17T00:00:00.000000000,87.08999633789062,87.16000366210938,85.8499984741211,85.87000274658203,540300.0
2015-12-18T00:00:00.000000000,85.58999633789062,85.61000061035156,83.54000091552734,83.58000183105469,1484800.0
2015-12-21T00:00:00.000000000,84.30000305175781,84.5199966430664,83.0999984741211,83.9800033569336,424500.0
2015-12-22T00:00:00.000000000,84.1500015258789,85.19999694824219,84.1500015258789,84.83000183105469,584500.0
2015-12-23T00:00:00.000000000,85.16999816894531,86.4800033569336,85.0199966430664,86.2300033569336,405300.0
2015-12-24T00:00:00.000000000,85.87999725341797,86.45999908447266,85.8499984741211,86.0999984741211,175400.0
2015-12-28T00:00:00.000000000,86.05999755859375,86.8499984741211,85.80000305175781,86.75,368600.0
2015-12-29T00:00:00.000000000,87.2699966430664,87.76000213623047,86.95999908447266,87.48999786376953,407500.0
2015-12-30T00:00:00.000000000,87.26000213623047,87.73999786376953,86.72000122070312,86.87000274658203,339100.0
2015-12-31T00:00:00.000000000,86.30999755859375,86.6500015258789,85.7699966430664,85.88999938964844,550900.0
2016-01-04T00:00:00.000000000,84.80999755859375,84.80999755859375,82.76000213623047,84.02999877929688,1170800.0
2016-01-05T00:00:00.000000000,84.52999877929688,84.56999969482422,83.06999969482422,84.33000183105469,1079100.0
2016-01-06T00:00:00.000000000,83.12999725341797,83.38999938964844,82.0199966430664,82.66000366210938,864700.0
2016-01-07T00:00:00.000000000,81.12999725341797,82.30000305175781,80.63999938964844,80.87999725341797,802400.0
2016-01-08T00:00:00.000000000,81.1500015258789,81.5999984741211,78.44999694824219,78.55999755859375,1217800.0
2016-01-11T00:00:00.000000000,79.7699966430664,79.8499984741211,78.12999725341797,79.06999969482422,1215100.0
2016-01-12T00:00:00.000000000,79.55000305175781,80.0,78.6500015258789,79.63999938964844,875200.0
2016-01-13T00:00:00.000000000,79.91999816894531,80.05999755859375,77.33000183105469,77.4000015258789,1018600.0
2016-01-14T00:00:00.000000000,77.62000274658203,79.0999984741211,76.98999786376953,78.5,1020000.0
2016-01-15T00:00:00.000000000,76.88999938964844,78.63999938964844,76.5,78.47000122070312,1357900.0
2016-01-19T00:00:00.000000000,79.13999938964844,79.33000183105469,77.38999938964844,78.30999755859375,979900.0
2016-01-20T00:00:00.000000000,77.33000183105469,79.95999908447266,76.63999938964844,79.04000091552734,1274000.0
2016-01-21T00:00:00.000000000,79.1500015258789,80.69000244140625,78.48999786376953,79.22000122070312,798200.0
2016-01-22T00:00:00.000000000,80.26000213623047,80.45999908447266,78.8499984741211,79.7300033569336,622700.0
2016-01-25T00:00:00.000000000,79.44000244140625,79.9800033569336,79.0199966430664,79.30000305175781,881000.0
2016-01-26T00:00:00.000000000,79.55999755859375,82.29000091552734,79.55999755859375,82.05000305175781,864800.0
2016-01-27T00:00:00.000000000,82.01000213623047,83.52999877929688,81.43000030517578,82.0199966430664,751000.0
2016-01-28T00:00:00.000000000,82.77999877929688,83.41999816894531,81.61000061035156,83.3499984741211,724900.0
2016-01-29T00:00:00.000000000,83.66999816894531,86.26000213623047,83.30000305175781,86.16999816894531,1285800.0
2016-02-01T00:00:00.000000000,83.38999938964844,84.36000061035156,82.02999877929688,83.91000366210938,1280400.0
2016-02-02T00:00:00.000000000,83.0,83.18000030517578,82.29000091552734,82.66999816894531,521300.0
2016-02-03T00:00:00.000000000,83.36000061035156,84.0999984741211,82.31999969482422,83.83999633789062,818700.0
2016-02-04T00:00:00.000000000,83.44999694824219,86.0999984741211,83.44999694824219,86.02999877929688,1038500.0
2016-02-05T00:00:00.000000000,86.0199966430664,86.0199966430664,84.37000274658203,84.80999755859375,989100.0
2016-02-08T00:00:00.000000000,83.98999786376953,85.5199966430664,83.19000244140625,85.2699966430664,1118800.0
2016-02-09T00:00:00.000000000,84.52999877929688,86.9800033569336,84.52999877929688,86.38999938964844,1040300.0
2016-02-10T00:00:00.000000000,86.73999786376953,87.5999984741211,85.69999694824219,86.22000122070312,961700.0
2016-02-11T00:00:00.000000000,85.30999755859375,86.9800033569336,84.77999877929688,86.44000244140625,1409400.0
2016-02-12T00:00:00.000000000,86.93000030517578,88.30000305175781,86.5,87.86000061035156,1641800.0
2016-02-16T00:00:00.000000000,88.37000274658203,91.91999816894531,85.26000213623047,89.61000061035156,2285000.0
2016-02-17T00:00:00.000000000,89.16999816894531,90.05000305175781,88.5,90.0199966430664,1232400.0
2016-02-18T00:00:00.000000000,90.13999938964844,91.27999877929688,89.93000030517578,90.79000091552734,1097500.0
2016-02-19T00:00:00.000000000,90.18000030517578,92.44999694824219,89.83000183105469,92.06999969482422,1321200.0
2016-02-22T00:00:00.000000000,92.77999877929688,93.13999938964844,91.97000122070312,92.38999938964844,811800.0
2016-02-23T00:00:00.000000000,92.30999755859375,92.77999877929688,91.54000091552734,91.75,534500.0
2016-02-24T00:00:00.000000000,90.51000213623047,91.08999633789062,90.05999755859375,91.04000091552734,821600.0
2016-02-25T00:00:00.000000000,91.5999984741211,92.12000274658203,90.7300033569336,91.87000274658203,675600.0
2016-02-26T00:00:00.000000000,92.19999694824219,92.44000244140625,90.7300033569336,91.26000213623047,661700.0
2016-02-29T00:00:00.000000000,91.22000122070312,91.6500015258789,90.1500015258789,90.1500015258789,1007200.0
2016-03-01T00:00:00.000000000,90.97000122070312,93.08000183105469,90.77999877929688,93.02999877929688,862500.0
2016-03-02T00:00:00.000000000,92.0,93.70999908447266,91.45999908447266,93.54000091552734,1074700.0
2016-03-03T00:00:00.000000000,93.62999725341797,94.05999755859375,93.01000213623047,93.93000030517578,565800.0
2016-03-04T00:00:00.000000000,93.80000305175781,93.98999786376953,93.12000274658203,93.6500015258789,695000.0
2016-03-07T00:00:00.000000000,93.38999938964844,94.7300033569336,93.23999786376953,94.5,753500.0
2016-03-08T00:00:00.000000000,94.0199966430664,94.62999725341797,93.66999816894531,93.87000274658203,689000.0
2016-03-09T00:00:00.000000000,93.9800033569336,94.30000305175781,92.81999969482422,93.94000244140625,496500.0
2016-03-10T00:00:00.000000000,94.16999816894531,94.29000091552734,92.93000030517578,93.91999816894531,544100.0
2016-03-11T00:00:00.000000000,94.72000122070312,95.5199966430664,94.51000213623047,95.37000274658203,663200.0
2016-03-14T00:00:00.000000000,95.19000244140625,95.44999694824219,94.72000122070312,95.0,399600.0
2016-03-15T00:00:00.000000000,94.4000015258789,95.05000305175781,94.16000366210938,94.87999725341797,469100.0
2016-03-16T00:00:00.000000000,94.7699966430664,95.73999786376953,94.37000274658203,95.56999969482422,563300.0
2016-03-17T00:00:00.000000000,95.8499984741211,98.54000091552734,95.48999786376953,98.41000366210938,1332400.0
2016-03-18T00:00:00.000000000,98.81999969482422,98.81999969482422,97.25,98.05000305175781,1362100.0
2016-03-21T00:00:00.000000000,97.80000305175781,97.97000122070312,96.58000183105469,97.5199966430664,770300.0
2016-03-22T00:00:00.000000000,97.62999725341797,97.69000244140625,96.87000274658203,96.94999694824219,712000.0
2016-03-23T00:00:00.000000000,96.94999694824219,98.12000274658203,96.54000091552734,97.62000274658203,645700.0
2016-03-24T00:00:00.000000000,97.12999725341797,97.80000305175781,96.93000030517578,97.72000122070312,605300.0
2016-03-28T00:00:00.000000000,98.05000305175781,98.36000061035156,97.66000366210938,97.83999633789062,355100.0
2016-03-29T00:00:00.000000000,97.86000061035156,98.77999877929688,97.54000091552734,98.61000061035156,677800.0
2016-03-30T00:00:00.000000000,99.08000183105469,99.4000015258789,98.54000091552734,99.12000274658203,398900.0
2016-03-31T00:00:00.000000000,99.12000274658203,99.58999633789062,98.51000213623047,99.36000061035156,681200.0
2016-04-01T00:00:00.000000000,98.62999725341797,99.79000091552734,98.43000030517578,99.72000122070312,654600.0
2016-04-04T00:00:00.000000000,98.93000030517578,99.04000091552734,97.7699966430664,98.30999755859375,855200.0
2016-04-05T00:00:00.000000000,98.52999877929688,98.87999725341797,97.33999633789062,97.72000122070312,1180400.0
2016-04-06T00:00:00.000000000,97.83999633789062,98.11000061035156,96.52999877929688,98.04000091552734,931000.0
2016-04-07T00:00:00.000000000,97.83000183105469,98.0999984741211,96.38999938964844,96.91000366210938,519700.0
2016-04-08T00:00:00.000000000,97.63999938964844,97.7699966430664,96.8499984741211,97.19000244140625,529600.0
2016-04-11T00:00:00.000000000,97.54000091552734,98.02999877929688,96.79000091552734,96.79000091552734,552300.0
2016-04-12T00:00:00.000000000,97.0,97.80000305175781,95.97000122070312,97.58999633789062,914900.0
2016-04-13T00:00:00.000000000,98.11000061035156,99.44000244140625,98.01000213623047,99.33000183105469,630800.0
2016-04-14T00:00:00.000000000,99.29000091552734,99.5,98.0999984741211,98.41999816894531,810600.0
2016-04-15T00:00:00.000000000,98.80000305175781,99.80000305175781,98.58999633789062,99.4000015258789,760900.0
2016-04-18T00:00:00.000000000,98.94999694824219,99.83000183105469,98.7300033569336,99.83000183105469,1011200.0
2016-04-19T00:00:00.000000000,100.0,100.0,96.54000091552734,96.87999725341797,1670200.0
2016-04-20T00:00:00.000000000,96.80999755859375,97.20999908447266,95.58000183105469,96.48999786376953,1002800.0
2016-04-21T00:00:00.000000000,96.7300033569336,97.0199966430664,95.77999877929688,96.19000244140625,728000.0
2016-04-22T00:00:00.000000000,96.20999908447266,97.41000366210938,96.19999694824219,96.77999877929688,735000.0
2016-04-25T00:00:00.000000000,96.75,97.05000305175781,96.22000122070312,96.9000015258789,388000.0
2016-04-26T00:00:00.000000000,96.93000030517578,98.37000274658203,96.93000030517578,98.22000122070312,502400.0
2016-04-27T00:00:00.000000000,98.05000305175781,98.45999908447266,97.47000122070312,98.2300033569336,590200.0
2016-04-28T00:00:00.000000000,97.5999984741211,98.20999908447266,97.11000061035156,97.33999633789062,483200.0
2016-04-29T00:00:00.000000000,96.91000366210938,96.91000366210938,95.58000183105469,95.97000122070312,948100.0
2016-05-02T00:00:00.000000000,96.16000366210938,96.87999725341797,96.02999877929688,96.76000213623047,479100.0
2016-05-03T00:00:00.000000000,95.94000244140625,96.58000183105469,95.69999694824219,96.38999938964844,760600.0
2016-05-04T00:00:00.000000000,96.05999755859375,96.30000305175781,95.4000015258789,96.06999969482422,639000.0
2016-05-05T00:00:00.000000000,96.36000061035156,97.2699966430664,95.8499984741211,95.95999908447266,631200.0
2016-05-06T00:00:00.000000000,95.91000366210938,97.02999877929688,95.41999816894531,97.0,378700.0
2016-05-09T00:00:00.000000000,96.5999984741211,97.4000015258789,96.51000213623047,97.01000213623047,541300.0
2016-05-10T00:00:00.000000000,97.25,98.06999969482422,97.25,97.94999694824219,422600.0
2016-05-11T00:00:00.000000000,97.5199966430664,98.06999969482422,96.0199966430664,96.12000274658203,593600.0
2016-05-12T00:00:00.000000000,96.31999969482422,97.26000213623047,96.30999755859375,97.11000061035156,566900.0
2016-05-13T00:00:00.000000000,96.94000244140625,97.55000305175781,95.86000061035156,96.06999969482422,453900.0
2016-05-16T00:00:00.000000000,96.30999755859375,97.3499984741211,96.06999969482422,96.94000244140625,722700.0
2016-05-17T00:00:00.000000000,96.62999725341797,97.05999755859375,93.9800033569336,94.33000183105469,1114800.0
2016-05-18T00:00:00.000000000,94.01000213623047,94.75,92.91000366210938,94.18000030517578,816400.0
2016-05-19T00:00:00.000000000,92.93000030517578,93.97000122070312,92.25,93.4800033569336,700700.0
2016-05-20T00:00:00.000000000,93.98999786376953,94.94000244140625,93.91999816894531,94.13999938964844,696900.0
2016-05-23T00:00:00.000000000,93.98999786376953,94.04000091552734,93.19999694824219,93.72000122070312,535300.0
2016-05-24T00:00:00.000000000,94.08000183105469,95.55000305175781,93.9800033569336,95.30999755859375,555200.0
2016-05-25T00:00:00.000000000,95.36000061035156,96.6500015258789,95.18000030517578,96.29000091552734,547400.0
2016-05-26T00:00:00.000000000,96.20999908447266,96.93000030517578,95.87999725341797,96.31999969482422,452200.0
2016-05-27T00:00:00.000000000,96.58999633789062,97.05999755859375,96.56999969482422,97.05999755859375,401000.0
2016-05-31T00:00:00.000000000,97.45999908447266,97.45999908447266,96.16999816894531,96.91999816894531,743800.0
2016-06-01T00:00:00.000000000,96.05999755859375,96.45999908447266,95.75,96.30999755859375,566400.0
2016-06-02T00:00:00.000000000,95.81999969482422,97.01000213623047,95.44999694824219,96.93000030517578,677000.0
2016-06-03T00:00:00.000000000,96.45999908447266,96.5,95.62999725341797,96.16000366210938,582000.0
2016-06-06T00:00:00.000000000,96.06999969482422,97.27999877929688,95.66000366210938,96.97000122070312,616000.0
2016-06-07T00:00:00.000000000,97.29000091552734,97.77999877929688,97.0999984741211,97.47000122070312,349700.0
2016-06-08T00:00:00.000000000,97.5,97.91000366210938,97.4000015258789,97.69000244140625,418100.0
2016-06-09T00:00:00.000000000,97.12000274658203,97.61000061035156,96.5199966430664,97.2300033569336,501500.0
2016-06-10T00:00:00.000000000,96.73999786376953,96.91999816894531,96.01000213623047,96.5,331300.0
2016-06-13T00:00:00.000000000,96.0,96.4000015258789,95.0199966430664,95.12000274658203,489100.0
2016-06-14T00:00:00.000000000,94.7300033569336,95.69999694824219,94.7300033569336,95.58000183105469,528000.0
2016-06-15T00:00:00.000000000,95.69999694824219,96.79000091552734,95.63999938964844,95.95999908447266,437800.0
2016-06-16T00:00:00.000000000,95.58000183105469,96.8499984741211,95.2699966430664,96.58999633789062,438600.0
2016-06-17T00:00:00.000000000,96.63999938964844,97.25,96.30999755859375,96.91000366210938,725100.0
2016-06-20T00:00:00.000000000,97.9000015258789,98.3499984741211,97.52999877929688,97.61000061035156,399100.0
2016-06-21T00:00:00.000000000,97.81999969482422,97.83000183105469,97.26000213623047,97.55000305175781,384800.0
2016-06-22T00:00:00.000000000,97.83000183105469,98.3499984741211,97.70999908447266,97.94999694824219,487900.0
2016-06-23T00:00:00.000000000,99.0,99.43000030517578,98.55000305175781,99.41000366210938,339500.0
2016-06-24T00:00:00.000000000,96.16000366210938,97.58999633789062,96.16000366210938,96.8499984741211,1189000.0
2016-06-27T00:00:00.000000000,96.12000274658203,96.1500015258789,94.0999984741211,95.30999755859375,683600.0
2016-06-28T00:00:00.000000000,96.0,97.72000122070312,95.6500015258789,97.41000366210938,763300.0
2016-06-29T00:00:00.000000000,98.25,99.37999725341797,98.0,99.18000030517578,519900.0
2016-06-30T00:00:00.000000000,99.69999694824219,101.27999877929688,99.12999725341797,101.25,1009300.0
2016-07-01T00:00:00.000000000,101.25,102.47000122070312,100.70999908447266,102.13999938964844,762300.0
2016-07-05T00:00:00.000000000,101.91999816894531,102.08000183105469,100.43000030517578,101.19999694824219,906200.0
2016-07-06T00:00:00.000000000,101.62999725341797,103.98999786376953,101.20999908447266,103.26000213623047,1307000.0
2016-07-07T00:00:00.000000000,103.45999908447266,103.97000122070312,102.22000122070312,102.94000244140625,764000.0
2016-07-08T00:00:00.000000000,104.02999877929688,105.0199966430664,103.41000366210938,104.97000122070312,489700.0
2016-07-11T00:00:00.000000000,105.47000122070312,105.9000015258789,105.02999877929688,105.23999786376953,465800.0
2016-07-12T00:00:00.000000000,105.38999938964844,105.97000122070312,104.80999755859375,105.18000030517578,671000.0
2016-07-13T00:00:00.000000000,105.55999755859375,105.55999755859375,104.01000213623047,104.36000061035156,771200.0
2016-07-14T00:00:00.000000000,104.51000213623047,104.76000213623047,103.52999877929688,103.83000183105469,702600.0
2016-07-15T00:00:00.000000000,104.05000305175781,104.05000305175781,102.58999633789062,102.95999908447266,669700.0
2016-07-18T00:00:00.000000000,102.83999633789062,102.94000244140625,101.75,101.9800033569336,906700.0
2016-07-19T00:00:00.000000000,100.0,101.31999969482422,98.33000183105469,99.73999786376953,1635200.0
2016-07-20T00:00:00.000000000,99.77999877929688,100.75,99.47000122070312,100.01000213623047,796100.0
2016-07-21T00:00:00.000000000,100.0,100.0199966430664,98.56999969482422,98.77999877929688,632300.0
2016-07-22T00:00:00.000000000,98.68000030517578,100.0199966430664,98.41999816894531,99.9000015258789,564400.0
2016-07-25T00:00:00.000000000,99.70999908447266,100.47000122070312,99.48999786376953,100.47000122070312,528800.0
2016-07-26T00:00:00.000000000,100.18000030517578,101.13999938964844,100.18000030517578,101.01000213623047,587200.0
2016-07-27T00:00:00.000000000,101.16999816894531,101.94999694824219,100.79000091552734,101.7300033569336,732300.0
2016-07-28T00:00:00.000000000,101.37999725341797,102.83999633789062,100.97000122070312,102.63999938964844,810500.0
2016-07-29T00:00:00.000000000,102.29000091552734,102.5999984741211,101.4800033569336,102.23999786376953,815300.0
2016-08-01T00:00:00.000000000,102.11000061035156,102.12999725341797,101.12000274658203,101.9800033569336,563300.0
2016-08-02T00:00:00.000000000,101.80000305175781,102.0199966430664,100.44999694824219,100.56999969482422,474700.0
2016-08-03T00:00:00.000000000,100.45999908447266,100.7300033569336,99.75,100.7300033569336,457200.0
2016-08-04T00:00:00.000000000,99.02999877929688,101.27999877929688,99.02999877929688,100.80000305175781,502500.0
2016-08-05T00:00:00.000000000,101.22000122070312,101.98999786376953,101.0999984741211,101.69999694824219,419500.0
2016-08-08T00:00:00.000000000,102.16000366210938,102.37999725341797,101.31999969482422,101.45999908447266,715800.0
2016-08-09T00:00:00.000000000,101.19000244140625,101.5199966430664,100.62999725341797,100.75,369600.0
2016-08-10T00:00:00.000000000,100.94999694824219,101.31999969482422,100.62999725341797,101.20999908447266,671800.0
2016-08-11T00:00:00.000000000,101.6500015258789,102.41000366210938,101.38999938964844,102.0,654300.0
2016-08-12T00:00:00.000000000,101.88999938964844,101.88999938964844,101.1500015258789,101.5,415300.0
2016-08-15T00:00:00.000000000,101.48999786376953,102.7300033569336,101.44000244140625,102.5199966430664,398200.0
2016-08-16T00:00:00.000000000,102.68000030517578,102.8499984741211,101.7300033569336,102.05000305175781,394900.0
2016-08-17T00:00:00.000000000,101.81999969482422,102.62000274658203,101.70999908447266,102.48999786376953,401100.0
2016-08-18T00:00:00.000000000,102.37999725341797,103.37000274658203,102.2699966430664,103.36000061035156,415000.0
2016-08-19T00:00:00.000000000,103.0199966430664,104.01000213623047,102.7699966430664,103.80000305175781,635800.0
2016-08-22T00:00:00.000000000,103.5199966430664,103.81999969482422,102.73999786376953,102.97000122070312,523200.0
2016-08-23T00:00:00.000000000,103.0,104.12000274658203,102.83999633789062,104.02999877929688,663800.0
2016-08-24T00:00:00.000000000,103.95999908447266,104.6500015258789,103.6500015258789,104.44000244140625,510400.0
2016-08-25T00:00:00.000000000,104.05000305175781,104.55999755859375,103.72000122070312,104.16999816894531,537500.0
2016-08-26T00:00:00.000000000,104.13999938964844,104.80999755859375,102.86000061035156,103.31999969482422,501700.0
2016-08-29T00:00:00.000000000,103.38999938964844,105.18000030517578,103.31999969482422,105.08999633789062,458200.0
2016-08-30T00:00:00.000000000,105.0999984741211,105.1500015258789,103.54000091552734,103.69999694824219,605700.0
2016-08-31T00:00:00.000000000,103.41999816894531,103.41999816894531,102.36000061035156,102.81999969482422,793400.0
2016-09-01T00:00:00.000000000,103.0,103.23999786376953,102.22000122070312,103.01000213623047,529200.0
2016-09-02T00:00:00.000000000,104.04000091552734,104.04000091552734,103.05999755859375,103.41000366210938,454800.0
2016-09-06T00:00:00.000000000,103.33000183105469,103.66999816894531,101.44999694824219,101.66000366210938,715800.0
2016-09-07T00:00:00.000000000,101.05999755859375,101.12000274658203,99.77999877929688,100.30000305175781,884000.0
2016-09-08T00:00:00.000000000,100.18000030517578,100.2300033569336,99.5999984741211,99.72000122070312,523500.0
2016-09-09T00:00:00.000000000,98.9800033569336,99.01000213623047,96.9800033569336,96.98999786376953,838700.0
2016-09-12T00:00:00.000000000,96.38999938964844,98.68000030517578,96.05999755859375,98.55999755859375,643300.0
2016-09-13T00:00:00.000000000,97.87000274658203,98.41000366210938,96.95999908447266,97.0999984741211,921700.0
2016-09-14T00:00:00.000000000,97.30999755859375,97.79000091552734,96.52999877929688,96.73999786376953,716200.0
2016-09-15T00:00:00.000000000,96.41000366210938,97.06999969482422,96.2300033569336,96.88999938964844,1028800.0
2016-09-16T00:00:00.000000000,96.54000091552734,97.52999877929688,95.95999908447266,97.1500015258789,786300.0
2016-09-19T00:00:00.000000000,97.4000015258789,99.26000213623047,96.95999908447266,98.62000274658203,604200.0
2016-09-20T00:00:00.000000000,99.13999938964844,99.61000061035156,98.58000183105469,98.75,496700.0
2016-09-21T00:00:00.000000000,98.87999725341797,100.0,98.83999633789062,99.93000030517578,421000.0
2016-09-22T00:00:00.000000000,100.2699966430664,101.87999725341797,100.13999938964844,101.47000122070312,824400.0
2016-09-23T00:00:00.000000000,100.9000015258789,101.05999755859375,98.54000091552734,98.62000274658203,762100.0
2016-09-26T00:00:00.000000000,98.0199966430664,98.81999969482422,97.87000274658203,98.51000213623047,496800.0
2016-09-27T00:00:00.000000000,98.58000183105469,100.44000244140625,98.58000183105469,100.41000366210938,642200.0
2016-09-28T00:00:00.000000000,100.31999969482422,100.91999816894531,99.95999908447266,100.73999786376953,540100.0
2016-09-29T00:00:00.000000000,100.5999984741211,101.01000213623047,99.52999877929688,99.58000183105469,538000.0
2016-09-30T00:00:00.000000000,100.01000213623047,100.83999633789062,100.0,100.44999694824219,655900.0
2016-10-03T00:00:00.000000000,99.56999969482422,100.1500015258789,99.05000305175781,99.83000183105469,703200.0
2016-10-04T00:00:00.000000000,99.7300033569336,100.33999633789062,98.05000305175781,98.38999938964844,481400.0
2016-10-05T00:00:00.000000000,98.91999816894531,99.2699966430664,98.58000183105469,98.91000366210938,652400.0
2016-10-06T00:00:00.000000000,98.54000091552734,99.41999816894531,97.95999908447266,99.22000122070312,541900.0
2016-10-07T00:00:00.000000000,99.94000244140625,99.94000244140625,97.86000061035156,98.2699966430664,433500.0
2016-10-10T00:00:00.000000000,98.73999786376953,98.98999786376953,98.30000305175781,98.41999816894531,242100.0
2016-10-11T00:00:00.000000000,98.08000183105469,98.26000213623047,97.19000244140625,97.29000091552734,440800.0
2016-10-12T00:00:00.000000000,98.0,98.6500015258789,97.25,98.08999633789062,312200.0
2016-10-13T00:00:00.000000000,97.37000274658203,97.87000274658203,96.62000274658203,97.69999694824219,450900.0
2016-10-14T00:00:00.000000000,98.13999938964844,98.66000366210938,97.83999633789062,98.01000213623047,352000.0
2016-10-17T00:00:00.000000000,97.75,98.25,97.43000030517578,97.83000183105469,584800.0
2016-10-18T00:00:00.000000000,98.58999633789062,98.95999908447266,96.2699966430664,96.3499984741211,839800.0
2016-10-19T00:00:00.000000000,92.69999694824219,94.55000305175781,90.58000183105469,92.12000274658203,2774700.0
2016-10-20T00:00:00.000000000,91.80000305175781,91.87000274658203,88.80999755859375,89.51000213623047,1405100.0
2016-10-21T00:00:00.000000000,88.86000061035156,90.7699966430664,88.51000213623047,90.58999633789062,1178700.0
2016-10-24T00:00:00.000000000,91.1500015258789,91.86000061035156,90.75,91.0199966430664,784100.0
2016-10-25T00:00:00.000000000,90.51000213623047,90.95999908447266,90.25,90.48999786376953,833500.0
2016-10-26T00:00:00.000000000,90.30000305175781,91.16999816894531,90.19000244140625,91.05999755859375,568300.0
2016-10-27T00:00:00.000000000,91.37999725341797,91.37999725341797,89.11000061035156,89.1500015258789,904600.0
2016-10-28T00:00:00.000000000,89.33999633789062,90.70999908447266,89.27999877929688,89.83999633789062,598600.0
2016-10-31T00:00:00.000000000,90.08999633789062,90.70999908447266,89.5999984741211,90.58999633789062,751300.0
2016-11-01T00:00:00.000000000,90.87000274658203,90.87000274658203,88.5,89.0,754900.0
2016-11-02T00:00:00.000000000,88.87000274658203,89.43000030517578,88.13999938964844,88.44000244140625,755300.0
2016-11-03T00:00:00.000000000,88.62999725341797,88.88999938964844,87.68000030517578,87.91000366210938,673000.0
2016-11-04T00:00:00.000000000,88.18000030517578,88.69999694824219,87.58000183105469,87.66999816894531,659900.0
2016-11-07T00:00:00.000000000,88.91999816894531,88.9800033569336,87.95999908447266,88.62999725341797,865400.0
2016-11-08T00:00:00.000000000,88.5,88.93000030517578,88.04000091552734,88.70999908447266,631100.0
2016-11-09T00:00:00.000000000,87.16000366210938,90.26000213623047,86.61000061035156,90.18000030517578,1001200.0
2016-11-10T00:00:00.000000000,90.58999633789062,94.56999969482422,90.58999633789062,93.5,1935000.0
2016-11-11T00:00:00.000000000,93.12999725341797,94.77999877929688,93.12999725341797,94.62000274658203,822100.0
2016-11-14T00:00:00.000000000,94.77999877929688,96.48999786376953,94.66000366210938,96.1500015258789,1108300.0
2016-11-15T00:00:00.000000000,96.36000061035156,97.31999969482422,95.05000305175781,96.08000183105469,844600.0
2016-11-16T00:00:00.000000000,95.75,96.4000015258789,94.75,95.3499984741211,587900.0
2016-11-17T00:00:00.000000000,95.44000244140625,95.44000244140625,94.2300033569336,94.5999984741211,873400.0
2016-11-18T00:00:00.000000000,94.5,94.87000274658203,93.9800033569336,94.55000305175781,1038900.0
2016-11-21T00:00:00.000000000,94.69000244140625,96.29000091552734,94.56999969482422,95.95999908447266,645300.0
2016-11-22T00:00:00.000000000,96.36000061035156,97.33999633789062,95.9800033569336,97.16999816894531,501600.0
2016-11-23T00:00:00.000000000,96.88999938964844,97.86000061035156,96.87000274658203,97.30999755859375,520000.0
2016-11-25T00:00:00.000000000,97.41000366210938,98.05000305175781,96.88999938964844,97.9000015258789,227200.0
2016-11-28T00:00:00.000000000,97.58999633789062,97.94999694824219,96.58999633789062,97.05000305175781,613700.0
2016-11-29T00:00:00.000000000,97.05000305175781,97.31999969482422,96.29000091552734,96.55000305175781,501600.0
2016-11-30T00:00:00.000000000,96.44999694824219,97.33999633789062,96.20999908447266,96.2300033569336,1032400.0
2016-12-01T00:00:00.000000000,96.16000366210938,97.58000183105469,96.05999755859375,96.22000122070312,709000.0
2016-12-02T00:00:00.000000000,96.30000305175781,97.01000213623047,95.5199966430664,95.75,506200.0
2016-12-05T00:00:00.000000000,96.25,97.80999755859375,96.2300033569336,97.3499984741211,587400.0
2016-12-06T00:00:00.000000000,97.37999725341797,97.97000122070312,96.62000274658203,97.48999786376953,611600.0
2016-12-07T00:00:00.000000000,97.11000061035156,99.87000274658203,97.01000213623047,99.80999755859375,578500.0
2016-12-08T00:00:00.000000000,99.51000213623047,99.79000091552734,98.33999633789062,98.8499984741211,616900.0
2016-12-09T00:00:00.000000000,98.58999633789062,99.33999633789062,97.9000015258789,98.62999725341797,747800.0
2016-12-12T00:00:00.000000000,98.44000244140625,98.55000305175781,97.37999725341797,98.20999908447266,661500.0
2016-12-13T00:00:00.000000000,98.55000305175781,99.91999816894531,98.08000183105469,99.81999969482422,938700.0
2016-12-14T00:00:00.000000000,99.47000122070312,99.91999816894531,97.7699966430664,97.91999816894531,768600.0
2016-12-15T00:00:00.000000000,97.76000213623047,98.9000015258789,97.44000244140625,98.1500015258789,539500.0
2016-12-16T00:00:00.000000000,98.4000015258789,99.12000274658203,97.63999938964844,97.9800033569336,762900.0
2016-12-19T00:00:00.000000000,98.23999786376953,98.77999877929688,97.69999694824219,98.55999755859375,426100.0
2016-12-20T00:00:00.000000000,98.98999786376953,99.41000366210938,98.38999938964844,98.72000122070312,437700.0
2016-12-21T00:00:00.000000000,98.51000213623047,99.12999725341797,97.81999969482422,97.83000183105469,437500.0
2016-12-22T00:00:00.000000000,97.94000244140625,97.9800033569336,96.08000183105469,96.56999969482422,511500.0
2016-12-23T00:00:00.000000000,96.77999877929688,97.56999969482422,96.68000030517578,96.9000015258789,250600.0
2016-12-27T00:00:00.000000000,96.9000015258789,97.73999786376953,96.9000015258789,97.58000183105469,259200.0
2016-12-28T00:00:00.000000000,97.79000091552734,97.8499984741211,96.33000183105469,96.37000274658203,345100.0
2016-12-29T00:00:00.000000000,96.4000015258789,96.80000305175781,95.93000030517578,96.44999694824219,374400.0
2016-12-30T00:00:00.000000000,96.66999816894531,96.94000244140625,94.87999725341797,95.54000091552734,610800.0
2017-01-03T00:00:00.000000000,96.41999816894531,96.54000091552734,94.41999816894531,95.62999725341797,648000.0
2017-01-04T00:00:00.000000000,96.19000244140625,97.12000274658203,95.94999694824219,97.12000274658203,542900.0
2017-01-05T00:00:00.000000000,96.37999725341797,96.7300033569336,95.72000122070312,96.66999816894531,414600.0
2017-01-06T00:00:00.000000000,96.66000366210938,96.79000091552734,96.08999633789062,96.16000366210938,400200.0
2017-01-09T00:00:00.000000000,96.12999725341797,96.48999786376953,95.55999755859375,96.05000305175781,607700.0
2017-01-10T00:00:00.000000000,96.0999984741211,97.69999694824219,95.68000030517578,97.27999877929688,470400.0
2017-01-11T00:00:00.000000000,97.12000274658203,97.58999633789062,96.73999786376953,97.4800033569336,468900.0
2017-01-12T00:00:00.000000000,97.30999755859375,98.20999908447266,96.48999786376953,98.08999633789062,546400.0
2017-01-13T00:00:00.000000000,98.1500015258789,99.04000091552734,98.1500015258789,98.56999969482422,503600.0
2017-01-17T00:00:00.000000000,98.22000122070312,98.9800033569336,96.94000244140625,97.55999755859375,698300.0
2017-01-18T00:00:00.000000000,97.43000030517578,99.58000183105469,97.16000366210938,99.29000091552734,860800.0
2017-01-19T00:00:00.000000000,99.2699966430664,100.4000015258789,98.33000183105469,99.11000061035156,774100.0
2017-01-20T00:00:00.000000000,99.33999633789062,100.02999877929688,98.95999908447266,99.73999786376953,665000.0
2017-01-23T00:00:00.000000000,97.81999969482422,98.19000244140625,95.66999816894531,96.25,1251700.0
2017-01-24T00:00:00.000000000,96.51000213623047,97.36000061035156,96.06999969482422,96.91999816894531,915700.0
2017-01-25T00:00:00.000000000,97.4000015258789,98.16999816894531,97.19999694824219,97.80999755859375,638200.0
2017-01-26T00:00:00.000000000,97.44000244140625,98.04000091552734,96.20999908447266,97.13999938964844,837500.0
2017-01-27T00:00:00.000000000,97.55000305175781,97.61000061035156,96.31999969482422,96.66999816894531,655200.0
2017-01-30T00:00:00.000000000,96.79000091552734,97.11000061035156,95.73999786376953,97.08000183105469,609800.0
2017-01-31T00:00:00.000000000,96.73999786376953,97.43000030517578,95.83000183105469,96.80999755859375,680600.0
2017-02-01T00:00:00.000000000,96.88999938964844,97.86000061035156,95.80000305175781,96.33999633789062,607300.0
2017-02-02T00:00:00.000000000,96.36000061035156,97.05999755859375,96.06999969482422,96.62000274658203,366300.0
2017-02-03T00:00:00.000000000,96.75,97.51000213623047,96.52999877929688,97.13999938964844,476300.0
2017-02-06T00:00:00.000000000,96.97000122070312,97.80999755859375,96.80999755859375,97.20999908447266,463200.0
2017-02-07T00:00:00.000000000,97.30000305175781,97.75,96.52999877929688,96.97000122070312,372900.0
2017-02-08T00:00:00.000000000,96.98999786376953,99.06999969482422,96.88999938964844,99.04000091552734,866200.0
2017-02-09T00:00:00.000000000,99.04000091552734,100.0999984741211,98.91000366210938,99.66999816894531,532100.0
2017-02-10T00:00:00.000000000,99.73999786376953,99.91999816894531,98.94000244140625,99.77999877929688,482800.0
2017-02-13T00:00:00.000000000,100.0,100.25,99.05999755859375,99.88999938964844,523400.0
2017-02-14T00:00:00.000000000,98.95999908447266,99.97000122070312,98.88999938964844,99.66000366210938,493500.0
2017-02-15T00:00:00.000000000,99.5999984741211,100.12000274658203,99.4000015258789,100.12000274658203,487900.0
2017-02-16T00:00:00.000000000,100.2300033569336,100.62000274658203,98.5199966430664,99.2300033569336,707800.0
2017-02-17T00:00:00.000000000,99.05000305175781,100.66999816894531,98.95999908447266,100.66999816894531,902300.0
2017-02-21T00:00:00.000000000,100.5999984741211,100.9000015258789,96.3499984741211,97.66999816894531,1522900.0
2017-02-22T00:00:00.000000000,96.9800033569336,97.41999816894531,95.87000274658203,95.98999786376953,904500.0
2017-02-23T00:00:00.000000000,95.98999786376953,95.98999786376953,94.87999725341797,95.0,1009400.0
2017-02-24T00:00:00.000000000,94.69000244140625,96.27999877929688,94.5999984741211,96.25,672800.0
2017-02-27T00:00:00.000000000,96.27999877929688,96.70999908447266,95.58999633789062,96.18000030517578,666400.0
2017-02-28T00:00:00.000000000,95.83000183105469,96.05000305175781,95.27999877929688,95.70999908447266,760100.0
2017-03-01T00:00:00.000000000,96.54000091552734,97.26000213623047,96.2300033569336,96.56999969482422,709500.0
2017-03-02T00:00:00.000000000,96.5,96.5199966430664,95.66000366210938,95.87000274658203,606800.0
2017-03-03T00:00:00.000000000,95.87999725341797,95.98999786376953,94.37000274658203,94.69999694824219,781000.0
2017-03-06T00:00:00.000000000,94.36000061035156,94.69000244140625,94.0,94.18000030517578,662100.0
2017-03-07T00:00:00.000000000,94.02999877929688,94.16000366210938,93.44000244140625,93.5199966430664,544700.0
2017-03-08T00:00:00.000000000,92.80999755859375,93.58999633789062,92.7699966430664,93.1500015258789,556500.0
2017-03-09T00:00:00.000000000,93.26000213623047,93.36000061035156,92.80999755859375,92.94999694824219,769600.0
2017-03-10T00:00:00.000000000,93.30000305175781,93.5999984741211,92.7699966430664,93.20999908447266,651100.0
2017-03-13T00:00:00.000000000,93.20999908447266,94.22000122070312,92.87000274658203,94.13999938964844,818200.0
2017-03-14T00:00:00.000000000,93.94999694824219,94.36000061035156,93.66999816894531,94.05999755859375,487200.0
2017-03-15T00:00:00.000000000,94.19999694824219,94.5199966430664,93.58000183105469,93.95999908447266,828800.0
2017-03-16T00:00:00.000000000,94.4000015258789,94.7300033569336,93.88999938964844,94.2699966430664,411000.0
2017-03-17T00:00:00.000000000,94.58000183105469,95.0,93.98999786376953,94.9000015258789,1294000.0
2017-03-20T00:00:00.000000000,94.94999694824219,94.94999694824219,94.12000274658203,94.33000183105469,460600.0
2017-03-21T00:00:00.000000000,94.6500015258789,94.6500015258789,93.0,93.30000305175781,691100.0
2017-03-22T00:00:00.000000000,93.36000061035156,93.55000305175781,92.69999694824219,93.47000122070312,522200.0
2017-03-23T00:00:00.000000000,93.36000061035156,93.81999969482422,92.70999908447266,93.44999694824219,511900.0
2017-03-24T00:00:00.000000000,93.51000213623047,93.76000213623047,92.66000366210938,92.83999633789062,530700.0
2017-03-27T00:00:00.000000000,92.30999755859375,92.83999633789062,92.05999755859375,92.76000213623047,456300.0
2017-03-28T00:00:00.000000000,92.36000061035156,93.43000030517578,92.0999984741211,93.0999984741211,516600.0
2017-03-29T00:00:00.000000000,92.97000122070312,93.47000122070312,92.29000091552734,92.66999816894531,893800.0
2017-03-30T00:00:00.000000000,92.61000061035156,93.70999908447266,92.04000091552734,92.33999633789062,506300.0
2017-03-31T00:00:00.000000000,92.29000091552734,93.27999877929688,91.93000030517578,92.41000366210938,685400.0
2017-04-03T00:00:00.000000000,92.5,92.5,89.2300033569336,90.33999633789062,1301200.0
2017-04-04T00:00:00.000000000,90.05000305175781,90.66000366210938,89.76000213623047,90.02999877929688,910500.0
2017-04-05T00:00:00.000000000,90.20999908447266,91.2699966430664,89.93000030517578,90.2300033569336,811000.0
2017-04-06T00:00:00.000000000,90.33000183105469,90.6500015258789,89.66000366210938,90.31999969482422,585500.0
2017-04-07T00:00:00.000000000,90.08000183105469,90.61000061035156,89.83000183105469,89.86000061035156,413200.0
2017-04-10T00:00:00.000000000,90.0,91.05000305175781,89.7300033569336,89.79000091552734,690400.0
2017-04-11T00:00:00.000000000,89.68000030517578,90.61000061035156,89.3499984741211,90.61000061035156,693000.0
2017-04-12T00:00:00.000000000,90.1500015258789,90.2300033569336,89.18000030517578,89.41999816894531,711900.0
2017-04-13T00:00:00.000000000,89.29000091552734,90.05000305175781,88.87999725341797,88.94000244140625,615100.0
2017-04-17T00:00:00.000000000,89.12000274658203,90.12999725341797,89.12000274658203,90.0999984741211,811300.0
2017-04-18T00:00:00.000000000,89.80999755859375,90.72000122070312,89.30999755859375,90.13999938964844,1084000.0
2017-04-19T00:00:00.000000000,92.88999938964844,94.98999786376953,91.5199966430664,91.91000366210938,1908900.0
2017-04-20T00:00:00.000000000,92.1500015258789,93.18000030517578,92.11000061035156,92.9000015258789,984500.0
2017-04-21T00:00:00.000000000,92.9000015258789,93.5199966430664,92.5999984741211,93.11000061035156,722500.0
2017-04-24T00:00:00.000000000,93.97000122070312,93.97000122070312,92.66000366210938,93.5999984741211,938200.0
2017-04-25T00:00:00.000000000,94.11000061035156,94.58999633789062,93.0199966430664,93.29000091552734,636800.0
2017-04-26T00:00:00.000000000,93.58000183105469,93.88999938964844,92.91000366210938,93.12999725341797,665900.0
2017-04-27T00:00:00.000000000,93.3499984741211,93.88999938964844,92.88999938964844,93.33000183105469,745400.0
2017-04-28T00:00:00.000000000,93.3499984741211,93.3499984741211,91.18000030517578,92.0199966430664,1551800.0
2017-05-01T00:00:00.000000000,92.19999694824219,92.19999694824219,90.93000030517578,91.33999633789062,771800.0
2017-05-02T00:00:00.000000000,91.41000366210938,92.08000183105469,91.26000213623047,92.06999969482422,662700.0
2017-05-03T00:00:00.000000000,92.13999938964844,92.20999908447266,91.44000244140625,92.05999755859375,724100.0
2017-05-04T00:00:00.000000000,92.05000305175781,92.55999755859375,91.68000030517578,92.25,816200.0
2017-05-05T00:00:00.000000000,92.41000366210938,92.7300033569336,91.83000183105469,92.7300033569336,592600.0
2017-05-08T00:00:00.000000000,92.75,92.91999816894531,92.20999908447266,92.54000091552734,480000.0
2017-05-09T00:00:00.000000000,92.6500015258789,92.98999786376953,92.22000122070312,92.83000183105469,445500.0
2017-05-10T00:00:00.000000000,92.83000183105469,92.83000183105469,92.02999877929688,92.79000091552734,633500.0
2017-05-11T00:00:00.000000000,92.30999755859375,92.30999755859375,90.69999694824219,91.8499984741211,577200.0
2017-05-12T00:00:00.000000000,91.5999984741211,91.76000213623047,91.01000213623047,91.44000244140625,516000.0
2017-05-15T00:00:00.000000000,91.5199966430664,92.87000274658203,91.33000183105469,91.86000061035156,857600.0
2017-05-16T00:00:00.000000000,92.08999633789062,92.08999633789062,90.83000183105469,91.54000091552734,518900.0
2017-05-17T00:00:00.000000000,91.54000091552734,91.87999725341797,90.69000244140625,91.12999725341797,806900.0
2017-05-18T00:00:00.000000000,91.12000274658203,92.33000183105469,90.91999816894531,91.6500015258789,845400.0
2017-05-19T00:00:00.000000000,91.72000122070312,92.4800033569336,90.66999816894531,92.12000274658203,2531000.0
2017-05-22T00:00:00.000000000,92.13999938964844,92.86000061035156,92.08000183105469,92.45999908447266,687100.0
2017-05-23T00:00:00.000000000,91.4000015258789,91.6500015258789,89.55000305175781,90.6500015258789,1380000.0
2017-05-24T00:00:00.000000000,90.2699966430664,90.83999633789062,89.83000183105469,90.16999816894531,907000.0
2017-05-25T00:00:00.000000000,90.48999786376953,91.5199966430664,90.02999877929688,91.36000061035156,611600.0
2017-05-26T00:00:00.000000000,91.5,93.88999938964844,91.30000305175781,93.27999877929688,1143300.0
2017-05-30T00:00:00.000000000,93.05999755859375,93.58000183105469,91.97000122070312,92.54000091552734,1033100.0
2017-05-31T00:00:00.000000000,92.54000091552734,92.70999908447266,92.04000091552734,92.62000274658203,1189100.0
2017-06-01T00:00:00.000000000,93.04000091552734,94.3499984741211,92.5199966430664,94.11000061035156,682000.0
2017-06-02T00:00:00.000000000,94.29000091552734,94.8499984741211,93.95999908447266,94.27999877929688,802800.0
2017-06-05T00:00:00.000000000,94.12999725341797,94.38999938964844,93.55999755859375,93.77999877929688,606800.0
2017-06-06T00:00:00.000000000,93.44000244140625,93.44000244140625,91.69999694824219,92.12000274658203,714800.0
2017-06-07T00:00:00.000000000,90.97000122070312,92.0999984741211,90.97000122070312,91.83999633789062,647300.0
2017-06-08T00:00:00.000000000,91.83999633789062,91.88999938964844,90.77999877929688,90.88999938964844,610300.0
2017-06-09T00:00:00.000000000,90.94999694824219,91.70999908447266,90.55000305175781,91.61000061035156,692400.0
2017-06-12T00:00:00.000000000,91.61000061035156,92.97000122070312,91.61000061035156,92.97000122070312,566100.0
2017-06-13T00:00:00.000000000,92.9800033569336,93.94999694824219,92.33999633789062,93.86000061035156,579100.0
2017-06-14T00:00:00.000000000,93.44000244140625,95.0999984741211,93.37000274658203,94.26000213623047,796000.0
2017-06-15T00:00:00.000000000,93.7300033569336,94.97000122070312,93.58000183105469,94.83999633789062,617100.0
2017-06-16T00:00:00.000000000,94.72000122070312,95.6500015258789,93.75,95.61000061035156,1354000.0
2017-06-19T00:00:00.000000000,95.83999633789062,95.87000274658203,93.4000015258789,93.48999786376953,1010500.0
2017-06-20T00:00:00.000000000,93.0,93.0199966430664,91.0999984741211,91.2699966430664,877100.0
2017-06-21T00:00:00.000000000,91.30000305175781,91.48999786376953,89.5999984741211,89.88999938964844,974200.0
2017-06-22T00:00:00.000000000,89.83000183105469,90.1500015258789,89.01000213623047,89.66999816894531,919700.0
2017-06-23T00:00:00.000000000,89.6500015258789,90.91999816894531,89.27999877929688,90.73999786376953,2244200.0
2017-06-26T00:00:00.000000000,90.98999786376953,91.68000030517578,90.61000061035156,91.16000366210938,583800.0
2017-06-27T00:00:00.000000000,91.08999633789062,91.80000305175781,90.55999755859375,90.8499984741211,653000.0
2017-06-28T00:00:00.000000000,91.29000091552734,92.70999908447266,91.16999816894531,91.94000244140625,630700.0
2017-06-29T00:00:00.000000000,92.0,92.38999938964844,90.72000122070312,91.12000274658203,630800.0
2017-06-30T00:00:00.000000000,91.37999725341797,93.23999786376953,91.19999694824219,92.76000213623047,827500.0
2017-07-03T00:00:00.000000000,92.80000305175781,93.97000122070312,91.98999786376953,93.66000366210938,541100.0
2017-07-05T00:00:00.000000000,91.91000366210938,92.5999984741211,88.80999755859375,89.16000366210938,1817700.0
2017-07-06T00:00:00.000000000,87.0999984741211,88.58999633789062,86.20999908447266,86.73999786376953,1709200.0
2017-07-07T00:00:00.000000000,86.83999633789062,87.38999938964844,86.5199966430664,86.86000061035156,831400.0
2017-07-10T00:00:00.000000000,86.62000274658203,86.81999969482422,84.87000274658203,85.0999984741211,1406600.0
2017-07-11T00:00:00.000000000,85.05999755859375,85.33000183105469,83.81999969482422,84.2699966430664,1106700.0
2017-07-12T00:00:00.000000000,84.44999694824219,84.58000183105469,83.55999755859375,84.0,1455700.0
2017-07-13T00:00:00.000000000,84.05000305175781,84.08999633789062,82.80999755859375,83.69999694824219,2449700.0
2017-07-14T00:00:00.000000000,84.01000213623047,84.12999725341797,83.27999877929688,83.3499984741211,1129200.0
2017-07-17T00:00:00.000000000,83.44999694824219,84.62999725341797,83.44000244140625,84.06999969482422,1122200.0
2017-07-18T00:00:00.000000000,83.93000030517578,84.2699966430664,82.66999816894531,83.01000213623047,1322500.0
2017-07-19T00:00:00.000000000,83.23999786376953,83.3499984741211,82.41999816894531,82.95999908447266,3090000.0
2017-07-20T00:00:00.000000000,82.41999816894531,84.30000305175781,80.86000061035156,81.69000244140625,2548000.0
2017-07-21T00:00:00.000000000,82.18000030517578,83.41999816894531,82.0,82.70999908447266,1685400.0
2017-07-24T00:00:00.000000000,82.62999725341797,82.69000244140625,81.5,81.80999755859375,966400.0
2017-07-25T00:00:00.000000000,82.19999694824219,83.68000030517578,82.12000274658203,83.31999969482422,1045600.0
2017-07-26T00:00:00.000000000,83.44999694824219,83.55999755859375,82.79000091552734,82.80999755859375,970000.0
2017-07-27T00:00:00.000000000,83.01000213623047,84.98999786376953,82.7699966430664,84.79000091552734,1224400.0
2017-07-28T00:00:00.000000000,84.7300033569336,85.22000122070312,83.27999877929688,83.93000030517578,971300.0
2017-07-31T00:00:00.000000000,84.0999984741211,85.04000091552734,84.06999969482422,84.93000030517578,1973400.0
2017-08-01T00:00:00.000000000,85.01000213623047,85.30999755859375,83.83000183105469,84.95999908447266,968300.0
2017-08-02T00:00:00.000000000,84.6500015258789,85.22000122070312,84.31999969482422,84.43000030517578,655800.0
2017-08-03T00:00:00.000000000,84.31999969482422,84.94000244140625,84.02999877929688,84.11000061035156,560900.0
2017-08-04T00:00:00.000000000,84.31999969482422,84.43000030517578,83.69999694824219,83.87999725341797,524500.0
2017-08-07T00:00:00.000000000,83.9000015258789,84.41999816894531,83.55000305175781,84.1500015258789,438100.0
2017-08-08T00:00:00.000000000,84.22000122070312,84.58999633789062,83.31999969482422,83.44999694824219,539900.0
2017-08-09T00:00:00.000000000,83.30000305175781,83.66000366210938,82.91000366210938,83.4800033569336,650400.0
2017-08-10T00:00:00.000000000,82.9800033569336,83.20999908447266,82.08999633789062,82.29000091552734,556000.0
2017-08-11T00:00:00.000000000,82.11000061035156,82.93000030517578,82.0999984741211,82.80999755859375,470400.0
2017-08-14T00:00:00.000000000,83.30000305175781,83.91999816894531,82.72000122070312,83.7699966430664,679000.0
2017-08-15T00:00:00.000000000,82.0,82.30000305175781,79.86000061035156,80.4800033569336,2197300.0
2017-08-16T00:00:00.000000000,80.98999786376953,82.58000183105469,80.7300033569336,82.25,913900.0
2017-08-17T00:00:00.000000000,82.23999786376953,83.05000305175781,81.43000030517578,81.48999786376953,747500.0
2017-08-18T00:00:00.000000000,81.2699966430664,81.97000122070312,81.20999908447266,81.5999984741211,698800.0
2017-08-21T00:00:00.000000000,81.75,83.11000061035156,81.3499984741211,82.66999816894531,1011700.0
2017-08-22T00:00:00.000000000,82.95999908447266,83.19999694824219,82.19999694824219,82.63999938964844,631700.0
2017-08-23T00:00:00.000000000,82.36000061035156,82.80000305175781,82.08000183105469,82.56999969482422,483700.0
2017-08-24T00:00:00.000000000,82.95999908447266,83.30999755859375,82.20999908447266,82.4800033569336,665700.0
2017-08-25T00:00:00.000000000,82.6500015258789,83.87000274658203,82.6500015258789,83.30000305175781,516100.0
2017-08-28T00:00:00.000000000,83.4800033569336,83.52999877929688,82.44999694824219,82.94999694824219,411800.0
2017-08-29T00:00:00.000000000,82.3499984741211,82.83000183105469,81.79000091552734,81.83000183105469,543400.0
2017-08-30T00:00:00.000000000,81.87000274658203,83.05000305175781,81.62999725341797,82.9000015258789,621700.0
2017-08-31T00:00:00.000000000,82.91000366210938,83.55000305175781,82.75,82.83000183105469,1037600.0
2017-09-01T00:00:00.000000000,83.2300033569336,84.12999725341797,83.0999984741211,83.83999633789062,450100.0
2017-09-05T00:00:00.000000000,83.52999877929688,84.91999816894531,83.52999877929688,84.30999755859375,850700.0
2017-09-06T00:00:00.000000000,84.63999938964844,85.3499984741211,84.43000030517578,85.30999755859375,896500.0
2017-09-07T00:00:00.000000000,84.79000091552734,84.79000091552734,84.0199966430664,84.44000244140625,921800.0
2017-09-08T00:00:00.000000000,84.52999877929688,85.66999816894531,84.30999755859375,85.3499984741211,744200.0
2017-09-11T00:00:00.000000000,85.68000030517578,86.48999786376953,85.31999969482422,85.81999969482422,752100.0
2017-09-12T00:00:00.000000000,86.0199966430664,87.12000274658203,85.94999694824219,86.44000244140625,963900.0
2017-09-13T00:00:00.000000000,86.38999938964844,86.94999694824219,86.16000366210938,86.94000244140625,556200.0
2017-09-14T00:00:00.000000000,86.91999816894531,86.91999816894531,86.05000305175781,86.38999938964844,512700.0
2017-09-15T00:00:00.000000000,86.31999969482422,86.7300033569336,86.02999877929688,86.6500015258789,906800.0
2017-09-18T00:00:00.000000000,86.87999725341797,86.9800033569336,86.41999816894531,86.87999725341797,733800.0
2017-09-19T00:00:00.000000000,87.16999816894531,87.25,84.83999633789062,85.86000061035156,1150700.0
2017-09-20T00:00:00.000000000,86.0199966430664,87.23999786376953,85.83000183105469,86.72000122070312,851100.0
2017-09-21T00:00:00.000000000,86.80000305175781,87.01000213623047,86.2699966430664,86.3499984741211,408300.0
2017-09-22T00:00:00.000000000,86.47000122070312,88.0999984741211,86.44999694824219,87.9800033569336,765300.0
2017-09-25T00:00:00.000000000,97.01000213623047,97.6500015258789,92.5999984741211,93.22000122070312,4275200.0
2017-09-26T00:00:00.000000000,93.69999694824219,95.6500015258789,93.52999877929688,94.16000366210938,1768800.0
2017-09-27T00:00:00.000000000,94.1500015258789,94.83999633789062,92.91999816894531,94.45999908447266,1304500.0
2017-09-28T00:00:00.000000000,93.94000244140625,95.33999633789062,93.86000061035156,95.19000244140625,835200.0
2017-09-29T00:00:00.000000000,95.47000122070312,96.05000305175781,95.02999877929688,95.6500015258789,738000.0
2017-10-02T00:00:00.000000000,95.48999786376953,96.66999816894531,94.94000244140625,96.37000274658203,728700.0
2017-10-03T00:00:00.000000000,96.37000274658203,96.54000091552734,95.36000061035156,95.94999694824219,561900.0
2017-10-04T00:00:00.000000000,95.75,95.7699966430664,95.08000183105469,95.48999786376953,652100.0
2017-10-05T00:00:00.000000000,95.30999755859375,95.80000305175781,95.0,95.79000091552734,720800.0
2017-10-06T00:00:00.000000000,95.43000030517578,95.8499984741211,95.25,95.55000305175781,570500.0
2017-10-09T00:00:00.000000000,95.76000213623047,95.83999633789062,95.0999984741211,95.18000030517578,445100.0
2017-10-10T00:00:00.000000000,95.30999755859375,95.9800033569336,95.16000366210938,95.5199966430664,688000.0
2017-10-11T00:00:00.000000000,95.61000061035156,95.9800033569336,95.19999694824219,95.5,686900.0
2017-10-12T00:00:00.000000000,95.43000030517578,96.19000244140625,94.80999755859375,95.86000061035156,474400.0
2017-10-13T00:00:00.000000000,95.87999725341797,96.5,95.51000213623047,95.86000061035156,527900.0
2017-10-16T00:00:00.000000000,95.87000274658203,96.13999938964844,95.38999938964844,96.01000213623047,361900.0
2017-10-17T00:00:00.000000000,96.26000213623047,97.0199966430664,96.1500015258789,96.86000061035156,611900.0
2017-10-18T00:00:00.000000000,97.41999816894531,98.62999725341797,97.08999633789062,98.04000091552734,1235800.0
2017-10-19T00:00:00.000000000,92.33000183105469,92.48999786376953,88.12000274658203,89.70999908447266,2664900.0
2017-10-20T00:00:00.000000000,89.63999938964844,89.63999938964844,88.13999938964844,88.62999725341797,1601200.0
2017-10-23T00:00:00.000000000,88.69000244140625,89.87000274658203,88.30999755859375,89.2699966430664,1489600.0
2017-10-24T00:00:00.000000000,89.38999938964844,90.33000183105469,88.83000183105469,88.91000366210938,1168600.0
2017-10-25T00:00:00.000000000,89.0199966430664,89.16000366210938,88.05999755859375,88.45999908447266,695900.0
2017-10-26T00:00:00.000000000,88.44999694824219,90.02999877929688,87.33000183105469,89.4000015258789,980700.0
2017-10-27T00:00:00.000000000,89.0999984741211,89.20999908447266,87.94999694824219,88.3499984741211,751700.0
2017-10-30T00:00:00.000000000,88.19999694824219,88.58999633789062,87.66000366210938,88.04000091552734,625700.0
2017-10-31T00:00:00.000000000,88.16000366210938,88.72000122070312,87.81999969482422,88.2300033569336,569600.0
2017-11-01T00:00:00.000000000,88.80000305175781,88.80000305175781,87.37000274658203,87.43000030517578,618300.0
2017-11-02T00:00:00.000000000,87.36000061035156,88.77999877929688,86.44999694824219,88.52999877929688,624200.0
2017-11-03T00:00:00.000000000,88.55000305175781,88.69999694824219,87.76000213623047,87.80000305175781,567500.0
2017-11-06T00:00:00.000000000,88.02999877929688,88.04000091552734,86.98999786376953,87.26000213623047,569000.0
2017-11-07T00:00:00.000000000,87.18000030517578,87.80999755859375,86.05000305175781,86.43000030517578,729700.0
2017-11-08T00:00:00.000000000,86.66000366210938,86.80000305175781,85.83000183105469,86.0199966430664,1555300.0
2017-11-09T00:00:00.000000000,85.68000030517578,86.30999755859375,85.19999694824219,85.55999755859375,1015500.0
2017-11-10T00:00:00.000000000,85.05999755859375,86.36000061035156,85.0,85.44999694824219,1228200.0
2017-11-13T00:00:00.000000000,85.05999755859375,86.0,84.83000183105469,85.29000091552734,943200.0
2017-11-14T00:00:00.000000000,86.05999755859375,87.37999725341797,85.77999877929688,86.01000213623047,711000.0
2017-11-15T00:00:00.000000000,85.41000366210938,88.31999969482422,84.83000183105469,85.0,657200.0
2017-11-16T00:00:00.000000000,85.22000122070312,86.05999755859375,84.70999908447266,85.98999786376953,717400.0
2017-11-17T00:00:00.000000000,85.94999694824219,86.80000305175781,85.80000305175781,86.12999725341797,572700.0
2017-11-20T00:00:00.000000000,86.12999725341797,86.58999633789062,85.9000015258789,86.26000213623047,519800.0
2017-11-21T00:00:00.000000000,86.5999984741211,86.5999984741211,85.2699966430664,85.94999694824219,1108600.0
2017-11-22T00:00:00.000000000,85.94999694824219,87.2300033569336,85.91999816894531,86.91000366210938,390800.0
2017-11-24T00:00:00.000000000,86.93000030517578,87.04000091552734,86.41000366210938,86.83999633789062,246900.0
2017-11-27T00:00:00.000000000,86.95999908447266,87.73999786376953,86.91999816894531,87.62000274658203,675500.0
2017-11-28T00:00:00.000000000,87.6500015258789,89.41000366210938,87.6500015258789,89.33999633789062,949600.0
2017-11-29T00:00:00.000000000,89.47000122070312,91.87000274658203,89.47000122070312,91.5,963300.0
2017-11-30T00:00:00.000000000,91.52999877929688,93.18000030517578,91.30999755859375,92.97000122070312,1292700.0
2017-12-01T00:00:00.000000000,93.08999633789062,93.33000183105469,90.97000122070312,92.86000061035156,1098700.0
2017-12-04T00:00:00.000000000,93.3499984741211,94.16999816894531,93.27999877929688,93.95999908447266,1019700.0
2017-12-05T00:00:00.000000000,94.75,95.23999786376953,93.4000015258789,94.16000366210938,913600.0
2017-12-06T00:00:00.000000000,93.91999816894531,94.55000305175781,93.41000366210938,93.72000122070312,1343800.0
2017-12-07T00:00:00.000000000,92.87000274658203,94.31999969482422,92.87000274658203,93.80000305175781,1320800.0
2017-12-08T00:00:00.000000000,92.87000274658203,94.97000122070312,92.87000274658203,94.8499984741211,774400.0
2017-12-11T00:00:00.000000000,94.58999633789062,94.63999938964844,92.98999786376953,93.48999786376953,711400.0
2017-12-12T00:00:00.000000000,93.73999786376953,93.95999908447266,92.33000183105469,92.7300033569336,710700.0
2017-12-13T00:00:00.000000000,92.58000183105469,93.80999755859375,92.58000183105469,93.26000213623047,706800.0
2017-12-14T00:00:00.000000000,93.19999694824219,93.33000183105469,91.43000030517578,91.4800033569336,763500.0
2017-12-15T00:00:00.000000000,92.44999694824219,93.4000015258789,91.58000183105469,91.9800033569336,1273400.0
2017-12-18T00:00:00.000000000,92.87000274658203,93.72000122070312,92.44000244140625,93.44000244140625,580700.0
2017-12-19T00:00:00.000000000,93.83000183105469,93.97000122070312,93.01000213623047,93.01000213623047,577600.0
2017-12-20T00:00:00.000000000,93.55999755859375,93.70999908447266,92.77999877929688,93.22000122070312,446200.0
2017-12-21T00:00:00.000000000,93.58000183105469,94.58000183105469,93.29000091552734,94.52999877929688,609900.0
2017-12-22T00:00:00.000000000,94.94000244140625,95.54000091552734,94.55000305175781,95.11000061035156,765300.0
2017-12-26T00:00:00.000000000,94.94999694824219,95.95999908447266,94.86000061035156,95.38999938964844,339800.0
2017-12-27T00:00:00.000000000,95.45999908447266,95.76000213623047,95.12999725341797,95.66999816894531,430500.0
2017-12-28T00:00:00.000000000,95.66999816894531,95.8499984741211,94.43000030517578,95.4800033569336,516900.0
2017-12-29T00:00:00.000000000,95.4000015258789,95.93000030517578,94.9800033569336,95.01000213623047,494900.0
2018-01-02T00:00:00.000000000,95.54000091552734,97.12999725341797,95.54000091552734,96.58000183105469,945000.0
2018-01-03T00:00:00.000000000,96.7699966430664,97.4800033569336,96.4800033569336,97.30000305175781,647300.0
2018-01-04T00:00:00.000000000,97.66999816894531,98.44000244140625,96.95999908447266,97.41000366210938,650300.0
2018-01-05T00:00:00.000000000,97.58000183105469,97.7300033569336,96.19000244140625,97.5,681400.0
2018-01-08T00:00:00.000000000,97.73999786376953,98.55999755859375,97.5,97.9800033569336,836200.0
2018-01-09T00:00:00.000000000,98.1500015258789,99.30000305175781,98.1500015258789,98.94999694824219,1006400.0
2018-01-10T00:00:00.000000000,98.4000015258789,99.63999938964844,98.29000091552734,99.4000015258789,912900.0
2018-01-11T00:00:00.000000000,99.38999938964844,101.97000122070312,98.93000030517578,101.9000015258789,886900.0
2018-01-12T00:00:00.000000000,101.94999694824219,103.38999938964844,101.62999725341797,103.27999877929688,1026100.0
2018-01-16T00:00:00.000000000,104.04000091552734,104.87999725341797,102.69999694824219,102.80000305175781,1070900.0
2018-01-17T00:00:00.000000000,103.08999633789062,103.80000305175781,102.81999969482422,103.4800033569336,633400.0
2018-01-18T00:00:00.000000000,103.75,103.83000183105469,102.1500015258789,102.93000030517578,610600.0
2018-01-19T00:00:00.000000000,103.13999938964844,104.44999694824219,103.13999938964844,104.13999938964844,613000.0
2018-01-22T00:00:00.000000000,104.25,104.25,102.98999786376953,104.12999725341797,738700.0
2018-01-23T00:00:00.000000000,103.88999938964844,104.9000015258789,103.62999725341797,104.7300033569336,542700.0
2018-01-24T00:00:00.000000000,105.0,106.75,104.33999633789062,106.62999725341797,726700.0
2018-01-25T00:00:00.000000000,105.94000244140625,106.80999755859375,105.26000213623047,106.30999755859375,860200.0
2018-01-26T00:00:00.000000000,106.54000091552734,107.62999725341797,106.0199966430664,107.58000183105469,504600.0
2018-01-29T00:00:00.000000000,107.58000183105469,107.75,106.81999969482422,107.01000213623047,579700.0
2018-01-30T00:00:00.000000000,106.69000244140625,106.91000366210938,104.86000061035156,105.19000244140625,674000.0
2018-01-31T00:00:00.000000000,105.37000274658203,105.87999725341797,103.22000122070312,104.06999969482422,2011100.0
2018-02-01T00:00:00.000000000,103.37999725341797,104.30999755859375,102.77999877929688,103.20999908447266,910100.0
2018-02-02T00:00:00.000000000,102.98999786376953,104.13999938964844,101.9000015258789,102.19000244140625,1091400.0
2018-02-05T00:00:00.000000000,101.38999938964844,102.87000274658203,99.66000366210938,99.66999816894531,1488100.0
2018-02-06T00:00:00.000000000,98.27999877929688,100.62999725341797,96.91000366210938,100.05999755859375,1221100.0
2018-02-07T00:00:00.000000000,99.95999908447266,101.83000183105469,99.16999816894531,99.2699966430664,1025800.0
2018-02-08T00:00:00.000000000,99.33000183105469,100.44000244140625,96.27999877929688,96.30999755859375,1450700.0
2018-02-09T00:00:00.000000000,97.12000274658203,98.04000091552734,92.81999969482422,97.05000305175781,1291000.0
2018-02-12T00:00:00.000000000,98.08999633789062,98.62999725341797,96.5199966430664,97.72000122070312,951600.0
2018-02-13T00:00:00.000000000,97.79000091552734,98.1500015258789,96.08000183105469,96.7300033569336,1101400.0
2018-02-14T00:00:00.000000000,96.30000305175781,99.31999969482422,96.02999877929688,98.94999694824219,922100.0
2018-02-15T00:00:00.000000000,99.5,100.91999816894531,98.56999969482422,100.91000366210938,979500.0
2018-02-16T00:00:00.000000000,100.48999786376953,101.08000183105469,99.0999984741211,99.83000183105469,1112200.0
2018-02-20T00:00:00.000000000,96.55999755859375,96.88999938964844,94.4000015258789,94.66999816894531,1711200.0
2018-02-21T00:00:00.000000000,94.4000015258789,94.79000091552734,92.5,93.33999633789062,1258500.0
2018-02-22T00:00:00.000000000,93.54000091552734,94.83000183105469,92.44999694824219,92.93000030517578,975400.0
2018-02-23T00:00:00.000000000,93.33000183105469,94.5999984741211,92.66999816894531,94.52999877929688,821200.0
2018-02-26T00:00:00.000000000,94.70999908447266,95.02999877929688,93.8499984741211,94.87000274658203,659200.0
2018-02-27T00:00:00.000000000,95.12999725341797,95.20999908447266,92.55999755859375,92.55999755859375,797600.0
2018-02-28T00:00:00.000000000,92.87999725341797,93.54000091552734,91.81999969482422,91.83999633789062,975900.0
2018-03-01T00:00:00.000000000,91.7300033569336,92.62000274658203,90.5,91.41000366210938,883200.0
2018-03-02T00:00:00.000000000,90.9000015258789,91.27999877929688,90.16000366210938,90.86000061035156,1017500.0
2018-03-05T00:00:00.000000000,90.37999725341797,92.19000244140625,90.05999755859375,91.77999877929688,683900.0
2018-03-06T00:00:00.000000000,91.95999908447266,92.63999938964844,91.11000061035156,92.52999877929688,735900.0
2018-03-07T00:00:00.000000000,91.62000274658203,92.18000030517578,90.9000015258789,91.66000366210938,696800.0
2018-03-08T00:00:00.000000000,91.29000091552734,91.33000183105469,90.27999877929688,90.5199966430664,684400.0
2018-03-09T00:00:00.000000000,91.16000366210938,92.66000366210938,90.44999694824219,92.62000274658203,542700.0
2018-03-12T00:00:00.000000000,92.62000274658203,93.13999938964844,91.62000274658203,92.37000274658203,860400.0
2018-03-13T00:00:00.000000000,92.73999786376953,93.01000213623047,91.43000030517578,91.7300033569336,628400.0
2018-03-14T00:00:00.000000000,92.04000091552734,92.18000030517578,90.18000030517578,90.37999725341797,826300.0
2018-03-15T00:00:00.000000000,90.55999755859375,91.01000213623047,89.94000244140625,90.25,716700.0
2018-03-16T00:00:00.000000000,90.43000030517578,91.4800033569336,89.91999816894531,90.77999877929688,3776300.0
2018-03-19T00:00:00.000000000,90.7699966430664,91.6500015258789,90.0,90.48999786376953,699700.0
2018-03-20T00:00:00.000000000,90.83999633789062,91.2300033569336,90.0,90.77999877929688,611000.0
2018-03-21T00:00:00.000000000,90.87000274658203,91.31999969482422,90.44999694824219,90.4800033569336,549300.0
2018-03-22T00:00:00.000000000,89.94000244140625,90.2699966430664,87.88999938964844,87.9800033569336,719600.0
2018-03-23T00:00:00.000000000,88.19999694824219,88.41000366210938,86.44999694824219,86.5199966430664,800700.0
2018-03-26T00:00:00.000000000,87.44999694824219,88.83999633789062,87.19999694824219,88.61000061035156,746400.0
2018-03-27T00:00:00.000000000,88.7699966430664,89.87999725341797,88.18000030517578,88.5999984741211,647300.0
2018-03-28T00:00:00.000000000,89.01000213623047,89.94000244140625,88.23999786376953,88.68000030517578,906600.0
2018-03-29T00:00:00.000000000,89.16999816894531,90.41999816894531,89.08000183105469,89.83999633789062,719900.0
2018-04-02T00:00:00.000000000,89.4000015258789,89.79000091552734,85.80000305175781,86.76000213623047,803600.0
2018-04-03T00:00:00.000000000,87.23999786376953,88.22000122070312,86.77999877929688,88.12999725341797,809900.0
2018-04-04T00:00:00.000000000,87.29000091552734,89.94000244140625,87.27999877929688,89.7300033569336,581400.0
2018-04-05T00:00:00.000000000,90.05000305175781,91.0999984741211,89.16999816894531,90.66000366210938,1011800.0
2018-04-06T00:00:00.000000000,90.27999877929688,90.95999908447266,88.1500015258789,89.26000213623047,1417700.0
2018-04-09T00:00:00.000000000,89.48999786376953,90.04000091552734,88.69000244140625,88.80999755859375,654000.0
2018-04-10T00:00:00.000000000,89.58000183105469,91.01000213623047,89.41000366210938,90.37000274658203,709800.0
2018-04-11T00:00:00.000000000,89.70999908447266,90.16000366210938,89.02999877929688,89.66000366210938,427600.0
2018-04-12T00:00:00.000000000,89.95999908447266,90.68000030517578,89.83000183105469,90.12999725341797,547300.0
2018-04-13T00:00:00.000000000,92.30000305175781,92.75,89.19000244140625,89.5199966430664,763600.0
2018-04-16T00:00:00.000000000,89.83999633789062,90.81999969482422,89.31999969482422,90.66000366210938,736900.0
2018-04-17T00:00:00.000000000,90.81999969482422,91.20999908447266,90.29000091552734,90.73999786376953,523400.0
2018-04-18T00:00:00.000000000,91.2300033569336,91.97000122070312,90.77999877929688,91.36000061035156,948900.0
2018-04-19T00:00:00.000000000,88.87999725341797,90.31999969482422,87.0199966430664,88.13999938964844,1963800.0
2018-04-20T00:00:00.000000000,88.1500015258789,88.6500015258789,86.88999938964844,87.75,1242200.0
2018-04-23T00:00:00.000000000,87.63999938964844,88.98999786376953,87.4000015258789,88.79000091552734,1148100.0
2018-04-24T00:00:00.000000000,88.93000030517578,90.33000183105469,88.05999755859375,88.4000015258789,1082800.0
2018-04-25T00:00:00.000000000,88.16999816894531,89.44999694824219,87.98999786376953,88.81999969482422,974100.0
2018-04-26T00:00:00.000000000,89.19000244140625,90.51000213623047,88.6500015258789,88.98999786376953,1410500.0
2018-04-27T00:00:00.000000000,88.91000366210938,91.08999633789062,88.9000015258789,90.93000030517578,1150600.0
2018-04-30T00:00:00.000000000,91.20999908447266,91.25,88.06999969482422,88.31999969482422,1946100.0
2018-05-01T00:00:00.000000000,88.2300033569336,89.0,87.3499984741211,88.68000030517578,962300.0
2018-05-02T00:00:00.000000000,88.87999725341797,89.18000030517578,87.48999786376953,87.94000244140625,3442500.0
2018-05-03T00:00:00.000000000,88.16999816894531,88.94999694824219,87.55999755859375,88.62000274658203,1751000.0
2018-05-04T00:00:00.000000000,88.36000061035156,90.33999633789062,87.95999908447266,89.91999816894531,955600.0
2018-05-07T00:00:00.000000000,89.93000030517578,90.19000244140625,89.16000366210938,89.80000305175781,934000.0
2018-05-08T00:00:00.000000000,90.16000366210938,90.30000305175781,89.22000122070312,89.77999877929688,884100.0
2018-05-09T00:00:00.000000000,90.08000183105469,90.41000366210938,88.91999816894531,90.19000244140625,1062800.0
2018-05-10T00:00:00.000000000,90.30000305175781,90.77999877929688,90.01000213623047,90.56999969482422,503900.0
2018-05-11T00:00:00.000000000,90.44000244140625,91.69999694824219,89.94999694824219,91.37999725341797,576900.0
2018-05-14T00:00:00.000000000,91.38999938964844,92.08000183105469,91.02999877929688,91.75,462900.0
2018-05-15T00:00:00.000000000,91.44999694824219,91.77999877929688,91.19000244140625,91.68000030517578,1121800.0
2018-05-16T00:00:00.000000000,91.94999694824219,92.86000061035156,91.94999694824219,92.44999694824219,559800.0
2018-05-17T00:00:00.000000000,92.36000061035156,92.91999816894531,92.19999694824219,92.66999816894531,528500.0
2018-05-18T00:00:00.000000000,92.77999877929688,93.16000366210938,92.01000213623047,92.37000274658203,645400.0
2018-05-21T00:00:00.000000000,92.91999816894531,93.69999694824219,92.43000030517578,93.5199966430664,810200.0
2018-05-22T00:00:00.000000000,94.06999969482422,94.81999969482422,91.66000366210938,91.77999877929688,2124200.0
2018-05-23T00:00:00.000000000,91.37000274658203,91.68000030517578,90.55000305175781,91.13999938964844,978000.0
2018-05-24T00:00:00.000000000,90.91999816894531,91.94000244140625,90.0999984741211,91.75,599300.0
2018-05-25T00:00:00.000000000,91.62000274658203,92.05999755859375,91.20999908447266,91.4800033569336,464300.0
2018-05-29T00:00:00.000000000,90.94999694824219,91.2699966430664,89.87000274658203,90.36000061035156,618000.0
2018-05-30T00:00:00.000000000,90.72000122070312,92.26000213623047,90.37999725341797,91.69000244140625,638600.0
2018-05-31T00:00:00.000000000,91.58000183105469,91.58000183105469,90.19999694824219,90.79000091552734,1432400.0
2018-06-01T00:00:00.000000000,91.02999877929688,92.19999694824219,90.69999694824219,91.47000122070312,504900.0
2018-06-04T00:00:00.000000000,91.75,93.26000213623047,91.5,92.95999908447266,790300.0
2018-06-05T00:00:00.000000000,92.87000274658203,93.62000274658203,92.70999908447266,93.30000305175781,682200.0
2018-06-06T00:00:00.000000000,93.52999877929688,94.2300033569336,93.3499984741211,94.12999725341797,592700.0
2018-06-07T00:00:00.000000000,93.58000183105469,94.81999969482422,93.5199966430664,94.41999816894531,890300.0
2018-06-08T00:00:00.000000000,94.30999755859375,94.66999816894531,93.83999633789062,94.62000274658203,775700.0
2018-06-11T00:00:00.000000000,94.61000061035156,95.5199966430664,94.41999816894531,95.31999969482422,605100.0
2018-06-12T00:00:00.000000000,95.48999786376953,95.48999786376953,94.80000305175781,95.06999969482422,435100.0
2018-06-13T00:00:00.000000000,95.25,95.3499984741211,94.13999938964844,94.36000061035156,487500.0
2018-06-14T00:00:00.000000000,94.63999938964844,94.8499984741211,94.0,94.06999969482422,554900.0
2018-06-15T00:00:00.000000000,93.9800033569336,95.19000244140625,93.41999816894531,95.06999969482422,1274800.0
2018-06-18T00:00:00.000000000,94.4000015258789,94.9800033569336,94.01000213623047,94.30999755859375,563800.0
2018-06-19T00:00:00.000000000,93.62000274658203,94.08000183105469,93.20999908447266,93.9000015258789,512300.0
2018-06-20T00:00:00.000000000,94.08999633789062,94.55000305175781,93.12000274658203,94.06999969482422,422100.0
2018-06-21T00:00:00.000000000,93.77999877929688,93.81999969482422,92.4000015258789,92.58999633789062,484600.0
2018-06-22T00:00:00.000000000,93.4800033569336,93.80000305175781,92.80000305175781,93.04000091552734,1293200.0
2018-06-25T00:00:00.000000000,92.72000122070312,93.0,91.58000183105469,92.25,785300.0
2018-06-26T00:00:00.000000000,92.43000030517578,92.80000305175781,92.01000213623047,92.55999755859375,607600.0
2018-06-27T00:00:00.000000000,92.88999938964844,93.56999969482422,91.81999969482422,91.91000366210938,645600.0
2018-06-28T00:00:00.000000000,91.81999969482422,92.08999633789062,91.13999938964844,91.7300033569336,1113700.0
2018-06-29T00:00:00.000000000,91.91999816894531,92.79000091552734,91.79000091552734,91.79000091552734,769000.0
2018-07-02T00:00:00.000000000,91.36000061035156,91.44000244140625,90.37000274658203,91.01000213623047,527100.0
2018-07-03T00:00:00.000000000,91.33000183105469,91.76000213623047,90.56999969482422,90.72000122070312,497000.0
2018-07-05T00:00:00.000000000,91.29000091552734,91.38999938964844,90.37999725341797,91.37999725341797,730600.0
2018-07-06T00:00:00.000000000,91.16000366210938,91.41999816894531,90.56999969482422,90.73999786376953,1353400.0
2018-07-09T00:00:00.000000000,91.05000305175781,93.63999938964844,91.05000305175781,92.73999786376953,803200.0
2018-07-10T00:00:00.000000000,92.79000091552734,93.48999786376953,92.47000122070312,93.41999816894531,761100.0
2018-07-11T00:00:00.000000000,92.93000030517578,93.1500015258789,91.80000305175781,92.05999755859375,572400.0
2018-07-12T00:00:00.000000000,92.73999786376953,92.9800033569336,91.8499984741211,92.41999816894531,452900.0
2018-07-13T00:00:00.000000000,92.62999725341797,93.66999816894531,92.5999984741211,93.25,651400.0
2018-07-16T00:00:00.000000000,93.55999755859375,93.8499984741211,92.77999877929688,93.23999786376953,829600.0
2018-07-17T00:00:00.000000000,93.19999694824219,94.30000305175781,92.45999908447266,94.18000030517578,798300.0
2018-07-18T00:00:00.000000000,94.30999755859375,94.86000061035156,93.20999908447266,94.62999725341797,1442500.0
2018-07-19T00:00:00.000000000,95.02999877929688,97.70999908447266,93.52999877929688,97.30000305175781,1606900.0
2018-07-20T00:00:00.000000000,97.5,98.7300033569336,97.08999633789062,98.05999755859375,1192700.0
2018-07-23T00:00:00.000000000,98.0199966430664,98.87000274658203,97.9000015258789,98.56999969482422,944900.0
2018-07-24T00:00:00.000000000,99.01000213623047,99.55999755859375,97.30000305175781,97.87999725341797,1187500.0
2018-07-25T00:00:00.000000000,97.76000213623047,97.83999633789062,95.69000244140625,97.0,901700.0
2018-07-26T00:00:00.000000000,97.3499984741211,98.29000091552734,97.29000091552734,97.61000061035156,534000.0
2018-07-27T00:00:00.000000000,97.45999908447266,98.02999877929688,96.5,96.69000244140625,468000.0
2018-07-30T00:00:00.000000000,96.55000305175781,97.33999633789062,96.31999969482422,96.51000213623047,695700.0
2018-07-31T00:00:00.000000000,96.75,97.52999877929688,95.81999969482422,97.30999755859375,1378700.0
2018-08-01T00:00:00.000000000,97.08000183105469,97.44000244140625,96.7300033569336,97.1500015258789,842600.0
2018-08-02T00:00:00.000000000,96.91000366210938,98.05999755859375,96.7699966430664,97.83000183105469,708700.0
2018-08-03T00:00:00.000000000,98.01000213623047,98.79000091552734,97.30000305175781,98.04000091552734,357600.0
2018-08-06T00:00:00.000000000,97.7699966430664,98.48999786376953,97.55000305175781,98.37999725341797,367800.0
2018-08-07T00:00:00.000000000,97.7699966430664,99.62000274658203,97.7699966430664,99.30000305175781,432600.0
2018-08-08T00:00:00.000000000,99.11000061035156,99.4800033569336,98.86000061035156,99.33000183105469,507600.0
2018-08-09T00:00:00.000000000,99.56999969482422,99.83999633789062,99.2699966430664,99.37000274658203,331800.0
2018-08-10T00:00:00.000000000,98.80999755859375,99.13999938964844,97.93000030517578,98.02999877929688,489400.0
2018-08-13T00:00:00.000000000,98.02999877929688,98.16999816894531,96.52999877929688,96.58000183105469,549500.0
2018-08-14T00:00:00.000000000,97.16000366210938,98.61000061035156,97.13999938964844,98.2699966430664,534000.0
2018-08-15T00:00:00.000000000,97.70999908447266,98.41999816894531,96.93000030517578,98.0999984741211,448500.0
2018-08-16T00:00:00.000000000,98.68000030517578,99.0999984741211,98.13999938964844,98.45999908447266,559400.0
2018-08-17T00:00:00.000000000,98.5999984741211,99.08999633789062,98.29000091552734,98.88999938964844,400700.0
2018-08-20T00:00:00.000000000,98.94000244140625,99.62000274658203,98.94000244140625,99.4800033569336,553500.0
2018-08-21T00:00:00.000000000,99.55999755859375,99.9800033569336,99.29000091552734,99.77999877929688,418600.0
2018-08-22T00:00:00.000000000,99.81999969482422,100.19999694824219,99.1500015258789,99.27999877929688,520700.0
2018-08-23T00:00:00.000000000,99.43000030517578,99.70999908447266,98.98999786376953,99.58999633789062,377500.0
2018-08-24T00:00:00.000000000,99.63999938964844,99.83000183105469,98.68000030517578,99.12999725341797,412800.0
2018-08-27T00:00:00.000000000,99.62000274658203,100.02999877929688,99.22000122070312,99.83999633789062,403200.0
2018-08-28T00:00:00.000000000,99.76000213623047,100.23999786376953,99.48999786376953,99.61000061035156,645000.0
2018-08-29T00:00:00.000000000,99.66999816894531,100.30999755859375,98.7300033569336,100.12000274658203,563400.0
2018-08-30T00:00:00.000000000,99.87999725341797,100.26000213623047,98.72000122070312,99.08000183105469,387700.0
2018-08-31T00:00:00.000000000,99.05000305175781,99.91999816894531,98.86000061035156,99.8499984741211,577800.0
2018-09-04T00:00:00.000000000,99.66000366210938,100.25,99.2300033569336,100.19000244140625,645500.0
2018-09-05T00:00:00.000000000,100.12000274658203,101.25,100.12000274658203,101.11000061035156,602000.0
2018-09-06T00:00:00.000000000,100.6500015258789,101.5,100.6500015258789,101.23999786376953,494900.0
2018-09-07T00:00:00.000000000,101.02999877929688,101.7699966430664,100.70999908447266,101.38999938964844,659800.0
2018-09-10T00:00:00.000000000,101.93000030517578,102.44000244140625,101.58999633789062,101.80000305175781,515200.0
2018-09-11T00:00:00.000000000,101.58999633789062,102.44000244140625,101.26000213623047,101.9800033569336,503400.0
2018-09-12T00:00:00.000000000,102.01000213623047,102.48999786376953,101.43000030517578,101.69999694824219,468400.0
2018-09-13T00:00:00.000000000,101.94999694824219,101.98999786376953,101.25,101.62999725341797,425400.0
2018-09-14T00:00:00.000000000,101.69999694824219,102.0999984741211,101.3499984741211,101.9000015258789,497300.0
2018-09-17T00:00:00.000000000,101.77999877929688,101.83000183105469,100.52999877929688,100.68000030517578,537500.0
2018-09-18T00:00:00.000000000,100.26000213623047,101.36000061035156,99.95999908447266,101.30999755859375,557800.0
2018-09-19T00:00:00.000000000,101.58000183105469,101.69000244140625,100.81999969482422,101.02999877929688,451800.0
2018-09-20T00:00:00.000000000,101.2300033569336,101.75,100.41999816894531,101.51000213623047,569400.0
2018-09-21T00:00:00.000000000,101.79000091552734,102.19000244140625,100.91000366210938,101.13999938964844,1401300.0
2018-09-24T00:00:00.000000000,101.0,101.0,99.38999938964844,99.38999938964844,702300.0
2018-09-25T00:00:00.000000000,99.68000030517578,99.68000030517578,98.7300033569336,98.7699966430664,675000.0
2018-09-26T00:00:00.000000000,99.19999694824219,100.1500015258789,98.87999725341797,99.45999908447266,480400.0
2018-09-27T00:00:00.000000000,99.37999725341797,100.16999816894531,98.88999938964844,99.44999694824219,450600.0
2018-09-28T00:00:00.000000000,99.25,99.7699966430664,99.04000091552734,99.4000015258789,509800.0
2018-10-01T00:00:00.000000000,99.5999984741211,99.77999877929688,99.04000091552734,99.27999877929688,786300.0
2018-10-02T00:00:00.000000000,99.0999984741211,100.44999694824219,98.9000015258789,100.06999969482422,843000.0
2018-10-03T00:00:00.000000000,100.33000183105469,100.62000274658203,97.95999908447266,97.95999908447266,1048000.0
2018-10-04T00:00:00.000000000,97.9800033569336,97.9800033569336,97.22000122070312,97.75,616900.0
2018-10-05T00:00:00.000000000,97.62000274658203,99.30000305175781,97.62000274658203,99.2300033569336,890100.0
2018-10-08T00:00:00.000000000,98.69000244140625,99.93000030517578,98.55999755859375,99.73999786376953,786500.0
2018-10-09T00:00:00.000000000,99.80999755859375,100.0,98.0,98.08000183105469,645700.0
2018-10-10T00:00:00.000000000,97.94999694824219,98.80000305175781,96.55000305175781,96.63999938964844,716800.0
2018-10-11T00:00:00.000000000,96.69999694824219,97.30999755859375,94.7300033569336,94.75,1048800.0
2018-10-12T00:00:00.000000000,96.12999725341797,96.30999755859375,94.23999786376953,94.8499984741211,1373900.0
2018-10-15T00:00:00.000000000,94.93000030517578,97.13999938964844,94.62000274658203,96.25,1029800.0
2018-10-16T00:00:00.000000000,96.69999694824219,97.27999877929688,95.61000061035156,97.05999755859375,948800.0
2018-10-17T00:00:00.000000000,96.86000061035156,96.87000274658203,93.83999633789062,95.13999938964844,1309400.0
2018-10-18T00:00:00.000000000,95.1500015258789,101.11000061035156,93.62000274658203,100.81999969482422,2870500.0
2018-10-19T00:00:00.000000000,101.18000030517578,102.76000213623047,100.58999633789062,101.33999633789062,1683600.0
2018-10-22T00:00:00.000000000,101.37999725341797,101.5999984741211,99.27999877929688,100.79000091552734,1128500.0
2018-10-23T00:00:00.000000000,99.77999877929688,101.19000244140625,98.9000015258789,100.56999969482422,984600.0
2018-10-24T00:00:00.000000000,100.33000183105469,101.77999877929688,99.37000274658203,99.55999755859375,807100.0
2018-10-25T00:00:00.000000000,99.9800033569336,101.91999816894531,99.75,100.5999984741211,1123500.0
2018-10-26T00:00:00.000000000,99.95999908447266,100.0999984741211,97.72000122070312,98.55999755859375,1392100.0
2018-10-29T00:00:00.000000000,99.44000244140625,100.9800033569336,98.79000091552734,99.75,888500.0
2018-10-30T00:00:00.000000000,97.18000030517578,98.91999816894531,97.18000030517578,98.33000183105469,2080800.0
2018-10-31T00:00:00.000000000,98.7300033569336,99.0,97.79000091552734,97.91999816894531,2719700.0
2018-11-01T00:00:00.000000000,97.93000030517578,98.52999877929688,97.38999938964844,97.83000183105469,1697200.0
2018-11-02T00:00:00.000000000,98.81999969482422,99.87999725341797,96.41000366210938,97.0199966430664,2888800.0
2018-11-05T00:00:00.000000000,96.72000122070312,98.69999694824219,96.4800033569336,98.08000183105469,2631400.0
2018-11-06T00:00:00.000000000,97.98999786376953,99.04000091552734,97.95999908447266,98.55999755859375,1013100.0
2018-11-07T00:00:00.000000000,98.80000305175781,100.5,98.26000213623047,100.45999908447266,1115800.0
2018-11-08T00:00:00.000000000,100.02999877929688,101.80000305175781,100.02999877929688,101.08000183105469,973700.0
2018-11-09T00:00:00.000000000,100.8499984741211,101.51000213623047,100.26000213623047,100.61000061035156,1083700.0
2018-11-12T00:00:00.000000000,100.81999969482422,101.47000122070312,100.12999725341797,100.29000091552734,686300.0
2018-11-13T00:00:00.000000000,100.83000183105469,102.51000213623047,100.37000274658203,101.41000366210938,705800.0
2018-11-14T00:00:00.000000000,101.81999969482422,102.98999786376953,101.22000122070312,101.87000274658203,1014500.0
2018-11-15T00:00:00.000000000,101.16000366210938,101.72000122070312,99.25,101.58999633789062,1067900.0
2018-11-16T00:00:00.000000000,101.01000213623047,102.61000061035156,101.0,102.41000366210938,2430600.0
2018-11-19T00:00:00.000000000,101.7300033569336,102.37999725341797,100.79000091552734,101.66000366210938,1061200.0
2018-11-20T00:00:00.000000000,101.05999755859375,101.3499984741211,99.22000122070312,99.5199966430664,1010400.0
2018-11-21T00:00:00.000000000,100.27999877929688,100.58999633789062,99.37999725341797,100.01000213623047,773400.0
2018-11-23T00:00:00.000000000,99.5,100.2699966430664,98.98999786376953,99.72000122070312,235800.0
2018-11-26T00:00:00.000000000,100.80999755859375,101.38999938964844,99.79000091552734,101.19000244140625,812100.0
2018-11-27T00:00:00.000000000,101.27999877929688,102.02999877929688,100.8499984741211,102.01000213623047,507000.0
2018-11-28T00:00:00.000000000,102.0999984741211,103.87999725341797,102.0199966430664,103.87999725341797,589400.0
2018-11-29T00:00:00.000000000,103.41000366210938,103.69000244140625,102.5999984741211,103.08999633789062,564700.0
2018-11-30T00:00:00.000000000,103.08999633789062,103.80000305175781,102.77999877929688,103.70999908447266,1002000.0
2018-12-03T00:00:00.000000000,104.2300033569336,104.45999908447266,102.23999786376953,104.19999694824219,1415000.0
2018-12-04T00:00:00.000000000,104.62000274658203,105.88999938964844,102.95999908447266,103.23999786376953,1369400.0
2018-12-06T00:00:00.000000000,102.12000274658203,102.20999908447266,97.87999725341797,101.05000305175781,1163500.0
2018-12-07T00:00:00.000000000,100.87000274658203,101.83000183105469,99.25,99.54000091552734,972600.0
2018-12-10T00:00:00.000000000,99.7300033569336,99.7300033569336,97.4000015258789,99.31999969482422,688000.0
2018-12-11T00:00:00.000000000,100.05000305175781,100.51000213623047,98.54000091552734,99.11000061035156,1056800.0
2018-12-12T00:00:00.000000000,100.13999938964844,100.80000305175781,99.94000244140625,100.11000061035156,1023100.0
2018-12-13T00:00:00.000000000,100.0,100.69999694824219,99.16000366210938,100.11000061035156,598800.0
2018-12-14T00:00:00.000000000,99.7300033569336,100.41999816894531,98.33999633789062,98.9000015258789,571000.0
2018-12-17T00:00:00.000000000,98.76000213623047,98.83999633789062,95.91999816894531,96.5,975500.0
2018-12-18T00:00:00.000000000,96.93000030517578,97.91000366210938,95.41999816894531,96.20999908447266,891700.0
2018-12-19T00:00:00.000000000,96.51000213623047,98.0,94.25,94.79000091552734,840600.0
2018-12-20T00:00:00.000000000,94.33000183105469,94.93000030517578,92.80000305175781,93.80000305175781,1467400.0
2018-12-21T00:00:00.000000000,93.6500015258789,95.27999877929688,93.06999969482422,93.20999908447266,1497600.0
2018-12-24T00:00:00.000000000,92.9000015258789,93.45999908447266,91.04000091552734,91.8499984741211,583300.0
2018-12-26T00:00:00.000000000,92.31999969482422,94.83000183105469,91.16000366210938,94.80999755859375,661600.0
2018-12-27T00:00:00.000000000,93.91000366210938,95.19999694824219,92.36000061035156,95.19999694824219,770700.0
2018-12-28T00:00:00.000000000,95.5999984741211,96.6500015258789,94.63999938964844,95.51000213623047,673000.0
2018-12-31T00:00:00.000000000,95.9000015258789,96.37000274658203,95.08999633789062,96.0199966430664,600900.0
2019-01-02T00:00:00.000000000,95.08999633789062,95.79000091552734,94.4000015258789,94.79000091552734,779300.0
2019-01-03T00:00:00.000000000,94.41999816894531,94.88999938964844,92.97000122070312,93.27999877929688,926300.0
2019-01-04T00:00:00.000000000,93.98999786376953,94.69000244140625,93.38999938964844,93.79000091552734,898200.0
2019-01-07T00:00:00.000000000,93.76000213623047,95.33999633789062,93.55999755859375,94.62000274658203,838500.0
2019-01-08T00:00:00.000000000,95.30999755859375,95.97000122070312,94.12000274658203,95.1500015258789,704000.0
2019-01-09T00:00:00.000000000,96.0,96.8499984741211,95.5,96.20999908447266,1188400.0
2019-01-10T00:00:00.000000000,95.87000274658203,97.16999816894531,95.51000213623047,97.05999755859375,671200.0
2019-01-11T00:00:00.000000000,96.79000091552734,97.05999755859375,95.69000244140625,96.16000366210938,711200.0
2019-01-14T00:00:00.000000000,95.48999786376953,96.08999633789062,94.8499984741211,95.2699966430664,1065700.0
2019-01-15T00:00:00.000000000,95.19000244140625,96.83999633789062,95.16000366210938,96.68000030517578,899600.0
2019-01-16T00:00:00.000000000,96.1500015258789,96.55999755859375,95.70999908447266,96.05000305175781,726100.0
2019-01-17T00:00:00.000000000,95.69999694824219,97.08000183105469,95.41999816894531,97.05999755859375,813200.0
2019-01-18T00:00:00.000000000,97.41000366210938,97.9800033569336,96.41999816894531,97.93000030517578,969300.0
2019-01-22T00:00:00.000000000,97.16000366210938,97.66999816894531,95.94999694824219,96.79000091552734,1347900.0
2019-01-23T00:00:00.000000000,96.9800033569336,97.38999938964844,96.0199966430664,96.86000061035156,425400.0
2019-01-24T00:00:00.000000000,96.83000183105469,96.83000183105469,94.86000061035156,95.54000091552734,730500.0
2019-01-25T00:00:00.000000000,96.33999633789062,96.91000366210938,95.86000061035156,96.80000305175781,773600.0
2019-01-28T00:00:00.000000000,96.29000091552734,96.93000030517578,95.6500015258789,96.91000366210938,712900.0
2019-01-29T00:00:00.000000000,97.05000305175781,98.37000274658203,96.55000305175781,98.31999969482422,828600.0
2019-01-30T00:00:00.000000000,98.58000183105469,99.5,98.1500015258789,99.43000030517578,856900.0
2019-01-31T00:00:00.000000000,99.29000091552734,99.91000366210938,98.73999786376953,99.81999969482422,1313900.0
2019-02-01T00:00:00.000000000,99.79000091552734,100.91999816894531,99.33999633789062,100.87999725341797,1019800.0
2019-02-04T00:00:00.000000000,100.7699966430664,101.68000030517578,99.2699966430664,101.38999938964844,2440600.0
2019-02-05T00:00:00.000000000,102.0,102.56999969482422,100.80000305175781,102.56999969482422,1382800.0
2019-02-06T00:00:00.000000000,102.5999984741211,102.87000274658203,102.08999633789062,102.52999877929688,1064100.0
2019-02-07T00:00:00.000000000,102.45999908447266,103.31999969482422,101.55999755859375,102.87000274658203,1025400.0
2019-02-08T00:00:00.000000000,102.38999938964844,102.91999816894531,102.38999938964844,102.83999633789062,1004700.0
2019-02-11T00:00:00.000000000,103.16999816894531,103.66000366210938,102.83000183105469,103.61000061035156,681300.0
2019-02-12T00:00:00.000000000,104.26000213623047,105.62999725341797,103.94999694824219,105.55000305175781,994700.0
2019-02-13T00:00:00.000000000,105.75,106.12000274658203,105.37999725341797,105.95999908447266,1310700.0
2019-02-14T00:00:00.000000000,105.58000183105469,106.05999755859375,105.30000305175781,105.69000244140625,910500.0
2019-02-15T00:00:00.000000000,106.44000244140625,107.5999984741211,106.01000213623047,107.58999633789062,1227200.0
2019-02-19T00:00:00.000000000,107.69999694824219,109.79000091552734,107.31999969482422,109.18000030517578,1482400.0
2019-02-20T00:00:00.000000000,109.54000091552734,109.55999755859375,108.18000030517578,109.11000061035156,1750300.0
2019-02-21T00:00:00.000000000,108.81999969482422,110.30000305175781,108.29000091552734,109.9000015258789,1154500.0
2019-02-22T00:00:00.000000000,110.33999633789062,110.80999755859375,109.97000122070312,110.80999755859375,1073500.0
2019-02-25T00:00:00.000000000,111.36000061035156,112.18000030517578,109.55000305175781,109.63999938964844,1223700.0
2019-02-26T00:00:00.000000000,110.58000183105469,111.26000213623047,109.66999816894531,109.80000305175781,841200.0
2019-02-27T00:00:00.000000000,109.52999877929688,109.98999786376953,108.33999633789062,109.16000366210938,898000.0
2019-02-28T00:00:00.000000000,109.04000091552734,109.29000091552734,108.12000274658203,108.77999877929688,1430600.0
2019-03-01T00:00:00.000000000,109.45999908447266,109.4800033569336,107.93000030517578,109.1500015258789,917400.0
2019-03-04T00:00:00.000000000,109.5,109.91999816894531,107.66000366210938,108.51000213623047,903500.0
2019-03-05T00:00:00.000000000,108.86000061035156,109.16999816894531,108.05000305175781,108.33000183105469,754900.0
2019-03-06T00:00:00.000000000,108.66000366210938,108.66000366210938,107.58000183105469,107.80000305175781,782500.0
2019-03-07T00:00:00.000000000,106.91000366210938,107.18000030517578,106.2300033569336,106.8499984741211,1348000.0
2019-03-08T00:00:00.000000000,106.44999694824219,106.8499984741211,105.56999969482422,105.94000244140625,695500.0
2019-03-11T00:00:00.000000000,105.9000015258789,106.4800033569336,105.66000366210938,106.36000061035156,850800.0
2019-03-12T00:00:00.000000000,106.66999816894531,107.26000213623047,106.41000366210938,106.72000122070312,1133500.0
2019-03-13T00:00:00.000000000,107.05999755859375,107.58999633789062,106.73999786376953,107.16999816894531,552100.0
2019-03-14T00:00:00.000000000,106.83000183105469,107.33000183105469,106.26000213623047,107.0999984741211,703200.0
2019-03-15T00:00:00.000000000,106.80000305175781,107.62999725341797,106.3499984741211,107.05000305175781,3135300.0
2019-03-18T00:00:00.000000000,107.18000030517578,107.94000244140625,106.87000274658203,107.30999755859375,839000.0
2019-03-19T00:00:00.000000000,107.55999755859375,108.0999984741211,106.73999786376953,107.20999908447266,734400.0
2019-03-20T00:00:00.000000000,106.87999725341797,108.16000366210938,106.87999725341797,107.25,600100.0
2019-03-21T00:00:00.000000000,107.19000244140625,109.38999938964844,106.93000030517578,109.0999984741211,608100.0
2019-03-22T00:00:00.000000000,108.48999786376953,109.33000183105469,107.43000030517578,107.4800033569336,562900.0
2019-03-25T00:00:00.000000000,107.44999694824219,108.9000015258789,107.05999755859375,108.08999633789062,814000.0
2019-03-26T00:00:00.000000000,108.91000366210938,109.37000274658203,108.4800033569336,109.18000030517578,506200.0
2019-03-27T00:00:00.000000000,109.41000366210938,109.87999725341797,108.87999725341797,109.5199966430664,574200.0
2019-03-28T00:00:00.000000000,110.0,111.04000091552734,109.86000061035156,111.0,512700.0
2019-03-29T00:00:00.000000000,111.4000015258789,112.16000366210938,111.08999633789062,112.02999877929688,924900.0
2019-04-01T00:00:00.000000000,112.68000030517578,113.20999908447266,112.16999816894531,113.0999984741211,624800.0
2019-04-02T00:00:00.000000000,112.77999877929688,113.06999969482422,112.16000366210938,112.48999786376953,800800.0
2019-04-03T00:00:00.000000000,112.69999694824219,113.05000305175781,112.25,112.5999984741211,1108500.0
2019-04-04T00:00:00.000000000,112.98999786376953,113.61000061035156,112.5999984741211,113.58000183105469,823500.0
2019-04-05T00:00:00.000000000,113.76000213623047,115.19999694824219,113.5999984741211,115.13999938964844,585400.0
2019-04-08T00:00:00.000000000,114.7699966430664,114.80999755859375,113.86000061035156,114.41000366210938,596800.0
2019-04-09T00:00:00.000000000,114.0,114.0,112.7699966430664,113.06999969482422,676800.0
2019-04-10T00:00:00.000000000,113.23999786376953,113.41999816894531,112.0999984741211,112.7699966430664,632000.0
2019-04-11T00:00:00.000000000,113.04000091552734,113.04000091552734,112.41000366210938,112.58000183105469,666200.0
2019-04-12T00:00:00.000000000,113.0,113.02999877929688,112.0,112.80999755859375,692000.0
2019-04-15T00:00:00.000000000,113.0,113.18000030517578,112.37999725341797,112.73999786376953,551600.0
2019-04-16T00:00:00.000000000,113.27999877929688,113.38999938964844,112.62000274658203,113.08000183105469,511600.0
2019-04-17T00:00:00.000000000,113.66999816894531,113.66999816894531,112.5199966430664,112.58000183105469,679800.0
2019-04-18T00:00:00.000000000,111.80000305175781,112.0,105.02999877929688,105.44999694824219,2153300.0
2019-04-22T00:00:00.000000000,105.02999877929688,105.2300033569336,102.69000244140625,103.6500015258789,1295800.0
2019-04-23T00:00:00.000000000,103.55000305175781,105.6500015258789,102.33999633789062,105.2300033569336,1281700.0
2019-04-24T00:00:00.000000000,105.31999969482422,105.5999984741211,103.69000244140625,104.54000091552734,750200.0
2019-04-25T00:00:00.000000000,104.18000030517578,104.18000030517578,102.52999877929688,103.56999969482422,856600.0
2019-04-26T00:00:00.000000000,103.80000305175781,103.93000030517578,102.94999694824219,103.58000183105469,599300.0
2019-04-29T00:00:00.000000000,103.41000366210938,103.7300033569336,102.55000305175781,102.55999755859375,874200.0
2019-04-30T00:00:00.000000000,102.41999816894531,102.58000183105469,101.7300033569336,102.54000091552734,885300.0
2019-05-01T00:00:00.000000000,102.55999755859375,102.58000183105469,100.37999725341797,100.44999694824219,688900.0
2019-05-02T00:00:00.000000000,100.30000305175781,103.30999755859375,99.66000366210938,102.0,2754000.0
2019-05-03T00:00:00.000000000,102.52999877929688,102.81999969482422,101.22000122070312,102.12000274658203,1268700.0
2019-05-06T00:00:00.000000000,100.79000091552734,101.66999816894531,100.3499984741211,101.36000061035156,836200.0
2019-05-07T00:00:00.000000000,100.69999694824219,101.22000122070312,98.33999633789062,99.08999633789062,913300.0
2019-05-08T00:00:00.000000000,99.01000213623047,99.04000091552734,97.80999755859375,98.5199966430664,1142900.0
2019-05-09T00:00:00.000000000,97.9000015258789,98.69000244140625,97.18000030517578,98.5199966430664,858400.0
2019-05-10T00:00:00.000000000,98.4000015258789,99.0,96.88999938964844,98.62999725341797,690300.0
2019-05-13T00:00:00.000000000,97.37999725341797,97.56999969482422,96.61000061035156,97.02999877929688,877300.0
2019-05-14T00:00:00.000000000,97.02999877929688,97.54000091552734,96.37999725341797,96.76000213623047,899300.0
2019-05-15T00:00:00.000000000,96.19000244140625,96.48999786376953,95.20999908447266,96.41999816894531,682100.0
2019-05-16T00:00:00.000000000,96.72000122070312,98.12999725341797,96.27999877929688,97.55000305175781,775200.0
2019-05-17T00:00:00.000000000,96.73999786376953,98.16999816894531,96.73999786376953,98.08999633789062,1030700.0
2019-05-20T00:00:00.000000000,97.77999877929688,98.55999755859375,97.4000015258789,98.30999755859375,935900.0
2019-05-21T00:00:00.000000000,98.52999877929688,100.20999908447266,98.3499984741211,99.80999755859375,817600.0
2019-05-22T00:00:00.000000000,99.83999633789062,100.77999877929688,99.5,100.0199966430664,739900.0
2019-05-23T00:00:00.000000000,99.58999633789062,99.72000122070312,97.8499984741211,98.23999786376953,566400.0
2019-05-24T00:00:00.000000000,98.68000030517578,98.86000061035156,97.4800033569336,98.58999633789062,399500.0
2019-05-28T00:00:00.000000000,98.7699966430664,99.02999877929688,97.20999908447266,97.20999908447266,681600.0
2019-05-29T00:00:00.000000000,97.2699966430664,97.94000244140625,96.72000122070312,97.80000305175781,641400.0
2019-05-30T00:00:00.000000000,98.08000183105469,98.93000030517578,97.76000213623047,98.9000015258789,539600.0
2019-05-31T00:00:00.000000000,97.87000274658203,98.9800033569336,97.69999694824219,98.9000015258789,812000.0
2019-06-03T00:00:00.000000000,99.05999755859375,100.05999755859375,98.5199966430664,99.22000122070312,782500.0
2019-06-04T00:00:00.000000000,99.80999755859375,100.93000030517578,99.54000091552734,100.87999725341797,542600.0
2019-06-05T00:00:00.000000000,101.5,101.54000091552734,100.22000122070312,101.22000122070312,715200.0
2019-06-06T00:00:00.000000000,100.7300033569336,101.22000122070312,100.33000183105469,100.6500015258789,562300.0
2019-06-07T00:00:00.000000000,101.16000366210938,103.13999938964844,100.86000061035156,102.29000091552734,890500.0
2019-06-10T00:00:00.000000000,102.56999969482422,103.30999755859375,101.37999725341797,101.97000122070312,430000.0
2019-06-11T00:00:00.000000000,102.5199966430664,102.97000122070312,102.19999694824219,102.9000015258789,445800.0
2019-06-12T00:00:00.000000000,103.11000061035156,103.47000122070312,102.2699966430664,102.44000244140625,502800.0
2019-06-13T00:00:00.000000000,102.7699966430664,103.43000030517578,102.30000305175781,102.8499984741211,456700.0
2019-06-14T00:00:00.000000000,103.25,103.25,102.12000274658203,102.93000030517578,366300.0
2019-06-17T00:00:00.000000000,103.08999633789062,103.48999786376953,102.19000244140625,102.38999938964844,418700.0
2019-06-18T00:00:00.000000000,102.66999816894531,103.31999969482422,102.66999816894531,102.91999816894531,298000.0
2019-06-19T00:00:00.000000000,102.94000244140625,103.27999877929688,101.41000366210938,102.79000091552734,448600.0
2019-06-20T00:00:00.000000000,103.41000366210938,103.94000244140625,102.76000213623047,103.79000091552734,550100.0
2019-06-21T00:00:00.000000000,104.37999725341797,104.44999694824219,103.30999755859375,103.9800033569336,1283900.0
2019-06-24T00:00:00.000000000,103.79000091552734,104.3499984741211,103.19999694824219,103.94999694824219,553000.0
2019-06-25T00:00:00.000000000,103.8499984741211,103.8499984741211,102.73999786376953,103.37000274658203,1006600.0
2019-06-26T00:00:00.000000000,103.26000213623047,103.58999633789062,101.93000030517578,101.94999694824219,513100.0
2019-06-27T00:00:00.000000000,102.0,103.0199966430664,101.87000274658203,102.83999633789062,471700.0
2019-06-28T00:00:00.000000000,103.1500015258789,103.9000015258789,102.73999786376953,103.58000183105469,970500.0
2019-07-01T00:00:00.000000000,104.36000061035156,105.12999725341797,103.79000091552734,104.61000061035156,536500.0
2019-07-02T00:00:00.000000000,104.80999755859375,104.87999725341797,103.5,104.6500015258789,689000.0
2019-07-03T00:00:00.000000000,104.83999633789062,106.16999816894531,104.81999969482422,106.1500015258789,456800.0
2019-07-05T00:00:00.000000000,105.9000015258789,106.08999633789062,104.9000015258789,105.5999984741211,406800.0
2019-07-08T00:00:00.000000000,105.33999633789062,105.93000030517578,105.0199966430664,105.12999725341797,496900.0
2019-07-09T00:00:00.000000000,104.87000274658203,104.98999786376953,103.91999816894531,104.16000366210938,920200.0
2019-07-10T00:00:00.000000000,104.36000061035156,104.81999969482422,104.0,104.19000244140625,625500.0
2019-07-11T00:00:00.000000000,104.29000091552734,104.41000366210938,103.62000274658203,103.9000015258789,716500.0
2019-07-12T00:00:00.000000000,104.0999984741211,105.41000366210938,104.0999984741211,105.41000366210938,682900.0
2019-07-15T00:00:00.000000000,105.4000015258789,105.68000030517578,104.08000183105469,104.80999755859375,650000.0
2019-07-16T00:00:00.000000000,105.25,105.7699966430664,104.7300033569336,105.3499984741211,682800.0
2019-07-17T00:00:00.000000000,104.94999694824219,105.5199966430664,101.97000122070312,102.22000122070312,1016300.0
2019-07-18T00:00:00.000000000,100.0,100.2699966430664,96.54000091552734,97.61000061035156,2233400.0
2019-07-19T00:00:00.000000000,97.41000366210938,97.7300033569336,95.0999984741211,95.18000030517578,1403900.0
2019-07-22T00:00:00.000000000,95.18000030517578,96.19000244140625,94.69000244140625,95.80000305175781,1181200.0
2019-07-23T00:00:00.000000000,95.97000122070312,97.12000274658203,95.0999984741211,97.0,981200.0
2019-07-24T00:00:00.000000000,97.08000183105469,98.05000305175781,96.5,97.30000305175781,837100.0
2019-07-25T00:00:00.000000000,97.30000305175781,98.02999877929688,96.93000030517578,97.47000122070312,982000.0
2019-07-26T00:00:00.000000000,97.63999938964844,98.30000305175781,97.3499984741211,97.91000366210938,549600.0
2019-07-29T00:00:00.000000000,97.9000015258789,98.55000305175781,97.5999984741211,98.3499984741211,475700.0
2019-07-30T00:00:00.000000000,98.19999694824219,98.36000061035156,97.51000213623047,97.93000030517578,625700.0
2019-07-31T00:00:00.000000000,97.88999938964844,98.44999694824219,96.48999786376953,97.12000274658203,1148800.0
2019-08-01T00:00:00.000000000,97.0,97.22000122070312,94.0,94.52999877929688,1006500.0
2019-08-02T00:00:00.000000000,94.27999877929688,94.58000183105469,92.1500015258789,92.19999694824219,920200.0
2019-08-05T00:00:00.000000000,91.29000091552734,91.29000091552734,89.25,90.08000183105469,1445900.0
2019-08-06T00:00:00.000000000,90.58999633789062,91.91000366210938,89.47000122070312,91.72000122070312,951300.0
2019-08-07T00:00:00.000000000,90.48999786376953,91.0,89.66000366210938,90.52999877929688,1034000.0
2019-08-08T00:00:00.000000000,90.87000274658203,92.0,90.69999694824219,91.91000366210938,829700.0
2019-08-09T00:00:00.000000000,92.04000091552734,92.1500015258789,90.26000213623047,91.43000030517578,682400.0
2019-08-12T00:00:00.000000000,90.80999755859375,91.22000122070312,89.23999786376953,89.26000213623047,455500.0
2019-08-13T00:00:00.000000000,88.80999755859375,91.97000122070312,88.62000274658203,91.12000274658203,593500.0
2019-08-14T00:00:00.000000000,89.83000183105469,90.1500015258789,88.83999633789062,88.91999816894531,750700.0
2019-08-15T00:00:00.000000000,89.12999725341797,89.5,87.91999816894531,88.8499984741211,662700.0
2019-08-16T00:00:00.000000000,89.56999969482422,90.1500015258789,89.22000122070312,89.79000091552734,859000.0
2019-08-19T00:00:00.000000000,91.0,91.0,90.1500015258789,90.3499984741211,536800.0
2019-08-20T00:00:00.000000000,90.05000305175781,90.22000122070312,89.30999755859375,89.55000305175781,522200.0
2019-08-21T00:00:00.000000000,90.5199966430664,90.72000122070312,89.08000183105469,89.83999633789062,512900.0
2019-08-22T00:00:00.000000000,90.20999908447266,90.5,89.31999969482422,89.80999755859375,536700.0
2019-08-23T00:00:00.000000000,89.37000274658203,89.91000366210938,87.33999633789062,87.7300033569336,834500.0
2019-08-26T00:00:00.000000000,88.44999694824219,88.45999908447266,87.26000213623047,87.81999969482422,516300.0
2019-08-27T00:00:00.000000000,88.29000091552734,89.02999877929688,87.73999786376953,87.8499984741211,664700.0
2019-08-28T00:00:00.000000000,87.5199966430664,89.06999969482422,87.5199966430664,88.5999984741211,642400.0
2019-08-29T00:00:00.000000000,89.58999633789062,90.13999938964844,89.11000061035156,89.58999633789062,994500.0
2019-08-30T00:00:00.000000000,90.26000213623047,90.91999816894531,89.9000015258789,90.29000091552734,998200.0
2019-09-03T00:00:00.000000000,90.05999755859375,90.97000122070312,89.62000274658203,90.80000305175781,780600.0
2019-09-04T00:00:00.000000000,90.98999786376953,91.7699966430664,90.98999786376953,91.58999633789062,607800.0
2019-09-05T00:00:00.000000000,91.56999969482422,93.76000213623047,91.41000366210938,93.55999755859375,924500.0
2019-09-06T00:00:00.000000000,93.6500015258789,94.5,92.56999969482422,94.33000183105469,726500.0
2019-09-09T00:00:00.000000000,94.62000274658203,95.58000183105469,94.44999694824219,95.33999633789062,621300.0
2019-09-10T00:00:00.000000000,95.5199966430664,97.18000030517578,95.11000061035156,97.18000030517578,582100.0
2019-09-11T00:00:00.000000000,96.98999786376953,98.05999755859375,96.05999755859375,98.05000305175781,622300.0
2019-09-12T00:00:00.000000000,98.55000305175781,98.94000244140625,97.33000183105469,97.5199966430664,686500.0
2019-09-13T00:00:00.000000000,98.36000061035156,99.12999725341797,98.0199966430664,98.68000030517578,490800.0
2019-09-16T00:00:00.000000000,98.0199966430664,98.7699966430664,97.41000366210938,97.88999938964844,478600.0
2019-09-17T00:00:00.000000000,97.70999908447266,98.08999633789062,97.0,97.98999786376953,408400.0
2019-09-18T00:00:00.000000000,97.87999725341797,98.2300033569336,97.19000244140625,98.06999969482422,450800.0
2019-09-19T00:00:00.000000000,98.25,98.25,96.79000091552734,97.0199966430664,605400.0
2019-09-20T00:00:00.000000000,97.43000030517578,98.5999984741211,97.26000213623047,97.5,1150400.0
2019-09-23T00:00:00.000000000,97.19999694824219,98.23999786376953,97.06999969482422,97.7699966430664,822000.0
2019-09-24T00:00:00.000000000,98.0,98.41000366210938,95.9000015258789,96.05000305175781,1069900.0
2019-09-25T00:00:00.000000000,96.44000244140625,97.8499984741211,96.05000305175781,97.72000122070312,788000.0
2019-09-26T00:00:00.000000000,97.70999908447266,97.70999908447266,96.25,97.43000030517578,558500.0
2019-09-27T00:00:00.000000000,98.2699966430664,98.93000030517578,97.83999633789062,98.93000030517578,598100.0
2019-09-30T00:00:00.000000000,99.13999938964844,99.9800033569336,98.69000244140625,99.58999633789062,707800.0
2019-10-01T00:00:00.000000000,99.76000213623047,100.06999969482422,97.22000122070312,97.22000122070312,1069800.0
2019-10-02T00:00:00.000000000,96.63999938964844,96.69000244140625,93.69999694824219,94.36000061035156,896100.0
2019-10-03T00:00:00.000000000,94.11000061035156,94.6500015258789,92.87999725341797,94.62000274658203,457400.0
2019-10-04T00:00:00.000000000,94.76000213623047,96.12000274658203,94.19000244140625,95.94000244140625,463100.0
2019-10-07T00:00:00.000000000,95.62999725341797,95.62999725341797,94.54000091552734,94.54000091552734,535500.0
2019-10-08T00:00:00.000000000,93.68000030517578,93.72000122070312,92.41000366210938,92.55000305175781,663900.0
2019-10-09T00:00:00.000000000,93.37999725341797,93.58999633789062,92.62999725341797,93.2300033569336,691600.0
2019-10-10T00:00:00.000000000,93.33999633789062,94.77999877929688,93.22000122070312,94.5199966430664,633400.0
2019-10-11T00:00:00.000000000,95.87000274658203,97.94999694824219,95.80999755859375,96.87999725341797,638100.0
2019-10-14T00:00:00.000000000,96.5999984741211,97.4000015258789,96.23999786376953,96.81999969482422,400100.0
2019-10-15T00:00:00.000000000,96.88999938964844,98.55999755859375,96.72000122070312,97.94000244140625,762800.0
2019-10-16T00:00:00.000000000,97.69999694824219,98.61000061035156,97.47000122070312,97.7300033569336,867700.0
2019-10-17T00:00:00.000000000,97.88999938964844,100.91000366210938,97.83000183105469,98.93000030517578,1069100.0
2019-10-18T00:00:00.000000000,98.93000030517578,101.55000305175781,98.4000015258789,101.3499984741211,917800.0
2019-10-21T00:00:00.000000000,101.4800033569336,102.22000122070312,101.41000366210938,101.86000061035156,582700.0
2019-10-22T00:00:00.000000000,101.87000274658203,103.7300033569336,101.41999816894531,103.30999755859375,634800.0
2019-10-23T00:00:00.000000000,103.2300033569336,104.41000366210938,102.38999938964844,104.23999786376953,682500.0
2019-10-24T00:00:00.000000000,104.41999816894531,104.62999725341797,103.58000183105469,104.05000305175781,753500.0
2019-10-25T00:00:00.000000000,102.55000305175781,103.47000122070312,101.75,102.51000213623047,711600.0
2019-10-28T00:00:00.000000000,103.0199966430664,103.9800033569336,102.91000366210938,103.66000366210938,381200.0
2019-10-29T00:00:00.000000000,103.37999725341797,104.12000274658203,102.8499984741211,103.26000213623047,561500.0
2019-10-30T00:00:00.000000000,102.98999786376953,103.44000244140625,102.5,103.19000244140625,494800.0
2019-10-31T00:00:00.000000000,103.12999725341797,103.26000213623047,101.52999877929688,102.58000183105469,930700.0
2019-11-01T00:00:00.000000000,103.55999755859375,105.0,103.02999877929688,104.70999908447266,766400.0
2019-11-04T00:00:00.000000000,105.1500015258789,106.5999984741211,104.93000030517578,106.38999938964844,791100.0
2019-11-05T00:00:00.000000000,106.3499984741211,107.66000366210938,106.33999633789062,107.23999786376953,545200.0
2019-11-06T00:00:00.000000000,107.4000015258789,107.76000213623047,106.6500015258789,107.73999786376953,483600.0
2019-11-07T00:00:00.000000000,108.23999786376953,108.58000183105469,106.19999694824219,106.41999816894531,721100.0
2019-11-08T00:00:00.000000000,106.12999725341797,106.30000305175781,105.3499984741211,106.1500015258789,543600.0
2019-11-11T00:00:00.000000000,105.55000305175781,106.5,105.01000213623047,106.0999984741211,439600.0
2019-11-12T00:00:00.000000000,105.69999694824219,105.72000122070312,104.5,104.69999694824219,699900.0
2019-11-13T00:00:00.000000000,104.37000274658203,104.6500015258789,103.27999877929688,104.3499984741211,512700.0
2019-11-14T00:00:00.000000000,103.69999694824219,104.43000030517578,103.33000183105469,103.83000183105469,562700.0
2019-11-15T00:00:00.000000000,104.43000030517578,104.91000366210938,103.86000061035156,104.83000183105469,1044200.0
2019-11-18T00:00:00.000000000,104.73999786376953,105.5,104.30999755859375,105.38999938964844,762900.0
2019-11-19T00:00:00.000000000,104.9800033569336,105.37000274658203,104.30000305175781,104.56999969482422,559000.0
2019-11-20T00:00:00.000000000,104.41000366210938,104.61000061035156,102.75,103.30999755859375,923400.0
2019-11-21T00:00:00.000000000,103.79000091552734,103.94000244140625,102.4800033569336,102.55999755859375,595600.0
2019-11-22T00:00:00.000000000,102.87999725341797,103.72000122070312,102.37000274658203,103.70999908447266,472100.0
2019-11-25T00:00:00.000000000,104.02999877929688,104.26000213623047,103.25,103.9800033569336,544400.0
2019-11-26T00:00:00.000000000,104.2300033569336,104.56999969482422,103.5,104.44999694824219,662500.0
2019-11-27T00:00:00.000000000,104.58000183105469,105.2699966430664,104.44999694824219,105.20999908447266,509100.0
2019-11-29T00:00:00.000000000,105.05999755859375,105.19999694824219,104.16999816894531,104.37000274658203,304500.0
2019-12-02T00:00:00.000000000,104.48999786376953,105.37000274658203,104.16999816894531,104.72000122070312,641400.0
2019-12-03T00:00:00.000000000,103.37000274658203,103.44000244140625,102.58000183105469,102.70999908447266,479300.0
2019-12-04T00:00:00.000000000,102.91000366210938,104.44999694824219,102.91000366210938,103.7699966430664,573600.0
2019-12-05T00:00:00.000000000,103.52999877929688,103.93000030517578,102.41000366210938,102.9800033569336,443100.0
2019-12-06T00:00:00.000000000,103.7699966430664,104.25,103.58999633789062,103.69999694824219,503600.0
2019-12-09T00:00:00.000000000,103.69999694824219,104.11000061035156,103.18000030517578,103.87999725341797,640000.0
2019-12-10T00:00:00.000000000,104.06999969482422,104.5999984741211,103.58999633789062,103.6500015258789,514400.0
2019-12-11T00:00:00.000000000,103.8499984741211,104.29000091552734,103.20999908447266,104.25,494100.0
2019-12-12T00:00:00.000000000,104.29000091552734,105.88999938964844,104.02999877929688,105.7300033569336,818800.0
2019-12-13T00:00:00.000000000,105.73999786376953,105.83999633789062,104.08000183105469,105.16000366210938,486400.0
2019-12-16T00:00:00.000000000,105.97000122070312,106.37000274658203,105.12000274658203,105.3499984741211,743000.0
2019-12-17T00:00:00.000000000,105.58000183105469,107.08000183105469,105.48999786376953,105.88999938964844,642400.0
2019-12-18T00:00:00.000000000,106.20999908447266,106.37999725341797,105.23999786376953,106.0,865200.0
2019-12-19T00:00:00.000000000,106.30000305175781,106.30000305175781,104.75,105.19000244140625,612000.0
2019-12-20T00:00:00.000000000,105.55000305175781,106.66000366210938,105.18000030517578,105.98999786376953,1248900.0
2019-12-23T00:00:00.000000000,106.4800033569336,106.83999633789062,105.51000213623047,106.52999877929688,454100.0
2019-12-24T00:00:00.000000000,106.43000030517578,106.72000122070312,105.37999725341797,105.5199966430664,242200.0
2019-12-26T00:00:00.000000000,105.83000183105469,106.0,105.0199966430664,106.0,366200.0
2019-12-27T00:00:00.000000000,106.33999633789062,106.62999725341797,105.5199966430664,106.23999786376953,407300.0
2019-12-30T00:00:00.000000000,106.52999877929688,106.62000274658203,105.69999694824219,106.0199966430664,297700.0
2019-12-31T00:00:00.000000000,105.79000091552734,106.4000015258789,105.70999908447266,106.2300033569336,412700.0
2020-01-02T00:00:00.000000000,106.5999984741211,106.83999633789062,104.80999755859375,105.80999755859375,815100.0
2020-01-03T00:00:00.000000000,104.55999755859375,104.87999725341797,103.05999755859375,104.30999755859375,799100.0
2020-01-06T00:00:00.000000000,103.41999816894531,103.76000213623047,101.68000030517578,102.0999984741211,643500.0
2020-01-07T00:00:00.000000000,101.72000122070312,103.0,100.7699966430664,101.70999908447266,583100.0
2020-01-08T00:00:00.000000000,101.70999908447266,102.56999969482422,101.37000274658203,101.41999816894531,597300.0
2020-01-09T00:00:00.000000000,101.58999633789062,101.7699966430664,100.13999938964844,100.80999755859375,707100.0
2020-01-10T00:00:00.000000000,101.19999694824219,101.23999786376953,98.58000183105469,98.9000015258789,818500.0
2020-01-13T00:00:00.000000000,98.80000305175781,99.8499984741211,97.87000274658203,99.69999694824219,711900.0
2020-01-14T00:00:00.000000000,99.51000213623047,100.16000366210938,99.19000244140625,100.0,871200.0
2020-01-15T00:00:00.000000000,99.98999786376953,100.75,98.9000015258789,99.30000305175781,650900.0
2020-01-16T00:00:00.000000000,99.80000305175781,101.58999633789062,99.55000305175781,101.58000183105469,714000.0
2020-01-17T00:00:00.000000000,102.0,102.83999633789062,101.13999938964844,102.80000305175781,953200.0
2020-01-21T00:00:00.000000000,102.08999633789062,102.30000305175781,101.04000091552734,101.41999816894531,952400.0
2020-01-22T00:00:00.000000000,101.73999786376953,102.08000183105469,99.94999694824219,100.20999908447266,447000.0
2020-01-23T00:00:00.000000000,99.66999816894531,100.36000061035156,98.9000015258789,100.16999816894531,737400.0
2020-01-24T00:00:00.000000000,100.27999877929688,100.4000015258789,97.69000244140625,98.06999969482422,657100.0
2020-01-27T00:00:00.000000000,96.95999908447266,97.05000305175781,95.68000030517578,96.16000366210938,754700.0
2020-01-28T00:00:00.000000000,96.87999725341797,97.22000122070312,96.01000213623047,96.58000183105469,566900.0
2020-01-29T00:00:00.000000000,96.87000274658203,97.93000030517578,96.58999633789062,97.16000366210938,564400.0
2020-01-30T00:00:00.000000000,96.16000366210938,97.02999877929688,95.55000305175781,96.87999725341797,533700.0
2020-01-31T00:00:00.000000000,96.69000244140625,96.91000366210938,93.47000122070312,93.56999969482422,851800.0
2020-02-03T00:00:00.000000000,94.16999816894531,95.54000091552734,93.87999725341797,94.30000305175781,718200.0
2020-02-04T00:00:00.000000000,95.94000244140625,97.16000366210938,95.36000061035156,95.38999938964844,674500.0
2020-02-05T00:00:00.000000000,96.16000366210938,98.25,96.12000274658203,98.0199966430664,623400.0
2020-02-06T00:00:00.000000000,98.5999984741211,98.68000030517578,95.72000122070312,96.1500015258789,693300.0
2020-02-07T00:00:00.000000000,95.56999969482422,95.83999633789062,94.91999816894531,95.37999725341797,516500.0
2020-02-10T00:00:00.000000000,95.33999633789062,95.55999755859375,94.43000030517578,95.13999938964844,425800.0
2020-02-11T00:00:00.000000000,95.20999908447266,96.06999969482422,94.83999633789062,95.70999908447266,492300.0
2020-02-12T00:00:00.000000000,96.06999969482422,96.7699966430664,95.70999908447266,96.55000305175781,457000.0
2020-02-13T00:00:00.000000000,96.01000213623047,96.97000122070312,95.69000244140625,96.95999908447266,464700.0
2020-02-14T00:00:00.000000000,96.9800033569336,96.9800033569336,95.68000030517578,96.47000122070312,641800.0
2020-02-18T00:00:00.000000000,96.33999633789062,97.70999908447266,95.91000366210938,96.76000213623047,1213800.0
2020-02-19T00:00:00.000000000,100.0,102.0,98.51000213623047,99.3499984741211,1383600.0
2020-02-20T00:00:00.000000000,98.68000030517578,99.93000030517578,98.0,99.61000061035156,750500.0
2020-02-21T00:00:00.000000000,99.0199966430664,99.38999938964844,96.0,96.20999908447266,2780100.0
2020-02-24T00:00:00.000000000,94.20999908447266,96.79000091552734,93.44999694824219,95.72000122070312,1381200.0
2020-02-25T00:00:00.000000000,95.9000015258789,95.9000015258789,91.9800033569336,92.04000091552734,1219100.0
2020-02-26T00:00:00.000000000,93.0999984741211,94.79000091552734,90.12000274658203,90.18000030517578,1313600.0
2020-02-27T00:00:00.000000000,88.94999694824219,90.9000015258789,86.69999694824219,86.70999908447266,1505900.0
2020-02-28T00:00:00.000000000,84.68000030517578,87.33999633789062,84.41000366210938,87.23999786376953,1727800.0
2020-03-02T00:00:00.000000000,87.61000061035156,89.08000183105469,84.62999725341797,89.04000091552734,1371800.0
2020-03-03T00:00:00.000000000,88.38999938964844,89.69999694824219,85.16000366210938,86.36000061035156,1415900.0
2020-03-04T00:00:00.000000000,87.66999816894531,89.37000274658203,85.66999816894531,89.25,963500.0
2020-03-05T00:00:00.000000000,85.91999816894531,87.0,84.37000274658203,85.6500015258789,1053500.0
2020-03-06T00:00:00.000000000,83.3499984741211,84.86000061035156,80.77999877929688,82.8499984741211,1837000.0
2020-03-09T00:00:00.000000000,78.55000305175781,81.93000030517578,77.36000061035156,80.1500015258789,1892700.0
2020-03-10T00:00:00.000000000,83.08000183105469,85.98999786376953,81.5,85.91999816894531,1270900.0
2020-03-11T00:00:00.000000000,83.55000305175781,85.44999694824219,82.69999694824219,83.9000015258789,1495100.0
2020-03-12T00:00:00.000000000,78.66000366210938,82.58999633789062,75.22000122070312,78.44999694824219,2101300.0
2020-03-13T00:00:00.000000000,81.26000213623047,81.87999725341797,75.68000030517578,79.2699966430664,1604700.0
2020-03-16T00:00:00.000000000,70.76000213623047,74.5999984741211,70.0,70.94999694824219,1459900.0
2020-03-17T00:00:00.000000000,72.05000305175781,76.86000061035156,70.5,76.8499984741211,1462700.0
2020-03-18T00:00:00.000000000,72.0999984741211,73.2699966430664,60.900001525878906,66.3499984741211,1362900.0
2020-03-19T00:00:00.000000000,65.51000213623047,66.31999969482422,62.33000183105469,64.30999755859375,1558700.0
2020-03-20T00:00:00.000000000,65.16000366210938,65.29000091552734,55.02000045776367,55.349998474121094,2418300.0
2020-03-23T00:00:00.000000000,55.22999954223633,55.45000076293945,49.68000030517578,50.290000915527344,2208100.0
2020-03-24T00:00:00.000000000,52.619998931884766,61.2599983215332,52.310001373291016,60.810001373291016,1684100.0
2020-03-25T00:00:00.000000000,60.939998626708984,68.77999877929688,59.900001525878906,64.77999877929688,1845500.0
2020-03-26T00:00:00.000000000,65.05000305175781,69.26000213623047,63.4900016784668,68.63999938964844,1615300.0
2020-03-27T00:00:00.000000000,65.20999908447266,66.87000274658203,63.279998779296875,64.45999908447266,1231300.0
2020-03-30T00:00:00.000000000,64.45999908447266,67.19999694824219,63.40999984741211,66.08000183105469,1100000.0
2020-03-31T00:00:00.000000000,65.45999908447266,68.04000091552734,64.58999633789062,67.33000183105469,1885900.0
2020-04-01T00:00:00.000000000,63.599998474121094,64.43000030517578,61.90999984741211,62.7400016784668,1622400.0
2020-04-02T00:00:00.000000000,61.9900016784668,64.73999786376953,59.5,61.400001525878906,1392500.0
2020-04-03T00:00:00.000000000,61.150001525878906,61.9900016784668,57.869998931884766,58.2599983215332,1098000.0
2020-04-06T00:00:00.000000000,61.66999816894531,67.6500015258789,61.66999816894531,67.0999984741211,1535000.0
2020-04-07T00:00:00.000000000,71.26000213623047,72.80999755859375,68.1500015258789,69.36000061035156,1431800.0
2020-04-08T00:00:00.000000000,70.88999938964844,73.58000183105469,69.54000091552734,73.25,1202600.0
2020-04-09T00:00:00.000000000,74.87000274658203,76.22000122070312,70.88999938964844,71.66999816894531,1845700.0
2020-04-13T00:00:00.000000000,71.41000366210938,71.5199966430664,68.62000274658203,71.29000091552734,1366400.0
2020-04-14T00:00:00.000000000,72.61000061035156,74.4800033569336,72.08999633789062,74.16999816894531,998100.0
2020-04-15T00:00:00.000000000,71.20999908447266,72.41000366210938,69.44999694824219,71.5199966430664,918800.0
2020-04-16T00:00:00.000000000,71.16999816894531,73.94999694824219,70.6500015258789,73.4800033569336,1100700.0
2020-04-17T00:00:00.000000000,76.02999877929688,78.01000213623047,73.73999786376953,74.6500015258789,1058600.0
2020-04-20T00:00:00.000000000,73.56999969482422,75.41999816894531,72.6500015258789,73.18000030517578,861300.0
2020-04-21T00:00:00.000000000,71.22000122070312,72.13999938964844,70.55999755859375,71.04000091552734,685000.0
2020-04-22T00:00:00.000000000,72.47000122070312,73.41999816894531,71.41000366210938,72.9000015258789,712000.0
2020-04-23T00:00:00.000000000,73.87000274658203,74.97000122070312,72.68000030517578,73.0999984741211,725900.0
2020-04-24T00:00:00.000000000,73.73999786376953,75.58000183105469,73.2300033569336,75.02999877929688,878300.0
2020-04-27T00:00:00.000000000,75.69999694824219,78.16000366210938,75.2699966430664,77.52999877929688,672100.0
2020-04-28T00:00:00.000000000,79.05999755859375,80.76000213623047,78.72000122070312,79.22000122070312,828900.0
2020-04-29T00:00:00.000000000,81.0,83.25,80.37999725341797,82.11000061035156,940000.0
2020-04-30T00:00:00.000000000,80.9000015258789,81.04000091552734,78.29000091552734,79.27999877929688,1507700.0
2020-05-01T00:00:00.000000000,77.27999877929688,77.69000244140625,74.5999984741211,75.19000244140625,815400.0
2020-05-04T00:00:00.000000000,74.6500015258789,75.93000030517578,74.05999755859375,75.62999725341797,669000.0
2020-05-05T00:00:00.000000000,76.33999633789062,77.18000030517578,74.83999633789062,75.0,864200.0
2020-05-06T00:00:00.000000000,74.98999786376953,76.11000061035156,70.79000091552734,72.61000061035156,1249000.0
2020-05-07T00:00:00.000000000,73.77999877929688,75.86000061035156,73.51000213623047,73.72000122070312,1081800.0
2020-05-08T00:00:00.000000000,75.0199966430664,76.66000366210938,74.81999969482422,76.44000244140625,690600.0
2020-05-11T00:00:00.000000000,75.7300033569336,76.6500015258789,73.73999786376953,75.98999786376953,924600.0
2020-05-12T00:00:00.000000000,76.05000305175781,76.29000091552734,74.16999816894531,74.16999816894531,970900.0
2020-05-13T00:00:00.000000000,73.70999908447266,73.70999908447266,70.0,70.62999725341797,1010700.0
2020-05-14T00:00:00.000000000,69.25,71.0,67.12000274658203,71.0,1157400.0
2020-05-15T00:00:00.000000000,70.16000366210938,73.5,69.33000183105469,73.12000274658203,2073100.0
2020-05-18T00:00:00.000000000,76.0,78.25,75.86000061035156,77.30999755859375,937700.0
2020-05-19T00:00:00.000000000,77.25,78.7300033569336,76.13999938964844,76.4000015258789,794100.0
2020-05-20T00:00:00.000000000,77.08999633789062,78.33999633789062,76.87999725341797,77.22000122070312,632900.0
2020-05-21T00:00:00.000000000,76.73999786376953,77.62000274658203,75.41000366210938,77.1500015258789,640800.0
2020-05-22T00:00:00.000000000,77.08999633789062,77.44999694824219,76.23999786376953,77.22000122070312,529200.0
2020-05-26T00:00:00.000000000,79.75,83.08999633789062,79.47000122070312,82.33999633789062,936400.0
2020-05-27T00:00:00.000000000,84.0999984741211,87.37000274658203,84.0999984741211,87.29000091552734,1002600.0
2020-05-28T00:00:00.000000000,87.5199966430664,87.9000015258789,84.13999938964844,84.30999755859375,711500.0
2020-05-29T00:00:00.000000000,83.41000366210938,84.70999908447266,82.48999786376953,83.41000366210938,910900.0
2020-06-01T00:00:00.000000000,83.51000213623047,85.3499984741211,83.11000061035156,84.77999877929688,718000.0
2020-06-02T00:00:00.000000000,85.75,85.94000244140625,84.2300033569336,84.87000274658203,695900.0
2020-06-03T00:00:00.000000000,86.04000091552734,89.33999633789062,85.33999633789062,89.13999938964844,913700.0
2020-06-04T00:00:00.000000000,87.33999633789062,90.27999877929688,86.12999725341797,90.23999786376953,1029100.0
2020-06-05T00:00:00.000000000,94.11000061035156,95.45999908447266,91.69999694824219,92.27999877929688,902300.0
2020-06-08T00:00:00.000000000,92.70999908447266,95.33000183105469,92.30000305175781,93.5199966430664,913600.0
2020-06-09T00:00:00.000000000,91.91000366210938,92.20999908447266,90.81999969482422,91.66000366210938,579300.0
2020-06-10T00:00:00.000000000,91.87000274658203,92.19999694824219,88.48999786376953,88.51000213623047,690800.0
2020-06-11T00:00:00.000000000,85.12000274658203,86.02999877929688,83.12999725341797,83.58999633789062,806800.0
2020-06-12T00:00:00.000000000,86.33000183105469,86.83000183105469,83.72000122070312,85.58999633789062,818000.0
2020-06-15T00:00:00.000000000,82.87999725341797,86.66000366210938,82.05999755859375,85.62000274658203,963200.0
2020-06-16T00:00:00.000000000,89.12999725341797,89.6500015258789,86.56999969482422,88.58000183105469,751200.0
2020-06-17T00:00:00.000000000,88.48999786376953,89.55999755859375,87.38999938964844,88.69000244140625,695200.0
2020-06-18T00:00:00.000000000,87.72000122070312,89.31999969482422,87.72000122070312,88.23999786376953,668000.0
2020-06-19T00:00:00.000000000,89.94999694824219,90.97000122070312,87.30999755859375,87.58000183105469,2854000.0
2020-06-22T00:00:00.000000000,87.37000274658203,88.66999816894531,85.68000030517578,87.75,739100.0
2020-06-23T00:00:00.000000000,88.72000122070312,89.43000030517578,87.48999786376953,88.44000244140625,638800.0
2020-06-24T00:00:00.000000000,87.38999938964844,87.58999633789062,83.87999725341797,84.66999816894531,818600.0
2020-06-25T00:00:00.000000000,84.06999969482422,85.44999694824219,83.29000091552734,85.05999755859375,581200.0
2020-06-26T00:00:00.000000000,84.87999725341797,85.52999877929688,83.31999969482422,83.66000366210938,1290300.0
2020-06-29T00:00:00.000000000,84.94999694824219,87.33999633789062,84.30000305175781,87.0199966430664,734000.0
2020-06-30T00:00:00.000000000,86.69999694824219,87.44000244140625,85.5999984741211,86.95999908447266,852700.0
2020-07-01T00:00:00.000000000,86.83999633789062,87.41999816894531,85.77999877929688,85.9000015258789,760900.0
2020-07-02T00:00:00.000000000,87.4800033569336,88.9800033569336,86.08999633789062,86.83999633789062,696900.0
2020-07-06T00:00:00.000000000,88.20999908447266,88.55999755859375,86.63999938964844,87.44999694824219,443400.0
2020-07-07T00:00:00.000000000,86.4000015258789,87.5999984741211,86.30999755859375,86.83999633789062,562800.0
2020-07-08T00:00:00.000000000,86.91000366210938,87.20999908447266,85.25,86.13999938964844,512300.0
2020-07-09T00:00:00.000000000,85.69000244140625,85.97000122070312,83.66999816894531,84.44999694824219,670400.0
2020-07-10T00:00:00.000000000,84.94000244140625,85.7300033569336,83.87999725341797,85.58000183105469,479800.0
2020-07-13T00:00:00.000000000,86.12000274658203,87.33000183105469,84.9800033569336,85.12999725341797,682000.0
2020-07-14T00:00:00.000000000,84.44999694824219,86.37000274658203,84.08999633789062,86.16999816894531,727200.0
2020-07-15T00:00:00.000000000,87.7300033569336,88.52999877929688,86.6500015258789,88.26000213623047,544200.0
2020-07-16T00:00:00.000000000,87.87999725341797,88.79000091552734,87.70999908447266,88.63999938964844,454600.0
2020-07-17T00:00:00.000000000,89.25,89.25,87.47000122070312,87.86000061035156,452100.0
2020-07-20T00:00:00.000000000,87.20999908447266,87.58000183105469,86.0999984741211,87.02999877929688,572400.0
2020-07-21T00:00:00.000000000,87.06999969482422,88.93000030517578,87.06999969482422,87.62999725341797,531600.0
2020-07-22T00:00:00.000000000,87.48999786376953,89.33999633789062,87.16000366210938,89.0999984741211,496900.0
2020-07-23T00:00:00.000000000,88.54000091552734,89.5,88.08999633789062,88.45999908447266,568300.0
2020-07-24T00:00:00.000000000,88.44000244140625,89.9800033569336,88.05000305175781,88.63999938964844,669000.0
2020-07-27T00:00:00.000000000,88.06999969482422,89.9000015258789,87.04000091552734,89.43000030517578,760900.0
2020-07-28T00:00:00.000000000,89.83000183105469,90.25,88.37000274658203,89.19999694824219,716700.0
2020-07-29T00:00:00.000000000,89.33999633789062,91.76000213623047,89.33999633789062,91.6500015258789,740200.0
2020-07-30T00:00:00.000000000,90.4000015258789,92.27999877929688,87.88999938964844,90.4800033569336,1009800.0
2020-07-31T00:00:00.000000000,90.69000244140625,91.69999694824219,89.37000274658203,90.1500015258789,1644800.0
2020-08-03T00:00:00.000000000,90.7300033569336,91.43000030517578,90.13999938964844,90.86000061035156,791800.0
2020-08-04T00:00:00.000000000,90.56999969482422,91.2300033569336,90.20999908447266,91.19000244140625,687200.0
2020-08-05T00:00:00.000000000,92.30000305175781,92.75,91.69000244140625,92.43000030517578,655200.0
2020-08-06T00:00:00.000000000,92.12999725341797,92.80000305175781,91.37000274658203,92.2300033569336,500600.0
2020-08-07T00:00:00.000000000,91.83999633789062,92.79000091552734,91.54000091552734,92.75,559000.0
2020-08-10T00:00:00.000000000,92.7699966430664,94.25,92.33999633789062,94.06999969482422,577500.0
2020-08-11T00:00:00.000000000,95.06999969482422,96.56999969482422,94.76000213623047,95.2699966430664,758600.0
2020-08-12T00:00:00.000000000,95.95999908447266,97.05000305175781,95.36000061035156,96.87000274658203,786500.0
2020-08-13T00:00:00.000000000,95.94999694824219,96.1500015258789,93.83999633789062,94.36000061035156,487300.0
2020-08-14T00:00:00.000000000,94.2699966430664,95.27999877929688,94.19999694824219,94.55999755859375,406000.0
2020-08-17T00:00:00.000000000,95.0,95.2699966430664,93.95999908447266,94.22000122070312,463100.0
2020-08-18T00:00:00.000000000,94.12000274658203,94.66999816894531,93.4800033569336,93.55999755859375,504300.0
2020-08-19T00:00:00.000000000,93.63999938964844,93.94000244140625,92.77999877929688,93.04000091552734,459200.0
2020-08-20T00:00:00.000000000,92.12999725341797,92.94999694824219,91.94999694824219,92.22000122070312,520300.0
2020-08-21T00:00:00.000000000,92.20999908447266,93.5199966430664,91.72000122070312,93.27999877929688,850400.0
2020-08-24T00:00:00.000000000,93.94000244140625,95.52999877929688,93.6500015258789,94.98999786376953,845500.0
2020-08-25T00:00:00.000000000,95.44999694824219,95.61000061035156,93.83999633789062,94.5,567000.0
2020-08-26T00:00:00.000000000,94.19999694824219,95.1500015258789,93.80000305175781,94.37000274658203,550900.0
2020-08-27T00:00:00.000000000,94.37000274658203,94.83999633789062,93.20999908447266,93.6500015258789,410700.0
2020-08-28T00:00:00.000000000,93.94000244140625,94.88999938964844,93.4000015258789,94.87999725341797,482700.0
2020-08-31T00:00:00.000000000,95.91999816894531,96.0,93.69000244140625,94.44000244140625,1200900.0
2020-09-01T00:00:00.000000000,93.91999816894531,96.01000213623047,93.13999938964844,95.66000366210938,728900.0
2020-09-02T00:00:00.000000000,95.2300033569336,99.44999694824219,95.2300033569336,99.29000091552734,1083700.0
2020-09-03T00:00:00.000000000,98.75,98.75,96.19000244140625,96.83999633789062,1133700.0
2020-09-04T00:00:00.000000000,97.56999969482422,98.11000061035156,95.81999969482422,97.47000122070312,608200.0
2020-09-08T00:00:00.000000000,96.56999969482422,98.75,95.79000091552734,97.55999755859375,1351100.0
2020-09-09T00:00:00.000000000,98.05999755859375,100.37000274658203,97.61000061035156,99.66999816894531,767300.0
2020-09-10T00:00:00.000000000,99.9800033569336,100.38999938964844,98.06999969482422,98.7699966430664,1150200.0
2020-09-11T00:00:00.000000000,99.11000061035156,100.79000091552734,98.87999725341797,100.55999755859375,855000.0
2020-09-14T00:00:00.000000000,104.2699966430664,104.2699966430664,102.36000061035156,103.0199966430664,1043600.0
2020-09-15T00:00:00.000000000,103.43000030517578,104.38999938964844,101.5199966430664,101.83999633789062,1056700.0
2020-09-16T00:00:00.000000000,102.33999633789062,102.41999816894531,100.45999908447266,101.36000061035156,733800.0
2020-09-17T00:00:00.000000000,100.54000091552734,102.4800033569336,99.98999786376953,101.83000183105469,682400.0
2020-09-18T00:00:00.000000000,101.08000183105469,103.20999908447266,100.94999694824219,102.05999755859375,1252400.0
2020-09-21T00:00:00.000000000,100.5999984741211,100.93000030517578,96.02999877929688,96.55000305175781,1117200.0
2020-09-22T00:00:00.000000000,96.86000061035156,98.11000061035156,95.95999908447266,96.43000030517578,927200.0
2020-09-23T00:00:00.000000000,97.0199966430664,97.0199966430664,94.47000122070312,94.66999816894531,1658100.0
2020-09-24T00:00:00.000000000,94.6500015258789,95.80000305175781,93.52999877929688,93.94000244140625,738600.0
2020-09-25T00:00:00.000000000,93.33999633789062,94.94000244140625,92.81999969482422,94.0999984741211,754800.0
2020-09-28T00:00:00.000000000,95.31999969482422,96.33000183105469,94.83000183105469,95.73999786376953,715000.0
2020-09-29T00:00:00.000000000,95.94000244140625,95.94000244140625,94.61000061035156,94.73999786376953,534700.0
2020-09-30T00:00:00.000000000,95.1500015258789,96.0,94.27999877929688,95.16999816894531,778100.0
2020-10-01T00:00:00.000000000,95.69000244140625,96.61000061035156,94.22000122070312,94.97000122070312,673400.0
2020-10-02T00:00:00.000000000,93.5,96.19000244140625,93.5,95.8499984741211,576900.0
2020-10-05T00:00:00.000000000,96.93000030517578,97.83000183105469,96.30000305175781,97.4000015258789,717900.0
2020-10-06T00:00:00.000000000,97.52999877929688,99.12000274658203,96.19999694824219,96.5199966430664,522700.0
2020-10-07T00:00:00.000000000,97.58000183105469,99.43000030517578,97.58000183105469,98.75,506300.0
2020-10-08T00:00:00.000000000,99.1500015258789,101.19999694824219,98.80000305175781,101.1500015258789,657300.0
2020-10-09T00:00:00.000000000,101.58000183105469,102.31999969482422,100.30000305175781,100.38999938964844,665200.0
2020-10-12T00:00:00.000000000,100.27999877929688,100.98999786376953,99.80000305175781,100.2300033569336,596500.0
2020-10-13T00:00:00.000000000,99.72000122070312,100.41999816894531,99.27999877929688,99.9000015258789,484900.0
2020-10-14T00:00:00.000000000,100.01000213623047,101.58000183105469,100.01000213623047,100.93000030517578,709000.0
2020-10-15T00:00:00.000000000,100.08000183105469,101.9000015258789,99.72000122070312,101.27999877929688,910600.0
2020-10-16T00:00:00.000000000,101.33999633789062,101.7699966430664,100.66999816894531,100.91999816894531,733800.0
2020-10-19T00:00:00.000000000,101.08000183105469,102.54000091552734,100.48999786376953,100.61000061035156,999900.0
2020-10-20T00:00:00.000000000,101.33000183105469,103.58999633789062,101.22000122070312,101.8499984741211,886000.0
2020-10-21T00:00:00.000000000,102.4000015258789,103.33000183105469,101.63999938964844,102.0199966430664,952000.0
2020-10-22T00:00:00.000000000,100.48999786376953,101.94999694824219,95.73999786376953,96.77999877929688,1411700.0
2020-10-23T00:00:00.000000000,97.62999725341797,99.18000030517578,97.0999984741211,98.77999877929688,914400.0
2020-10-26T00:00:00.000000000,97.73999786376953,97.80999755859375,94.33000183105469,95.43000030517578,941700.0
2020-10-27T00:00:00.000000000,95.5,95.93000030517578,93.70999908447266,93.87000274658203,719700.0
2020-10-28T00:00:00.000000000,92.1500015258789,92.83000183105469,89.41999816894531,89.69000244140625,869400.0
2020-10-29T00:00:00.000000000,90.0,91.8499984741211,89.63999938964844,90.30999755859375,719200.0
2020-10-30T00:00:00.000000000,90.12999725341797,90.77999877929688,88.98999786376953,90.43000030517578,922000.0
2020-11-02T00:00:00.000000000,92.12999725341797,93.54000091552734,91.69000244140625,93.5199966430664,754000.0
2020-11-03T00:00:00.000000000,94.83000183105469,98.69999694824219,94.76000213623047,98.1500015258789,882700.0
2020-11-04T00:00:00.000000000,98.0,98.27999877929688,94.7699966430664,94.80999755859375,936400.0
2020-11-05T00:00:00.000000000,95.9800033569336,98.12000274658203,95.97000122070312,96.22000122070312,685300.0
2020-11-06T00:00:00.000000000,96.58999633789062,96.69999694824219,94.55000305175781,94.66999816894531,536300.0
2020-11-09T00:00:00.000000000,100.25,104.44000244140625,98.31999969482422,98.48999786376953,1176700.0
2020-11-10T00:00:00.000000000,98.7300033569336,101.19000244140625,98.4800033569336,99.81999969482422,727500.0
2020-11-11T00:00:00.000000000,100.37000274658203,100.93000030517578,97.5199966430664,97.63999938964844,883000.0
2020-11-12T00:00:00.000000000,97.20999908447266,97.5,95.25,95.93000030517578,599500.0
2020-11-13T00:00:00.000000000,96.93000030517578,99.3499984741211,96.7300033569336,99.02999877929688,446900.0
2020-11-16T00:00:00.000000000,100.68000030517578,100.7699966430664,98.13999938964844,99.56999969482422,739100.0
2020-11-17T00:00:00.000000000,98.33999633789062,98.75,96.3499984741211,98.4800033569336,563600.0
2020-11-18T00:00:00.000000000,98.5999984741211,100.6500015258789,98.51000213623047,98.6500015258789,957600.0
2020-11-19T00:00:00.000000000,98.13999938964844,98.4000015258789,96.4800033569336,98.0,751400.0
2020-11-20T00:00:00.000000000,98.0,98.06999969482422,96.41000366210938,96.95999908447266,714400.0
2020-11-23T00:00:00.000000000,97.66000366210938,98.26000213623047,96.37000274658203,97.12000274658203,588400.0
2020-11-24T00:00:00.000000000,98.68000030517578,101.52999877929688,97.70999908447266,101.16000366210938,861100.0
2020-11-25T00:00:00.000000000,100.48999786376953,100.70999908447266,98.19999694824219,98.94999694824219,697200.0
2020-11-27T00:00:00.000000000,98.8499984741211,99.19999694824219,97.5999984741211,98.36000061035156,270600.0
2020-11-30T00:00:00.000000000,98.01000213623047,98.48999786376953,96.55000305175781,98.37000274658203,1978900.0
2020-12-01T00:00:00.000000000,99.69999694824219,102.61000061035156,98.94000244140625,101.66999816894531,826300.0
2020-12-02T00:00:00.000000000,97.94000244140625,99.0,96.66999816894531,96.9800033569336,1130100.0
2020-12-03T00:00:00.000000000,96.01000213623047,97.72000122070312,95.80000305175781,97.26000213623047,664800.0
2020-12-04T00:00:00.000000000,97.19000244140625,98.30000305175781,97.13999938964844,98.25,609200.0
2020-12-07T00:00:00.000000000,97.7300033569336,98.44000244140625,97.23999786376953,98.25,789900.0
2020-12-08T00:00:00.000000000,97.69999694824219,98.16000366210938,96.44000244140625,96.6500015258789,856600.0
2020-12-09T00:00:00.000000000,96.9000015258789,98.0199966430664,96.19999694824219,97.94999694824219,1161400.0
2020-12-10T00:00:00.000000000,97.75,98.05000305175781,96.16999816894531,97.04000091552734,591000.0
2020-12-11T00:00:00.000000000,96.69000244140625,97.79000091552734,96.19999694824219,97.05999755859375,829700.0
2020-12-14T00:00:00.000000000,97.86000061035156,98.9000015258789,95.79000091552734,95.81999969482422,608100.0
2020-12-15T00:00:00.000000000,96.20999908447266,96.9000015258789,95.05999755859375,96.58999633789062,626400.0
2020-12-16T00:00:00.000000000,96.7300033569336,97.69000244140625,95.9800033569336,96.5,666900.0
2020-12-17T00:00:00.000000000,96.98999786376953,97.87000274658203,96.05999755859375,96.94999694824219,715700.0
2020-12-18T00:00:00.000000000,97.04000091552734,97.93000030517578,96.31999969482422,97.52999877929688,1725300.0
2020-12-21T00:00:00.000000000,95.7699966430664,97.55000305175781,94.08999633789062,97.36000061035156,692900.0
2020-12-22T00:00:00.000000000,97.1500015258789,99.05999755859375,96.98999786376953,98.63999938964844,675900.0
2020-12-23T00:00:00.000000000,98.97000122070312,100.33000183105469,98.55000305175781,99.4000015258789,585200.0
2020-12-24T00:00:00.000000000,99.80000305175781,99.87000274658203,98.38999938964844,99.36000061035156,149500.0
2020-12-28T00:00:00.000000000,100.27999877929688,101.4800033569336,99.83000183105469,100.04000091552734,446800.0
2020-12-29T00:00:00.000000000,100.04000091552734,100.54000091552734,98.5,98.79000091552734,429200.0
2020-12-30T00:00:00.000000000,99.05000305175781,100.43000030517578,98.80000305175781,99.61000061035156,401700.0
2020-12-31T00:00:00.000000000,99.63999938964844,100.52999877929688,99.05000305175781,100.43000030517578,515500.0
2021-01-04T00:00:00.000000000,101.08000183105469,101.08000183105469,97.27999877929688,98.44000244140625,910400.0
2021-01-05T00:00:00.000000000,98.41000366210938,99.8499984741211,97.68000030517578,99.3499984741211,793500.0
2021-01-06T00:00:00.000000000,99.48999786376953,103.6500015258789,98.9000015258789,103.30999755859375,966600.0
2021-01-07T00:00:00.000000000,103.51000213623047,103.98999786376953,102.02999877929688,103.73999786376953,768900.0
2021-01-08T00:00:00.000000000,104.06999969482422,104.16999816894531,102.16999816894531,103.33999633789062,735200.0
2021-01-11T00:00:00.000000000,102.4800033569336,105.62000274658203,102.13999938964844,105.11000061035156,1028900.0
2021-01-12T00:00:00.000000000,104.87000274658203,108.55000305175781,104.41000366210938,108.30000305175781,887100.0
2021-01-13T00:00:00.000000000,107.80000305175781,108.19000244140625,105.44999694824219,105.88999938964844,748100.0
2021-01-14T00:00:00.000000000,106.37999725341797,106.83999633789062,104.91999816894531,104.94999694824219,542600.0
2021-01-15T00:00:00.000000000,104.83999633789062,104.8499984741211,101.69000244140625,102.1500015258789,979600.0
2021-01-19T00:00:00.000000000,102.33000183105469,102.72000122070312,99.0999984741211,99.55000305175781,732800.0
2021-01-20T00:00:00.000000000,99.26000213623047,100.7300033569336,98.25,100.01000213623047,875800.0
2021-01-21T00:00:00.000000000,99.91999816894531,102.5,99.91999816894531,102.22000122070312,941400.0
2021-01-22T00:00:00.000000000,101.29000091552734,101.9000015258789,100.2699966430664,101.63999938964844,701900.0
2021-01-25T00:00:00.000000000,101.4800033569336,102.26000213623047,100.0,101.19999694824219,961300.0
2021-01-26T00:00:00.000000000,101.48999786376953,102.05000305175781,100.0,101.5,664200.0
2021-01-27T00:00:00.000000000,100.06999969482422,100.48999786376953,96.19999694824219,98.80000305175781,1228600.0
2021-01-28T00:00:00.000000000,99.6500015258789,100.33000183105469,96.87000274658203,96.94999694824219,906300.0
2021-01-29T00:00:00.000000000,96.73999786376953,97.58000183105469,93.62000274658203,93.87999725341797,2699900.0
2021-02-01T00:00:00.000000000,94.1500015258789,95.44999694824219,93.66000366210938,94.69000244140625,759600.0
2021-02-02T00:00:00.000000000,95.18000030517578,98.0,94.87000274658203,97.47000122070312,896600.0
2021-02-03T00:00:00.000000000,96.95999908447266,98.91999816894531,96.43000030517578,98.41999816894531,489200.0
2021-02-04T00:00:00.000000000,99.0,100.45999908447266,98.4000015258789,100.41000366210938,707000.0
2021-02-05T00:00:00.000000000,101.0,101.73999786376953,100.18000030517578,101.6500015258789,569500.0
2021-02-08T00:00:00.000000000,102.0,103.62999725341797,101.73999786376953,103.58000183105469,682400.0
2021-02-09T00:00:00.000000000,103.6500015258789,104.27999877929688,102.97000122070312,103.66000366210938,648300.0
2021-02-10T00:00:00.000000000,104.12999725341797,104.29000091552734,102.43000030517578,103.11000061035156,557300.0
2021-02-11T00:00:00.000000000,103.11000061035156,103.2300033569336,100.4000015258789,100.52999877929688,718700.0
2021-02-12T00:00:00.000000000,99.62000274658203,101.2300033569336,98.66000366210938,99.31999969482422,897200.0
2021-02-16T00:00:00.000000000,100.08000183105469,102.62999725341797,99.69000244140625,101.91999816894531,858100.0
2021-02-17T00:00:00.000000000,101.25,101.4000015258789,98.2300033569336,98.94000244140625,1103400.0
2021-02-18T00:00:00.000000000,98.23999786376953,101.66000366210938,98.23999786376953,101.08000183105469,945300.0
2021-02-19T00:00:00.000000000,101.7699966430664,102.9000015258789,100.33000183105469,102.36000061035156,921300.0
2021-02-22T00:00:00.000000000,101.45999908447266,105.05000305175781,101.43000030517578,104.56999969482422,850900.0
2021-02-23T00:00:00.000000000,105.0,106.37999725341797,104.23999786376953,104.8499984741211,1035100.0
2021-02-24T00:00:00.000000000,104.8499984741211,107.05999755859375,104.36000061035156,106.30999755859375,676800.0
2021-02-25T00:00:00.000000000,106.30999755859375,107.12000274658203,104.83999633789062,105.38999938964844,552100.0
2021-02-26T00:00:00.000000000,106.19999694824219,107.06999969482422,104.87000274658203,105.3499984741211,1511200.0
2021-03-01T00:00:00.000000000,106.38999938964844,109.13999938964844,106.16000366210938,108.30999755859375,1033900.0
2021-03-02T00:00:00.000000000,108.11000061035156,109.91999816894531,106.55999755859375,109.19000244140625,948100.0
2021-03-03T00:00:00.000000000,109.55000305175781,112.70999908447266,109.27999877929688,110.27999877929688,977100.0
2021-03-04T00:00:00.000000000,109.0999984741211,110.91999816894531,105.8499984741211,107.58999633789062,983800.0
2021-03-05T00:00:00.000000000,108.73999786376953,113.16999816894531,108.1500015258789,112.75,864900.0
2021-03-08T00:00:00.000000000,113.43000030517578,118.83999633789062,112.63999938964844,116.87000274658203,1358000.0
2021-03-09T00:00:00.000000000,116.66000366210938,117.0,113.45999908447266,113.48999786376953,1167300.0
2021-03-10T00:00:00.000000000,113.94000244140625,115.75,112.79000091552734,115.16000366210938,538100.0
2021-03-11T00:00:00.000000000,114.43000030517578,115.47000122070312,113.33000183105469,113.56999969482422,723400.0
2021-03-12T00:00:00.000000000,114.86000061035156,115.72000122070312,113.95999908447266,114.58999633789062,584300.0
2021-03-15T00:00:00.000000000,114.13999938964844,116.05999755859375,112.95999908447266,115.9800033569336,803000.0
2021-03-16T00:00:00.000000000,115.33000183105469,115.33000183105469,113.08000183105469,114.44999694824219,571800.0
2021-03-17T00:00:00.000000000,115.0199966430664,116.1500015258789,114.4000015258789,114.62000274658203,619900.0
2021-03-18T00:00:00.000000000,114.63999938964844,117.52999877929688,114.5,115.94000244140625,714300.0
2021-03-19T00:00:00.000000000,115.66000366210938,118.0,114.0199966430664,117.30999755859375,3229500.0
2021-03-22T00:00:00.000000000,116.83999633789062,116.88999938964844,114.45999908447266,115.33000183105469,891700.0
2021-03-23T00:00:00.000000000,114.27999877929688,116.5,114.08000183105469,114.77999877929688,750400.0
2021-03-24T00:00:00.000000000,114.75,116.37999725341797,114.73999786376953,114.80999755859375,689900.0
2021-03-25T00:00:00.000000000,115.19999694824219,117.18000030517578,113.63999938964844,117.02999877929688,701500.0
2021-03-26T00:00:00.000000000,117.69000244140625,118.62000274658203,116.94999694824219,118.55000305175781,654400.0
2021-03-29T00:00:00.000000000,117.5,118.51000213623047,116.80000305175781,117.16000366210938,532000.0
2021-03-30T00:00:00.000000000,117.26000213623047,117.86000061035156,116.66000366210938,117.56999969482422,561500.0
2021-03-31T00:00:00.000000000,116.56999969482422,117.1500015258789,115.22000122070312,115.58999633789062,903100.0
2021-04-01T00:00:00.000000000,115.97000122070312,116.66999816894531,115.19000244140625,116.62000274658203,522400.0
2021-04-05T00:00:00.000000000,117.5,118.26000213623047,116.38999938964844,117.2300033569336,574800.0
2021-04-06T00:00:00.000000000,117.0999984741211,118.12999725341797,116.5,117.47000122070312,580500.0
2021-04-07T00:00:00.000000000,117.1500015258789,117.81999969482422,116.1500015258789,116.68000030517578,529800.0
2021-04-08T00:00:00.000000000,116.1500015258789,116.56999969482422,115.2699966430664,115.72000122070312,614200.0
2021-04-09T00:00:00.000000000,116.45999908447266,116.97000122070312,115.31999969482422,116.88999938964844,1015100.0
2021-04-12T00:00:00.000000000,117.5,118.0199966430664,116.81999969482422,117.75,479600.0
2021-04-13T00:00:00.000000000,116.66999816894531,116.75,115.19000244140625,115.98999786376953,850600.0
2021-04-14T00:00:00.000000000,115.66000366210938,118.16000366210938,115.66000366210938,117.66000366210938,592900.0
2021-04-15T00:00:00.000000000,118.16000366210938,118.52999877929688,117.45999908447266,118.44999694824219,484600.0
2021-04-16T00:00:00.000000000,119.37999725341797,120.55999755859375,118.98999786376953,120.0199966430664,705200.0
2021-04-19T00:00:00.000000000,119.68000030517578,119.9800033569336,118.86000061035156,119.4000015258789,741300.0
2021-04-20T00:00:00.000000000,119.52999877929688,120.0,118.56999969482422,119.25,869000.0
2021-04-21T00:00:00.000000000,119.91999816894531,121.91999816894531,118.91999816894531,121.23999786376953,785800.0
2021-04-22T00:00:00.000000000,120.94999694824219,123.22000122070312,118.58999633789062,119.36000061035156,1231100.0
2021-04-23T00:00:00.000000000,120.70999908447266,122.94000244140625,119.5199966430664,122.33000183105469,756300.0
2021-04-26T00:00:00.000000000,123.01000213623047,123.2300033569336,121.45999908447266,122.20999908447266,840800.0
2021-04-27T00:00:00.000000000,122.66999816894531,123.3499984741211,121.58999633789062,123.16000366210938,875300.0
2021-04-28T00:00:00.000000000,123.58999633789062,124.75,122.88999938964844,124.69000244140625,1008600.0
2021-04-29T00:00:00.000000000,125.33000183105469,127.44000244140625,125.33000183105469,125.73999786376953,1130700.0
2021-04-30T00:00:00.000000000,125.68000030517578,125.73999786376953,124.5199966430664,124.97000122070312,1406300.0
2021-05-03T00:00:00.000000000,125.94999694824219,128.4600067138672,125.70999908447266,127.25,687700.0
2021-05-04T00:00:00.000000000,127.76000213623047,130.35000610351562,127.01000213623047,130.25999450683594,976000.0
2021-05-05T00:00:00.000000000,130.24000549316406,132.39999389648438,130.24000549316406,131.64999389648438,889200.0
2021-05-06T00:00:00.000000000,132.61000061035156,132.8699951171875,131.14999389648438,132.3800048828125,657100.0
2021-05-07T00:00:00.000000000,131.38999938964844,133.97000122070312,130.88999938964844,133.4600067138672,583700.0
2021-05-10T00:00:00.000000000,134.30999755859375,135.92999267578125,133.5,133.60000610351562,613100.0
2021-05-11T00:00:00.000000000,132.86000061035156,133.5399932861328,130.7100067138672,131.24000549316406,744300.0
2021-05-12T00:00:00.000000000,131.1300048828125,131.55999755859375,127.33999633789062,127.47000122070312,798500.0
2021-05-13T00:00:00.000000000,127.87999725341797,131.4600067138672,127.81999969482422,130.9499969482422,866500.0
2021-05-14T00:00:00.000000000,131.22999572753906,132.24000549316406,130.13999938964844,131.9600067138672,573800.0
2021-05-17T00:00:00.000000000,131.97999572753906,133.33999633789062,131.39999389648438,132.35000610351562,623600.0
2021-05-18T00:00:00.000000000,132.42999267578125,133.0,131.05999755859375,131.17999267578125,873200.0
2021-05-19T00:00:00.000000000,129.5500030517578,130.3000030517578,128.44000244140625,129.63999938964844,1501100.0
2021-05-20T00:00:00.000000000,129.66000366210938,131.10000610351562,128.72000122070312,130.80999755859375,773700.0
2021-05-21T00:00:00.000000000,130.94000244140625,133.30999755859375,130.94000244140625,131.42999267578125,956100.0
2021-05-24T00:00:00.000000000,132.0,132.1699981689453,131.0,131.39999389648438,558900.0
2021-05-25T00:00:00.000000000,131.25,131.8300018310547,129.77000427246094,129.97999572753906,911300.0
2021-05-26T00:00:00.000000000,130.67999267578125,131.52000427246094,129.6300048828125,130.85000610351562,779700.0
2021-05-27T00:00:00.000000000,132.0399932861328,132.49000549316406,130.3699951171875,130.4600067138672,1268800.0
2021-05-28T00:00:00.000000000,130.5500030517578,131.77000427246094,130.11000061035156,131.1199951171875,676900.0
2021-06-01T00:00:00.000000000,132.0,133.0800018310547,131.38999938964844,132.08999633789062,684700.0
2021-06-02T00:00:00.000000000,132.50999450683594,132.50999450683594,130.50999450683594,130.82000732421875,619900.0
2021-06-03T00:00:00.000000000,129.5399932861328,130.00999450683594,128.35000610351562,129.16000366210938,622700.0
2021-06-04T00:00:00.000000000,129.55999755859375,129.9600067138672,128.3300018310547,129.9499969482422,480400.0
2021-06-07T00:00:00.000000000,130.1699981689453,130.19000244140625,127.61000061035156,127.87000274658203,620200.0
2021-06-08T00:00:00.000000000,127.30999755859375,129.72000122070312,127.30999755859375,129.4199981689453,656600.0
2021-06-09T00:00:00.000000000,129.08999633789062,129.69000244140625,128.05999755859375,128.38999938964844,700300.0
2021-06-10T00:00:00.000000000,129.2899932861328,129.60000610351562,127.61000061035156,127.70999908447266,470200.0
2021-06-11T00:00:00.000000000,128.25,129.3000030517578,128.0500030517578,129.02999877929688,519600.0
2021-06-14T00:00:00.000000000,128.60000610351562,128.72999572753906,126.80999755859375,127.61000061035156,684200.0
2021-06-15T00:00:00.000000000,127.20999908447266,127.3499984741211,126.01000213623047,127.2699966430664,692400.0
2021-06-16T00:00:00.000000000,126.91999816894531,127.37999725341797,125.6500015258789,125.8499984741211,773100.0
2021-06-17T00:00:00.000000000,125.91999816894531,126.05999755859375,121.8499984741211,122.87999725341797,936000.0
2021-06-18T00:00:00.000000000,120.8499984741211,121.4800033569336,120.06999969482422,121.12000274658203,1703600.0
2021-06-21T00:00:00.000000000,122.43000030517578,124.70999908447266,122.06999969482422,124.41999816894531,706000.0
2021-06-22T00:00:00.000000000,124.5199966430664,125.5199966430664,123.08999633789062,124.94999694824219,607300.0
2021-06-23T00:00:00.000000000,125.23999786376953,126.22000122070312,124.4000015258789,125.31999969482422,599300.0
2021-06-24T00:00:00.000000000,126.01000213623047,126.62000274658203,125.25,126.16000366210938,447500.0
2021-06-25T00:00:00.000000000,126.5,127.91999816894531,126.5,127.6500015258789,711900.0
2021-06-28T00:00:00.000000000,127.23999786376953,127.29000091552734,125.1500015258789,125.51000213623047,439800.0
2021-06-29T00:00:00.000000000,126.30999755859375,127.56999969482422,126.30999755859375,126.70999908447266,385000.0
2021-06-30T00:00:00.000000000,126.5999984741211,127.20999908447266,125.83999633789062,126.47000122070312,471100.0
2021-07-01T00:00:00.000000000,126.98999786376953,128.4600067138672,126.54000091552734,128.30999755859375,506300.0
2021-07-02T00:00:00.000000000,128.66000366210938,129.38999938964844,128.1699981689453,129.05999755859375,452000.0
2021-07-06T00:00:00.000000000,128.9199981689453,129.16000366210938,126.38999938964844,127.44000244140625,655400.0
2021-07-07T00:00:00.000000000,126.81999969482422,129.1999969482422,126.68000030517578,128.6199951171875,421800.0
2021-07-08T00:00:00.000000000,126.8499984741211,128.5500030517578,126.47000122070312,127.1500015258789,712300.0
2021-07-09T00:00:00.000000000,129.11000061035156,129.75,128.19000244140625,129.52000427246094,642900.0
2021-07-12T00:00:00.000000000,128.75999450683594,130.0,128.02000427246094,129.5,486300.0
2021-07-13T00:00:00.000000000,128.77000427246094,129.22000122070312,127.47000122070312,127.66000366210938,516500.0
2021-07-14T00:00:00.000000000,128.14999389648438,128.8800048828125,127.3499984741211,128.7899932861328,527200.0
2021-07-15T00:00:00.000000000,128.0500030517578,129.61000061035156,128.0500030517578,129.00999450683594,437500.0
2021-07-16T00:00:00.000000000,129.64999389648438,129.88999938964844,127.37999725341797,127.61000061035156,382300.0
2021-07-19T00:00:00.000000000,126.05000305175781,126.66000366210938,124.62000274658203,125.62999725341797,638600.0
2021-07-20T00:00:00.000000000,126.44999694824219,129.30999755859375,125.4000015258789,128.3300018310547,751900.0
2021-07-21T00:00:00.000000000,128.9499969482422,129.9499969482422,128.52999877929688,129.1699981689453,667900.0
2021-07-22T00:00:00.000000000,132.14999389648438,132.14999389648438,126.0,126.37000274658203,966300.0
2021-07-23T00:00:00.000000000,127.30999755859375,129.57000732421875,126.7699966430664,129.08999633789062,648300.0
2021-07-26T00:00:00.000000000,128.64999389648438,129.92999267578125,127.83999633789062,128.7100067138672,694700.0
2021-07-27T00:00:00.000000000,127.97000122070312,129.10000610351562,127.0999984741211,128.8800048828125,571600.0
2021-07-28T00:00:00.000000000,129.0399932861328,129.27000427246094,126.0,126.05000305175781,642700.0
2021-07-29T00:00:00.000000000,127.04000091552734,128.30999755859375,126.51000213623047,127.91999816894531,740900.0
2021-07-30T00:00:00.000000000,127.51000213623047,128.5,126.37999725341797,126.91999816894531,1766500.0
2021-08-02T00:00:00.000000000,127.87000274658203,128.94000244140625,126.05000305175781,126.45999908447266,627200.0
2021-08-03T00:00:00.000000000,127.16000366210938,128.6300048828125,126.0,128.16000366210938,613800.0
2021-08-04T00:00:00.000000000,127.22000122070312,127.66000366210938,124.87999725341797,124.88999938964844,454300.0
2021-08-05T00:00:00.000000000,125.58999633789062,126.22000122070312,123.29000091552734,124.19000244140625,518200.0
2021-08-06T00:00:00.000000000,125.41000366210938,125.7699966430664,123.70999908447266,124.27999877929688,550600.0
2021-08-09T00:00:00.000000000,123.73999786376953,124.43000030517578,123.31999969482422,123.97000122070312,438800.0
2021-08-10T00:00:00.000000000,123.7699966430664,125.27999877929688,123.5999984741211,124.7699966430664,406600.0
2021-08-11T00:00:00.000000000,124.77999877929688,125.91999816894531,123.9800033569336,125.73999786376953,376400.0
2021-08-12T00:00:00.000000000,125.91999816894531,126.02999877929688,124.58999633789062,125.2699966430664,330200.0
2021-08-13T00:00:00.000000000,125.25,125.33000183105469,124.2699966430664,124.63999938964844,433800.0
2021-08-16T00:00:00.000000000,124.19999694824219,126.06999969482422,123.11000061035156,125.93000030517578,461000.0
2021-08-17T00:00:00.000000000,125.0,125.0,122.30000305175781,123.66999816894531,437700.0
2021-08-18T00:00:00.000000000,123.1500015258789,125.29000091552734,123.0,123.4800033569336,559500.0
2021-08-19T00:00:00.000000000,122.41999816894531,123.76000213623047,121.80000305175781,122.5,435800.0
2021-08-20T00:00:00.000000000,122.5,124.2300033569336,122.5,123.81999969482422,439700.0
2021-08-23T00:00:00.000000000,124.56999969482422,124.56999969482422,122.5199966430664,122.52999877929688,357500.0
2021-08-24T00:00:00.000000000,122.5199966430664,123.91999816894531,122.38999938964844,123.2300033569336,558100.0
2021-08-25T00:00:00.000000000,123.19000244140625,125.56999969482422,122.97000122070312,124.73999786376953,548500.0
2021-08-26T00:00:00.000000000,124.55000305175781,124.55000305175781,122.66999816894531,122.72000122070312,333900.0
2021-08-27T00:00:00.000000000,122.87000274658203,123.94999694824219,122.62999725341797,123.66000366210938,409600.0
2021-08-30T00:00:00.000000000,124.08000183105469,124.4800033569336,123.52999877929688,123.63999938964844,268400.0
2021-08-31T00:00:00.000000000,123.94000244140625,124.0,121.72000122070312,122.19000244140625,786300.0
2021-09-01T00:00:00.000000000,122.63999938964844,123.19999694824219,121.04000091552734,122.95999908447266,591000.0
2021-09-02T00:00:00.000000000,122.31999969482422,122.83999633789062,121.47000122070312,122.48999786376953,527300.0
2021-09-03T00:00:00.000000000,122.30000305175781,122.94000244140625,121.69000244140625,122.18000030517578,432100.0
2021-09-07T00:00:00.000000000,121.88999938964844,121.97000122070312,120.05000305175781,120.12000274658203,442400.0
2021-09-08T00:00:00.000000000,120.05000305175781,120.79000091552734,119.2699966430664,119.81999969482422,504700.0
2021-09-09T00:00:00.000000000,119.4000015258789,120.91999816894531,119.01000213623047,119.19000244140625,723700.0
2021-09-10T00:00:00.000000000,119.86000061035156,120.08999633789062,118.18000030517578,118.37999725341797,807900.0
2021-09-13T00:00:00.000000000,119.37000274658203,120.16999816894531,118.58999633789062,119.20999908447266,614100.0
2021-09-14T00:00:00.000000000,119.0,120.08999633789062,117.72000122070312,120.0,740900.0
2021-09-15T00:00:00.000000000,119.73999786376953,124.58999633789062,119.18000030517578,124.1500015258789,1075600.0
2021-09-16T00:00:00.000000000,124.25,125.11000061035156,123.55000305175781,124.19000244140625,651800.0
2021-09-17T00:00:00.000000000,123.66999816894531,124.30999755859375,121.91999816894531,122.0,1030300.0
2021-09-20T00:00:00.000000000,120.16000366210938,120.86000061035156,119.05999755859375,120.52999877929688,593300.0
2021-09-21T00:00:00.000000000,121.54000091552734,122.19000244140625,120.25,121.11000061035156,476400.0
2021-09-22T00:00:00.000000000,122.11000061035156,123.4000015258789,121.27999877929688,122.33999633789062,480100.0
2021-09-23T00:00:00.000000000,123.19000244140625,124.38999938964844,123.06999969482422,123.4000015258789,557100.0
2021-09-24T00:00:00.000000000,122.91000366210938,123.83999633789062,122.55000305175781,123.0199966430664,359700.0
2021-09-27T00:00:00.000000000,123.7300033569336,124.68000030517578,123.7300033569336,124.6500015258789,472700.0
2021-09-28T00:00:00.000000000,125.2300033569336,125.41999816894531,122.83000183105469,123.19999694824219,404800.0
2021-09-29T00:00:00.000000000,123.80000305175781,124.77999877929688,123.3499984741211,124.16000366210938,336700.0
2021-09-30T00:00:00.000000000,124.5,124.5,121.19000244140625,121.2300033569336,728000.0
2021-10-01T00:00:00.000000000,121.6500015258789,122.87000274658203,118.62000274658203,121.81999969482422,494600.0
2021-10-04T00:00:00.000000000,122.08000183105469,124.16000366210938,121.45999908447266,122.37000274658203,585300.0
2021-10-05T00:00:00.000000000,122.43000030517578,124.51000213623047,121.58999633789062,123.68000030517578,623700.0
2021-10-06T00:00:00.000000000,122.2699966430664,123.66000366210938,120.87000274658203,123.16999816894531,506700.0
2021-10-07T00:00:00.000000000,124.30999755859375,125.98999786376953,124.30999755859375,125.38999938964844,518900.0
2021-10-08T00:00:00.000000000,125.37000274658203,126.70999908447266,125.0199966430664,126.04000091552734,329400.0
2021-10-11T00:00:00.000000000,126.0999984741211,127.44999694824219,125.72000122070312,126.18000030517578,371800.0
2021-10-12T00:00:00.000000000,126.0999984741211,126.93000030517578,124.83000183105469,125.13999938964844,386800.0
2021-10-13T00:00:00.000000000,124.95999908447266,125.5,123.4000015258789,124.16999816894531,462100.0
2021-10-14T00:00:00.000000000,125.16000366210938,127.51000213623047,124.76000213623047,127.33999633789062,419100.0
2021-10-15T00:00:00.000000000,128.33999633789062,128.75,127.11000061035156,127.19000244140625,358400.0
2021-10-18T00:00:00.000000000,126.44999694824219,127.91000366210938,126.0,126.77999877929688,425100.0
2021-10-19T00:00:00.000000000,127.69999694824219,128.4600067138672,127.26000213623047,127.79000091552734,398500.0
2021-10-20T00:00:00.000000000,128.0399932861328,129.94000244140625,128.0399932861328,129.64999389648438,608600.0
2021-10-21T00:00:00.000000000,129.5,135.5500030517578,129.08999633789062,134.50999450683594,1178300.0
2021-10-22T00:00:00.000000000,135.14999389648438,137.14999389648438,132.5500030517578,133.02999877929688,807700.0
2021-10-25T00:00:00.000000000,133.47999572753906,133.99000549316406,132.16000366210938,133.5399932861328,773100.0
2021-10-26T00:00:00.000000000,134.07000732421875,135.36000061035156,133.11000061035156,134.55999755859375,711600.0
2021-10-27T00:00:00.000000000,134.55999755859375,134.55999755859375,132.3800048828125,132.42999267578125,526000.0
2021-10-28T00:00:00.000000000,132.6699981689453,133.2899932861328,130.3300018310547,131.63999938964844,527800.0
2021-10-29T00:00:00.000000000,131.63999938964844,132.2100067138672,130.07000732421875,131.11000061035156,777700.0
2021-11-01T00:00:00.000000000,131.92999267578125,131.92999267578125,130.57000732421875,131.72999572753906,498800.0
2021-11-02T00:00:00.000000000,132.19000244140625,134.52999877929688,131.72000122070312,133.9199981689453,498400.0
2021-11-03T00:00:00.000000000,133.8000030517578,135.0399932861328,133.57000732421875,134.2100067138672,400400.0
2021-11-04T00:00:00.000000000,134.75999450683594,135.7899932861328,133.05999755859375,133.74000549316406,608800.0
2021-11-05T00:00:00.000000000,135.11000061035156,136.72999572753906,135.11000061035156,136.36000061035156,525900.0
2021-11-08T00:00:00.000000000,137.02999877929688,137.02999877929688,134.7100067138672,135.1199951171875,400000.0
2021-11-09T00:00:00.000000000,134.5399932861328,135.69000244140625,134.1999969482422,134.72999572753906,460900.0
2021-11-10T00:00:00.000000000,134.41000366210938,135.8000030517578,133.94000244140625,134.19000244140625,413300.0
2021-11-11T00:00:00.000000000,134.3800048828125,135.52999877929688,134.16000366210938,135.1199951171875,352700.0
2021-11-12T00:00:00.000000000,135.39999389648438,136.25999450683594,134.97000122070312,135.9199981689453,300000.0
2021-11-15T00:00:00.000000000,136.60000610351562,137.16000366210938,135.6999969482422,137.00999450683594,544800.0
2021-11-16T00:00:00.000000000,136.88999938964844,138.22999572753906,136.5500030517578,136.85000610351562,437700.0
2021-11-17T00:00:00.000000000,137.14999389648438,137.2100067138672,135.6699981689453,136.74000549316406,421300.0
2021-11-18T00:00:00.000000000,137.63999938964844,137.63999938964844,135.47000122070312,136.02999877929688,845900.0
2021-11-19T00:00:00.000000000,135.88999938964844,136.24000549316406,134.33999633789062,135.24000549316406,747800.0
2021-11-22T00:00:00.000000000,135.50999450683594,139.11000061035156,135.50999450683594,136.86000061035156,608400.0
2021-11-23T00:00:00.000000000,137.0399932861328,138.3000030517578,136.5,137.86000061035156,645400.0
2021-11-24T00:00:00.000000000,137.22000122070312,137.57000732421875,136.3300018310547,136.36000061035156,373200.0
2021-11-26T00:00:00.000000000,133.63999938964844,133.74000549316406,132.0,132.3800048828125,353900.0
2021-11-29T00:00:00.000000000,133.35000610351562,134.25,131.9600067138672,132.91000366210938,831900.0
2021-11-30T00:00:00.000000000,131.86000061035156,132.67999267578125,127.58000183105469,127.73999786376953,1721100.0
2021-12-01T00:00:00.000000000,130.02000427246094,130.60000610351562,126.37000274658203,126.37999725341797,734400.0
2021-12-02T00:00:00.000000000,126.41999816894531,130.8699951171875,126.41999816894531,129.8699951171875,979800.0
2021-12-03T00:00:00.000000000,130.6699981689453,130.6699981689453,128.22000122070312,129.17999267578125,534900.0
2021-12-06T00:00:00.000000000,130.7899932861328,133.0,130.25,131.9600067138672,656000.0
2021-12-07T00:00:00.000000000,132.92999267578125,134.72999572753906,132.63999938964844,133.7899932861328,1018600.0
2021-12-08T00:00:00.000000000,133.97999572753906,134.66000366210938,132.99000549316406,133.97000122070312,758000.0
2021-12-09T00:00:00.000000000,133.94000244140625,135.33999633789062,133.35000610351562,134.17999267578125,533600.0
2021-12-10T00:00:00.000000000,135.07000732421875,135.2899932861328,133.77000427246094,134.8300018310547,433300.0
2021-12-13T00:00:00.000000000,134.82000732421875,134.82000732421875,131.64999389648438,132.50999450683594,502200.0
2021-12-14T00:00:00.000000000,132.39999389648438,132.86000061035156,131.64999389648438,131.89999389648438,464000.0
2021-12-15T00:00:00.000000000,131.72000122070312,133.05999755859375,131.24000549316406,133.02000427246094,703100.0
2021-12-16T00:00:00.000000000,133.88999938964844,137.1199951171875,133.0399932861328,136.00999450683594,789500.0
2021-12-17T00:00:00.000000000,136.44000244140625,136.44000244140625,132.88999938964844,133.25,1864200.0
2021-12-20T00:00:00.000000000,131.94000244140625,131.94000244140625,129.0800018310547,131.36000061035156,551500.0
2021-12-21T00:00:00.000000000,132.85000610351562,134.97000122070312,132.3699951171875,134.35000610351562,730000.0
2021-12-22T00:00:00.000000000,134.64999389648438,135.6300048828125,134.35000610351562,135.25,471500.0
2021-12-23T00:00:00.000000000,135.8800048828125,137.0,135.36000061035156,135.3699951171875,307500.0
2021-12-27T00:00:00.000000000,136.27999877929688,137.97999572753906,136.07000732421875,137.7100067138672,312500.0
2021-12-28T00:00:00.000000000,137.4199981689453,138.5800018310547,137.4199981689453,138.0500030517578,360700.0
2021-12-29T00:00:00.000000000,138.80999755859375,140.1199951171875,138.24000549316406,139.60000610351562,303300.0
2021-12-30T00:00:00.000000000,139.60000610351562,140.50999450683594,139.08999633789062,139.3800048828125,350600.0
2021-12-31T00:00:00.000000000,139.25,141.2899932861328,138.72000122070312,140.1999969482422,556400.0
2022-01-03T00:00:00.000000000,140.75999450683594,141.10000610351562,136.58999633789062,137.92999267578125,417800.0
2022-01-04T00:00:00.000000000,138.69000244140625,141.52999877929688,138.55999755859375,140.33999633789062,590300.0
2022-01-05T00:00:00.000000000,140.97999572753906,142.97000122070312,138.86000061035156,138.94000244140625,687500.0
2022-01-06T00:00:00.000000000,139.0,140.72000122070312,138.07000732421875,140.3000030517578,475100.0
2022-01-07T00:00:00.000000000,140.0500030517578,140.63999938964844,138.8699951171875,138.94000244140625,450400.0
2022-01-10T00:00:00.000000000,138.64999389648438,138.8699951171875,136.50999450683594,138.0399932861328,597900.0
2022-01-11T00:00:00.000000000,137.89999389648438,137.9199981689453,135.52999877929688,137.41000366210938,563200.0
2022-01-12T00:00:00.000000000,138.52000427246094,139.8000030517578,137.64999389648438,138.88999938964844,608100.0
2022-01-13T00:00:00.000000000,138.7100067138672,140.8699951171875,138.3699951171875,139.0,483900.0
2022-01-14T00:00:00.000000000,137.8000030517578,138.7100067138672,136.6300048828125,138.11000061035156,498600.0
2022-01-18T00:00:00.000000000,136.82000732421875,137.69000244140625,134.4600067138672,136.57000732421875,639500.0
2022-01-19T00:00:00.000000000,137.0500030517578,137.9499969482422,134.3300018310547,134.35000610351562,542500.0
2022-01-20T00:00:00.000000000,134.5500030517578,135.27999877929688,131.07000732421875,131.5,567000.0
2022-01-21T00:00:00.000000000,131.4499969482422,132.9499969482422,130.19000244140625,130.5800018310547,555400.0
2022-01-24T00:00:00.000000000,128.63999938964844,135.44000244140625,128.1199951171875,134.97999572753906,915400.0
2022-01-25T00:00:00.000000000,132.47000122070312,133.3699951171875,129.75,131.66000366210938,745000.0
2022-01-26T00:00:00.000000000,133.0,134.57000732421875,131.17999267578125,132.02999877929688,956900.0
2022-01-27T00:00:00.000000000,133.7899932861328,134.94000244140625,129.35000610351562,129.88999938964844,587600.0
2022-01-28T00:00:00.000000000,129.58999633789062,130.63999938964844,126.77999877929688,130.3300018310547,625200.0
2022-01-31T00:00:00.000000000,129.3300018310547,133.27000427246094,129.0500030517578,133.22999572753906,1185100.0
2022-02-01T00:00:00.000000000,133.9600067138672,134.5399932861328,131.57000732421875,134.27999877929688,574200.0
2022-02-02T00:00:00.000000000,134.25,135.7100067138672,133.0,135.24000549316406,615000.0
2022-02-03T00:00:00.000000000,135.05999755859375,135.1999969482422,132.35000610351562,132.75999450683594,439500.0
2022-02-04T00:00:00.000000000,131.67999267578125,132.27000427246094,128.52000427246094,129.82000732421875,507800.0
2022-02-07T00:00:00.000000000,130.0,130.08999633789062,128.1300048828125,128.2100067138672,558800.0
2022-02-08T00:00:00.000000000,128.99000549316406,131.35000610351562,128.47999572753906,130.1199951171875,477000.0
2022-02-09T00:00:00.000000000,131.0500030517578,133.35000610351562,131.0500030517578,132.10000610351562,425300.0
2022-02-10T00:00:00.000000000,129.64999389648438,130.4600067138672,126.58999633789062,127.38999938964844,743300.0
2022-02-11T00:00:00.000000000,127.79000091552734,128.80999755859375,126.0999984741211,126.69000244140625,503500.0
2022-02-14T00:00:00.000000000,126.44000244140625,128.64999389648438,125.9800033569336,127.05999755859375,795800.0
2022-02-15T00:00:00.000000000,128.8300018310547,129.6999969482422,127.58000183105469,129.00999450683594,619200.0
2022-02-16T00:00:00.000000000,128.2899932861328,130.57000732421875,127.58000183105469,129.9600067138672,698600.0
2022-02-17T00:00:00.000000000,130.3800048828125,133.97999572753906,127.56999969482422,127.61000061035156,903000.0
2022-02-18T00:00:00.000000000,128.6199951171875,128.8800048828125,126.48999786376953,126.86000061035156,930500.0
2022-02-22T00:00:00.000000000,126.18000030517578,126.58999633789062,122.7300033569336,123.58999633789062,915300.0
2022-02-23T00:00:00.000000000,123.5,124.7699966430664,118.66999816894531,118.83999633789062,1178700.0
2022-02-24T00:00:00.000000000,116.27999877929688,121.12999725341797,115.62999725341797,120.86000061035156,962900.0
2022-02-25T00:00:00.000000000,120.9800033569336,123.7300033569336,120.79000091552734,123.45999908447266,618700.0
2022-02-28T00:00:00.000000000,121.63999938964844,122.37999725341797,120.0,122.16000366210938,922700.0
2022-03-01T00:00:00.000000000,122.0999984741211,123.76000213623047,119.63999938964844,120.2699966430664,766900.0
2022-03-02T00:00:00.000000000,122.19999694824219,125.41999816894531,121.44999694824219,124.91999816894531,939900.0
2022-03-03T00:00:00.000000000,124.62999725341797,125.38999938964844,122.88999938964844,123.83000183105469,677000.0
2022-03-04T00:00:00.000000000,122.11000061035156,122.66999816894531,120.62000274658203,122.58999633789062,838500.0
2022-03-07T00:00:00.000000000,122.62999725341797,122.87999725341797,118.16999816894531,118.58999633789062,1245700.0
2022-03-08T00:00:00.000000000,119.29000091552734,122.68000030517578,118.33999633789062,119.76000213623047,895900.0
2022-03-09T00:00:00.000000000,121.86000061035156,123.0999984741211,121.1500015258789,121.51000213623047,666000.0
2022-03-10T00:00:00.000000000,119.94000244140625,123.0199966430664,119.0,122.76000213623047,959100.0
2022-03-11T00:00:00.000000000,123.30000305175781,124.0,121.55000305175781,121.69000244140625,626200.0
2022-03-14T00:00:00.000000000,123.05999755859375,124.9000015258789,121.61000061035156,122.0999984741211,761600.0
2022-03-15T00:00:00.000000000,123.12999725341797,124.86000061035156,122.9000015258789,124.52999877929688,727900.0
2022-03-16T00:00:00.000000000,125.52999877929688,128.1199951171875,125.52999877929688,128.07000732421875,1097300.0
2022-03-17T00:00:00.000000000,126.93000030517578,128.2899932861328,126.93000030517578,128.0500030517578,1083200.0
2022-03-18T00:00:00.000000000,128.25,129.5500030517578,125.33999633789062,129.0,1806600.0
2022-03-21T00:00:00.000000000,129.0,130.0,126.62999725341797,128.27999877929688,1124300.0
2022-03-22T00:00:00.000000000,129.24000549316406,129.36000061035156,127.5,128.16000366210938,546900.0
2022-03-23T00:00:00.000000000,127.72000122070312,127.9800033569336,126.58000183105469,127.48999786376953,663100.0
2022-03-24T00:00:00.000000000,128.22000122070312,128.8699951171875,127.44999694824219,128.08999633789062,524300.0
2022-03-25T00:00:00.000000000,128.5,128.77000427246094,127.29000091552734,128.5399932861328,433800.0
2022-03-28T00:00:00.000000000,128.3000030517578,128.69000244140625,126.63999938964844,127.63999938964844,540000.0
2022-03-29T00:00:00.000000000,128.5,130.4499969482422,128.13999938964844,130.27999877929688,542800.0
2022-03-30T00:00:00.000000000,129.58999633789062,130.27999877929688,128.2100067138672,128.8300018310547,586500.0
2022-03-31T00:00:00.000000000,128.4199981689453,129.0399932861328,126.01000213623047,126.0199966430664,911800.0
2022-04-01T00:00:00.000000000,127.20999908447266,127.97000122070312,125.44999694824219,125.93000030517578,687900.0
2022-04-04T00:00:00.000000000,125.87999725341797,129.77000427246094,124.8499984741211,129.27999877929688,1435200.0
2022-04-05T00:00:00.000000000,128.5399932861328,129.63999938964844,126.69000244140625,126.9000015258789,854900.0
2022-04-06T00:00:00.000000000,126.02999877929688,127.95999908447266,125.31999969482422,127.61000061035156,718200.0
2022-04-07T00:00:00.000000000,127.48999786376953,129.7100067138672,125.98999786376953,129.1999969482422,595200.0
2022-04-08T00:00:00.000000000,129.25,132.27999877929688,128.25999450683594,132.02000427246094,992200.0
2022-04-11T00:00:00.000000000,132.0,133.4499969482422,130.5,130.66000366210938,460700.0
2022-04-12T00:00:00.000000000,131.60000610351562,133.17999267578125,131.11000061035156,131.69000244140625,567400.0
2022-04-13T00:00:00.000000000,131.6699981689453,132.42999267578125,130.4499969482422,131.52000427246094,568600.0
2022-04-14T00:00:00.000000000,131.82000732421875,133.1300048828125,130.8699951171875,130.94000244140625,444400.0
2022-04-18T00:00:00.000000000,130.30999755859375,132.33999633789062,130.30999755859375,131.13999938964844,481300.0
2022-04-19T00:00:00.000000000,131.3300018310547,133.97999572753906,131.32000732421875,133.82000732421875,558700.0
2022-04-20T00:00:00.000000000,135.3300018310547,138.0800018310547,135.3300018310547,137.6699981689453,779200.0
2022-04-21T00:00:00.000000000,138.99000549316406,141.11000061035156,137.69000244140625,138.1300048828125,994500.0
2022-04-22T00:00:00.000000000,137.8800048828125,138.13999938964844,133.4499969482422,133.63999938964844,890500.0
2022-04-25T00:00:00.000000000,133.5800018310547,134.4199981689453,130.47000122070312,134.16000366210938,790800.0
2022-04-26T00:00:00.000000000,132.8800048828125,135.57000732421875,132.72999572753906,133.94000244140625,677500.0
2022-04-27T00:00:00.000000000,134.1699981689453,136.07000732421875,133.6300048828125,133.92999267578125,696200.0
2022-04-28T00:00:00.000000000,134.0,134.57000732421875,130.3699951171875,133.19000244140625,816100.0
2022-04-29T00:00:00.000000000,132.63999938964844,134.17999267578125,129.7899932861328,130.0500030517578,1261500.0
2022-05-02T00:00:00.000000000,130.8699951171875,132.58999633789062,128.25999450683594,130.49000549316406,744500.0
2022-05-03T00:00:00.000000000,130.89999389648438,132.35000610351562,129.85000610351562,131.77000427246094,749100.0
2022-05-04T00:00:00.000000000,131.8000030517578,135.3699951171875,130.35000610351562,135.17999267578125,779900.0
2022-05-05T00:00:00.000000000,133.72999572753906,134.55999755859375,128.80999755859375,130.3000030517578,775100.0
2022-05-06T00:00:00.000000000,129.5,131.64999389648438,127.7699966430664,130.7899932861328,747500.0
2022-05-09T00:00:00.000000000,129.1999969482422,133.33999633789062,128.9499969482422,131.94000244140625,714200.0
2022-05-10T00:00:00.000000000,133.50999450683594,133.92999267578125,129.3800048828125,130.9499969482422,823600.0
2022-05-11T00:00:00.000000000,130.91000366210938,132.47000122070312,129.10000610351562,129.25999450683594,648100.0
2022-05-12T00:00:00.000000000,129.5500030517578,132.75999450683594,128.9199981689453,132.6999969482422,832600.0
2022-05-13T00:00:00.000000000,133.57000732421875,135.39999389648438,132.80999755859375,134.77999877929688,628000.0
2022-05-16T00:00:00.000000000,134.42999267578125,136.92999267578125,132.66000366210938,136.27000427246094,627100.0
2022-05-17T00:00:00.000000000,137.0,138.52000427246094,136.50999450683594,137.61000061035156,709000.0
2022-05-18T00:00:00.000000000,135.9199981689453,135.9199981689453,130.25999450683594,131.47999572753906,912300.0
2022-05-19T00:00:00.000000000,130.17999267578125,133.8800048828125,129.94000244140625,132.0,956600.0
2022-05-20T00:00:00.000000000,132.75,132.75,125.55000305175781,128.5399932861328,999000.0
2022-05-23T00:00:00.000000000,129.44000244140625,130.64999389648438,127.95999908447266,129.63999938964844,1055600.0
2022-05-24T00:00:00.000000000,129.25999450683594,131.55999755859375,127.93000030517578,130.92999267578125,788600.0
2022-05-25T00:00:00.000000000,130.02000427246094,133.30999755859375,129.50999450683594,133.1699981689453,1083500.0
2022-05-26T00:00:00.000000000,135.0,136.50999450683594,134.17999267578125,136.0399932861328,635700.0
2022-05-27T00:00:00.000000000,136.75999450683594,139.2100067138672,136.41000366210938,139.17999267578125,630800.0
2022-05-31T00:00:00.000000000,137.52000427246094,138.24000549316406,136.25,136.72999572753906,1326900.0
2022-06-01T00:00:00.000000000,137.52000427246094,137.80999755859375,135.24000549316406,135.82000732421875,621300.0
2022-06-02T00:00:00.000000000,135.35000610351562,136.86000061035156,134.19000244140625,136.77999877929688,562900.0
2022-06-03T00:00:00.000000000,136.3800048828125,137.11000061035156,135.4600067138672,135.9499969482422,494400.0
2022-06-06T00:00:00.000000000,136.77000427246094,139.77999877929688,135.74000549316406,139.66000366210938,721100.0
2022-06-07T00:00:00.000000000,138.1199951171875,140.88999938964844,137.3800048828125,140.80999755859375,660500.0
2022-06-08T00:00:00.000000000,140.1699981689453,140.8800048828125,139.3000030517578,139.4600067138672,457900.0
2022-06-09T00:00:00.000000000,139.5,142.0,139.1199951171875,139.58999633789062,809300.0
2022-06-10T00:00:00.000000000,137.22000122070312,137.6999969482422,135.86000061035156,135.92999267578125,838000.0
2022-06-13T00:00:00.000000000,133.16000366210938,133.7100067138672,130.61000061035156,131.61000061035156,919900.0
2022-06-14T00:00:00.000000000,132.22000122070312,133.57000732421875,131.0399932861328,132.44000244140625,881900.0
2022-06-15T00:00:00.000000000,133.0800018310547,133.83999633789062,130.77000427246094,132.4199981689453,772400.0
2022-06-16T00:00:00.000000000,130.1300048828125,130.25999450683594,127.70999908447266,128.30999755859375,832300.0
2022-06-17T00:00:00.000000000,128.11000061035156,129.38999938964844,126.94999694824219,127.22000122070312,1724900.0
2022-06-21T00:00:00.000000000,128.5500030517578,131.0399932861328,127.08999633789062,130.80999755859375,818100.0
2022-06-22T00:00:00.000000000,129.75,131.9199981689453,129.25,131.6199951171875,741000.0
2022-06-23T00:00:00.000000000,132.22000122070312,133.39999389648438,131.2100067138672,133.2899932861328,627600.0
2022-06-24T00:00:00.000000000,134.47000122070312,136.8800048828125,133.60000610351562,136.75,1195500.0
2022-06-27T00:00:00.000000000,137.22000122070312,138.33999633789062,136.25999450683594,137.13999938964844,571300.0
2022-06-28T00:00:00.000000000,137.47000122070312,138.77999877929688,135.14999389648438,135.4499969482422,649900.0
2022-06-29T00:00:00.000000000,135.80999755859375,135.80999755859375,133.05999755859375,133.50999450683594,681800.0
2022-06-30T00:00:00.000000000,132.3699951171875,134.36000061035156,131.5399932861328,133.0,845500.0
2022-07-01T00:00:00.000000000,132.58999633789062,134.33999633789062,131.27999877929688,133.35000610351562,1008700.0
2022-07-05T00:00:00.000000000,131.88999938964844,135.2899932861328,131.4499969482422,135.24000549316406,684700.0
2022-07-06T00:00:00.000000000,135.52999877929688,136.41000366210938,133.52000427246094,135.3000030517578,842000.0
2022-07-07T00:00:00.000000000,136.0,138.41000366210938,136.0,137.97000122070312,773800.0
2022-07-08T00:00:00.000000000,138.22999572753906,138.52000427246094,137.05999755859375,137.13999938964844,567600.0
2022-07-11T00:00:00.000000000,136.75,138.5500030517578,136.4199981689453,137.61000061035156,562400.0
2022-07-12T00:00:00.000000000,137.5500030517578,139.30999755859375,136.1699981689453,136.9499969482422,754200.0
2022-07-13T00:00:00.000000000,136.19000244140625,138.19000244140625,135.47000122070312,137.3000030517578,871000.0
2022-07-14T00:00:00.000000000,135.1699981689453,137.00999450683594,134.58999633789062,136.69000244140625,638600.0
2022-07-15T00:00:00.000000000,138.19000244140625,138.88999938964844,137.13999938964844,138.5399932861328,579000.0
2022-07-18T00:00:00.000000000,138.77999877929688,139.57000732421875,137.72999572753906,138.1300048828125,830800.0
2022-07-19T00:00:00.000000000,139.63999938964844,141.97000122070312,138.94000244140625,141.7899932861328,716600.0
2022-07-20T00:00:00.000000000,141.0,142.64999389648438,140.74000549316406,142.52000427246094,610200.0
2022-07-21T00:00:00.000000000,142.0,142.64999389648438,140.6199951171875,142.5500030517578,650500.0
2022-07-22T00:00:00.000000000,143.25999450683594,145.25999450683594,143.0,144.49000549316406,1017100.0
2022-07-25T00:00:00.000000000,145.0,145.3000030517578,144.02000427246094,144.52999877929688,737600.0
2022-07-26T00:00:00.000000000,143.02999877929688,144.17999267578125,141.89999389648438,142.72999572753906,901700.0
2022-07-27T00:00:00.000000000,145.9199981689453,146.4499969482422,142.1199951171875,146.3699951171875,1112400.0
2022-07-28T00:00:00.000000000,146.5,150.24000549316406,146.02999877929688,149.61000061035156,1111900.0
2022-07-29T00:00:00.000000000,149.74000549316406,153.64999389648438,149.3699951171875,152.8699951171875,2084700.0
2022-08-01T00:00:00.000000000,151.94000244140625,154.1300048828125,151.66000366210938,152.92999267578125,960800.0
2022-08-02T00:00:00.000000000,152.92999267578125,152.92999267578125,150.22000122070312,150.75999450683594,843800.0
2022-08-03T00:00:00.000000000,151.49000549316406,152.0,150.2899932861328,151.02999877929688,728900.0
2022-08-04T00:00:00.000000000,150.85000610351562,151.64999389648438,149.8300018310547,149.92999267578125,847600.0
2022-08-05T00:00:00.000000000,148.97999572753906,151.25999450683594,148.5399932861328,150.97999572753906,684400.0
2022-08-08T00:00:00.000000000,152.0,153.33999633789062,151.50999450683594,151.89999389648438,616400.0
2022-08-09T00:00:00.000000000,151.91000366210938,152.97999572753906,151.1999969482422,152.07000732421875,925200.0
2022-08-10T00:00:00.000000000,153.89999389648438,155.60000610351562,153.88999938964844,154.9600067138672,803700.0
2022-08-11T00:00:00.000000000,156.0,157.5399932861328,155.5800018310547,156.61000061035156,1025000.0
2022-08-12T00:00:00.000000000,156.4600067138672,158.10000610351562,156.4600067138672,158.10000610351562,552000.0
2022-08-15T00:00:00.000000000,157.39999389648438,159.47000122070312,157.02000427246094,158.47999572753906,530400.0
2022-08-16T00:00:00.000000000,158.50999450683594,160.25,158.39999389648438,159.14999389648438,662700.0
2022-08-17T00:00:00.000000000,158.30999755859375,161.33999633789062,157.58999633789062,160.58999633789062,648400.0
2022-08-18T00:00:00.000000000,160.55999755859375,161.4499969482422,159.25999450683594,159.97000122070312,610900.0
2022-08-19T00:00:00.000000000,159.42999267578125,161.0399932861328,158.75999450683594,159.85000610351562,1757100.0
2022-08-22T00:00:00.000000000,158.38999938964844,159.17999267578125,155.52999877929688,156.9499969482422,866000.0
2022-08-23T00:00:00.000000000,157.3000030517578,158.75999450683594,156.75999450683594,157.74000549316406,641400.0
2022-08-24T00:00:00.000000000,156.9499969482422,158.0500030517578,155.80999755859375,157.27000427246094,722800.0
2022-08-25T00:00:00.000000000,157.6199951171875,159.89999389648438,157.1699981689453,159.72000122070312,694000.0
2022-08-26T00:00:00.000000000,160.05999755859375,160.4199981689453,156.35000610351562,156.4199981689453,716400.0
2022-08-29T00:00:00.000000000,155.3699951171875,157.8300018310547,154.3000030517578,157.14999389648438,717300.0
2022-08-30T00:00:00.000000000,157.27999877929688,158.02999877929688,155.67999267578125,156.2100067138672,910600.0
2022-08-31T00:00:00.000000000,156.2100067138672,157.17999267578125,155.30999755859375,156.00999450683594,937700.0
2022-09-01T00:00:00.000000000,154.7100067138672,156.82000732421875,154.3800048828125,156.77999877929688,822500.0
2022-09-02T00:00:00.000000000,157.75999450683594,159.72000122070312,156.6699981689453,157.25,1455400.0
2022-09-06T00:00:00.000000000,157.3000030517578,158.14999389648438,155.10000610351562,157.38999938964844,1110200.0
2022-09-07T00:00:00.000000000,157.66000366210938,162.3800048828125,157.66000366210938,161.9499969482422,1572500.0
2022-09-08T00:00:00.000000000,161.07000732421875,162.07000732421875,160.32000732421875,161.94000244140625,1327000.0
2022-09-09T00:00:00.000000000,162.33999633789062,163.5,162.17999267578125,162.8000030517578,971500.0
2022-09-12T00:00:00.000000000,163.50999450683594,164.99000549316406,162.60000610351562,163.14999389648438,925200.0
2022-09-13T00:00:00.000000000,160.75999450683594,161.9199981689453,157.6999969482422,157.94000244140625,1093000.0
2022-09-14T00:00:00.000000000,158.6999969482422,158.92999267578125,155.2899932861328,156.2899932861328,898200.0
2022-09-15T00:00:00.000000000,156.60000610351562,156.92999267578125,153.66000366210938,154.41000366210938,1002700.0
2022-09-16T00:00:00.000000000,153.27000427246094,155.77999877929688,152.67999267578125,154.67999267578125,2068200.0
2022-09-19T00:00:00.000000000,154.16000366210938,158.61000061035156,154.16000366210938,158.52999877929688,1037600.0
2022-09-20T00:00:00.000000000,157.07000732421875,157.74000549316406,155.14999389648438,157.14999389648438,720200.0
2022-09-21T00:00:00.000000000,158.3000030517578,160.25999450683594,155.58999633789062,155.60000610351562,675800.0
2022-09-22T00:00:00.000000000,155.83999633789062,155.83999633789062,153.6199951171875,154.32000732421875,810400.0
2022-09-23T00:00:00.000000000,153.0,153.4600067138672,149.7100067138672,151.0399932861328,920800.0
2022-09-26T00:00:00.000000000,151.0,151.86000061035156,148.77000427246094,149.1300048828125,972000.0
2022-09-27T00:00:00.000000000,150.36000061035156,151.25999450683594,147.6999969482422,148.63999938964844,744600.0
2022-09-28T00:00:00.000000000,149.64999389648438,153.7899932861328,148.75999450683594,152.6699981689453,828100.0
2022-09-29T00:00:00.000000000,151.11000061035156,151.16000366210938,148.99000549316406,149.6999969482422,861900.0
2022-09-30T00:00:00.000000000,150.00999450683594,151.5399932861328,148.33999633789062,149.32000732421875,905000.0
2022-10-03T00:00:00.000000000,150.72999572753906,154.10000610351562,150.02999877929688,152.91000366210938,804800.0
2022-10-04T00:00:00.000000000,154.64999389648438,156.69000244140625,154.44000244140625,156.47000122070312,784200.0
2022-10-05T00:00:00.000000000,155.6300048828125,158.5399932861328,154.9199981689453,157.50999450683594,771500.0
2022-10-06T00:00:00.000000000,157.50999450683594,158.47999572753906,156.36000061035156,156.8300018310547,604400.0
2022-10-07T00:00:00.000000000,155.7100067138672,155.7100067138672,153.08999633789062,153.8699951171875,679100.0
2022-10-10T00:00:00.000000000,154.74000549316406,155.47000122070312,153.30999755859375,154.5,560700.0
2022-10-11T00:00:00.000000000,154.91000366210938,157.94000244140625,154.6999969482422,156.77999877929688,1221600.0
2022-10-12T00:00:00.000000000,156.77999877929688,157.27000427246094,154.8800048828125,154.9199981689453,653000.0
2022-10-13T00:00:00.000000000,152.72999572753906,157.69000244140625,151.63999938964844,156.5399932861328,714000.0
2022-10-14T00:00:00.000000000,157.47000122070312,157.97000122070312,154.41000366210938,154.49000549316406,907200.0
2022-10-17T00:00:00.000000000,156.0399932861328,158.6699981689453,155.8699951171875,158.24000549316406,845600.0
2022-10-18T00:00:00.000000000,161.14999389648438,162.35000610351562,158.60000610351562,160.6300048828125,854500.0
2022-10-19T00:00:00.000000000,159.97999572753906,160.88999938964844,157.85000610351562,158.97000122070312,868300.0
2022-10-20T00:00:00.000000000,161.75,161.75,154.69000244140625,157.8699951171875,1358900.0
2022-10-21T00:00:00.000000000,158.75,162.36000061035156,157.6199951171875,162.35000610351562,998600.0
2022-10-24T00:00:00.000000000,163.5800018310547,170.61000061035156,163.5800018310547,170.5500030517578,1331600.0
2022-10-25T00:00:00.000000000,169.94000244140625,172.00999450683594,168.1300048828125,171.64999389648438,1441700.0
2022-10-26T00:00:00.000000000,172.39999389648438,172.86000061035156,169.30999755859375,171.27999877929688,995000.0
2022-10-27T00:00:00.000000000,172.5,175.1999969482422,172.5,174.97999572753906,1043300.0
2022-10-28T00:00:00.000000000,175.49000549316406,179.63999938964844,175.3800048828125,178.86000061035156,864200.0
2022-10-31T00:00:00.000000000,177.94000244140625,179.80999755859375,176.89999389648438,177.86000061035156,1841600.0
2022-11-01T00:00:00.000000000,178.4199981689453,179.97000122070312,176.4600067138672,179.25,822500.0
2022-11-02T00:00:00.000000000,178.6999969482422,179.07000732421875,175.07000732421875,175.07000732421875,1101900.0
2022-11-03T00:00:00.000000000,173.82000732421875,177.8000030517578,173.27999877929688,177.0500030517578,802200.0
2022-11-04T00:00:00.000000000,179.0399932861328,179.74000549316406,176.02999877929688,178.1999969482422,599600.0
2022-11-07T00:00:00.000000000,178.36000061035156,180.16000366210938,177.85000610351562,180.02000427246094,680500.0
2022-11-08T00:00:00.000000000,180.64999389648438,182.22999572753906,178.69000244140625,180.57000732421875,692800.0
2022-11-09T00:00:00.000000000,180.07000732421875,181.35000610351562,177.7899932861328,178.3800048828125,978000.0
2022-11-10T00:00:00.000000000,182.7100067138672,183.0,180.32000732421875,182.1999969482422,1092700.0
2022-11-11T00:00:00.000000000,182.57000732421875,183.47999572753906,177.22999572753906,177.9600067138672,1163000.0
2022-11-14T00:00:00.000000000,177.77000427246094,182.16000366210938,177.41000366210938,179.77000427246094,884600.0
2022-11-15T00:00:00.000000000,181.27000427246094,182.08999633789062,178.5,181.42999267578125,921200.0
2022-11-16T00:00:00.000000000,178.32000732421875,182.85000610351562,177.16000366210938,179.89999389648438,937400.0
2022-11-17T00:00:00.000000000,178.6999969482422,179.5,176.5500030517578,179.39999389648438,883900.0
2022-11-18T00:00:00.000000000,181.3000030517578,181.88999938964844,179.02000427246094,180.67999267578125,786000.0
2022-11-21T00:00:00.000000000,180.8300018310547,183.74000549316406,180.1999969482422,182.2899932861328,621000.0
2022-11-22T00:00:00.000000000,183.55999755859375,184.8800048828125,182.63999938964844,183.99000549316406,722300.0
2022-11-23T00:00:00.000000000,183.9600067138672,185.0,183.6999969482422,183.9199981689453,575500.0
2022-11-25T00:00:00.000000000,184.52000427246094,186.11000061035156,183.97000122070312,186.10000610351562,404400.0
2022-11-28T00:00:00.000000000,185.0500030517578,185.49000549316406,183.0399932861328,183.22999572753906,828000.0
2022-11-29T00:00:00.000000000,182.94000244140625,183.72000122070312,180.22000122070312,180.5500030517578,1212200.0
2022-11-30T00:00:00.000000000,180.0399932861328,183.3300018310547,178.63999938964844,183.3300018310547,1679700.0
2022-12-01T00:00:00.000000000,183.1199951171875,185.39999389648438,182.47000122070312,184.89999389648438,841900.0
2022-12-02T00:00:00.000000000,184.13999938964844,187.72999572753906,182.8300018310547,187.27999877929688,864500.0
2022-12-05T00:00:00.000000000,185.64999389648438,185.67999267578125,183.1999969482422,184.9199981689453,980800.0
2022-12-06T00:00:00.000000000,184.8699951171875,186.5,180.8800048828125,182.66000366210938,951900.0
2022-12-07T00:00:00.000000000,182.39999389648438,184.74000549316406,181.92999267578125,182.86000061035156,800000.0
2022-12-08T00:00:00.000000000,183.72999572753906,186.3000030517578,183.52999877929688,185.6300048828125,971800.0
2022-12-09T00:00:00.000000000,184.5500030517578,185.74000549316406,181.94000244140625,182.25999450683594,910400.0
2022-12-12T00:00:00.000000000,178.42999267578125,182.02000427246094,177.2899932861328,182.02000427246094,1116900.0
2022-12-13T00:00:00.000000000,184.8000030517578,184.8000030517578,177.14999389648438,178.0500030517578,1398200.0
2022-12-14T00:00:00.000000000,178.39999389648438,180.9600067138672,177.5500030517578,179.0800018310547,851300.0
2022-12-15T00:00:00.000000000,177.92999267578125,179.13999938964844,176.94000244140625,178.75999450683594,893800.0
2022-12-16T00:00:00.000000000,177.0399932861328,178.0800018310547,174.64999389648438,176.80999755859375,1663600.0
2022-12-19T00:00:00.000000000,177.13999938964844,177.83999633789062,174.88999938964844,175.8699951171875,604800.0
2022-12-20T00:00:00.000000000,176.11000061035156,176.92999267578125,175.19000244140625,175.6300048828125,712100.0
2022-12-21T00:00:00.000000000,176.60000610351562,178.5800018310547,175.89999389648438,177.9600067138672,494300.0
2022-12-22T00:00:00.000000000,176.72999572753906,176.88999938964844,173.4499969482422,174.99000549316406,615600.0
2022-12-23T00:00:00.000000000,174.99000549316406,176.58999633789062,174.07000732421875,176.57000732421875,385200.0
2022-12-27T00:00:00.000000000,177.3000030517578,178.25,176.61000061035156,177.2899932861328,545400.0
2022-12-28T00:00:00.000000000,177.2899932861328,178.36000061035156,175.11000061035156,175.19000244140625,428500.0
2022-12-29T00:00:00.000000000,175.6999969482422,176.47999572753906,174.92999267578125,175.24000549316406,454700.0
2022-12-30T00:00:00.000000000,174.8000030517578,174.8000030517578,172.0800018310547,173.50999450683594,680800.0
2023-01-03T00:00:00.000000000,173.17999267578125,173.17999267578125,168.9199981689453,169.80999755859375,1924400.0
2023-01-04T00:00:00.000000000,169.7100067138672,172.35000610351562,169.52999877929688,171.94000244140625,1133500.0
2023-01-05T00:00:00.000000000,171.5800018310547,171.6999969482422,167.39999389648438,168.57000732421875,995700.0
2023-01-06T00:00:00.000000000,170.0500030517578,171.33999633789062,169.0500030517578,170.83999633789062,1042300.0
2023-01-09T00:00:00.000000000,171.27000427246094,173.0399932861328,170.22999572753906,170.41000366210938,874100.0
2023-01-10T00:00:00.000000000,170.5500030517578,170.99000549316406,168.08999633789062,169.75,917800.0
2023-01-11T00:00:00.000000000,170.14999389648438,171.2100067138672,169.0399932861328,169.16000366210938,1150100.0
2023-01-12T00:00:00.000000000,169.33999633789062,169.6699981689453,167.5399932861328,168.9499969482422,1038800.0
2023-01-13T00:00:00.000000000,168.22000122070312,170.10000610351562,168.10000610351562,169.55999755859375,1075000.0
2023-01-17T00:00:00.000000000,170.1699981689453,170.66000366210938,168.07000732421875,168.5399932861328,798000.0
2023-01-18T00:00:00.000000000,169.02999877929688,170.0,165.88999938964844,166.1999969482422,834700.0
2023-01-19T00:00:00.000000000,165.7899932861328,165.7899932861328,161.27000427246094,161.3699951171875,1024400.0
2023-01-20T00:00:00.000000000,161.80999755859375,162.0500030517578,159.97999572753906,161.74000549316406,1347700.0
2023-01-23T00:00:00.000000000,162.69000244140625,163.92999267578125,161.3000030517578,162.6999969482422,768700.0
2023-01-24T00:00:00.000000000,163.10000610351562,166.75,162.0500030517578,165.44000244140625,816200.0
2023-01-25T00:00:00.000000000,164.64999389648438,166.6300048828125,163.92999267578125,166.47000122070312,653200.0
2023-01-26T00:00:00.000000000,167.0,168.19000244140625,166.3699951171875,167.99000549316406,722900.0
2023-01-27T00:00:00.000000000,168.13999938964844,168.13999938964844,165.14999389648438,165.94000244140625,832900.0
2023-01-30T00:00:00.000000000,165.8800048828125,167.75,165.83999633789062,166.61000061035156,662000.0
2023-01-31T00:00:00.000000000,167.14999389648438,167.8300018310547,165.89999389648438,167.82000732421875,938800.0
2023-02-01T00:00:00.000000000,167.1699981689453,169.1999969482422,165.72999572753906,168.57000732421875,857800.0
2023-02-02T00:00:00.000000000,168.5399932861328,170.9199981689453,167.64999389648438,170.75,1178300.0
2023-02-03T00:00:00.000000000,170.5399932861328,170.89999389648438,168.25999450683594,168.2899932861328,847900.0
2023-02-06T00:00:00.000000000,168.0800018310547,169.63999938964844,167.1199951171875,169.17999267578125,1443200.0
2023-02-07T00:00:00.000000000,168.6699981689453,169.5,166.3800048828125,168.97000122070312,642500.0
2023-02-08T00:00:00.000000000,168.0,170.49000549316406,167.19000244140625,169.4600067138672,975100.0
2023-02-09T00:00:00.000000000,170.35000610351562,171.52999877929688,168.6199951171875,169.25,864700.0
2023-02-10T00:00:00.000000000,169.11000061035156,173.36000061035156,168.92999267578125,173.0399932861328,940400.0
2023-02-13T00:00:00.000000000,173.02000427246094,177.38999938964844,172.69000244140625,175.7899932861328,1150800.0
2023-02-14T00:00:00.000000000,175.61000061035156,177.6300048828125,174.88999938964844,176.61000061035156,912400.0
2023-02-15T00:00:00.000000000,176.88999938964844,179.83999633789062,176.80999755859375,179.67999267578125,932200.0
2023-02-16T00:00:00.000000000,178.8800048828125,180.4600067138672,178.07000732421875,179.14999389648438,832000.0
2023-02-17T00:00:00.000000000,179.22999572753906,180.72999572753906,178.52000427246094,180.13999938964844,850000.0
2023-02-21T00:00:00.000000000,178.08999633789062,178.4600067138672,174.33999633789062,174.33999633789062,1140200.0
2023-02-22T00:00:00.000000000,175.57000732421875,176.27999877929688,173.57000732421875,173.91000366210938,988300.0
2023-02-23T00:00:00.000000000,175.02999877929688,180.75,175.02999877929688,179.75999450683594,1476800.0
2023-02-24T00:00:00.000000000,178.8699951171875,180.2899932861328,176.63999938964844,178.82000732421875,1116300.0
2023-02-27T00:00:00.000000000,180.64999389648438,181.3699951171875,177.75,178.33999633789062,1285700.0
2023-02-28T00:00:00.000000000,178.49000549316406,179.55999755859375,176.25,176.86000061035156,1698000.0
2023-03-01T00:00:00.000000000,175.10000610351562,175.60000610351562,169.57000732421875,170.30999755859375,1777000.0
2023-03-02T00:00:00.000000000,168.3800048828125,171.10000610351562,166.85000610351562,170.92999267578125,2607800.0
2023-03-03T00:00:00.000000000,171.58999633789062,172.3000030517578,170.25,171.8000030517578,1280200.0
2023-03-06T00:00:00.000000000,171.8000030517578,173.9600067138672,171.55999755859375,173.61000061035156,1375400.0
2023-03-07T00:00:00.000000000,174.02000427246094,174.1699981689453,170.00999450683594,170.22999572753906,839800.0
2023-03-08T00:00:00.000000000,170.38999938964844,170.82000732421875,168.0800018310547,168.72000122070312,841500.0
2023-03-09T00:00:00.000000000,168.80999755859375,169.47000122070312,164.85000610351562,165.1999969482422,808100.0
2023-03-10T00:00:00.000000000,165.3699951171875,166.2899932861328,162.57000732421875,162.99000549316406,1028000.0
2023-03-13T00:00:00.000000000,161.2100067138672,164.67999267578125,160.6300048828125,162.5,1466800.0
2023-03-14T00:00:00.000000000,164.0800018310547,164.99000549316406,161.92999267578125,163.8000030517578,1736900.0
2023-03-15T00:00:00.000000000,162.44000244140625,163.39999389648438,159.8800048828125,163.1300048828125,1459200.0
2023-03-16T00:00:00.000000000,162.24000549316406,164.83999633789062,161.25,164.66000366210938,1487200.0
2023-03-17T00:00:00.000000000,163.85000610351562,164.3300018310547,160.4499969482422,162.07000732421875,6637000.0
2023-03-20T00:00:00.000000000,162.9600067138672,165.7899932861328,162.75999450683594,164.75,1236800.0
2023-03-21T00:00:00.000000000,166.27000427246094,167.07000732421875,164.72000122070312,165.9199981689453,1197500.0
2023-03-22T00:00:00.000000000,165.69000244140625,166.27000427246094,162.58999633789062,162.6300048828125,1261700.0
2023-03-23T00:00:00.000000000,162.6199951171875,163.3800048828125,152.9600067138672,154.2899932861328,1929600.0
2023-03-24T00:00:00.000000000,156.0800018310547,157.75999450683594,154.80999755859375,156.8800048828125,1619900.0
2023-03-27T00:00:00.000000000,158.3300018310547,159.75999450683594,157.11000061035156,159.02999877929688,1187300.0
2023-03-28T00:00:00.000000000,159.30999755859375,161.9199981689453,159.25,161.33999633789062,987600.0
2023-03-29T00:00:00.000000000,161.74000549316406,162.5399932861328,159.75999450683594,162.5399932861328,1037500.0
2023-03-30T00:00:00.000000000,165.1300048828125,165.75999450683594,163.86000061035156,164.3699951171875,1021100.0
2023-03-31T00:00:00.000000000,165.02000427246094,167.44000244140625,165.02000427246094,167.30999755859375,799000.0
2023-04-03T00:00:00.000000000,167.17999267578125,169.13999938964844,167.17999267578125,168.27999877929688,837200.0
2023-04-04T00:00:00.000000000,168.25999450683594,168.63999938964844,163.77000427246094,164.83999633789062,721700.0
2023-04-05T00:00:00.000000000,164.63999938964844,164.63999938964844,161.77999877929688,162.16000366210938,745000.0
2023-04-06T00:00:00.000000000,161.9199981689453,162.77000427246094,160.72999572753906,162.27999877929688,859800.0
2023-04-10T00:00:00.000000000,162.2100067138672,164.9499969482422,162.1300048828125,164.77999877929688,719200.0
2023-04-11T00:00:00.000000000,165.1300048828125,166.91000366210938,165.02000427246094,165.3699951171875,675800.0
2023-04-12T00:00:00.000000000,165.39999389648438,167.88999938964844,165.08999633789062,166.6199951171875,730200.0
2023-04-13T00:00:00.000000000,166.22000122070312,166.22000122070312,162.47000122070312,164.22999572753906,910900.0
2023-04-14T00:00:00.000000000,164.5500030517578,166.86000061035156,164.02999877929688,165.07000732421875,1037400.0
2023-04-17T00:00:00.000000000,165.3699951171875,167.69000244140625,164.6999969482422,166.3000030517578,1212100.0
2023-04-18T00:00:00.000000000,166.63999938964844,167.89999389648438,166.0,166.47000122070312,902400.0
2023-04-19T00:00:00.000000000,166.55999755859375,166.55999755859375,165.32000732421875,166.5,1038400.0
2023-04-20T00:00:00.000000000,165.9199981689453,170.02000427246094,165.8000030517578,168.6199951171875,1296500.0
2023-04-21T00:00:00.000000000,170.00999450683594,170.02000427246094,166.24000549316406,166.52000427246094,934300.0
2023-04-24T00:00:00.000000000,166.47999572753906,167.30999755859375,166.0500030517578,167.1999969482422,653100.0
2023-04-25T00:00:00.000000000,166.85000610351562,167.1999969482422,164.88999938964844,165.13999938964844,703200.0
2023-04-26T00:00:00.000000000,164.0,165.0399932861328,163.0500030517578,163.4199981689453,663800.0
2023-04-27T00:00:00.000000000,163.52000427246094,167.64999389648438,163.4499969482422,167.61000061035156,983200.0
2023-04-28T00:00:00.000000000,167.57000732421875,168.52000427246094,166.88999938964844,168.30999755859375,766500.0
2023-05-01T00:00:00.000000000,168.69000244140625,171.77000427246094,168.69000244140625,170.9199981689453,965200.0
2023-05-02T00:00:00.000000000,170.89999389648438,171.5800018310547,167.86000061035156,170.9600067138672,1760300.0
2023-05-03T00:00:00.000000000,172.49000549316406,173.1699981689453,171.60000610351562,171.97999572753906,1407100.0
2023-05-04T00:00:00.000000000,171.99000549316406,172.94000244140625,169.77999877929688,171.30999755859375,1761700.0
2023-05-05T00:00:00.000000000,171.9600067138672,174.4499969482422,171.77000427246094,173.72999572753906,821500.0
2023-05-08T00:00:00.000000000,173.4499969482422,173.85000610351562,171.36000061035156,172.61000061035156,1045500.0
2023-05-09T00:00:00.000000000,172.13999938964844,173.27000427246094,171.3000030517578,173.22000122070312,682300.0
2023-05-10T00:00:00.000000000,173.99000549316406,174.91000366210938,171.91000366210938,173.69000244140625,682800.0
2023-05-11T00:00:00.000000000,172.91000366210938,173.77999877929688,171.02999877929688,171.63999938964844,695100.0
2023-05-12T00:00:00.000000000,171.83999633789062,172.7100067138672,169.57000732421875,170.64999389648438,510800.0
2023-05-15T00:00:00.000000000,170.27000427246094,170.67999267578125,167.72999572753906,168.4199981689453,749800.0
2023-05-16T00:00:00.000000000,167.44000244140625,167.44000244140625,165.0,165.55999755859375,720900.0
2023-05-17T00:00:00.000000000,165.9499969482422,166.5500030517578,165.14999389648438,166.36000061035156,617100.0
2023-05-18T00:00:00.000000000,166.11000061035156,166.11000061035156,163.0800018310547,164.77999877929688,621000.0
2023-05-19T00:00:00.000000000,164.88999938964844,165.89999389648438,163.7899932861328,164.77000427246094,689100.0
2023-05-22T00:00:00.000000000,165.19000244140625,165.7100067138672,162.42999267578125,163.1699981689453,763900.0
2023-05-23T00:00:00.000000000,161.50999450683594,162.6300048828125,160.1999969482422,160.47000122070312,600000.0
2023-05-24T00:00:00.000000000,161.27999877929688,161.27999877929688,158.22000122070312,158.32000732421875,552800.0
2023-05-25T00:00:00.000000000,157.8800048828125,159.17999267578125,156.8300018310547,158.5500030517578,676400.0
2023-05-26T00:00:00.000000000,158.3699951171875,158.5500030517578,156.9199981689453,157.2100067138672,758900.0
2023-05-30T00:00:00.000000000,156.6699981689453,157.85000610351562,155.55999755859375,157.6999969482422,931500.0
2023-05-31T00:00:00.000000000,147.80999755859375,150.17999267578125,145.3000030517578,148.92999267578125,2550900.0
2023-06-01T00:00:00.000000000,150.35000610351562,150.97999572753906,147.9199981689453,149.22000122070312,1276400.0
2023-06-02T00:00:00.000000000,149.86000061035156,153.50999450683594,149.41000366210938,153.35000610351562,1020300.0
2023-06-05T00:00:00.000000000,153.49000549316406,153.49000549316406,150.97999572753906,152.0,843500.0
2023-06-06T00:00:00.000000000,151.6199951171875,153.52999877929688,151.3800048828125,152.3000030517578,643600.0
2023-06-07T00:00:00.000000000,152.0399932861328,153.5800018310547,151.27999877929688,153.36000061035156,922600.0
2023-06-08T00:00:00.000000000,153.47999572753906,154.2100067138672,152.52999877929688,154.14999389648438,752100.0
2023-06-09T00:00:00.000000000,154.49000549316406,156.6199951171875,153.41000366210938,155.82000732421875,849500.0
2023-06-12T00:00:00.000000000,156.36000061035156,158.30999755859375,155.6199951171875,158.1300048828125,994800.0
2023-06-13T00:00:00.000000000,157.80999755859375,159.3800048828125,157.47999572753906,159.1300048828125,879700.0
2023-06-14T00:00:00.000000000,159.25,160.60000610351562,158.08999633789062,158.72000122070312,716900.0
2023-06-15T00:00:00.000000000,159.86000061035156,162.0500030517578,159.38999938964844,161.64999389648438,794200.0
2023-06-16T00:00:00.000000000,163.4600067138672,163.63999938964844,160.8300018310547,161.47000122070312,1382000.0
2023-06-20T00:00:00.000000000,161.0399932861328,161.5,158.25,159.58999633789062,913100.0
2023-06-21T00:00:00.000000000,158.67999267578125,162.22999572753906,158.52000427246094,161.47000122070312,794800.0
2023-06-22T00:00:00.000000000,161.6199951171875,162.4499969482422,160.3699951171875,161.49000549316406,592300.0
2023-06-23T00:00:00.000000000,161.22000122070312,161.22000122070312,158.5800018310547,159.6699981689453,1330200.0
2023-06-26T00:00:00.000000000,160.07000732421875,163.38999938964844,160.07000732421875,162.64999389648438,890900.0
2023-06-27T00:00:00.000000000,163.3000030517578,165.8000030517578,163.0500030517578,164.9499969482422,925400.0
2023-06-28T00:00:00.000000000,165.11000061035156,165.8699951171875,163.77999877929688,165.13999938964844,776700.0
2023-06-29T00:00:00.000000000,165.0500030517578,166.7100067138672,164.47999572753906,166.05999755859375,543900.0
2023-06-30T00:00:00.000000000,167.1699981689453,169.64999389648438,166.00999450683594,169.22999572753906,823600.0
2023-07-03T00:00:00.000000000,168.50999450683594,169.11000061035156,167.1300048828125,167.99000549316406,631600.0
2023-07-05T00:00:00.000000000,167.83999633789062,167.9600067138672,166.33999633789062,166.97000122070312,796300.0
2023-07-06T00:00:00.000000000,166.1199951171875,166.89999389648438,163.8300018310547,165.07000732421875,892800.0
2023-07-07T00:00:00.000000000,164.67999267578125,165.72999572753906,164.42999267578125,165.4199981689453,926000.0
2023-07-10T00:00:00.000000000,165.4199981689453,168.64999389648438,165.25999450683594,166.8800048828125,708500.0
2023-07-11T00:00:00.000000000,167.47999572753906,169.8000030517578,167.0,168.74000549316406,673700.0
2023-07-12T00:00:00.000000000,169.99000549316406,170.57000732421875,168.5500030517578,169.75,755500.0
2023-07-13T00:00:00.000000000,168.63999938964844,169.0399932861328,164.72999572753906,164.77000427246094,999900.0
2023-07-14T00:00:00.000000000,164.57000732421875,166.27000427246094,164.00999450683594,165.94000244140625,1161000.0
2023-07-17T00:00:00.000000000,165.49000549316406,167.30999755859375,165.2899932861328,166.6699981689453,702700.0
2023-07-18T00:00:00.000000000,167.1199951171875,168.50999450683594,166.42999267578125,167.27000427246094,905000.0
2023-07-19T00:00:00.000000000,167.77999877929688,168.83999633789062,166.80999755859375,168.07000732421875,997500.0
2023-07-20T00:00:00.000000000,160.61000061035156,161.27999877929688,154.67999267578125,155.1699981689453,2260700.0
2023-07-21T00:00:00.000000000,155.0,157.92999267578125,153.8800048828125,156.30999755859375,1485400.0
2023-07-24T00:00:00.000000000,156.8699951171875,157.91000366210938,155.97999572753906,157.5500030517578,904300.0
2023-07-25T00:00:00.000000000,157.0500030517578,158.25,155.5399932861328,157.8300018310547,691900.0
2023-07-26T00:00:00.000000000,157.3000030517578,158.57000732421875,157.1999969482422,157.97000122070312,648400.0
2023-07-27T00:00:00.000000000,158.02000427246094,158.25,155.32000732421875,155.80999755859375,1134800.0
2023-07-28T00:00:00.000000000,156.8699951171875,157.44000244140625,155.57000732421875,156.3300018310547,669800.0
2023-07-31T00:00:00.000000000,156.94000244140625,157.2100067138672,154.72999572753906,155.72000122070312,1703900.0
2023-08-01T00:00:00.000000000,155.9600067138672,157.07000732421875,155.3000030517578,156.77000427246094,945300.0
2023-08-02T00:00:00.000000000,156.36000061035156,157.0,155.02000427246094,155.35000610351562,800900.0
2023-08-03T00:00:00.000000000,155.27999877929688,156.52000427246094,154.1699981689453,155.69000244140625,931300.0
2023-08-04T00:00:00.000000000,156.35000610351562,157.5,155.41000366210938,155.5,660800.0
2023-08-07T00:00:00.000000000,156.41000366210938,157.19000244140625,155.94000244140625,156.47000122070312,743400.0
2023-08-08T00:00:00.000000000,155.27999877929688,155.9600067138672,152.92999267578125,155.3699951171875,1034100.0
2023-08-09T00:00:00.000000000,155.55999755859375,156.97999572753906,155.0500030517578,156.50999450683594,1213100.0
2023-08-10T00:00:00.000000000,155.6300048828125,158.02000427246094,155.3300018310547,156.1699981689453,952600.0
2023-08-11T00:00:00.000000000,156.5399932861328,158.60000610351562,156.25,157.99000549316406,696500.0
2023-08-14T00:00:00.000000000,157.3000030517578,157.88999938964844,155.8800048828125,157.13999938964844,1067300.0
2023-08-15T00:00:00.000000000,156.88999938964844,156.99000549316406,154.63999938964844,154.77999877929688,862200.0
2023-08-16T00:00:00.000000000,155.66000366210938,157.64999389648438,155.50999450683594,156.4499969482422,898100.0
2023-08-17T00:00:00.000000000,156.61000061035156,157.5800018310547,154.27000427246094,154.30999755859375,565300.0
2023-08-18T00:00:00.000000000,153.25,156.0500030517578,153.25,154.8699951171875,646200.0
2023-08-21T00:00:00.000000000,154.67999267578125,155.1999969482422,152.85000610351562,153.8800048828125,776900.0
2023-08-22T00:00:00.000000000,153.63999938964844,154.22000122070312,152.75,153.1199951171875,542100.0
2023-08-23T00:00:00.000000000,152.97999572753906,154.5399932861328,152.97999572753906,154.36000061035156,630000.0
2023-08-24T00:00:00.000000000,153.91000366210938,154.7100067138672,152.4499969482422,152.5399932861328,544700.0
2023-08-25T00:00:00.000000000,153.3800048828125,154.25,152.4199981689453,153.0399932861328,666200.0
2023-08-28T00:00:00.000000000,152.94000244140625,154.52000427246094,152.61000061035156,153.4600067138672,549400.0
2023-08-29T00:00:00.000000000,153.50999450683594,155.05999755859375,152.57000732421875,155.0,780500.0
2023-08-30T00:00:00.000000000,154.72000122070312,157.42999267578125,154.52999877929688,155.72999572753906,517100.0
2023-08-31T00:00:00.000000000,155.8300018310547,156.13999938964844,153.6699981689453,153.72999572753906,996500.0
2023-09-01T00:00:00.000000000,154.8000030517578,155.10000610351562,153.72999572753906,155.0800018310547,575300.0
2023-09-05T00:00:00.000000000,154.50999450683594,154.50999450683594,151.8800048828125,152.33999633789062,892800.0
2023-09-06T00:00:00.000000000,151.75,152.61000061035156,151.0,151.77999877929688,824500.0
2023-09-07T00:00:00.000000000,150.60000610351562,151.17999267578125,149.42999267578125,151.00999450683594,1055800.0
2023-09-08T00:00:00.000000000,150.82000732421875,151.25999450683594,149.58999633789062,149.99000549316406,694000.0
2023-09-11T00:00:00.000000000,150.38999938964844,150.69000244140625,148.39999389648438,148.7100067138672,698100.0
2023-09-12T00:00:00.000000000,148.61000061035156,148.6300048828125,146.60000610351562,147.27999877929688,892600.0
2023-09-13T00:00:00.000000000,147.74000549316406,149.14999389648438,147.55999755859375,148.47000122070312,684600.0
2023-09-14T00:00:00.000000000,149.17999267578125,150.27999877929688,148.74000549316406,150.1999969482422,566300.0
2023-09-15T00:00:00.000000000,150.3000030517578,150.3000030517578,148.72000122070312,148.8300018310547,932400.0
2023-09-18T00:00:00.000000000,148.6999969482422,149.6300048828125,147.9199981689453,148.07000732421875,483500.0
2023-09-19T00:00:00.000000000,147.47999572753906,148.9199981689453,146.4499969482422,148.5399932861328,797000.0
2023-09-20T00:00:00.000000000,149.13999938964844,150.64999389648438,148.2899932861328,149.25999450683594,796300.0
2023-09-21T00:00:00.000000000,148.57000732421875,148.6300048828125,145.61000061035156,145.63999938964844,780500.0
2023-09-22T00:00:00.000000000,145.47999572753906,147.3000030517578,145.36000061035156,146.35000610351562,569800.0
2023-09-25T00:00:00.000000000,146.10000610351562,147.92999267578125,146.10000610351562,146.99000549316406,732900.0
2023-09-26T00:00:00.000000000,146.22999572753906,146.6199951171875,142.85000610351562,143.0,850200.0
2023-09-27T00:00:00.000000000,143.75,144.0,141.6699981689453,142.30999755859375,1074600.0
2023-09-28T00:00:00.000000000,142.44000244140625,143.44000244140625,141.5800018310547,143.25999450683594,1018900.0
2023-09-29T00:00:00.000000000,144.75999450683594,145.60000610351562,143.8800048828125,144.3800048828125,994000.0
2023-10-02T00:00:00.000000000,143.60000610351562,146.13999938964844,142.91000366210938,145.17999267578125,1329000.0
2023-10-03T00:00:00.000000000,144.9600067138672,144.9600067138672,139.6699981689453,140.57000732421875,1419500.0
2023-10-04T00:00:00.000000000,140.80999755859375,143.52999877929688,140.17999267578125,143.00999450683594,999200.0
2023-10-05T00:00:00.000000000,143.13999938964844,143.85000610351562,142.14999389648438,142.69000244140625,691700.0
2023-10-06T00:00:00.000000000,142.3300018310547,145.0,141.72999572753906,144.05999755859375,810400.0
2023-10-09T00:00:00.000000000,144.4199981689453,147.08999633789062,144.14999389648438,146.69000244140625,1231100.0
2023-10-10T00:00:00.000000000,147.1699981689453,148.58999633789062,146.85000610351562,147.63999938964844,1080200.0
2023-10-11T00:00:00.000000000,147.91000366210938,148.22999572753906,145.94000244140625,146.77000427246094,871400.0
2023-10-12T00:00:00.000000000,146.6699981689453,148.35000610351562,145.57000732421875,147.27999877929688,1092700.0
2023-10-13T00:00:00.000000000,147.7899932861328,148.4600067138672,146.02999877929688,147.0399932861328,769200.0
2023-10-16T00:00:00.000000000,148.58999633789062,150.3800048828125,148.38999938964844,149.69000244140625,986400.0
2023-10-17T00:00:00.000000000,148.97000122070312,150.91000366210938,148.38999938964844,150.2100067138672,813800.0
2023-10-18T00:00:00.000000000,149.60000610351562,150.32000732421875,148.36000061035156,148.72999572753906,910700.0
2023-10-19T00:00:00.000000000,142.27999877929688,143.83999633789062,129.91000366210938,130.1199951171875,2671200.0
2023-10-20T00:00:00.000000000,130.60000610351562,133.35000610351562,128.38999938964844,128.6300048828125,1873000.0
2023-10-23T00:00:00.000000000,128.22999572753906,129.64999389648438,126.8499984741211,128.25999450683594,1770700.0
2023-10-24T00:00:00.000000000,129.25999450683594,129.8800048828125,128.27000427246094,128.7899932861328,1429100.0
2023-10-25T00:00:00.000000000,128.66000366210938,129.75,127.63999938964844,128.42999267578125,974000.0
2023-10-26T00:00:00.000000000,128.6699981689453,129.63999938964844,127.44999694824219,128.92999267578125,1260700.0
2023-10-27T00:00:00.000000000,128.97000122070312,129.49000549316406,126.54000091552734,127.12000274658203,889100.0
2023-10-30T00:00:00.000000000,127.58000183105469,128.50999450683594,126.3499984741211,127.5199966430664,973100.0
2023-10-31T00:00:00.000000000,127.68000030517578,129.47000122070312,127.44000244140625,128.86000061035156,2163400.0
2023-11-01T00:00:00.000000000,128.8300018310547,129.1999969482422,127.6500015258789,128.77999877929688,1051200.0
2023-11-02T00:00:00.000000000,129.5800018310547,130.83999633789062,127.91999816894531,130.69000244140625,1251000.0
2023-11-03T00:00:00.000000000,132.6300048828125,134.57000732421875,132.47999572753906,134.02000427246094,842400.0
2023-11-06T00:00:00.000000000,133.7899932861328,134.4499969482422,132.9499969482422,133.67999267578125,940000.0
2023-11-07T00:00:00.000000000,133.74000549316406,135.6699981689453,133.3000030517578,135.5399932861328,1016600.0
2023-11-08T00:00:00.000000000,135.5500030517578,135.58999633789062,134.00999450683594,134.4600067138672,1025800.0
2023-11-09T00:00:00.000000000,135.11000061035156,135.75999450683594,134.42999267578125,135.0399932861328,874800.0
2023-11-10T00:00:00.000000000,135.38999938964844,136.5399932861328,134.5399932861328,136.16000366210938,735600.0
2023-11-13T00:00:00.000000000,135.4499969482422,136.1199951171875,134.38999938964844,135.38999938964844,767500.0
2023-11-14T00:00:00.000000000,137.4499969482422,138.77000427246094,137.4499969482422,138.25999450683594,952100.0
2023-11-15T00:00:00.000000000,138.58999633789062,139.52999877929688,137.60000610351562,137.8699951171875,792100.0
2023-11-16T00:00:00.000000000,137.07000732421875,138.3000030517578,136.58999633789062,137.47000122070312,1042100.0
2023-11-17T00:00:00.000000000,138.5500030517578,138.94000244140625,136.77999877929688,137.41000366210938,1481400.0
2023-11-20T00:00:00.000000000,137.27000427246094,137.92999267578125,136.0,137.35000610351562,709500.0
2023-11-21T00:00:00.000000000,136.86000061035156,138.1999969482422,136.75,137.47000122070312,648900.0
2023-11-22T00:00:00.000000000,138.1999969482422,138.24000549316406,136.8300018310547,137.77000427246094,879200.0
2023-11-24T00:00:00.000000000,137.77000427246094,138.41000366210938,137.39999389648438,137.39999389648438,407700.0
2023-11-27T00:00:00.000000000,137.0,137.0,135.05999755859375,135.05999755859375,984700.0
2023-11-28T00:00:00.000000000,135.39999389648438,135.6199951171875,134.14999389648438,134.36000061035156,935000.0
2023-11-29T00:00:00.000000000,134.52000427246094,135.3699951171875,133.67999267578125,133.86000061035156,786600.0
2023-11-30T00:00:00.000000000,133.67999267578125,134.0,131.77999877929688,132.77999877929688,1837200.0
2023-12-01T00:00:00.000000000,133.47999572753906,135.25,132.5399932861328,134.6999969482422,1423300.0
2023-12-04T00:00:00.000000000,134.2100067138672,137.6300048828125,134.2100067138672,137.32000732421875,2150800.0
2023-12-05T00:00:00.000000000,136.77000427246094,136.77000427246094,133.80999755859375,134.02999877929688,1325000.0
2023-12-06T00:00:00.000000000,134.99000549316406,137.25,134.5,136.5,1058100.0
2023-12-07T00:00:00.000000000,135.94000244140625,136.27000427246094,134.27999877929688,134.27999877929688,1018700.0
2023-12-08T00:00:00.000000000,134.8000030517578,135.47999572753906,132.8000030517578,132.97999572753906,1188300.0
2023-12-11T00:00:00.000000000,134.49000549316406,135.97000122070312,134.1999969482422,135.60000610351562,1055000.0
2023-12-12T00:00:00.000000000,135.44000244140625,135.64999389648438,134.55999755859375,135.6300048828125,711700.0
2023-12-13T00:00:00.000000000,136.1699981689453,137.9199981689453,135.05999755859375,137.61000061035156,1008400.0
2023-12-14T00:00:00.000000000,139.0,141.57000732421875,138.49000549316406,139.8699951171875,1258900.0
2023-12-15T00:00:00.000000000,138.9600067138672,140.0399932861328,137.3000030517578,138.38999938964844,2662200.0
2023-12-18T00:00:00.000000000,138.64999389648438,139.8300018310547,137.86000061035156,139.61000061035156,853900.0
2023-12-19T00:00:00.000000000,139.94000244140625,140.47999572753906,138.39999389648438,138.9499969482422,906200.0
2023-12-20T00:00:00.000000000,138.3800048828125,139.6300048828125,136.7899932861328,136.85000610351562,793200.0
2023-12-21T00:00:00.000000000,138.25999450683594,138.75999450683594,137.05999755859375,138.47000122070312,759400.0
2023-12-22T00:00:00.000000000,138.42999267578125,139.9199981689453,138.02999877929688,138.97999572753906,452400.0
2023-12-26T00:00:00.000000000,138.99000549316406,139.47999572753906,137.97999572753906,138.6199951171875,484400.0
2023-12-27T00:00:00.000000000,138.75999450683594,139.5800018310547,138.08999633789062,138.77000427246094,520000.0
2023-12-28T00:00:00.000000000,138.57000732421875,138.6999969482422,137.50999450683594,138.38999938964844,603000.0
2023-12-29T00:00:00.000000000,138.11000061035156,138.86000061035156,137.63999938964844,138.5,705800.0
2024-01-02T00:00:00.000000000,138.1999969482422,140.72999572753906,137.75999450683594,138.08999633789062,790600.0
2024-01-03T00:00:00.000000000,137.60000610351562,138.82000732421875,135.85000610351562,136.14999389648438,1145500.0
2024-01-04T00:00:00.000000000,135.1999969482422,136.97000122070312,135.0,136.16000366210938,984400.0
2024-01-05T00:00:00.000000000,135.33999633789062,137.72000122070312,135.1999969482422,136.6199951171875,818500.0
2024-01-08T00:00:00.000000000,136.89999389648438,138.47000122070312,136.00999450683594,138.4600067138672,866000.0
2024-01-09T00:00:00.000000000,137.50999450683594,138.82000732421875,136.30999755859375,137.1999969482422,912900.0
2024-01-10T00:00:00.000000000,137.5399932861328,138.47000122070312,137.1199951171875,137.6699981689453,787400.0
2024-01-11T00:00:00.000000000,137.72999572753906,138.61000061035156,136.5,138.42999267578125,904500.0
2024-01-12T00:00:00.000000000,139.3300018310547,140.2899932861328,138.35000610351562,138.8000030517578,699500.0
2024-01-16T00:00:00.000000000,138.47000122070312,139.8300018310547,138.24000549316406,139.8000030517578,988000.0
2024-01-17T00:00:00.000000000,139.11000061035156,140.11000061035156,137.0399932861328,137.97999572753906,734200.0
2024-01-18T00:00:00.000000000,137.77999877929688,139.8699951171875,137.33999633789062,139.4499969482422,760900.0
2024-01-19T00:00:00.000000000,139.85000610351562,143.32000732421875,139.27000427246094,142.08999633789062,1268100.0
2024-01-22T00:00:00.000000000,142.0500030517578,144.07000732421875,141.94000244140625,143.57000732421875,977200.0
2024-01-23T00:00:00.000000000,144.3800048828125,144.92999267578125,142.22000122070312,143.02000427246094,910300.0
2024-01-24T00:00:00.000000000,143.52999877929688,143.57000732421875,141.22000122070312,141.6699981689453,701400.0
2024-01-25T00:00:00.000000000,142.52000427246094,143.00999450683594,141.61000061035156,142.52000427246094,640800.0
2024-01-26T00:00:00.000000000,143.3699951171875,143.3699951171875,142.4499969482422,142.6300048828125,648600.0
2024-01-29T00:00:00.000000000,142.89999389648438,143.67999267578125,141.7100067138672,142.74000549316406,710600.0
2024-01-30T00:00:00.000000000,142.5500030517578,143.44000244140625,141.60000610351562,143.25,719800.0
2024-01-31T00:00:00.000000000,143.8800048828125,144.22000122070312,139.6999969482422,140.22999572753906,1154500.0
2024-02-01T00:00:00.000000000,140.33999633789062,142.69000244140625,139.3699951171875,142.6699981689453,804600.0
2024-02-02T00:00:00.000000000,142.35000610351562,143.6199951171875,140.9499969482422,142.3800048828125,945800.0
2024-02-05T00:00:00.000000000,141.0800018310547,142.05999755859375,139.38999938964844,140.13999938964844,880400.0
2024-02-06T00:00:00.000000000,139.19000244140625,141.3800048828125,138.91000366210938,141.32000732421875,846100.0
2024-02-07T00:00:00.000000000,141.74000549316406,142.92999267578125,141.24000549316406,142.77999877929688,962800.0
2024-02-08T00:00:00.000000000,141.30999755859375,142.36000061035156,141.1999969482422,142.30999755859375,1255300.0
2024-02-09T00:00:00.000000000,142.35000610351562,143.2100067138672,141.42999267578125,143.17999267578125,867100.0
2024-02-12T00:00:00.000000000,143.5399932861328,145.8800048828125,143.44000244140625,145.13999938964844,1113400.0
2024-02-13T00:00:00.000000000,143.00999450683594,143.60000610351562,141.77000427246094,142.41000366210938,1218400.0
2024-02-14T00:00:00.000000000,143.0399932861328,144.16000366210938,142.32000732421875,144.0399932861328,1481600.0
2024-02-15T00:00:00.000000000,135.0,143.89999389648438,135.0,143.7100067138672,2619900.0
2024-02-16T00:00:00.000000000,143.08999633789062,144.5,142.63999938964844,142.92999267578125,1161500.0
2024-02-20T00:00:00.000000000,142.11000061035156,145.0,141.22000122070312,144.27999877929688,1146800.0
2024-02-21T00:00:00.000000000,144.6300048828125,145.97999572753906,143.3000030517578,144.4600067138672,1426900.0
2024-02-22T00:00:00.000000000,144.6699981689453,146.69000244140625,144.08999633789062,146.1199951171875,1125100.0
2024-02-23T00:00:00.000000000,146.27999877929688,148.10000610351562,146.10000610351562,147.8800048828125,1332300.0
2024-02-26T00:00:00.000000000,148.8300018310547,149.57000732421875,148.25,148.4199981689453,1051700.0
2024-02-27T00:00:00.000000000,149.5800018310547,150.83999633789062,148.85000610351562,150.57000732421875,820800.0
2024-02-28T00:00:00.000000000,151.0500030517578,152.63999938964844,150.9199981689453,151.75,1154700.0
2024-02-29T00:00:00.000000000,151.39999389648438,151.74000549316406,148.6199951171875,149.25999450683594,2080700.0
2024-03-01T00:00:00.000000000,148.83999633789062,149.49000549316406,147.7899932861328,149.2100067138672,1141000.0
2024-03-04T00:00:00.000000000,149.3000030517578,150.58999633789062,149.2100067138672,149.97000122070312,820700.0
2024-03-05T00:00:00.000000000,149.92999267578125,151.08999633789062,149.13999938964844,149.94000244140625,1079500.0
2024-03-06T00:00:00.000000000,150.6999969482422,151.38999938964844,149.49000549316406,149.8300018310547,776000.0
2024-03-07T00:00:00.000000000,150.83999633789062,152.6199951171875,150.47000122070312,150.82000732421875,1080800.0
2024-03-08T00:00:00.000000000,150.63999938964844,151.36000061035156,150.05999755859375,150.9600067138672,1021300.0
2024-03-11T00:00:00.000000000,151.14999389648438,152.5800018310547,150.86000061035156,152.4499969482422,1280000.0
2024-03-12T00:00:00.000000000,152.89999389648438,154.39999389648438,152.17999267578125,154.00999450683594,870500.0
2024-03-13T00:00:00.000000000,154.47999572753906,154.91000366210938,153.4199981689453,153.49000549316406,1200200.0
2024-03-14T00:00:00.000000000,153.5,153.6699981689453,151.47000122070312,151.8699951171875,829200.0
2024-03-15T00:00:00.000000000,151.05999755859375,154.7899932861328,151.05999755859375,153.66000366210938,1693600.0
2024-03-18T00:00:00.000000000,154.00999450683594,154.94000244140625,153.25,153.47000122070312,988600.0
2024-03-19T00:00:00.000000000,153.77000427246094,155.27000427246094,153.5399932861328,155.07000732421875,804400.0
2024-03-20T00:00:00.000000000,155.5399932861328,155.82000732421875,154.19000244140625,155.30999755859375,895000.0
2024-03-21T00:00:00.000000000,155.6300048828125,157.6999969482422,155.33999633789062,157.3800048828125,624100.0
2024-03-22T00:00:00.000000000,157.4499969482422,157.77000427246094,155.74000549316406,155.8800048828125,588700.0
2024-03-25T00:00:00.000000000,155.8800048828125,156.0399932861328,153.4600067138672,153.61000061035156,844700.0
2024-03-26T00:00:00.000000000,153.55999755859375,153.77999877929688,152.05999755859375,152.52999877929688,946000.0
2024-03-27T00:00:00.000000000,153.2100067138672,155.25999450683594,152.9499969482422,155.19000244140625,754900.0
2024-03-28T00:00:00.000000000,155.47999572753906,155.91000366210938,154.5399932861328,154.92999267578125,954300.0
2024-04-01T00:00:00.000000000,154.83999633789062,155.6199951171875,153.4199981689453,154.27999877929688,733400.0
2024-04-02T00:00:00.000000000,154.4499969482422,155.47999572753906,153.22999572753906,153.7899932861328,847200.0
2024-04-03T00:00:00.000000000,153.4199981689453,154.35000610351562,152.80999755859375,153.1199951171875,703000.0
2024-04-04T00:00:00.000000000,154.05999755859375,154.05999755859375,148.7899932861328,148.85000610351562,806500.0
2024-04-05T00:00:00.000000000,149.22999572753906,150.5800018310547,148.97000122070312,149.99000549316406,613200.0
2024-04-08T00:00:00.000000000,150.32000732421875,151.35000610351562,150.22999572753906,150.41000366210938,582300.0
2024-04-09T00:00:00.000000000,150.55999755859375,151.42999267578125,148.9600067138672,150.49000549316406,610200.0
2024-04-10T00:00:00.000000000,148.9199981689453,149.57000732421875,147.83999633789062,148.27999877929688,738500.0
2024-04-11T00:00:00.000000000,148.57000732421875,149.1199951171875,145.61000061035156,146.11000061035156,884000.0
2024-04-12T00:00:00.000000000,144.8699951171875,145.99000549316406,144.47999572753906,145.3800048828125,924800.0
2024-04-15T00:00:00.000000000,147.52999877929688,147.80999755859375,144.3000030517578,144.75,1177600.0
2024-04-16T00:00:00.000000000,144.6699981689453,145.8800048828125,144.3000030517578,144.5500030517578,1100400.0
2024-04-17T00:00:00.000000000,145.30999755859375,145.85000610351562,143.7100067138672,144.07000732421875,1763200.0
2024-04-18T00:00:00.000000000,155.8800048828125,164.4499969482422,155.8800048828125,160.22999572753906,3914700.0
2024-04-19T00:00:00.000000000,161.0,162.92999267578125,160.25999450683594,162.38999938964844,3396400.0
2024-04-22T00:00:00.000000000,162.80999755859375,163.5399932861328,160.9499969482422,163.08999633789062,1447200.0
2024-04-23T00:00:00.000000000,162.61000061035156,163.86000061035156,160.9199981689453,163.3800048828125,1113200.0
2024-04-24T00:00:00.000000000,163.07000732421875,163.72999572753906,161.22000122070312,161.8000030517578,1161700.0
2024-04-25T00:00:00.000000000,161.11000061035156,161.60000610351562,158.9499969482422,161.07000732421875,1452100.0
2024-04-26T00:00:00.000000000,160.6199951171875,162.13999938964844,159.82000732421875,159.92999267578125,1003700.0
2024-04-29T00:00:00.000000000,160.49000549316406,162.05999755859375,160.49000549316406,161.3699951171875,1055700.0
2024-04-30T00:00:00.000000000,160.33999633789062,160.3699951171875,156.9199981689453,157.2100067138672,1559000.0
2024-05-01T00:00:00.000000000,156.8699951171875,159.14999389648438,156.27999877929688,156.77000427246094,838700.0
2024-05-02T00:00:00.000000000,157.72999572753906,157.72999572753906,155.99000549316406,156.32000732421875,752600.0
2024-05-03T00:00:00.000000000,157.0800018310547,158.2899932861328,157.0,157.41000366210938,670500.0
2024-05-06T00:00:00.000000000,158.6999969482422,159.77000427246094,155.44000244140625,156.69000244140625,913800.0
2024-05-07T00:00:00.000000000,157.22000122070312,157.75,154.85000610351562,154.9199981689453,1181700.0
2024-05-08T00:00:00.000000000,154.0399932861328,155.0,153.52000427246094,154.35000610351562,928700.0
2024-05-09T00:00:00.000000000,154.83999633789062,155.63999938964844,154.35000610351562,155.33999633789062,704300.0
2024-05-10T00:00:00.000000000,155.97999572753906,155.97999572753906,154.0800018310547,155.27000427246094,753500.0
2024-05-13T00:00:00.000000000,155.82000732421875,157.61000061035156,155.63999938964844,157.52999877929688,877000.0
2024-05-14T00:00:00.000000000,158.64999389648438,158.64999389648438,154.92999267578125,155.5800018310547,678800.0
2024-05-15T00:00:00.000000000,156.0,157.1699981689453,154.6300048828125,155.00999450683594,557500.0
2024-05-16T00:00:00.000000000,154.74000549316406,155.22000122070312,153.57000732421875,154.10000610351562,602300.0
2024-05-17T00:00:00.000000000,154.83999633789062,154.83999633789062,152.1999969482422,152.88999938964844,581800.0
2024-05-20T00:00:00.000000000,152.83999633789062,153.44000244140625,151.75999450683594,151.92999267578125,561800.0
2024-05-21T00:00:00.000000000,151.8300018310547,152.1199951171875,150.1300048828125,151.50999450683594,845200.0
2024-05-22T00:00:00.000000000,151.16000366210938,151.97000122070312,149.00999450683594,149.58999633789062,895100.0
2024-05-23T00:00:00.000000000,149.00999450683594,149.00999450683594,145.55999755859375,145.64999389648438,731100.0
2024-05-24T00:00:00.000000000,146.27999877929688,146.6699981689453,144.92999267578125,145.22000122070312,468600.0
2024-05-28T00:00:00.000000000,144.9600067138672,145.75,141.6199951171875,141.77000427246094,709600.0
2024-05-29T00:00:00.000000000,140.47000122070312,141.55999755859375,139.14999389648438,139.24000549316406,815200.0
2024-05-30T00:00:00.000000000,139.67999267578125,141.10000610351562,139.32000732421875,140.67999267578125,651600.0
2024-05-31T00:00:00.000000000,140.7100067138672,144.42999267578125,140.47999572753906,144.13999938964844,1500300.0
2024-06-03T00:00:00.000000000,144.94000244140625,145.4499969482422,142.92999267578125,144.11000061035156,812400.0
2024-06-04T00:00:00.000000000,143.52000427246094,144.77999877929688,143.52000427246094,144.77000427246094,860600.0
2024-06-05T00:00:00.000000000,144.9199981689453,145.16000366210938,142.60000610351562,142.99000549316406,696600.0
2024-06-06T00:00:00.000000000,142.99000549316406,144.63999938964844,142.8699951171875,144.61000061035156,818700.0
2024-06-07T00:00:00.000000000,143.0399932861328,146.33999633789062,142.60000610351562,145.19000244140625,916600.0
2024-06-10T00:00:00.000000000,144.63999938964844,144.85000610351562,141.50999450683594,142.47000122070312,813000.0
2024-06-11T00:00:00.000000000,142.14999389648438,142.3000030517578,140.88999938964844,142.0399932861328,767500.0
2024-06-12T00:00:00.000000000,143.27999877929688,143.61000061035156,142.22000122070312,142.7899932861328,598900.0
2024-06-13T00:00:00.000000000,142.0,142.38999938964844,139.52000427246094,140.91000366210938,1033600.0
2024-06-14T00:00:00.000000000,138.74000549316406,138.8000030517578,134.85000610351562,136.6999969482422,1159300.0
2024-06-17T00:00:00.000000000,136.6999969482422,140.1999969482422,136.4499969482422,139.89999389648438,975700.0
2024-06-18T00:00:00.000000000,139.92999267578125,141.47999572753906,139.30999755859375,139.33999633789062,777300.0
2024-06-20T00:00:00.000000000,139.07000732421875,142.1300048828125,139.07000732421875,141.4199981689453,806700.0
2024-06-21T00:00:00.000000000,141.3699951171875,141.89999389648438,140.57000732421875,141.42999267578125,1589500.0
2024-06-24T00:00:00.000000000,141.69000244140625,142.9600067138672,141.47999572753906,142.0500030517578,640500.0
2024-06-25T00:00:00.000000000,141.58999633789062,141.58999633789062,138.9199981689453,139.10000610351562,640700.0
2024-06-26T00:00:00.000000000,138.16000366210938,138.5500030517578,137.1699981689453,138.07000732421875,603100.0
2024-06-27T00:00:00.000000000,138.07000732421875,138.5399932861328,136.1300048828125,137.39999389648438,872200.0
2024-06-28T00:00:00.000000000,136.88999938964844,138.67999267578125,136.5800018310547,138.32000732421875,1300600.0
2024-07-01T00:00:00.000000000,138.32000732421875,138.72999572753906,133.80999755859375,133.85000610351562,1224600.0
2024-07-02T00:00:00.000000000,133.64999389648438,136.33999633789062,133.3800048828125,135.97999572753906,1025500.0
2024-07-03T00:00:00.000000000,134.92999267578125,135.6300048828125,132.35000610351562,133.3800048828125,645200.0
2024-07-05T00:00:00.000000000,132.8000030517578,133.10000610351562,130.6999969482422,132.4499969482422,1439300.0
2024-07-08T00:00:00.000000000,132.97999572753906,133.92999267578125,132.17999267578125,132.8800048828125,838700.0
2024-07-09T00:00:00.000000000,132.6300048828125,132.8800048828125,130.82000732421875,131.0399932861328,924300.0
2024-07-10T00:00:00.000000000,131.55999755859375,132.5399932861328,130.6199951171875,132.47999572753906,757800.0
2024-07-11T00:00:00.000000000,133.07000732421875,136.5800018310547,133.07000732421875,136.50999450683594,1163500.0
2024-07-12T00:00:00.000000000,137.8000030517578,139.0399932861328,136.44000244140625,138.2899932861328,1017700.0
2024-07-15T00:00:00.000000000,137.61000061035156,142.14999389648438,137.3699951171875,141.22999572753906,1402600.0
2024-07-16T00:00:00.000000000,141.99000549316406,143.1999969482422,140.66000366210938,141.72000122070312,1392900.0
2024-07-17T00:00:00.000000000,141.49000549316406,144.16000366210938,141.25999450683594,144.05999755859375,927900.0
2024-07-18T00:00:00.000000000,143.0,144.30999755859375,140.19000244140625,140.25999450683594,965800.0
2024-07-19T00:00:00.000000000,140.6199951171875,140.9499969482422,137.42999267578125,138.25999450683594,3266000.0
2024-07-22T00:00:00.000000000,138.8300018310547,139.25999450683594,137.1300048828125,138.3699951171875,1245400.0
2024-07-23T00:00:00.000000000,136.0,139.27000427246094,134.38999938964844,137.2100067138672,2069300.0
2024-07-24T00:00:00.000000000,137.0399932861328,137.0800018310547,134.7100067138672,135.74000549316406,1269900.0
2024-07-25T00:00:00.000000000,135.52999877929688,140.6699981689453,135.47999572753906,137.97000122070312,1072500.0
2024-07-26T00:00:00.000000000,138.5,143.57000732421875,138.30999755859375,141.97000122070312,988200.0
2024-07-29T00:00:00.000000000,141.41000366210938,143.38999938964844,140.77000427246094,142.7899932861328,810000.0
2024-07-30T00:00:00.000000000,143.69000244140625,147.3800048828125,143.6699981689453,147.08999633789062,939600.0
2024-07-31T00:00:00.000000000,147.3800048828125,148.8800048828125,145.85000610351562,147.11000061035156,2488100.0
2024-08-01T00:00:00.000000000,147.6199951171875,149.22000122070312,142.39999389648438,143.47999572753906,1113800.0
2024-08-02T00:00:00.000000000,143.3699951171875,143.3699951171875,140.60000610351562,142.52000427246094,1062200.0
2024-08-05T00:00:00.000000000,141.8699951171875,141.8699951171875,137.17999267578125,138.35000610351562,1062200.0
2024-08-06T00:00:00.000000000,138.35000610351562,141.77000427246094,138.16000366210938,140.0399932861328,804800.0
2024-08-07T00:00:00.000000000,140.7899932861328,141.9199981689453,137.05999755859375,137.22999572753906,809400.0
2024-08-08T00:00:00.000000000,137.67999267578125,139.4600067138672,137.25,138.49000549316406,744200.0
2024-08-09T00:00:00.000000000,138.36000061035156,138.49000549316406,136.3800048828125,137.17999267578125,513600.0
2024-08-12T00:00:00.000000000,137.27999877929688,137.49000549316406,135.30999755859375,135.6300048828125,856800.0
2024-08-13T00:00:00.000000000,136.00999450683594,137.2100067138672,135.25999450683594,136.85000610351562,463500.0
2024-08-14T00:00:00.000000000,137.05999755859375,137.5500030517578,136.63999938964844,137.19000244140625,451700.0
2024-08-15T00:00:00.000000000,138.9199981689453,139.9499969482422,137.99000549316406,138.55999755859375,588600.0
2024-08-16T00:00:00.000000000,138.85000610351562,139.4600067138672,138.27999877929688,138.86000061035156,624100.0
2024-08-19T00:00:00.000000000,139.25,139.5399932861328,138.14999389648438,138.67999267578125,583900.0
2024-08-20T00:00:00.000000000,138.52000427246094,139.58999633789062,138.22000122070312,139.52999877929688,582700.0
2024-08-21T00:00:00.000000000,140.5800018310547,143.97000122070312,139.99000549316406,143.66000366210938,828400.0
2024-08-22T00:00:00.000000000,142.97999572753906,143.27000427246094,140.82000732421875,141.36000061035156,498000.0
2024-08-23T00:00:00.000000000,142.41000366210938,143.57000732421875,141.5800018310547,142.2100067138672,525000.0
2024-08-26T00:00:00.000000000,143.25,144.49000549316406,141.8300018310547,143.0,798200.0
2024-08-27T00:00:00.000000000,142.89999389648438,143.1699981689453,142.0800018310547,142.7100067138672,649300.0
2024-08-28T00:00:00.000000000,142.85000610351562,143.5399932861328,141.88999938964844,142.50999450683594,755700.0
2024-08-29T00:00:00.000000000,143.33999633789062,143.57000732421875,141.77000427246094,142.27999877929688,476800.0
2024-08-30T00:00:00.000000000,142.77000427246094,143.4199981689453,141.5399932861328,143.25999450683594,821900.0
2024-09-03T00:00:00.000000000,142.99000549316406,144.44000244140625,141.52999877929688,143.19000244140625,739500.0
2024-09-04T00:00:00.000000000,143.33999633789062,144.1699981689453,139.35000610351562,141.1999969482422,742100.0
2024-09-05T00:00:00.000000000,141.3800048828125,141.88999938964844,135.00999450683594,137.33999633789062,1620500.0
2024-09-06T00:00:00.000000000,136.30999755859375,137.7899932861328,134.0500030517578,134.3000030517578,932300.0
2024-09-09T00:00:00.000000000,134.91000366210938,136.83999633789062,133.24000549316406,136.61000061035156,824100.0
2024-09-10T00:00:00.000000000,136.83999633789062,136.88999938964844,134.72000122070312,135.75999450683594,726600.0
2024-09-11T00:00:00.000000000,135.0,135.2899932861328,132.30999755859375,135.0500030517578,775900.0
2024-09-12T00:00:00.000000000,135.05999755859375,136.24000549316406,133.2100067138672,136.2100067138672,669300.0
2024-09-13T00:00:00.000000000,137.05999755859375,137.85000610351562,136.1300048828125,137.35000610351562,874300.0
2024-09-16T00:00:00.000000000,138.32000732421875,139.4199981689453,136.8800048828125,137.35000610351562,756200.0
2024-09-17T00:00:00.000000000,137.97000122070312,139.25,137.1699981689453,137.3300018310547,529900.0
2024-09-18T00:00:00.000000000,139.39999389648438,141.10000610351562,137.85000610351562,138.08999633789062,489700.0
2024-09-19T00:00:00.000000000,139.61000061035156,140.0,138.1999969482422,139.13999938964844,528000.0
2024-09-20T00:00:00.000000000,138.58999633789062,138.67999267578125,135.97000122070312,137.02000427246094,1358200.0
2024-09-23T00:00:00.000000000,137.1300048828125,137.92999267578125,136.11000061035156,137.74000549316406,932200.0
2024-09-24T00:00:00.000000000,137.39999389648438,139.89999389648438,137.05999755859375,139.66000366210938,846500.0
2024-09-25T00:00:00.000000000,140.16000366210938,140.16000366210938,138.0399932861328,138.52000427246094,888300.0
2024-09-26T00:00:00.000000000,139.1999969482422,141.6300048828125,138.77999877929688,141.5,686400.0
2024-09-27T00:00:00.000000000,142.33999633789062,143.5800018310547,141.02999877929688,141.24000549316406,618200.0
2024-09-30T00:00:00.000000000,141.33999633789062,141.33999633789062,138.91000366210938,139.67999267578125,680700.0
2024-10-01T00:00:00.000000000,139.5500030517578,140.50999450683594,138.00999450683594,139.64999389648438,764900.0
2024-10-02T00:00:00.000000000,138.74000549316406,139.67999267578125,137.8800048828125,138.77000427246094,666300.0
2024-10-03T00:00:00.000000000,137.85000610351562,138.02999877929688,136.30999755859375,136.57000732421875,553400.0
2024-10-04T00:00:00.000000000,137.4600067138672,138.30999755859375,136.27999877929688,136.6999969482422,649600.0
2024-10-07T00:00:00.000000000,136.02999877929688,136.57000732421875,134.8000030517578,134.99000549316406,619800.0
2024-10-08T00:00:00.000000000,134.0,134.3000030517578,132.75999450683594,133.6699981689453,716900.0
2024-10-09T00:00:00.000000000,134.13999938964844,134.97000122070312,133.1199951171875,133.75999450683594,807700.0
2024-10-10T00:00:00.000000000,133.75999450683594,134.57000732421875,133.00999450683594,133.44000244140625,613200.0
2024-10-11T00:00:00.000000000,133.67999267578125,137.74000549316406,133.67999267578125,137.24000549316406,864500.0
2024-10-14T00:00:00.000000000,136.91000366210938,139.60000610351562,136.6699981689453,139.44000244140625,1025500.0
2024-10-15T00:00:00.000000000,139.4600067138672,142.25,139.4600067138672,140.41000366210938,1153900.0
2024-10-16T00:00:00.000000000,142.22000122070312,143.80999755859375,141.52999877929688,143.16000366210938,879700.0
2024-10-17T00:00:00.000000000,143.1199951171875,143.97000122070312,142.17999267578125,143.6300048828125,750400.0
2024-10-18T00:00:00.000000000,144.2899932861328,144.2899932861328,142.4499969482422,143.1699981689453,852000.0
2024-10-21T00:00:00.000000000,143.6699981689453,144.2100067138672,142.47000122070312,143.1199951171875,990100.0
2024-10-22T00:00:00.000000000,120.44000244140625,122.54000091552734,112.73999786376953,113.11000061035156,6715600.0
2024-10-23T00:00:00.000000000,114.01000213623047,116.5,113.1500015258789,116.23999786376953,2768400.0
2024-10-24T00:00:00.000000000,114.41999816894531,115.86000061035156,112.93000030517578,113.11000061035156,2219400.0
2024-10-25T00:00:00.000000000,113.0,114.95999908447266,113.0,114.23999786376953,2138100.0
2024-10-28T00:00:00.000000000,115.6500015258789,119.08000183105469,115.37000274658203,118.3499984741211,3932700.0
2024-10-29T00:00:00.000000000,117.19000244140625,118.5199966430664,116.58000183105469,117.27999877929688,2502000.0
2024-10-30T00:00:00.000000000,118.0999984741211,119.01000213623047,115.93000030517578,116.2699966430664,1532400.0
2024-10-31T00:00:00.000000000,116.0,116.97000122070312,114.08000183105469,114.69999694824219,2763100.0
2024-11-01T00:00:00.000000000,114.86000061035156,115.5199966430664,113.29000091552734,113.61000061035156,1318700.0
2024-11-04T00:00:00.000000000,114.01000213623047,116.80000305175781,113.9800033569336,116.05000305175781,1216400.0
2024-11-05T00:00:00.000000000,116.02999877929688,116.69000244140625,115.26000213623047,116.5999984741211,1068300.0
2024-11-06T00:00:00.000000000,120.0,123.55000305175781,119.08999633789062,123.27999877929688,2574200.0
2024-11-07T00:00:00.000000000,123.19000244140625,124.79000091552734,122.37999725341797,123.04000091552734,1696100.0
2024-11-08T00:00:00.000000000,122.77999877929688,123.33000183105469,122.16000366210938,122.41000366210938,1220300.0
2024-11-11T00:00:00.000000000,123.22000122070312,124.58000183105469,122.0199966430664,122.36000061035156,957900.0
2024-11-12T00:00:00.000000000,122.08000183105469,123.16000366210938,121.4000015258789,122.69999694824219,1534900.0
2024-11-13T00:00:00.000000000,122.38999938964844,124.4800033569336,122.0999984741211,123.68000030517578,1438700.0
2024-11-14T00:00:00.000000000,124.98999786376953,126.3499984741211,123.80999755859375,123.8499984741211,1430000.0
2024-11-15T00:00:00.000000000,124.45999908447266,124.94999694824219,122.37999725341797,122.62000274658203,1077400.0
2024-11-18T00:00:00.000000000,123.11000061035156,125.0,122.8499984741211,124.19000244140625,905800.0
2024-11-19T00:00:00.000000000,122.75,124.0,121.19000244140625,121.26000213623047,1053800.0
2024-11-20T00:00:00.000000000,121.66999816894531,121.66999816894531,119.75,120.76000213623047,1043100.0
2024-11-21T00:00:00.000000000,121.5199966430664,122.7699966430664,120.29000091552734,122.69000244140625,973500.0
2024-11-22T00:00:00.000000000,123.30000305175781,125.05999755859375,123.0,124.80000305175781,953300.0
2024-11-25T00:00:00.000000000,126.52999877929688,130.60000610351562,126.3499984741211,129.47000122070312,1648800.0
2024-11-26T00:00:00.000000000,128.64999389648438,129.02999877929688,127.33999633789062,127.9000015258789,917500.0
2024-11-27T00:00:00.000000000,128.0,128.72999572753906,126.58999633789062,126.87000274658203,908000.0
2024-11-29T00:00:00.000000000,126.5199966430664,127.68000030517578,126.33000183105469,126.7300033569336,554500.0
2024-12-02T00:00:00.000000000,127.58999633789062,128.5399932861328,126.55000305175781,127.52999877929688,3119700.0
2024-12-03T00:00:00.000000000,127.25,127.91999816894531,126.11000061035156,127.37000274658203,924000.0
2024-12-04T00:00:00.000000000,126.73999786376953,127.5199966430664,125.77999877929688,125.88999938964844,796600.0
2024-12-05T00:00:00.000000000,125.87000274658203,126.16000366210938,123.86000061035156,124.62000274658203,1144200.0
2024-12-06T00:00:00.000000000,124.98999786376953,125.62999725341797,122.66999816894531,123.41999816894531,931700.0
2024-12-09T00:00:00.000000000,124.19999694824219,127.58000183105469,124.0999984741211,125.91999816894531,1291100.0
2024-12-10T00:00:00.000000000,125.61000061035156,126.54000091552734,123.2300033569336,125.4000015258789,928300.0
2024-12-11T00:00:00.000000000,125.4800033569336,125.4800033569336,122.81999969482422,122.98999786376953,1473900.0
2024-12-12T00:00:00.000000000,122.8499984741211,122.94000244140625,120.0199966430664,121.77999877929688,937600.0
2024-12-13T00:00:00.000000000,121.66000366210938,122.5,120.27999877929688,121.22000122070312,936500.0
2024-12-16T00:00:00.000000000,121.1500015258789,121.37999725341797,118.51000213623047,118.58000183105469,1376700.0
2024-12-17T00:00:00.000000000,117.97000122070312,119.6500015258789,117.44000244140625,118.48999786376953,1280300.0
2024-12-18T00:00:00.000000000,118.3499984741211,119.69999694824219,115.52999877929688,115.58999633789062,1280900.0
2024-12-19T00:00:00.000000000,115.63999938964844,117.19999694824219,114.54000091552734,114.62000274658203,1589100.0
2024-12-20T00:00:00.000000000,114.36000061035156,116.66999816894531,113.4800033569336,115.7300033569336,2689400.0
2024-12-23T00:00:00.000000000,114.8499984741211,117.5,114.37000274658203,116.18000030517578,1134100.0
2024-12-24T00:00:00.000000000,116.0999984741211,117.29000091552734,115.56999969482422,117.29000091552734,346600.0
2024-12-26T00:00:00.000000000,116.33000183105469,117.66000366210938,116.2300033569336,116.55000305175781,884900.0
2024-12-27T00:00:00.000000000,115.98999786376953,117.6500015258789,115.61000061035156,116.95999908447266,846200.0
2024-12-30T00:00:00.000000000,116.19000244140625,117.01000213623047,115.33999633789062,115.81999969482422,1295300.0
2024-12-31T00:00:00.000000000,116.11000061035156,117.45999908447266,116.08000183105469,116.76000213623047,880000.0
2025-01-02T00:00:00.000000000,117.36000061035156,118.83999633789062,115.87000274658203,116.05999755859375,1041400.0
2025-01-03T00:00:00.000000000,116.30999755859375,117.22000122070312,114.8499984741211,116.86000061035156,1218100.0
2025-01-06T00:00:00.000000000,117.13999938964844,119.19999694824219,116.87000274658203,117.37000274658203,1076700.0
2025-01-07T00:00:00.000000000,118.25,119.23999786376953,116.33000183105469,116.61000061035156,848200.0
2025-01-08T00:00:00.000000000,116.01000213623047,116.7300033569336,114.88999938964844,116.52999877929688,941100.0
2025-01-10T00:00:00.000000000,115.2300033569336,116.72000122070312,114.80000305175781,115.91000366210938,1245000.0
2025-01-13T00:00:00.000000000,115.94999694824219,117.43000030517578,115.16999816894531,116.51000213623047,1301500.0
2025-01-14T00:00:00.000000000,116.58000183105469,117.80000305175781,116.13999938964844,117.0199966430664,1208400.0
2025-01-15T00:00:00.000000000,118.70999908447266,119.16000366210938,116.9800033569336,117.37999725341797,1225000.0
2025-01-16T00:00:00.000000000,119.12000274658203,119.9800033569336,117.5999984741211,119.41999816894531,1625900.0
2025-01-17T00:00:00.000000000,118.0,119.06999969482422,116.58999633789062,118.5199966430664,2448100.0
2025-01-21T00:00:00.000000000,118.5199966430664,120.4000015258789,118.05999755859375,120.06999969482422,1451200.0
2025-01-22T00:00:00.000000000,120.22000122070312,120.22000122070312,115.55000305175781,117.66000366210938,4289800.0
2025-01-23T00:00:00.000000000,118.51000213623047,118.87999725341797,117.08000183105469,118.31999969482422,1223500.0
2025-01-24T00:00:00.000000000,118.19999694824219,118.5999984741211,116.63999938964844,117.2300033569336,1311800.0
2025-01-27T00:00:00.000000000,117.95999908447266,120.27999877929688,117.95999908447266,120.13999938964844,1705100.0
2025-01-28T00:00:00.000000000,119.43000030517578,119.58000183105469,117.2300033569336,117.30999755859375,1438300.0
2025-01-29T00:00:00.000000000,117.12999725341797,117.61000061035156,115.83000183105469,116.33999633789062,1755800.0
2025-01-30T00:00:00.000000000,117.0,118.5199966430664,116.55999755859375,118.16000366210938,1573800.0
2025-01-31T00:00:00.000000000,117.43000030517578,118.2300033569336,115.77999877929688,116.25,2336500.0
2025-02-03T00:00:00.000000000,114.43000030517578,116.37999725341797,113.29000091552734,115.91999816894531,1258500.0
2025-02-04T00:00:00.000000000,115.33999633789062,118.23999786376953,115.33999633789062,117.5199966430664,1308200.0
2025-02-05T00:00:00.000000000,117.98999786376953,118.80000305175781,117.55999755859375,118.33999633789062,1519600.0
2025-02-06T00:00:00.000000000,119.08999633789062,120.19999694824219,117.16000366210938,118.04000091552734,1973100.0
2025-02-07T00:00:00.000000000,117.98999786376953,119.66999816894531,117.1500015258789,117.73999786376953,1440900.0
2025-02-10T00:00:00.000000000,118.56999969482422,119.06999969482422,117.56999969482422,118.44000244140625,1462300.0
2025-02-11T00:00:00.000000000,117.36000061035156,122.01000213623047,117.36000061035156,121.69999694824219,2011900.0
2025-02-12T00:00:00.000000000,120.0999984741211,122.30000305175781,120.0999984741211,122.26000213623047,1229300.0
2025-02-13T00:00:00.000000000,123.0999984741211,124.80000305175781,122.45999908447266,124.68000030517578,1572200.0
2025-02-14T00:00:00.000000000,125.37999725341797,126.69000244140625,124.12999725341797,124.9000015258789,1973800.0
2025-02-18T00:00:00.000000000,124.37999725341797,124.37999725341797,118.61000061035156,121.6500015258789,3047300.0
2025-02-19T00:00:00.000000000,120.33999633789062,122.55999755859375,119.5,122.06999969482422,1754700.0
2025-02-20T00:00:00.000000000,122.70999908447266,123.83000183105469,121.70999908447266,123.2699966430664,1709100.0
2025-02-21T00:00:00.000000000,123.51000213623047,123.51000213623047,121.61000061035156,121.62999725341797,1466200.0
2025-02-24T00:00:00.000000000,121.80000305175781,122.52999877929688,120.5,122.18000030517578,1150300.0
2025-02-25T00:00:00.000000000,122.69000244140625,124.2699966430664,122.41999816894531,123.12999725341797,1229300.0
2025-02-26T00:00:00.000000000,123.3499984741211,123.61000061035156,121.12999725341797,122.0999984741211,2195300.0
2025-02-27T00:00:00.000000000,121.86000061035156,123.30000305175781,121.51000213623047,122.69000244140625,1182600.0
2025-02-28T00:00:00.000000000,123.62999725341797,125.04000091552734,123.62999725341797,124.87999725341797,1814400.0
2025-03-03T00:00:00.000000000,125.75,126.76000213623047,123.61000061035156,124.0,1813500.0
2025-03-04T00:00:00.000000000,123.01000213623047,124.69000244140625,122.45999908447266,122.87000274658203,1409800.0
2025-03-05T00:00:00.000000000,122.80000305175781,124.5999984741211,122.41999816894531,123.62000274658203,1528400.0
2025-03-06T00:00:00.000000000,120.93000030517578,126.36000061035156,120.56999969482422,125.93000030517578,1289900.0
2025-03-07T00:00:00.000000000,124.56999969482422,127.81999969482422,123.87999725341797,127.16999816894531,1428400.0
2025-03-10T00:00:00.000000000,127.41999816894531,131.97999572753906,126.16999816894531,129.02000427246094,1762000.0
2025-03-11T00:00:00.000000000,128.0800018310547,128.0800018310547,123.56999969482422,123.58000183105469,2433500.0
2025-03-12T00:00:00.000000000,122.5,122.51000213623047,120.3499984741211,121.33000183105469,1458300.0
2025-03-13T00:00:00.000000000,121.36000061035156,122.61000061035156,119.12000274658203,119.43000030517578,1430600.0
2025-03-14T00:00:00.000000000,120.02999877929688,122.44000244140625,119.44000244140625,122.0,944300.0
2025-03-17T00:00:00.000000000,121.87000274658203,123.87000274658203,121.87000274658203,123.4800033569336,1471200.0
2025-03-18T00:00:00.000000000,123.4000015258789,124.18000030517578,122.62000274658203,123.97000122070312,1280200.0
2025-03-19T00:00:00.000000000,123.75,125.01000213623047,123.43000030517578,124.58999633789062,1333800.0
2025-03-20T00:00:00.000000000,123.54000091552734,124.86000061035156,120.51000213623047,120.73999786376953,1687100.0
2025-03-21T00:00:00.000000000,119.69000244140625,120.54000091552734,117.69999694824219,118.77999877929688,3064500.0
2025-03-24T00:00:00.000000000,119.19999694824219,121.06999969482422,119.19999694824219,120.66999816894531,831000.0
2025-03-25T00:00:00.000000000,120.62000274658203,120.95999908447266,117.55000305175781,117.88999938964844,1830700.0
2025-03-26T00:00:00.000000000,118.11000061035156,119.43000030517578,117.98999786376953,118.45999908447266,2176600.0
2025-03-27T00:00:00.000000000,118.5,121.63999938964844,117.66000366210938,120.55000305175781,2353600.0
2025-03-28T00:00:00.000000000,120.06999969482422,120.70999908447266,117.9800033569336,118.47000122070312,1016000.0
2025-03-31T00:00:00.000000000,118.16000366210938,119.86000061035156,117.75,119.13999938964844,1109900.0
2025-04-01T00:00:00.000000000,116.0,118.75,115.8499984741211,118.44999694824219,1540000.0
2025-04-02T00:00:00.000000000,117.72000122070312,120.52999877929688,117.3499984741211,120.06999969482422,1078500.0
2025-04-03T00:00:00.000000000,118.62000274658203,120.02999877929688,117.25,118.68000030517578,1545300.0
2025-04-04T00:00:00.000000000,119.0999984741211,119.91999816894531,116.37999725341797,116.80999755859375,1751400.0
2025-04-07T00:00:00.000000000,113.7699966430664,114.80000305175781,108.86000061035156,110.33999633789062,2877600.0
2025-04-08T00:00:00.000000000,113.04000091552734,114.19000244140625,104.62000274658203,105.54000091552734,2526600.0
2025-04-09T00:00:00.000000000,104.76000213623047,114.77999877929688,104.01000213623047,113.9800033569336,2578500.0
2025-04-10T00:00:00.000000000,112.5999984741211,113.91000366210938,108.98999786376953,113.29000091552734,1979500.0
2025-04-11T00:00:00.000000000,113.69000244140625,115.3499984741211,111.44000244140625,115.25,1263900.0
2025-04-14T00:00:00.000000000,116.44000244140625,116.91999816894531,115.2300033569336,116.2300033569336,1177900.0
2025-04-15T00:00:00.000000000,116.22000122070312,117.2300033569336,114.27999877929688,114.30999755859375,1076400.0
2025-04-16T00:00:00.000000000,114.33999633789062,114.69000244140625,111.55000305175781,112.16999816894531,1005900.0
2025-04-17T00:00:00.000000000,112.72000122070312,114.44000244140625,112.41000366210938,114.0999984741211,1632700.0
2025-04-21T00:00:00.000000000,113.30000305175781,113.69999694824219,110.6500015258789,111.81999969482422,2080000.0
2025-04-22T00:00:00.000000000,116.06999969482422,118.55999755859375,112.47000122070312,114.94999694824219,2671800.0
2025-04-23T00:00:00.000000000,115.19000244140625,118.83000183105469,115.05000305175781,116.13999938964844,1846100.0
2025-04-24T00:00:00.000000000,115.66000366210938,117.19000244140625,113.80999755859375,117.08999633789062,1141400.0
2025-04-25T00:00:00.000000000,116.62000274658203,117.18000030517578,115.41999816894531,116.63999938964844,1171400.0
2025-04-28T00:00:00.000000000,117.01000213623047,118.61000061035156,115.98999786376953,117.5199966430664,1717800.0
2025-04-29T00:00:00.000000000,116.37000274658203,118.5199966430664,116.27999877929688,118.26000213623047,1142600.0
2025-04-30T00:00:00.000000000,117.68000030517578,118.08999633789062,115.47000122070312,117.55000305175781,1265400.0
2025-05-01T00:00:00.000000000,117.05999755859375,118.26000213623047,116.1500015258789,117.0,844100.0
2025-05-02T00:00:00.000000000,118.48999786376953,120.5199966430664,118.13999938964844,120.29000091552734,1135800.0
2025-05-05T00:00:00.000000000,119.8499984741211,120.18000030517578,118.06999969482422,118.69999694824219,968700.0
2025-05-06T00:00:00.000000000,117.61000061035156,118.48999786376953,116.98999786376953,117.0199966430664,978200.0
2025-05-07T00:00:00.000000000,117.01000213623047,117.7699966430664,115.68000030517578,115.95999908447266,1087500.0
2025-05-08T00:00:00.000000000,116.66999816894531,118.69000244140625,116.37000274658203,117.58000183105469,1002900.0
2025-05-09T00:00:00.000000000,117.6500015258789,118.30000305175781,116.76000213623047,117.41999816894531,769700.0
2025-05-12T00:00:00.000000000,120.16000366210938,122.62999725341797,119.83000183105469,121.98999786376953,1219400.0
2025-05-13T00:00:00.000000000,122.4800033569336,122.6500015258789,121.1500015258789,121.19999694824219,1017500.0
2025-05-14T00:00:00.000000000,120.45999908447266,124.77999877929688,119.51000213623047,124.23999786376953,3003500.0
2025-05-15T00:00:00.000000000,124.3499984741211,127.5999984741211,124.12999725341797,127.4800033569336,1693700.0
2025-05-16T00:00:00.000000000,127.62999725341797,129.60000610351562,127.47000122070312,128.6699981689453,2063000.0
2025-05-19T00:00:00.000000000,127.0,129.3699951171875,127.0,129.08999633789062,1132100.0
2025-05-20T00:00:00.000000000,128.91000366210938,129.25999450683594,127.91000366210938,128.02000427246094,1062000.0
2025-05-21T00:00:00.000000000,126.91999816894531,127.5199966430664,124.9800033569336,125.08999633789062,1295000.0
2025-05-22T00:00:00.000000000,124.7699966430664,127.54000091552734,124.7699966430664,126.88999938964844,924400.0
2025-05-23T00:00:00.000000000,124.94000244140625,126.70999908447266,124.56999969482422,126.20999908447266,978600.0
2025-05-27T00:00:00.000000000,127.52999877929688,127.69999694824219,125.94000244140625,127.2699966430664,1146100.0
2025-05-28T00:00:00.000000000,127.63999938964844,128.38999938964844,125.80999755859375,125.94000244140625,834800.0
2025-05-29T00:00:00.000000000,126.02999877929688,126.70999908447266,124.76000213623047,126.37000274658203,1153900.0
2025-05-30T00:00:00.000000000,126.08000183105469,127.31999969482422,124.77999877929688,126.5199966430664,2359400.0
2025-06-02T00:00:00.000000000,125.83999633789062,128.30999755859375,124.79000091552734,128.27000427246094,1131700.0
2025-06-03T00:00:00.000000000,127.9000015258789,128.9600067138672,127.0199966430664,127.75,998100.0
2025-06-04T00:00:00.000000000,127.63999938964844,127.98999786376953,126.20999908447266,126.27999877929688,691300.0
2025-06-05T00:00:00.000000000,126.26000213623047,126.6500015258789,125.22000122070312,126.16000366210938,735000.0
2025-06-06T00:00:00.000000000,125.7699966430664,126.29000091552734,125.01000213623047,125.2699966430664,664100.0
2025-06-09T00:00:00.000000000,125.25,125.88999938964844,122.95999908447266,125.25,791700.0
2025-06-10T00:00:00.000000000,125.4800033569336,127.22000122070312,124.7699966430664,126.54000091552734,1063000.0
2025-06-11T00:00:00.000000000,125.91999816894531,126.2300033569336,123.0999984741211,123.30000305175781,980100.0
2025-06-12T00:00:00.000000000,122.30000305175781,122.6500015258789,120.66000366210938,122.12999725341797,1501400.0
2025-06-13T00:00:00.000000000,120.6500015258789,121.87999725341797,119.18000030517578,119.68000030517578,1231200.0
2025-06-16T00:00:00.000000000,120.54000091552734,120.70999908447266,119.86000061035156,120.5,1351800.0
2025-06-17T00:00:00.000000000,119.58000183105469,120.5999984741211,119.0999984741211,119.33000183105469,1210200.0
2025-06-18T00:00:00.000000000,119.7300033569336,120.0199966430664,118.66999816894531,118.87000274658203,987300.0
2025-06-20T00:00:00.000000000,119.25,119.80999755859375,118.51000213623047,119.7699966430664,1665400.0
2025-06-23T00:00:00.000000000,119.7300033569336,121.41999816894531,119.0999984741211,121.29000091552734,1123000.0
2025-06-24T00:00:00.000000000,121.62000274658203,121.91000366210938,120.70999908447266,121.19999694824219,740500.0
2025-06-25T00:00:00.000000000,121.22000122070312,121.22000122070312,118.76000213623047,119.1500015258789,681100.0
2025-06-26T00:00:00.000000000,119.3499984741211,120.0199966430664,117.30999755859375,119.05999755859375,922300.0
2025-06-27T00:00:00.000000000,119.66000366210938,120.62999725341797,119.26000213623047,120.4800033569336,1000800.0
2025-06-30T00:00:00.000000000,120.23999786376953,121.5199966430664,119.55999755859375,121.30999755859375,1174000.0
2025-07-01T00:00:00.000000000,121.06999969482422,126.47000122070312,120.62999725341797,125.33999633789062,1688000.0
2025-07-02T00:00:00.000000000,125.3499984741211,127.6500015258789,124.44999694824219,127.47000122070312,1040200.0
2025-07-03T00:00:00.000000000,127.30000305175781,127.95999908447266,126.5,127.41000366210938,495200.0
2025-07-07T00:00:00.000000000,126.77999877929688,127.72000122070312,124.70999908447266,125.52999877929688,895600.0
2025-07-08T00:00:00.000000000,125.26000213623047,126.86000061035156,124.4000015258789,126.68000030517578,998800.0
2025-07-09T00:00:00.000000000,126.61000061035156,126.61000061035156,124.56999969482422,125.25,1101600.0
2025-07-10T00:00:00.000000000,124.77999877929688,127.16999816894531,124.37999725341797,126.0199966430664,1428100.0
2025-07-11T00:00:00.000000000,124.77999877929688,125.05999755859375,123.22000122070312,124.54000091552734,896100.0
2025-07-14T00:00:00.000000000,124.83999633789062,125.23999786376953,123.16000366210938,124.41000366210938,1106900.0
2025-07-15T00:00:00.000000000,124.47000122070312,124.80000305175781,122.19000244140625,122.2300033569336,731800.0
2025-07-16T00:00:00.000000000,121.91999816894531,122.5999984741211,120.37999725341797,122.55000305175781,784600.0
2025-07-17T00:00:00.000000000,122.44000244140625,123.8499984741211,122.05999755859375,123.52999877929688,945200.0
2025-07-18T00:00:00.000000000,124.11000061035156,124.5,121.73999786376953,122.91000366210938,1460600.0
2025-07-21T00:00:00.000000000,123.23999786376953,125.18000030517578,122.69499969482422,123.88999938964844,1570252.0
